ISO-10303-21;
HEADER;
FILE_DESCRIPTION (( 'STEP AP214' ),
    '1' );
FILE_NAME ('pcb_bat_plate.STEP',
    '2026-07-27T19:15:18',
    ( '' ),
    ( '' ),
    'SwSTEP 2.0',
    'SolidWorks 2020',
    '' );
FILE_SCHEMA (( 'AUTOMOTIVE_DESIGN' ));
ENDSEC;

DATA;
#1 = ADVANCED_FACE ( 'NONE', ( #1085 ), #726, .F. ) ;
#2 = EDGE_CURVE ( 'NONE', #346, #1300, #321, .T. ) ;
#3 = ORIENTED_EDGE ( 'NONE', *, *, #24, .T. ) ;
#4 = DIRECTION ( 'NONE',  ( 0.000000000000000000, 0.000000000000000000, 1.000000000000000000 ) ) ;
#5 = VERTEX_POINT ( 'NONE', #1174 ) ;
#6 = ORIENTED_EDGE ( 'NONE', *, *, #982, .T. ) ;
#7 = LINE ( 'NONE', #590, #929 ) ;
#8 = VECTOR ( 'NONE', #1042, 1000.000000000000000 ) ;
#9 = AXIS2_PLACEMENT_3D ( 'NONE', #1079, #995, #1089 ) ;
#10 = DIRECTION ( 'NONE',  ( 0.000000000000000000, 1.000000000000000000, 0.000000000000000000 ) ) ;
#11 = ORIENTED_EDGE ( 'NONE', *, *, #1127, .T. ) ;
#12 = ORIENTED_EDGE ( 'NONE', *, *, #728, .F. ) ;
#13 = VERTEX_POINT ( 'NONE', #1505 ) ;
#14 = CARTESIAN_POINT ( 'NONE',  ( 61.52000000000000313, 0.000000000000000000, -0.001000000000000132727 ) ) ;
#15 = AXIS2_PLACEMENT_3D ( 'NONE', #111, #549, #1528 ) ;
#16 = VECTOR ( 'NONE', #1022, 1000.000000000000000 ) ;
#17 = CARTESIAN_POINT ( 'NONE',  ( 0.000000000000000000, 0.000000000000000000, 0.000000000000000000 ) ) ;
#18 = FACE_OUTER_BOUND ( 'NONE', #1415, .T. ) ;
#19 = CIRCLE ( 'NONE', #775, 1.000000000000000888 ) ;
#20 = SURFACE_STYLE_USAGE ( .BOTH. , #396 ) ;
#21 = ORIENTED_EDGE ( 'NONE', *, *, #349, .T. ) ;
#22 = ORIENTED_EDGE ( 'NONE', *, *, #541, .T. ) ;
#23 = EDGE_LOOP ( 'NONE', ( #635, #1019, #139, #272 ) ) ;
#24 = EDGE_CURVE ( 'NONE', #1300, #992, #585, .T. ) ;
#25 = DIRECTION ( 'NONE',  ( -0.000000000000000000, -0.000000000000000000, 1.000000000000000000 ) ) ;
#26 = ADVANCED_FACE ( 'NONE', ( #123 ), #1165, .F. ) ;
#27 = DIRECTION ( 'NONE',  ( -0.000000000000000000, -0.000000000000000000, 1.000000000000000000 ) ) ;
#28 = LINE ( 'NONE', #494, #550 ) ;
#29 = VERTEX_POINT ( 'NONE', #820 ) ;
#30 = ORIENTED_EDGE ( 'NONE', *, *, #1231, .F. ) ;
#31 = ORIENTED_EDGE ( 'NONE', *, *, #893, .T. ) ;
#32 = DIRECTION ( 'NONE',  ( -1.000000000000000000, 0.000000000000000000, 0.000000000000000000 ) ) ;
#33 = CARTESIAN_POINT ( 'NONE',  ( 46.64000000000000057, 9.449999999999995737, -0.001000000000000132727 ) ) ;
#34 = DIRECTION ( 'NONE',  ( -0.000000000000000000, -0.000000000000000000, 1.000000000000000000 ) ) ;
#35 = EDGE_CURVE ( 'NONE', #941, #240, #116, .T. ) ;
#36 = LINE ( 'NONE', #104, #132 ) ;
#37 = EDGE_LOOP ( 'NONE', ( #1182, #1200 ) ) ;
#38 = VERTEX_POINT ( 'NONE', #1159 ) ;
#39 = CARTESIAN_POINT ( 'NONE',  ( 51.71999999999999886, 7.949999999999994849, 0.5000000000000000000 ) ) ;
#40 = CYLINDRICAL_SURFACE ( 'NONE', #225, 0.5000000000000000000 ) ;
#41 = DIRECTION ( 'NONE',  ( 0.000000000000000000, 0.000000000000000000, 1.000000000000000000 ) ) ;
#42 = DIRECTION ( 'NONE',  ( -0.000000000000000000, -0.000000000000000000, 1.000000000000000000 ) ) ;
#43 = EDGE_CURVE ( 'NONE', #1409, #1201, #1050, .T. ) ;
#44 = EDGE_LOOP ( 'NONE', ( #89, #1450, #902, #689 ) ) ;
#45 = VERTEX_POINT ( 'NONE', #1035 ) ;
#46 = CARTESIAN_POINT ( 'NONE',  ( 0.000000000000000000, 50.00000000000000000, 2.000000000000000000 ) ) ;
#47 = CYLINDRICAL_SURFACE ( 'NONE', #9, 1.000000000000000888 ) ;
#48 = CARTESIAN_POINT ( 'NONE',  ( 51.71999999999999886, 9.449999999999995737, 0.5000000000000000000 ) ) ;
#49 = UNCERTAINTY_MEASURE_WITH_UNIT (LENGTH_MEASURE( 1.000000000000000082E-05 ), #944, 'distance_accuracy_value', 'NONE');
#50 = EDGE_LOOP ( 'NONE', ( #589, #1052 ) ) ;
#51 = EDGE_CURVE ( 'NONE', #751, #362, #1285, .T. ) ;
#52 = DIRECTION ( 'NONE',  ( 0.000000000000000000, 0.000000000000000000, 1.000000000000000000 ) ) ;
#53 = DIRECTION ( 'NONE',  ( 0.000000000000000000, 0.000000000000000000, 1.000000000000000000 ) ) ;
#54 = LINE ( 'NONE', #294, #746 ) ;
#55 = CIRCLE ( 'NONE', #520, 0.7500000000000006661 ) ;
#56 = VECTOR ( 'NONE', #552, 1000.000000000000000 ) ;
#57 = CARTESIAN_POINT ( 'NONE',  ( 14.48999999999999844, 12.42999999999999794, 0.000000000000000000 ) ) ;
#58 = LINE ( 'NONE', #760, #1280 ) ;
#59 = DIRECTION ( 'NONE',  ( 0.000000000000000000, 0.000000000000000000, -1.000000000000000000 ) ) ;
#60 = AXIS2_PLACEMENT_3D ( 'NONE', #387, #262, #367 ) ;
#61 = DIRECTION ( 'NONE',  ( 1.000000000000000000, 0.000000000000000000, 0.000000000000000000 ) ) ;
#62 = AXIS2_PLACEMENT_3D ( 'NONE', #810, #1518, #1277 ) ;
#63 = CARTESIAN_POINT ( 'NONE',  ( 46.64000000000000057, 7.949999999999996625, 0.5000000000000000000 ) ) ;
#64 = EDGE_CURVE ( 'NONE', #1273, #603, #218, .T. ) ;
#65 = CYLINDRICAL_SURFACE ( 'NONE', #1155, 0.7500000000000006661 ) ;
#66 = DIRECTION ( 'NONE',  ( -1.000000000000000000, -2.450174401097184262E-16, 0.000000000000000000 ) ) ;
#67 = ADVANCED_FACE ( 'NONE', ( #87 ), #1522, .T. ) ;
#68 = CARTESIAN_POINT ( 'NONE',  ( 46.64000000000000057, 10.71999999999999531, 0.000000000000000000 ) ) ;
#69 = CLOSED_SHELL ( 'NONE', ( #1145, #467, #1, #1445, #1197, #368, #420, #267, #187, #98, #1054, #180, #1328, #821, #392, #1332, #1219, #563, #1486, #1178, #1405, #1281, #1074, #1037, #697, #842, #484, #905, #657, #1485, #1119, #501, #338, #887, #149, #748, #688, #67, #1527, #1349, #206, #676, #275, #971, #592, #460, #356, #26 ) ) ;
#70 = DIRECTION ( 'NONE',  ( 0.000000000000000000, 1.000000000000000000, 0.000000000000000000 ) ) ;
#71 = CARTESIAN_POINT ( 'NONE',  ( 51.71999999999999886, 10.71999999999999531, 2.000000000000000000 ) ) ;
#72 = DIRECTION ( 'NONE',  ( 0.000000000000000000, 0.000000000000000000, -1.000000000000000000 ) ) ;
#73 = EDGE_CURVE ( 'NONE', #613, #477, #312, .T. ) ;
#74 = VECTOR ( 'NONE', #298, 1000.000000000000000 ) ;
#75 = TOROIDAL_SURFACE ( 'NONE', #1141, 1.500000000000000000, 0.5000000000000000000 ) ;
#76 = DIRECTION ( 'NONE',  ( 0.000000000000000000, -0.000000000000000000, -1.000000000000000000 ) ) ;
#77 = ORIENTED_EDGE ( 'NONE', *, *, #1169, .T. ) ;
#78 = LINE ( 'NONE', #1498, #408 ) ;
#79 = VERTEX_POINT ( 'NONE', #1407 ) ;
#80 = DIRECTION ( 'NONE',  ( -0.000000000000000000, 1.000000000000000000, 0.000000000000000000 ) ) ;
#81 = DIRECTION ( 'NONE',  ( -1.000000000000000000, -0.000000000000000000, -0.000000000000000000 ) ) ;
#82 = FACE_OUTER_BOUND ( 'NONE', #1190, .T. ) ;
#83 = EDGE_CURVE ( 'NONE', #1300, #489, #232, .T. ) ;
#84 = CIRCLE ( 'NONE', #1352, 1.000000000000000888 ) ;
#85 = FACE_OUTER_BOUND ( 'NONE', #545, .T. ) ;
#86 = VERTEX_POINT ( 'NONE', #912 ) ;
#87 = FACE_OUTER_BOUND ( 'NONE', #1331, .T. ) ;
#88 = CARTESIAN_POINT ( 'NONE',  ( 14.48999999999999844, 13.67999999999999972, 2.000000000000000000 ) ) ;
#89 = ORIENTED_EDGE ( 'NONE', *, *, #1169, .F. ) ;
#90 = TOROIDAL_SURFACE ( 'NONE', #756, 1.499999999999998224, 0.5000000000000000000 ) ;
#91 = CARTESIAN_POINT ( 'NONE',  ( 52.72000000000000597, 10.71999999999999531, 0.5000000000000000000 ) ) ;
#92 = DIRECTION ( 'NONE',  ( -0.000000000000000000, -0.000000000000000000, 1.000000000000000000 ) ) ;
#93 = EDGE_CURVE ( 'NONE', #1354, #247, #183, .T. ) ;
#94 = CARTESIAN_POINT ( 'NONE',  ( 0.000000000000000000, 0.000000000000000000, 2.000000000000000000 ) ) ;
#95 = CARTESIAN_POINT ( 'NONE',  ( 12.48999999999999844, 14.42999999999999972, -0.001000000000000132727 ) ) ;
#96 = EDGE_LOOP ( 'NONE', ( #1514, #570, #1521, #1347, #1094 ) ) ;
#97 = DIRECTION ( 'NONE',  ( 0.000000000000000000, 0.000000000000000000, -1.000000000000000000 ) ) ;
#98 = ADVANCED_FACE ( 'NONE', ( #1290 ), #1274, .F. ) ;
#99 = ORIENTED_EDGE ( 'NONE', *, *, #229, .F. ) ;
#100 = CARTESIAN_POINT ( 'NONE',  ( 45.64000000000000057, 0.000000000000000000, -0.001000000000000132727 ) ) ;
#101 = DIRECTION ( 'NONE',  ( -0.000000000000000000, -0.000000000000000000, 1.000000000000000000 ) ) ;
#102 = DIRECTION ( 'NONE',  ( 1.000000000000000000, 0.000000000000000000, 0.000000000000000000 ) ) ;
#103 = TOROIDAL_SURFACE ( 'NONE', #715, 1.499999999999998002, 0.5000000000000000000 ) ;
#104 = CARTESIAN_POINT ( 'NONE',  ( 80.00000000000000000, 0.000000000000000000, 2.000000000000000000 ) ) ;
#105 = EDGE_LOOP ( 'NONE', ( #846, #6, #122, #1529 ) ) ;
#106 = DIRECTION ( 'NONE',  ( 0.000000000000000000, 0.000000000000000000, 1.000000000000000000 ) ) ;
#107 = AXIS2_PLACEMENT_3D ( 'NONE', #433, #1279, #204 ) ;
#108 = VECTOR ( 'NONE', #962, 1000.000000000000000 ) ;
#109 = ORIENTED_EDGE ( 'NONE', *, *, #790, .F. ) ;
#110 = CARTESIAN_POINT ( 'NONE',  ( -0.000000000000000000, 14.42999999999999972, 2.000000000000000000 ) ) ;
#111 = CARTESIAN_POINT ( 'NONE',  ( 62.02000000000000313, 7.019999999999997797, 0.5000000000000000000 ) ) ;
#112 = EDGE_LOOP ( 'NONE', ( #404, #1150 ) ) ;
#113 = CARTESIAN_POINT ( 'NONE',  ( 53.22000000000000597, 0.000000000000000000, 0.5000000000000000000 ) ) ;
#114 = ORIENTED_EDGE ( 'NONE', *, *, #1261, .F. ) ;
#115 = ORIENTED_EDGE ( 'NONE', *, *, #414, .F. ) ;
#116 = CIRCLE ( 'NONE', #1494, 0.5000000000000000000 ) ;
#117 = DIRECTION ( 'NONE',  ( 0.000000000000000000, 0.000000000000000000, -1.000000000000000000 ) ) ;
#118 = EDGE_CURVE ( 'NONE', #605, #627, #853, .T. ) ;
#119 = VECTOR ( 'NONE', #1186, 1000.000000000000000 ) ;
#120 = DIRECTION ( 'NONE',  ( -1.000000000000000000, 0.000000000000000000, 0.000000000000000000 ) ) ;
#121 = EDGE_CURVE ( 'NONE', #258, #505, #302, .T. ) ;
#122 = ORIENTED_EDGE ( 'NONE', *, *, #617, .T. ) ;
#123 = FACE_OUTER_BOUND ( 'NONE', #23, .T. ) ;
#124 = EDGE_LOOP ( 'NONE', ( #273, #1424 ) ) ;
#125 = ORIENTED_EDGE ( 'NONE', *, *, #1467, .T. ) ;
#126 = DIRECTION ( 'NONE',  ( -1.000000000000000000, 0.000000000000000000, 0.000000000000000000 ) ) ;
#127 = CARTESIAN_POINT ( 'NONE',  ( 72.50000000000001421, 7.499999999999999112, -0.001000000000000132727 ) ) ;
#128 = VERTEX_POINT ( 'NONE', #940 ) ;
#129 = ORIENTED_EDGE ( 'NONE', *, *, #993, .T. ) ;
#130 = EDGE_LOOP ( 'NONE', ( #1051, #1523, #844, #1147 ) ) ;
#131 = CARTESIAN_POINT ( 'NONE',  ( 46.64000000000000057, 9.449999999999995737, 0.5000000000000000000 ) ) ;
#132 = VECTOR ( 'NONE', #503, 1000.000000000000000 ) ;
#133 = VECTOR ( 'NONE', #1325, 1000.000000000000000 ) ;
#134 = DIRECTION ( 'NONE',  ( -0.000000000000000000, 0.000000000000000000, 1.000000000000000000 ) ) ;
#135 = DIRECTION ( 'NONE',  ( 0.000000000000000000, -1.000000000000000000, 0.000000000000000000 ) ) ;
#136 = EDGE_CURVE ( 'NONE', #1160, #1059, #508, .T. ) ;
#137 = ORIENTED_EDGE ( 'NONE', *, *, #237, .F. ) ;
#138 = ORIENTED_EDGE ( 'NONE', *, *, #224, .F. ) ;
#139 = ORIENTED_EDGE ( 'NONE', *, *, #64, .T. ) ;
#140 = FACE_OUTER_BOUND ( 'NONE', #932, .T. ) ;
#141 = AXIS2_PLACEMENT_3D ( 'NONE', #1056, #1318, #964 ) ;
#142 = FACE_OUTER_BOUND ( 'NONE', #1210, .T. ) ;
#143 = CARTESIAN_POINT ( 'NONE',  ( 80.00000000000000000, 0.000000000000000000, 0.000000000000000000 ) ) ;
#144 = AXIS2_PLACEMENT_3D ( 'NONE', #100, #1410, #117 ) ;
#145 = DIRECTION ( 'NONE',  ( 0.000000000000000000, 0.000000000000000000, 1.000000000000000000 ) ) ;
#146 = ORIENTED_EDGE ( 'NONE', *, *, #724, .T. ) ;
#147 = ORIENTED_EDGE ( 'NONE', *, *, #452, .T. ) ;
#148 = VERTEX_POINT ( 'NONE', #1515 ) ;
#149 = ADVANCED_FACE ( 'NONE', ( #447 ), #923, .T. ) ;
#150 = LINE ( 'NONE', #1222, #197 ) ;
#151 = CARTESIAN_POINT ( 'NONE',  ( 71.00000000000001421, 42.50000000000000000, 0.000000000000000000 ) ) ;
#152 = CYLINDRICAL_SURFACE ( 'NONE', #1243, 0.5000000000000004441 ) ;
#153 = ORIENTED_EDGE ( 'NONE', *, *, #1283, .T. ) ;
#154 = ORIENTED_EDGE ( 'NONE', *, *, #1187, .F. ) ;
#155 = ORIENTED_EDGE ( 'NONE', *, *, #317, .F. ) ;
#156 = PLANE ( 'NONE',  #318 ) ;
#157 = EDGE_CURVE ( 'NONE', #1409, #1504, #898, .T. ) ;
#158 = DIRECTION ( 'NONE',  ( -0.000000000000000000, 0.000000000000000000, 1.000000000000000000 ) ) ;
#159 = CIRCLE ( 'NONE', #974, 1.500000000000001332 ) ;
#160 = CARTESIAN_POINT ( 'NONE',  ( 61.52000000000000313, 7.019999999999997797, 2.000000000000000000 ) ) ;
#161 = EDGE_LOOP ( 'NONE', ( #622, #226, #1449, #210 ) ) ;
#162 = ORIENTED_EDGE ( 'NONE', *, *, #937, .T. ) ;
#163 = DIRECTION ( 'NONE',  ( 0.000000000000000000, 0.000000000000000000, 1.000000000000000000 ) ) ;
#164 = CARTESIAN_POINT ( 'NONE',  ( 80.00000000000000000, 50.00000000000000000, 2.000000000000000000 ) ) ;
#165 = EDGE_CURVE ( 'NONE', #1038, #1114, #762, .T. ) ;
#166 = DIRECTION ( 'NONE',  ( -0.000000000000000000, -1.000000000000000000, -0.000000000000000000 ) ) ;
#167 = AXIS2_PLACEMENT_3D ( 'NONE', #694, #1414, #106 ) ;
#168 = EDGE_CURVE ( 'NONE', #1059, #941, #55, .T. ) ;
#169 = ORIENTED_EDGE ( 'NONE', *, *, #626, .F. ) ;
#170 = FACE_OUTER_BOUND ( 'NONE', #784, .T. ) ;
#171 = DIRECTION ( 'NONE',  ( 0.000000000000000000, -0.000000000000000000, -1.000000000000000000 ) ) ;
#172 = CARTESIAN_POINT ( 'NONE',  ( 45.64000000000000057, 9.449999999999995737, 0.000000000000000000 ) ) ;
#173 = DIRECTION ( 'NONE',  ( -0.000000000000000000, 1.000000000000000000, 0.000000000000000000 ) ) ;
#174 = DIRECTION ( 'NONE',  ( -1.000000000000000000, 0.000000000000000000, 0.000000000000000000 ) ) ;
#175 = CARTESIAN_POINT ( 'NONE',  ( 9.000000000000000000, 7.500000000000000000, 2.000000000000000000 ) ) ;
#176 = VECTOR ( 'NONE', #499, 1000.000000000000000 ) ;
#177 = VECTOR ( 'NONE', #1154, 1000.000000000000000 ) ;
#178 = EDGE_CURVE ( 'NONE', #833, #627, #521, .T. ) ;
#179 = PLANE ( 'NONE',  #372 ) ;
#180 = ADVANCED_FACE ( 'NONE', ( #1356 ), #515, .F. ) ;
#181 = CARTESIAN_POINT ( 'NONE',  ( 52.72000000000000597, 9.449999999999995737, 0.5000000000000000000 ) ) ;
#182 = FACE_OUTER_BOUND ( 'NONE', #596, .T. ) ;
#183 = CIRCLE ( 'NONE', #576, 0.7500000000000006661 ) ;
#184 = DIRECTION ( 'NONE',  ( -0.000000000000000000, -0.000000000000000000, 1.000000000000000000 ) ) ;
#185 = VECTOR ( 'NONE', #647, 1000.000000000000000 ) ;
#186 = DIRECTION ( 'NONE',  ( -0.000000000000000000, -0.000000000000000000, 1.000000000000000000 ) ) ;
#187 = ADVANCED_FACE ( 'NONE', ( #268 ), #156, .F. ) ;
#188 = DIRECTION ( 'NONE',  ( 0.000000000000000000, 0.000000000000000000, -1.000000000000000000 ) ) ;
#189 = CARTESIAN_POINT ( 'NONE',  ( 51.71999999999999886, 10.71999999999999531, 0.5000000000000000000 ) ) ;
#190 = EDGE_LOOP ( 'NONE', ( #1499, #498, #703, #1062 ) ) ;
#191 = DIRECTION ( 'NONE',  ( -1.000000000000000000, -2.450174401097184262E-16, 0.000000000000000000 ) ) ;
#192 = VERTEX_POINT ( 'NONE', #994 ) ;
#193 = FACE_OUTER_BOUND ( 'NONE', #161, .T. ) ;
#194 = DIRECTION ( 'NONE',  ( -1.000000000000000000, 0.000000000000000000, 0.000000000000000000 ) ) ;
#195 = EDGE_CURVE ( 'NONE', #1066, #725, #915, .T. ) ;
#196 = AXIS2_PLACEMENT_3D ( 'NONE', #14, #1203, #242 ) ;
#197 = VECTOR ( 'NONE', #27, 1000.000000000000000 ) ;
#198 = CARTESIAN_POINT ( 'NONE',  ( 62.02000000000000313, 0.000000000000000000, 0.000000000000000000 ) ) ;
#199 = ORIENTED_EDGE ( 'NONE', *, *, #708, .F. ) ;
#200 = DIRECTION ( 'NONE',  ( -0.000000000000000000, -0.000000000000000000, 1.000000000000000000 ) ) ;
#201 = CARTESIAN_POINT ( 'NONE',  ( 59.02000000000000313, 24.51999999999999247, 0.5000000000000000000 ) ) ;
#202 = VERTEX_POINT ( 'NONE', #624 ) ;
#203 = CARTESIAN_POINT ( 'NONE',  ( 14.48999999999999844, 14.42999999999999972, 0.5000000000000000000 ) ) ;
#204 = DIRECTION ( 'NONE',  ( -1.000000000000000000, 0.000000000000000000, 0.000000000000000000 ) ) ;
#205 = FACE_BOUND ( 'NONE', #37, .T. ) ;
#206 = ADVANCED_FACE ( 'NONE', ( #170 ), #103, .T. ) ;
#207 = COLOUR_RGB ( '',0.7921568627450980005, 0.8196078431372548767, 0.9333333333333333481 ) ;
#208 = DIRECTION ( 'NONE',  ( -0.000000000000000000, 0.000000000000000000, 1.000000000000000000 ) ) ;
#209 = AXIS2_PLACEMENT_3D ( 'NONE', #839, #245, #41 ) ;
#210 = ORIENTED_EDGE ( 'NONE', *, *, #734, .F. ) ;
#211 = DIRECTION ( 'NONE',  ( -0.000000000000000000, -0.000000000000000000, 1.000000000000000000 ) ) ;
#212 = ORIENTED_EDGE ( 'NONE', *, *, #541, .F. ) ;
#213 = AXIS2_PLACEMENT_3D ( 'NONE', #1063, #1393, #440 ) ;
#214 = DIRECTION ( 'NONE',  ( -0.000000000000000000, -0.000000000000000000, -1.000000000000000000 ) ) ;
#215 = CARTESIAN_POINT ( 'NONE',  ( 59.52000000000000313, 7.019999999999997797, -0.001000000000000132727 ) ) ;
#216 = CARTESIAN_POINT ( 'NONE',  ( 45.64000000000000057, 10.71999999999999531, 0.5000000000000000000 ) ) ;
#217 = ORIENTED_EDGE ( 'NONE', *, *, #1448, .T. ) ;
#218 = LINE ( 'NONE', #1380, #1055 ) ;
#219 = ORIENTED_EDGE ( 'NONE', *, *, #513, .F. ) ;
#220 = CARTESIAN_POINT ( 'NONE',  ( 46.64000000000000057, 8.449999999999995737, 2.000000000000000000 ) ) ;
#221 = FACE_BOUND ( 'NONE', #112, .T. ) ;
#222 = EDGE_LOOP ( 'NONE', ( #1189, #147, #1069, #958 ) ) ;
#223 = CARTESIAN_POINT ( 'NONE',  ( 0.000000000000000000, 0.000000000000000000, 2.000000000000000000 ) ) ;
#224 = EDGE_CURVE ( 'NONE', #489, #1406, #249, .T. ) ;
#225 = AXIS2_PLACEMENT_3D ( 'NONE', #1194, #618, #509 ) ;
#226 = ORIENTED_EDGE ( 'NONE', *, *, #1221, .F. ) ;
#227 = ORIENTED_EDGE ( 'NONE', *, *, #1135, .T. ) ;
#228 = DIRECTION ( 'NONE',  ( 0.000000000000000000, 1.000000000000000000, 0.000000000000000000 ) ) ;
#229 = EDGE_CURVE ( 'NONE', #346, #362, #442, .T. ) ;
#230 = CYLINDRICAL_SURFACE ( 'NONE', #1476, 0.7500000000000006661 ) ;
#231 = VERTEX_POINT ( 'NONE', #1461 ) ;
#232 = LINE ( 'NONE', #340, #826 ) ;
#233 = VERTEX_POINT ( 'NONE', #1362 ) ;
#234 = ORIENTED_EDGE ( 'NONE', *, *, #406, .T. ) ;
#235 = AXIS2_PLACEMENT_3D ( 'NONE', #113, #455, #97 ) ;
#236 = DIRECTION ( 'NONE',  ( -0.000000000000000000, -0.000000000000000000, 1.000000000000000000 ) ) ;
#237 = EDGE_CURVE ( 'NONE', #86, #431, #641, .T. ) ;
#238 =( NAMED_UNIT ( * ) PLANE_ANGLE_UNIT ( ) SI_UNIT ( $, .RADIAN. ) );
#239 = ORIENTED_EDGE ( 'NONE', *, *, #1283, .F. ) ;
#240 = VERTEX_POINT ( 'NONE', #57 ) ;
#241 = EDGE_LOOP ( 'NONE', ( #1140, #1531, #1176, #109, #578 ) ) ;
#242 = DIRECTION ( 'NONE',  ( -0.000000000000000000, 0.000000000000000000, 1.000000000000000000 ) ) ;
#243 = DIRECTION ( 'NONE',  ( -1.000000000000000000, 0.000000000000000000, 0.000000000000000000 ) ) ;
#244 = EDGE_CURVE ( 'NONE', #1185, #751, #1512, .T. ) ;
#245 = DIRECTION ( 'NONE',  ( -1.000000000000000000, -0.000000000000000000, -0.000000000000000000 ) ) ;
#246 = ORIENTED_EDGE ( 'NONE', *, *, #638, .T. ) ;
#247 = VERTEX_POINT ( 'NONE', #292 ) ;
#248 = ORIENTED_EDGE ( 'NONE', *, *, #43, .T. ) ;
#249 = CIRCLE ( 'NONE', #1118, 1.500000000000001332 ) ;
#250 = PLANE ( 'NONE',  #196 ) ;
#251 = VECTOR ( 'NONE', #1426, 1000.000000000000000 ) ;
#252 = CARTESIAN_POINT ( 'NONE',  ( 46.64000000000000057, 7.949999999999996625, 0.000000000000000000 ) ) ;
#253 = CARTESIAN_POINT ( 'NONE',  ( 71.00000000000001421, 7.499999999999999112, 0.000000000000000000 ) ) ;
#254 = DIRECTION ( 'NONE',  ( -1.000000000000000000, 0.000000000000000000, 0.000000000000000000 ) ) ;
#255 = EDGE_CURVE ( 'NONE', #851, #128, #629, .T. ) ;
#256 = EDGE_LOOP ( 'NONE', ( #169, #1108, #1235, #314 ) ) ;
#257 = ORIENTED_EDGE ( 'NONE', *, *, #519, .F. ) ;
#258 = VERTEX_POINT ( 'NONE', #978 ) ;
#259 = DIRECTION ( 'NONE',  ( 1.000000000000000000, 0.000000000000000000, 0.000000000000000000 ) ) ;
#260 = AXIS2_PLACEMENT_3D ( 'NONE', #1342, #1310, #611 ) ;
#261 = CARTESIAN_POINT ( 'NONE',  ( 46.64000000000000057, 10.71999999999999531, 0.5000000000000000000 ) ) ;
#262 = DIRECTION ( 'NONE',  ( 0.000000000000000000, 0.000000000000000000, -1.000000000000000000 ) ) ;
#263 = TOROIDAL_SURFACE ( 'NONE', #805, 1.250000000000000444, 0.5000000000000000000 ) ;
#264 = EDGE_LOOP ( 'NONE', ( #1460, #478, #1327, #580 ) ) ;
#265 = ORIENTED_EDGE ( 'NONE', *, *, #1251, .T. ) ;
#266 = ORIENTED_EDGE ( 'NONE', *, *, #157, .T. ) ;
#267 = ADVANCED_FACE ( 'NONE', ( #399, #1005, #1348, #1236, #636, #1472, #405, #763 ), #179, .T. ) ;
#268 = FACE_OUTER_BOUND ( 'NONE', #983, .T. ) ;
#269 = LINE ( 'NONE', #740, #1209 ) ;
#270 = FACE_OUTER_BOUND ( 'NONE', #743, .T. ) ;
#271 = DIRECTION ( 'NONE',  ( 1.000000000000000000, 2.450174401097184262E-16, 0.000000000000000000 ) ) ;
#272 = ORIENTED_EDGE ( 'NONE', *, *, #519, .T. ) ;
#273 = ORIENTED_EDGE ( 'NONE', *, *, #1458, .T. ) ;
#274 = DIRECTION ( 'NONE',  ( 0.000000000000000000, 0.000000000000000000, -1.000000000000000000 ) ) ;
#275 = ADVANCED_FACE ( 'NONE', ( #1132 ), #1506, .T. ) ;
#276 = LINE ( 'NONE', #1437, #764 ) ;
#277 = VECTOR ( 'NONE', #1143, 1000.000000000000000 ) ;
#278 = FACE_OUTER_BOUND ( 'NONE', #855, .T. ) ;
#279 = ORIENTED_EDGE ( 'NONE', *, *, #1261, .T. ) ;
#280 = ORIENTED_EDGE ( 'NONE', *, *, #255, .T. ) ;
#281 = CARTESIAN_POINT ( 'NONE',  ( 45.14000000000000057, 10.71999999999999531, 0.5000000000000000000 ) ) ;
#282 = DIRECTION ( 'NONE',  ( -0.000000000000000000, -0.000000000000000000, 1.000000000000000000 ) ) ;
#283 = CIRCLE ( 'NONE', #955, 0.5000000000000000000 ) ;
#284 = DIRECTION ( 'NONE',  ( 0.000000000000000000, 0.000000000000000000, -1.000000000000000000 ) ) ;
#285 = CIRCLE ( 'NONE', #1525, 1.500000000000001332 ) ;
#286 = VECTOR ( 'NONE', #824, 1000.000000000000000 ) ;
#287 = DIRECTION ( 'NONE',  ( 1.000000000000000000, 0.000000000000000000, 0.000000000000000000 ) ) ;
#288 = CARTESIAN_POINT ( 'NONE',  ( 0.000000000000000000, 14.42999999999999972, -0.001000000000000132727 ) ) ;
#289 = CARTESIAN_POINT ( 'NONE',  ( 74.00000000000001421, 42.50000000000000000, 2.000000000000000000 ) ) ;
#290 = EDGE_CURVE ( 'NONE', #512, #1354, #567, .T. ) ;
#291 = EDGE_CURVE ( 'NONE', #231, #439, #78, .T. ) ;
#292 = CARTESIAN_POINT ( 'NONE',  ( 14.48999999999999844, 14.42999999999999972, 2.000000000000000000 ) ) ;
#293 = CARTESIAN_POINT ( 'NONE',  ( 61.52000000000000313, 7.019999999999997797, -0.001000000000000132727 ) ) ;
#294 = CARTESIAN_POINT ( 'NONE',  ( 0.000000000000000000, 0.000000000000000000, 2.000000000000000000 ) ) ;
#295 = AXIS2_PLACEMENT_3D ( 'NONE', #1121, #1245, #642 ) ;
#296 =( GEOMETRIC_REPRESENTATION_CONTEXT ( 3 ) GLOBAL_UNCERTAINTY_ASSIGNED_CONTEXT ( ( #1233 ) ) GLOBAL_UNIT_ASSIGNED_CONTEXT ( ( #1455, #620, #1048 ) ) REPRESENTATION_CONTEXT ( 'NONE', 'WORKASPACE' ) );
#297 = EDGE_CURVE ( 'NONE', #1406, #1345, #1257, .T. ) ;
#298 = DIRECTION ( 'NONE',  ( -1.000000000000000000, -0.000000000000000000, -0.000000000000000000 ) ) ;
#299 = FACE_OUTER_BOUND ( 'NONE', #681, .T. ) ;
#300 = DIRECTION ( 'NONE',  ( -0.000000000000000000, 0.000000000000000000, 1.000000000000000000 ) ) ;
#301 = DIRECTION ( 'NONE',  ( 0.000000000000000000, -1.000000000000000000, 0.000000000000000000 ) ) ;
#302 = CIRCLE ( 'NONE', #1179, 0.7500000000000006661 ) ;
#303 = CYLINDRICAL_SURFACE ( 'NONE', #945, 0.5000000000000000000 ) ;
#304 = AXIS2_PLACEMENT_3D ( 'NONE', #71, #188, #1376 ) ;
#305 = LINE ( 'NONE', #646, #548 ) ;
#306 = EDGE_CURVE ( 'NONE', #192, #398, #480, .T. ) ;
#307 = VERTEX_POINT ( 'NONE', #1489 ) ;
#308 = DIRECTION ( 'NONE',  ( 0.000000000000000000, 0.000000000000000000, -1.000000000000000000 ) ) ;
#309 = DIRECTION ( 'NONE',  ( 1.000000000000000000, 0.000000000000000000, 0.000000000000000000 ) ) ;
#310 = DIRECTION ( 'NONE',  ( -1.000000000000000000, 0.000000000000000000, 0.000000000000000000 ) ) ;
#311 = ORIENTED_EDGE ( 'NONE', *, *, #724, .F. ) ;
#312 = LINE ( 'NONE', #931, #1454 ) ;
#313 = CARTESIAN_POINT ( 'NONE',  ( 59.02000000000000313, 0.000000000000000000, 0.5000000000000000000 ) ) ;
#314 = ORIENTED_EDGE ( 'NONE', *, *, #195, .T. ) ;
#315 = DIRECTION ( 'NONE',  ( 0.000000000000000000, 0.000000000000000000, -1.000000000000000000 ) ) ;
#316 = CARTESIAN_POINT ( 'NONE',  ( 60.52000000000000313, 7.019999999999997797, -0.001000000000000132727 ) ) ;
#317 = EDGE_CURVE ( 'NONE', #992, #1185, #305, .T. ) ;
#318 = AXIS2_PLACEMENT_3D ( 'NONE', #883, #287, #865 ) ;
#319 = FILL_AREA_STYLE ('',( #1064 ) ) ;
#320 = AXIS2_PLACEMENT_3D ( 'NONE', #189, #535, #1249 ) ;
#321 = CIRCLE ( 'NONE', #791, 1.500000000000001332 ) ;
#322 = VECTOR ( 'NONE', #757, 1000.000000000000000 ) ;
#323 = VERTEX_POINT ( 'NONE', #660 ) ;
#324 = CARTESIAN_POINT ( 'NONE',  ( 51.71999999999999886, 9.449999999999995737, 0.000000000000000000 ) ) ;
#325 = DIRECTION ( 'NONE',  ( -1.000000000000000000, 0.000000000000000000, 0.000000000000000000 ) ) ;
#326 = DIRECTION ( 'NONE',  ( -0.000000000000000000, -0.000000000000000000, 1.000000000000000000 ) ) ;
#327 = CARTESIAN_POINT ( 'NONE',  ( 51.71999999999999886, 9.449999999999995737, 0.5000000000000000000 ) ) ;
#328 = PRESENTATION_STYLE_ASSIGNMENT (( #1520 ) ) ;
#329 = VECTOR ( 'NONE', #786, 1000.000000000000000 ) ;
#330 = DIRECTION ( 'NONE',  ( 1.000000000000000000, 0.000000000000000000, 0.000000000000000000 ) ) ;
#331 = ORIENTED_EDGE ( 'NONE', *, *, #938, .F. ) ;
#332 = DIRECTION ( 'NONE',  ( 1.000000000000000000, 0.000000000000000000, 0.000000000000000000 ) ) ;
#333 = ORIENTED_EDGE ( 'NONE', *, *, #758, .F. ) ;
#334 = VECTOR ( 'NONE', #557, 1000.000000000000000 ) ;
#335 = DIRECTION ( 'NONE',  ( 0.000000000000000000, -0.000000000000000000, 1.000000000000000000 ) ) ;
#336 = CARTESIAN_POINT ( 'NONE',  ( 60.52000000000000313, 24.51999999999999247, 0.5000000000000000000 ) ) ;
#337 = EDGE_CURVE ( 'NONE', #323, #477, #84, .T. ) ;
#338 = ADVANCED_FACE ( 'NONE', ( #770 ), #1428, .T. ) ;
#339 = ORIENTED_EDGE ( 'NONE', *, *, #526, .F. ) ;
#340 = CARTESIAN_POINT ( 'NONE',  ( 53.22000000000000597, 10.71999999999999531, 0.000000000000000000 ) ) ;
#341 = VERTEX_POINT ( 'NONE', #1125 ) ;
#342 = ORIENTED_EDGE ( 'NONE', *, *, #43, .F. ) ;
#343 = DIRECTION ( 'NONE',  ( 1.000000000000000000, 0.000000000000000000, 0.000000000000000000 ) ) ;
#344 = CARTESIAN_POINT ( 'NONE',  ( 62.02000000000000313, 24.51999999999999247, 0.5000000000000000000 ) ) ;
#345 = AXIS2_PLACEMENT_3D ( 'NONE', #607, #474, #952 ) ;
#346 = VERTEX_POINT ( 'NONE', #778 ) ;
#347 = CARTESIAN_POINT ( 'NONE',  ( 72.50000000000001421, 42.50000000000000000, -0.001000000000000132727 ) ) ;
#348 = ORIENTED_EDGE ( 'NONE', *, *, #450, .T. ) ;
#349 = EDGE_CURVE ( 'NONE', #914, #148, #283, .T. ) ;
#350 = ORIENTED_EDGE ( 'NONE', *, *, #617, .F. ) ;
#351 = FACE_OUTER_BOUND ( 'NONE', #1312, .T. ) ;
#352 = ORIENTED_EDGE ( 'NONE', *, *, #73, .T. ) ;
#353 = ORIENTED_EDGE ( 'NONE', *, *, #2, .T. ) ;
#354 = ORIENTED_EDGE ( 'NONE', *, *, #1448, .F. ) ;
#355 = VECTOR ( 'NONE', #10, 1000.000000000000000 ) ;
#356 = ADVANCED_FACE ( 'NONE', ( #299 ), #895, .F. ) ;
#357 = DIRECTION ( 'NONE',  ( -1.000000000000000000, 0.000000000000000000, 0.000000000000000000 ) ) ;
#358 = CARTESIAN_POINT ( 'NONE',  ( 46.64000000000000057, 10.71999999999999531, -0.001000000000000132727 ) ) ;
#359 = ORIENTED_EDGE ( 'NONE', *, *, #1166, .T. ) ;
#360 = ORIENTED_EDGE ( 'NONE', *, *, #504, .T. ) ;
#361 = EDGE_CURVE ( 'NONE', #463, #586, #653, .T. ) ;
#362 = VERTEX_POINT ( 'NONE', #1265 ) ;
#363 = EDGE_CURVE ( 'NONE', #613, #1313, #752, .T. ) ;
#364 = LINE ( 'NONE', #1324, #108 ) ;
#365 = EDGE_CURVE ( 'NONE', #1184, #1076, #604, .T. ) ;
#366 = DIRECTION ( 'NONE',  ( -0.000000000000000000, -0.000000000000000000, 1.000000000000000000 ) ) ;
#367 = DIRECTION ( 'NONE',  ( -1.000000000000000000, 0.000000000000000000, 0.000000000000000000 ) ) ;
#368 = ADVANCED_FACE ( 'NONE', ( #811 ), #230, .F. ) ;
#369 = EDGE_LOOP ( 'NONE', ( #1323, #77 ) ) ;
#370 = VERTEX_POINT ( 'NONE', #909 ) ;
#371 = ORIENTED_EDGE ( 'NONE', *, *, #1107, .F. ) ;
#372 = AXIS2_PLACEMENT_3D ( 'NONE', #889, #1381, #1026 ) ;
#373 = TOROIDAL_SURFACE ( 'NONE', #1020, 1.250000000000000444, 0.5000000000000000000 ) ;
#374 = DIRECTION ( 'NONE',  ( -1.000000000000000000, 0.000000000000000000, 0.000000000000000000 ) ) ;
#375 = VECTOR ( 'NONE', #712, 1000.000000000000000 ) ;
#376 = MANIFOLD_SOLID_BREP ( 'Cut-Extrude4', #69 ) ;
#377 = DIRECTION ( 'NONE',  ( 0.000000000000000000, -0.000000000000000000, 1.000000000000000000 ) ) ;
#378 = CYLINDRICAL_SURFACE ( 'NONE', #482, 1.500000000000001332 ) ;
#379 = APPLICATION_PROTOCOL_DEFINITION ( 'draft international standard', 'automotive_design', 1998, #928 ) ;
#380 = ORIENTED_EDGE ( 'NONE', *, *, #1166, .F. ) ;
#381 = EDGE_LOOP ( 'NONE', ( #561, #965, #779, #514 ) ) ;
#382 = ORIENTED_EDGE ( 'NONE', *, *, #1104, .F. ) ;
#383 = CARTESIAN_POINT ( 'NONE',  ( 9.000000000000000000, 7.500000000000000000, -0.001000000000000132727 ) ) ;
#384 = VECTOR ( 'NONE', #1264, 1000.000000000000000 ) ;
#385 = AXIS2_PLACEMENT_3D ( 'NONE', #633, #425, #1124 ) ;
#386 = DIRECTION ( 'NONE',  ( -1.000000000000000000, 0.000000000000000000, 0.000000000000000000 ) ) ;
#387 = CARTESIAN_POINT ( 'NONE',  ( 12.48999999999999844, 13.67999999999999972, 0.5000000000000000000 ) ) ;
#388 = VECTOR ( 'NONE', #546, 1000.000000000000000 ) ;
#389 = EDGE_LOOP ( 'NONE', ( #1307, #114, #959, #1099 ) ) ;
#390 = EDGE_CURVE ( 'NONE', #941, #512, #1180, .T. ) ;
#391 = VERTEX_POINT ( 'NONE', #936 ) ;
#392 = ADVANCED_FACE ( 'NONE', ( #920 ), #1144, .F. ) ;
#393 = CARTESIAN_POINT ( 'NONE',  ( 51.71999999999999886, 10.71999999999999531, 0.000000000000000000 ) ) ;
#394 = CARTESIAN_POINT ( 'NONE',  ( 72.50000000000001421, 7.499999999999999112, 0.000000000000000000 ) ) ;
#395 = PLANE ( 'NONE',  #1234 ) ;
#396 = SURFACE_SIDE_STYLE ('',( #840 ) ) ;
#397 = ORIENTED_EDGE ( 'NONE', *, *, #83, .F. ) ;
#398 = VERTEX_POINT ( 'NONE', #434 ) ;
#399 = FACE_BOUND ( 'NONE', #369, .T. ) ;
#400 = CIRCLE ( 'NONE', #1139, 1.500000000000001332 ) ;
#401 = DIRECTION ( 'NONE',  ( -0.000000000000000000, -0.000000000000000000, 1.000000000000000000 ) ) ;
#402 = AXIS2_PLACEMENT_3D ( 'NONE', #1238, #301, #284 ) ;
#403 = DIRECTION ( 'NONE',  ( -1.000000000000000000, 0.000000000000000000, 0.000000000000000000 ) ) ;
#404 = ORIENTED_EDGE ( 'NONE', *, *, #1244, .F. ) ;
#405 = FACE_BOUND ( 'NONE', #828, .T. ) ;
#406 = EDGE_CURVE ( 'NONE', #1201, #341, #879, .T. ) ;
#407 = DIRECTION ( 'NONE',  ( -1.000000000000000000, 0.000000000000000000, 0.000000000000000000 ) ) ;
#408 = VECTOR ( 'NONE', #1149, 1000.000000000000000 ) ;
#409 = CARTESIAN_POINT ( 'NONE',  ( 59.52000000000000313, 24.51999999999999247, 0.5000000000000000000 ) ) ;
#410 = CIRCLE ( 'NONE', #385, 1.250000000000001110 ) ;
#411 = AXIS2_PLACEMENT_3D ( 'NONE', #1417, #1269, #672 ) ;
#412 = DIRECTION ( 'NONE',  ( -0.000000000000000000, -0.000000000000000000, 1.000000000000000000 ) ) ;
#413 = DIRECTION ( 'NONE',  ( 1.000000000000000000, 0.000000000000000000, 0.000000000000000000 ) ) ;
#414 = EDGE_CURVE ( 'NONE', #13, #490, #774, .T. ) ;
#415 = CARTESIAN_POINT ( 'NONE',  ( 0.000000000000000000, 12.92999999999999794, -0.001000000000000132727 ) ) ;
#416 = CARTESIAN_POINT ( 'NONE',  ( 12.48999999999999844, 13.67999999999999972, 0.000000000000000000 ) ) ;
#417 = CARTESIAN_POINT ( 'NONE',  ( 80.00000000000000000, 0.000000000000000000, 2.000000000000000000 ) ) ;
#418 = CARTESIAN_POINT ( 'NONE',  ( 0.000000000000000000, 0.000000000000000000, 0.000000000000000000 ) ) ;
#419 = VECTOR ( 'NONE', #1384, 1000.000000000000000 ) ;
#420 = ADVANCED_FACE ( 'NONE', ( #451, #205, #221, #1156, #684, #1396, #82, #1296 ), #1163, .F. ) ;
#421 = DIRECTION ( 'NONE',  ( -1.000000000000000000, 0.000000000000000000, 0.000000000000000000 ) ) ;
#422 = DIRECTION ( 'NONE',  ( -0.000000000000000000, 0.000000000000000000, 1.000000000000000000 ) ) ;
#423 = ORIENTED_EDGE ( 'NONE', *, *, #1244, .T. ) ;
#424 = CARTESIAN_POINT ( 'NONE',  ( 52.72000000000000597, 10.71999999999999531, 0.000000000000000000 ) ) ;
#425 = DIRECTION ( 'NONE',  ( -0.000000000000000000, -0.000000000000000000, 1.000000000000000000 ) ) ;
#426 = AXIS2_PLACEMENT_3D ( 'NONE', #1095, #507, #1001 ) ;
#427 = CARTESIAN_POINT ( 'NONE',  ( 74.00000000000001421, 7.499999999999999112, 0.000000000000000000 ) ) ;
#428 = ORIENTED_EDGE ( 'NONE', *, *, #594, .F. ) ;
#429 = CARTESIAN_POINT ( 'NONE',  ( 71.00000000000001421, 42.50000000000000000, -0.001000000000000132727 ) ) ;
#430 = EDGE_CURVE ( 'NONE', #1273, #463, #529, .T. ) ;
#431 = VERTEX_POINT ( 'NONE', #926 ) ;
#432 = DIRECTION ( 'NONE',  ( 1.000000000000000000, 0.000000000000000000, 0.000000000000000000 ) ) ;
#433 = CARTESIAN_POINT ( 'NONE',  ( 72.50000000000001421, 7.499999999999999112, 0.000000000000000000 ) ) ;
#434 = CARTESIAN_POINT ( 'NONE',  ( 11.23999999999999666, 13.67999999999999972, 0.000000000000000000 ) ) ;
#435 = LINE ( 'NONE', #1488, #56 ) ;
#436 = ORIENTED_EDGE ( 'NONE', *, *, #165, .T. ) ;
#437 = DIRECTION ( 'NONE',  ( -1.000000000000000000, 0.000000000000000000, 0.000000000000000000 ) ) ;
#438 = CARTESIAN_POINT ( 'NONE',  ( 60.52000000000000313, 24.51999999999999247, 2.000000000000000000 ) ) ;
#439 = VERTEX_POINT ( 'NONE', #1404 ) ;
#440 = DIRECTION ( 'NONE',  ( -1.000000000000000000, 0.000000000000000000, 0.000000000000000000 ) ) ;
#441 = LINE ( 'NONE', #1270, #419 ) ;
#442 = CIRCLE ( 'NONE', #1316, 0.5000000000000000000 ) ;
#443 = DIRECTION ( 'NONE',  ( -0.000000000000000000, -0.000000000000000000, 1.000000000000000000 ) ) ;
#444 = CIRCLE ( 'NONE', #1390, 1.500000000000001332 ) ;
#445 = LINE ( 'NONE', #921, #74 ) ;
#446 = ORIENTED_EDGE ( 'NONE', *, *, #864, .T. ) ;
#447 = FACE_OUTER_BOUND ( 'NONE', #1286, .T. ) ;
#448 = ORIENTED_EDGE ( 'NONE', *, *, #566, .T. ) ;
#449 = CARTESIAN_POINT ( 'NONE',  ( 62.02000000000000313, 7.019999999999997797, 0.000000000000000000 ) ) ;
#450 = EDGE_CURVE ( 'NONE', #613, #490, #1278, .T. ) ;
#451 = FACE_BOUND ( 'NONE', #1101, .T. ) ;
#452 = EDGE_CURVE ( 'NONE', #1034, #1164, #856, .T. ) ;
#453 = VECTOR ( 'NONE', #135, 1000.000000000000000 ) ;
#454 = ORIENTED_EDGE ( 'NONE', *, *, #1358, .F. ) ;
#455 = DIRECTION ( 'NONE',  ( 0.000000000000000000, -1.000000000000000000, 0.000000000000000000 ) ) ;
#456 = ORIENTED_EDGE ( 'NONE', *, *, #1371, .T. ) ;
#457 = ORIENTED_EDGE ( 'NONE', *, *, #1057, .T. ) ;
#458 = VECTOR ( 'NONE', #80, 1000.000000000000000 ) ;
#459 = CARTESIAN_POINT ( 'NONE',  ( 12.48999999999999844, 12.92999999999999794, -0.001000000000000132727 ) ) ;
#460 = ADVANCED_FACE ( 'NONE', ( #270 ), #1097, .F. ) ;
#461 = ORIENTED_EDGE ( 'NONE', *, *, #504, .F. ) ;
#462 = DIRECTION ( 'NONE',  ( -0.000000000000000000, -0.000000000000000000, 1.000000000000000000 ) ) ;
#463 = VERTEX_POINT ( 'NONE', #151 ) ;
#464 = ORIENTED_EDGE ( 'NONE', *, *, #1292, .F. ) ;
#465 = LINE ( 'NONE', #1168, #334 ) ;
#466 = DIRECTION ( 'NONE',  ( -0.000000000000000000, 0.000000000000000000, 1.000000000000000000 ) ) ;
#467 = ADVANCED_FACE ( 'NONE', ( #619 ), #953, .F. ) ;
#468 = AXIS2_PLACEMENT_3D ( 'NONE', #415, #1282, #76 ) ;
#469 = ORIENTED_EDGE ( 'NONE', *, *, #739, .F. ) ;
#470 = ORIENTED_EDGE ( 'NONE', *, *, #1007, .T. ) ;
#471 = AXIS2_PLACEMENT_3D ( 'NONE', #493, #632, #1444 ) ;
#472 = EDGE_LOOP ( 'NONE', ( #835, #614, #735, #814 ) ) ;
#473 = ORIENTED_EDGE ( 'NONE', *, *, #1032, .F. ) ;
#474 = DIRECTION ( 'NONE',  ( -0.000000000000000000, -0.000000000000000000, 1.000000000000000000 ) ) ;
#475 = LINE ( 'NONE', #510, #754 ) ;
#476 = PRODUCT_CONTEXT ( 'NONE', #1360, 'mechanical' ) ;
#477 = VERTEX_POINT ( 'NONE', #502 ) ;
#478 = ORIENTED_EDGE ( 'NONE', *, *, #758, .T. ) ;
#479 = PRODUCT_RELATED_PRODUCT_CATEGORY ( 'part', '', ( #777 ) ) ;
#480 = CIRCLE ( 'NONE', #1004, 1.250000000000001110 ) ;
#481 = ORIENTED_EDGE ( 'NONE', *, *, #297, .T. ) ;
#482 = AXIS2_PLACEMENT_3D ( 'NONE', #849, #1326, #1351 ) ;
#483 = CARTESIAN_POINT ( 'NONE',  ( 7.500000000000000000, 42.50000000000000711, 0.000000000000000000 ) ) ;
#484 = ADVANCED_FACE ( 'NONE', ( #18 ), #1195, .F. ) ;
#485 = AXIS2_PLACEMENT_3D ( 'NONE', #1302, #236, #1039 ) ;
#486 = LINE ( 'NONE', #713, #540 ) ;
#487 = CARTESIAN_POINT ( 'NONE',  ( 7.500000000000000000, 42.50000000000000711, 2.000000000000000000 ) ) ;
#488 = CARTESIAN_POINT ( 'NONE',  ( -2.994113118140755311E-15, 12.21999999999998465, 0.5000000000000000000 ) ) ;
#489 = VERTEX_POINT ( 'NONE', #1204 ) ;
#490 = VERTEX_POINT ( 'NONE', #707 ) ;
#491 = EDGE_LOOP ( 'NONE', ( #162, #661, #1291, #1045 ) ) ;
#492 = CARTESIAN_POINT ( 'NONE',  ( 74.00000000000001421, 42.50000000000000000, 0.000000000000000000 ) ) ;
#493 = CARTESIAN_POINT ( 'NONE',  ( 46.64000000000000057, 9.449999999999995737, 2.000000000000000000 ) ) ;
#494 = CARTESIAN_POINT ( 'NONE',  ( 0.000000000000000000, 7.949999999999994849, 0.000000000000000000 ) ) ;
#495 = APPLICATION_PROTOCOL_DEFINITION ( 'draft international standard', 'automotive_design', 1998, #1360 ) ;
#496 = ORIENTED_EDGE ( 'NONE', *, *, #1107, .T. ) ;
#497 = ORIENTED_EDGE ( 'NONE', *, *, #297, .F. ) ;
#498 = ORIENTED_EDGE ( 'NONE', *, *, #1065, .F. ) ;
#499 = DIRECTION ( 'NONE',  ( -1.000000000000000000, -0.000000000000000000, -0.000000000000000000 ) ) ;
#500 = DIRECTION ( 'NONE',  ( 0.000000000000000000, 0.000000000000000000, -1.000000000000000000 ) ) ;
#501 = ADVANCED_FACE ( 'NONE', ( #980 ), #956, .T. ) ;
#502 = CARTESIAN_POINT ( 'NONE',  ( 59.52000000000000313, 24.51999999999999247, 2.000000000000000000 ) ) ;
#503 = DIRECTION ( 'NONE',  ( -0.000000000000000000, -0.000000000000000000, -1.000000000000000000 ) ) ;
#504 = EDGE_CURVE ( 'NONE', #1218, #439, #1029, .T. ) ;
#505 = VERTEX_POINT ( 'NONE', #741 ) ;
#506 = ORIENTED_EDGE ( 'NONE', *, *, #616, .T. ) ;
#507 = DIRECTION ( 'NONE',  ( -0.000000000000000000, 1.000000000000000000, 0.000000000000000000 ) ) ;
#508 = CIRCLE ( 'NONE', #700, 0.7500000000000006661 ) ;
#509 = DIRECTION ( 'NONE',  ( 0.000000000000000000, 0.000000000000000000, 1.000000000000000000 ) ) ;
#510 = CARTESIAN_POINT ( 'NONE',  ( 0.000000000000000000, 8.449999999999995737, 0.5000000000000000000 ) ) ;
#511 = AXIS2_PLACEMENT_3D ( 'NONE', #690, #907, #335 ) ;
#512 = VERTEX_POINT ( 'NONE', #1188 ) ;
#513 = EDGE_CURVE ( 'NONE', #391, #949, #1453, .T. ) ;
#514 = ORIENTED_EDGE ( 'NONE', *, *, #1467, .F. ) ;
#515 = PLANE ( 'NONE',  #295 ) ;
#516 = DIRECTION ( 'NONE',  ( -1.000000000000000000, 0.000000000000000000, 0.000000000000000000 ) ) ;
#517 = DIRECTION ( 'NONE',  ( -1.000000000000000000, 0.000000000000000000, 0.000000000000000000 ) ) ;
#518 = ORIENTED_EDGE ( 'NONE', *, *, #666, .F. ) ;
#519 = EDGE_CURVE ( 'NONE', #603, #586, #285, .T. ) ;
#520 = AXIS2_PLACEMENT_3D ( 'NONE', #1333, #274, #738 ) ;
#521 = LINE ( 'NONE', #383, #1386 ) ;
#522 = VECTOR ( 'NONE', #61, 1000.000000000000000 ) ;
#523 = CARTESIAN_POINT ( 'NONE',  ( 80.00000000000000000, 0.000000000000000000, 2.000000000000000000 ) ) ;
#524 = FACE_OUTER_BOUND ( 'NONE', #241, .T. ) ;
#525 = DIRECTION ( 'NONE',  ( 0.000000000000000000, 0.000000000000000000, -1.000000000000000000 ) ) ;
#526 = EDGE_CURVE ( 'NONE', #192, #5, #927, .T. ) ;
#527 = DIRECTION ( 'NONE',  ( 1.000000000000000000, 0.000000000000000000, 0.000000000000000000 ) ) ;
#528 = FACE_OUTER_BOUND ( 'NONE', #1439, .T. ) ;
#529 = CIRCLE ( 'NONE', #649, 1.500000000000001332 ) ;
#530 = CIRCLE ( 'NONE', #1129, 1.000000000000000888 ) ;
#531 = DIRECTION ( 'NONE',  ( 0.000000000000000000, 1.000000000000000000, -0.000000000000000000 ) ) ;
#532 = DIRECTION ( 'NONE',  ( 0.000000000000000000, 0.000000000000000000, 1.000000000000000000 ) ) ;
#533 = DIRECTION ( 'NONE',  ( 1.000000000000000000, 0.000000000000000000, 0.000000000000000000 ) ) ;
#534 = LINE ( 'NONE', #1242, #1353 ) ;
#535 = DIRECTION ( 'NONE',  ( 0.000000000000000000, 0.000000000000000000, -1.000000000000000000 ) ) ;
#536 = DIRECTION ( 'NONE',  ( -0.000000000000000000, 0.000000000000000000, 1.000000000000000000 ) ) ;
#537 = DIRECTION ( 'NONE',  ( 0.000000000000000000, -0.000000000000000000, -1.000000000000000000 ) ) ;
#538 = DIRECTION ( 'NONE',  ( -1.000000000000000000, 0.000000000000000000, 0.000000000000000000 ) ) ;
#539 = STYLED_ITEM ( 'NONE', ( #1343 ), #935 ) ;
#540 = VECTOR ( 'NONE', #401, 1000.000000000000000 ) ;
#541 = EDGE_CURVE ( 'NONE', #1034, #1406, #1429, .T. ) ;
#542 = DIRECTION ( 'NONE',  ( -0.000000000000000000, 0.000000000000000000, 1.000000000000000000 ) ) ;
#543 = ORIENTED_EDGE ( 'NONE', *, *, #634, .F. ) ;
#544 = DIRECTION ( 'NONE',  ( 1.000000000000000000, 0.000000000000000000, 0.000000000000000000 ) ) ;
#545 = EDGE_LOOP ( 'NONE', ( #470, #129, #615, #1435 ) ) ;
#546 = DIRECTION ( 'NONE',  ( -0.000000000000000000, -0.000000000000000000, 1.000000000000000000 ) ) ;
#547 = CARTESIAN_POINT ( 'NONE',  ( 9.000000000000001776, 42.50000000000000711, -0.001000000000000132727 ) ) ;
#548 = VECTOR ( 'NONE', #1036, 1000.000000000000000 ) ;
#549 = DIRECTION ( 'NONE',  ( 0.000000000000000000, 1.000000000000000000, 0.000000000000000000 ) ) ;
#550 = VECTOR ( 'NONE', #970, 1000.000000000000000 ) ;
#551 = VECTOR ( 'NONE', #1241, 1000.000000000000000 ) ;
#552 = DIRECTION ( 'NONE',  ( -0.000000000000000000, 1.000000000000000000, -0.000000000000000000 ) ) ;
#553 = EDGE_LOOP ( 'NONE', ( #1027, #870, #339, #719 ) ) ;
#554 = CARTESIAN_POINT ( 'NONE',  ( 14.48999999999999844, 12.42999999999999794, 0.5000000000000000000 ) ) ;
#555 = CARTESIAN_POINT ( 'NONE',  ( 46.64000000000000057, 12.21999999999999709, 0.000000000000000000 ) ) ;
#556 = VERTEX_POINT ( 'NONE', #253 ) ;
#557 = DIRECTION ( 'NONE',  ( -1.000000000000000000, 0.000000000000000000, 0.000000000000000000 ) ) ;
#558 = CARTESIAN_POINT ( 'NONE',  ( 12.48999999999999844, 12.92999999999999794, 0.5000000000000000000 ) ) ;
#559 = DIRECTION ( 'NONE',  ( 0.000000000000000000, 0.000000000000000000, -1.000000000000000000 ) ) ;
#560 = DIRECTION ( 'NONE',  ( 1.000000000000000000, 0.000000000000000000, 0.000000000000000000 ) ) ;
#561 = ORIENTED_EDGE ( 'NONE', *, *, #237, .T. ) ;
#562 = DIRECTION ( 'NONE',  ( 0.000000000000000000, -0.000000000000000000, 1.000000000000000000 ) ) ;
#563 = ADVANCED_FACE ( 'NONE', ( #1090 ), #395, .F. ) ;
#564 = ORIENTED_EDGE ( 'NONE', *, *, #938, .T. ) ;
#565 = LINE ( 'NONE', #1287, #119 ) ;
#566 = EDGE_CURVE ( 'NONE', #914, #346, #28, .T. ) ;
#567 = CIRCLE ( 'NONE', #997, 0.7500000000000006661 ) ;
#568 = DIRECTION ( 'NONE',  ( -1.000000000000000000, 0.000000000000000000, 0.000000000000000000 ) ) ;
#569 = CIRCLE ( 'NONE', #858, 1.500000000000001332 ) ;
#570 = ORIENTED_EDGE ( 'NONE', *, *, #306, .T. ) ;
#571 = DIRECTION ( 'NONE',  ( -0.000000000000000000, -0.000000000000000000, 1.000000000000000000 ) ) ;
#572 = ORIENTED_EDGE ( 'NONE', *, *, #594, .T. ) ;
#573 = EDGE_LOOP ( 'NONE', ( #461, #787 ) ) ;
#574 = EDGE_CURVE ( 'NONE', #362, #148, #475, .T. ) ;
#575 = CARTESIAN_POINT ( 'NONE',  ( 46.64000000000000057, 10.71999999999999531, 2.000000000000000000 ) ) ;
#576 = AXIS2_PLACEMENT_3D ( 'NONE', #1389, #796, #1399 ) ;
#577 = AXIS2_PLACEMENT_3D ( 'NONE', #336, #1288, #691 ) ;
#578 = ORIENTED_EDGE ( 'NONE', *, *, #640, .F. ) ;
#579 = DIRECTION ( 'NONE',  ( 0.000000000000000000, 1.000000000000000000, 0.000000000000000000 ) ) ;
#580 = ORIENTED_EDGE ( 'NONE', *, *, #1016, .F. ) ;
#581 = VERTEX_POINT ( 'NONE', #160 ) ;
#582 = AXIS2_PLACEMENT_3D ( 'NONE', #417, #407, #1350 ) ;
#583 = DIRECTION ( 'NONE',  ( 0.000000000000000000, 0.000000000000000000, 1.000000000000000000 ) ) ;
#584 = EDGE_CURVE ( 'NONE', #1313, #431, #989, .T. ) ;
#585 = CIRCLE ( 'NONE', #167, 0.5000000000000000000 ) ;
#586 = VERTEX_POINT ( 'NONE', #714 ) ;
#587 = DIRECTION ( 'NONE',  ( 1.000000000000000000, 0.000000000000000000, 0.000000000000000000 ) ) ;
#588 = ORIENTED_EDGE ( 'NONE', *, *, #1032, .T. ) ;
#589 = ORIENTED_EDGE ( 'NONE', *, *, #768, .T. ) ;
#590 = CARTESIAN_POINT ( 'NONE',  ( 0.000000000000000000, 50.00000000000000000, 2.000000000000000000 ) ) ;
#591 = DIRECTION ( 'NONE',  ( 1.000000000000000000, 0.000000000000000000, 0.000000000000000000 ) ) ;
#592 = ADVANCED_FACE ( 'NONE', ( #1080 ), #378, .F. ) ;
#593 = AXIS2_PLACEMENT_3D ( 'NONE', #1078, #25, #259 ) ;
#594 = EDGE_CURVE ( 'NONE', #1504, #1114, #534, .T. ) ;
#595 = ORIENTED_EDGE ( 'NONE', *, *, #708, .T. ) ;
#596 = EDGE_LOOP ( 'NONE', ( #1466, #333, #115, #354 ) ) ;
#597 = AXIS2_PLACEMENT_3D ( 'NONE', #866, #969, #610 ) ;
#598 = ORIENTED_EDGE ( 'NONE', *, *, #118, .T. ) ;
#599 = CARTESIAN_POINT ( 'NONE',  ( 0.000000000000000000, 0.000000000000000000, 2.000000000000000000 ) ) ;
#600 = CARTESIAN_POINT ( 'NONE',  ( 51.71999999999999886, 11.71999999999999531, 2.000000000000000000 ) ) ;
#601 = DIRECTION ( 'NONE',  ( 1.000000000000000000, 0.000000000000000000, 0.000000000000000000 ) ) ;
#602 = ORIENTED_EDGE ( 'NONE', *, *, #574, .F. ) ;
#603 = VERTEX_POINT ( 'NONE', #289 ) ;
#604 = CIRCLE ( 'NONE', #15, 0.5000000000000000000 ) ;
#605 = VERTEX_POINT ( 'NONE', #996 ) ;
#606 = AXIS2_PLACEMENT_3D ( 'NONE', #1117, #761, #1134 ) ;
#607 = CARTESIAN_POINT ( 'NONE',  ( 60.52000000000000313, 24.51999999999999247, -0.001000000000000132727 ) ) ;
#608 = AXIS2_PLACEMENT_3D ( 'NONE', #861, #145, #1091 ) ;
#609 = VECTOR ( 'NONE', #537, 1000.000000000000000 ) ;
#610 = DIRECTION ( 'NONE',  ( 0.000000000000000000, 0.000000000000000000, -1.000000000000000000 ) ) ;
#611 = DIRECTION ( 'NONE',  ( 0.000000000000000000, 0.000000000000000000, -1.000000000000000000 ) ) ;
#612 = DIRECTION ( 'NONE',  ( 1.000000000000000000, 0.000000000000000000, 0.000000000000000000 ) ) ;
#613 = VERTEX_POINT ( 'NONE', #409 ) ;
#614 = ORIENTED_EDGE ( 'NONE', *, *, #1135, .F. ) ;
#615 = ORIENTED_EDGE ( 'NONE', *, *, #317, .T. ) ;
#616 = EDGE_CURVE ( 'NONE', #307, #1038, #648, .T. ) ;
#617 = EDGE_CURVE ( 'NONE', #1160, #247, #876, .T. ) ;
#618 = DIRECTION ( 'NONE',  ( -1.000000000000000000, 0.000000000000000000, 0.000000000000000000 ) ) ;
#619 = FACE_OUTER_BOUND ( 'NONE', #1297, .T. ) ;
#620 =( NAMED_UNIT ( * ) PLANE_ANGLE_UNIT ( ) SI_UNIT ( $, .RADIAN. ) );
#621 = ORIENTED_EDGE ( 'NONE', *, *, #1122, .F. ) ;
#622 = ORIENTED_EDGE ( 'NONE', *, *, #35, .T. ) ;
#623 = CIRCLE ( 'NONE', #1346, 0.5000000000000000000 ) ;
#624 = CARTESIAN_POINT ( 'NONE',  ( 0.000000000000000000, 50.00000000000000000, 0.000000000000000000 ) ) ;
#625 = FACE_OUTER_BOUND ( 'NONE', #1267, .T. ) ;
#626 = EDGE_CURVE ( 'NONE', #398, #725, #675, .T. ) ;
#627 = VERTEX_POINT ( 'NONE', #175 ) ;
#628 = ORIENTED_EDGE ( 'NONE', *, *, #1412, .F. ) ;
#629 = LINE ( 'NONE', #46, #176 ) ;
#630 = AXIS2_PLACEMENT_3D ( 'NONE', #281, #173, #1115 ) ;
#631 = MECHANICAL_DESIGN_GEOMETRIC_PRESENTATION_REPRESENTATION (  '', ( #539 ), #900 ) ;
#632 = DIRECTION ( 'NONE',  ( 0.000000000000000000, 0.000000000000000000, -1.000000000000000000 ) ) ;
#633 = CARTESIAN_POINT ( 'NONE',  ( 14.48999999999999844, 13.67999999999999972, 0.000000000000000000 ) ) ;
#634 = EDGE_CURVE ( 'NONE', #1059, #1354, #1492, .T. ) ;
#635 = ORIENTED_EDGE ( 'NONE', *, *, #361, .F. ) ;
#636 = FACE_BOUND ( 'NONE', #96, .T. ) ;
#637 = CARTESIAN_POINT ( 'NONE',  ( 0.000000000000000000, 12.42999999999999794, 0.5000000000000000000 ) ) ;
#638 = EDGE_CURVE ( 'NONE', #202, #233, #1247, .T. ) ;
#639 = CARTESIAN_POINT ( 'NONE',  ( 12.48999999999999844, 12.42999999999999794, 0.000000000000000000 ) ) ;
#640 = EDGE_CURVE ( 'NONE', #240, #38, #410, .T. ) ;
#641 = CIRCLE ( 'NONE', #1443, 0.5000000000000000000 ) ;
#642 = DIRECTION ( 'NONE',  ( 0.000000000000000000, -0.000000000000000000, -1.000000000000000000 ) ) ;
#643 = CIRCLE ( 'NONE', #664, 1.500000000000001332 ) ;
#644 = CARTESIAN_POINT ( 'NONE',  ( 52.72000000000000597, 9.449999999999995737, 0.5000000000000000000 ) ) ;
#645 = CARTESIAN_POINT ( 'NONE',  ( 15.23999999999999844, 13.67999999999999972, -0.001000000000000132727 ) ) ;
#646 = CARTESIAN_POINT ( 'NONE',  ( 52.72000000000000597, 9.449999999999995737, -0.001000000000000132727 ) ) ;
#647 = DIRECTION ( 'NONE',  ( 0.000000000000000000, -1.000000000000000000, 0.000000000000000000 ) ) ;
#648 = LINE ( 'NONE', #172, #1058 ) ;
#649 = AXIS2_PLACEMENT_3D ( 'NONE', #1511, #443, #568 ) ;
#650 = VECTOR ( 'NONE', #1383, 1000.000000000000000 ) ;
#651 = FACE_OUTER_BOUND ( 'NONE', #1464, .T. ) ;
#652 = PRODUCT_DEFINITION_SHAPE ( 'NONE', 'NONE',  #1423 ) ;
#653 = LINE ( 'NONE', #429, #329 ) ;
#654 = EDGE_CURVE ( 'NONE', #79, #5, #1477, .T. ) ;
#655 = CARTESIAN_POINT ( 'NONE',  ( 46.64000000000000057, 12.21999999999999709, 0.5000000000000000000 ) ) ;
#656 = CARTESIAN_POINT ( 'NONE',  ( 46.64000000000000057, 10.71999999999999531, 0.5000000000000000000 ) ) ;
#657 = ADVANCED_FACE ( 'NONE', ( #524 ), #373, .T. ) ;
#658 = CARTESIAN_POINT ( 'NONE',  ( 15.23999999999999844, 13.67999999999999972, 2.000000000000000000 ) ) ;
#659 = ORIENTED_EDGE ( 'NONE', *, *, #157, .F. ) ;
#660 = CARTESIAN_POINT ( 'NONE',  ( 61.52000000000000313, 24.51999999999999247, 2.000000000000000000 ) ) ;
#661 = ORIENTED_EDGE ( 'NONE', *, *, #1493, .F. ) ;
#662 = CYLINDRICAL_SURFACE ( 'NONE', #1403, 0.5000000000000000000 ) ;
#663 = CARTESIAN_POINT ( 'NONE',  ( 72.50000000000001421, 7.499999999999999112, 2.000000000000000000 ) ) ;
#664 = AXIS2_PLACEMENT_3D ( 'NONE', #1256, #542, #560 ) ;
#665 = CIRCLE ( 'NONE', #872, 1.500000000000001332 ) ;
#666 = EDGE_CURVE ( 'NONE', #1167, #341, #1130, .T. ) ;
#667 = DIRECTION ( 'NONE',  ( 0.000000000000000000, 0.000000000000000000, -1.000000000000000000 ) ) ;
#668 = ORIENTED_EDGE ( 'NONE', *, *, #886, .F. ) ;
#669 = DIRECTION ( 'NONE',  ( -0.000000000000000000, 0.000000000000000000, 1.000000000000000000 ) ) ;
#670 = DIRECTION ( 'NONE',  ( -0.000000000000000000, 1.000000000000000000, 0.000000000000000000 ) ) ;
#671 = ORIENTED_EDGE ( 'NONE', *, *, #893, .F. ) ;
#672 = DIRECTION ( 'NONE',  ( 1.000000000000000000, 0.000000000000000000, 0.000000000000000000 ) ) ;
#673 = LINE ( 'NONE', #215, #177 ) ;
#674 = AXIS2_PLACEMENT_3D ( 'NONE', #201, #670, #687 ) ;
#675 = CIRCLE ( 'NONE', #606, 1.250000000000001110 ) ;
#676 = ADVANCED_FACE ( 'NONE', ( #182 ), #1469, .T. ) ;
#677 = CIRCLE ( 'NONE', #213, 0.7500000000000006661 ) ;
#678 = CARTESIAN_POINT ( 'NONE',  ( 46.64000000000000057, 12.21999999999999709, 0.000000000000000000 ) ) ;
#679 = VERTEX_POINT ( 'NONE', #1003 ) ;
#680 = DIRECTION ( 'NONE',  ( -1.000000000000000000, 0.000000000000000000, 0.000000000000000000 ) ) ;
#681 = EDGE_LOOP ( 'NONE', ( #331, #718, #595, #1413 ) ) ;
#682 = CARTESIAN_POINT ( 'NONE',  ( 45.64000000000000057, 10.71999999999999531, 2.000000000000000000 ) ) ;
#683 = CYLINDRICAL_SURFACE ( 'NONE', #1226, 1.000000000000000888 ) ;
#684 = FACE_BOUND ( 'NONE', #1308, .T. ) ;
#685 = LINE ( 'NONE', #198, #1516 ) ;
#686 = ORIENTED_EDGE ( 'NONE', *, *, #838, .T. ) ;
#687 = DIRECTION ( 'NONE',  ( 0.000000000000000000, 0.000000000000000000, 1.000000000000000000 ) ) ;
#688 = ADVANCED_FACE ( 'NONE', ( #528 ), #1295, .T. ) ;
#689 = ORIENTED_EDGE ( 'NONE', *, *, #64, .F. ) ;
#690 = CARTESIAN_POINT ( 'NONE',  ( 0.000000000000000000, 8.449999999999995737, -0.001000000000000132727 ) ) ;
#691 = DIRECTION ( 'NONE',  ( -1.000000000000000000, 0.000000000000000000, 0.000000000000000000 ) ) ;
#692 = VECTOR ( 'NONE', #66, 1000.000000000000000 ) ;
#693 = VERTEX_POINT ( 'NONE', #1010 ) ;
#694 = CARTESIAN_POINT ( 'NONE',  ( 53.22000000000000597, 9.449999999999995737, 0.5000000000000000000 ) ) ;
#695 = EDGE_LOOP ( 'NONE', ( #930, #854, #1497, #350 ) ) ;
#696 = ORIENTED_EDGE ( 'NONE', *, *, #993, .F. ) ;
#697 = ADVANCED_FACE ( 'NONE', ( #278 ), #1480, .F. ) ;
#698 = FACE_OUTER_BOUND ( 'NONE', #256, .T. ) ;
#699 = SURFACE_SIDE_STYLE ('',( #817 ) ) ;
#700 = AXIS2_PLACEMENT_3D ( 'NONE', #702, #1183, #1044 ) ;
#701 = ORIENTED_EDGE ( 'NONE', *, *, #178, .F. ) ;
#702 = CARTESIAN_POINT ( 'NONE',  ( 14.48999999999999844, 13.67999999999999972, 0.5000000000000000000 ) ) ;
#703 = ORIENTED_EDGE ( 'NONE', *, *, #1507, .F. ) ;
#704 = EDGE_LOOP ( 'NONE', ( #1075, #125, #352, #939 ) ) ;
#705 = CIRCLE ( 'NONE', #485, 1.500000000000001332 ) ;
#706 = DIRECTION ( 'NONE',  ( 0.000000000000000000, 0.000000000000000000, -1.000000000000000000 ) ) ;
#707 = CARTESIAN_POINT ( 'NONE',  ( 61.52000000000000313, 24.51999999999999247, 0.5000000000000000000 ) ) ;
#708 = EDGE_CURVE ( 'NONE', #1379, #1217, #1113, .T. ) ;
#709 = ORIENTED_EDGE ( 'NONE', *, *, #73, .F. ) ;
#710 = ORIENTED_EDGE ( 'NONE', *, *, #666, .T. ) ;
#711 = ORIENTED_EDGE ( 'NONE', *, *, #513, .T. ) ;
#712 = DIRECTION ( 'NONE',  ( -0.000000000000000000, -0.000000000000000000, -1.000000000000000000 ) ) ;
#713 = CARTESIAN_POINT ( 'NONE',  ( 5.999999999999997335, 7.500000000000000000, -0.001000000000000132727 ) ) ;
#714 = CARTESIAN_POINT ( 'NONE',  ( 71.00000000000001421, 42.50000000000000000, 2.000000000000000000 ) ) ;
#715 = AXIS2_PLACEMENT_3D ( 'NONE', #1478, #1102, #759 ) ;
#716 = AXIS2_PLACEMENT_3D ( 'NONE', #1131, #208, #330 ) ;
#717 = EDGE_LOOP ( 'NONE', ( #711, #1077, #380, #922 ) ) ;
#718 = ORIENTED_EDGE ( 'NONE', *, *, #768, .F. ) ;
#719 = ORIENTED_EDGE ( 'NONE', *, *, #1473, .F. ) ;
#720 = CYLINDRICAL_SURFACE ( 'NONE', #593, 0.7500000000000006661 ) ;
#721 = DIRECTION ( 'NONE',  ( -1.000000000000000000, 0.000000000000000000, 0.000000000000000000 ) ) ;
#722 = CARTESIAN_POINT ( 'NONE',  ( -2.871604398085896024E-15, 11.71999999999998465, -0.001000000000000132727 ) ) ;
#723 =( NAMED_UNIT ( * ) SI_UNIT ( $, .STERADIAN. ) SOLID_ANGLE_UNIT ( ) );
#724 = EDGE_CURVE ( 'NONE', #992, #362, #1198, .T. ) ;
#725 = VERTEX_POINT ( 'NONE', #639 ) ;
#726 = CYLINDRICAL_SURFACE ( 'NONE', #1391, 1.500000000000000444 ) ;
#727 = ORIENTED_EDGE ( 'NONE', *, *, #291, .F. ) ;
#728 = EDGE_CURVE ( 'NONE', #128, #985, #54, .T. ) ;
#729 = AXIS2_PLACEMENT_3D ( 'NONE', #358, #832, #591 ) ;
#730 = CARTESIAN_POINT ( 'NONE',  ( 53.22000000000000597, 9.449999999999995737, 0.000000000000000000 ) ) ;
#731 = VECTOR ( 'NONE', #1123, 1000.000000000000000 ) ;
#732 = CARTESIAN_POINT ( 'NONE',  ( 60.52000000000000313, 24.51999999999999247, 0.5000000000000000000 ) ) ;
#733 = CARTESIAN_POINT ( 'NONE',  ( 72.50000000000001421, 42.50000000000000000, 2.000000000000000000 ) ) ;
#734 = EDGE_CURVE ( 'NONE', #941, #1066, #908, .T. ) ;
#735 = ORIENTED_EDGE ( 'NONE', *, *, #255, .F. ) ;
#736 = EDGE_LOOP ( 'NONE', ( #464, #1293, #1398, #469 ) ) ;
#737 = ORIENTED_EDGE ( 'NONE', *, *, #93, .F. ) ;
#738 = DIRECTION ( 'NONE',  ( -1.000000000000000000, 0.000000000000000000, 0.000000000000000000 ) ) ;
#739 = EDGE_CURVE ( 'NONE', #45, #1218, #789, .T. ) ;
#740 = CARTESIAN_POINT ( 'NONE',  ( 0.000000000000000000, 14.42999999999999972, 0.5000000000000000000 ) ) ;
#741 = CARTESIAN_POINT ( 'NONE',  ( 12.48999999999999844, 12.92999999999999794, 2.000000000000000000 ) ) ;
#742 = FACE_OUTER_BOUND ( 'NONE', #1422, .T. ) ;
#743 = EDGE_LOOP ( 'NONE', ( #951, #671, #1299, #423 ) ) ;
#744 = ORIENTED_EDGE ( 'NONE', *, *, #1023, .T. ) ;
#745 = CIRCLE ( 'NONE', #871, 1.500000000000001332 ) ;
#746 = VECTOR ( 'NONE', #1359, 1000.000000000000000 ) ;
#747 = CARTESIAN_POINT ( 'NONE',  ( 59.02000000000000313, 7.019999999999997797, 0.5000000000000000000 ) ) ;
#748 = ADVANCED_FACE ( 'NONE', ( #1260 ), #75, .T. ) ;
#749 = DIRECTION ( 'NONE',  ( -0.000000000000000000, -0.000000000000000000, -1.000000000000000000 ) ) ;
#750 = CARTESIAN_POINT ( 'NONE',  ( -2.871604398085896024E-15, 11.71999999999998465, 2.000000000000000000 ) ) ;
#751 = VERTEX_POINT ( 'NONE', #1162 ) ;
#752 = CIRCLE ( 'NONE', #674, 0.5000000000000000000 ) ;
#753 = DIRECTION ( 'NONE',  ( 0.000000000000000000, 0.000000000000000000, 1.000000000000000000 ) ) ;
#754 = VECTOR ( 'NONE', #1447, 1000.000000000000000 ) ;
#755 = FACE_OUTER_BOUND ( 'NONE', #105, .T. ) ;
#756 = AXIS2_PLACEMENT_3D ( 'NONE', #732, #1096, #386 ) ;
#757 = DIRECTION ( 'NONE',  ( -0.000000000000000000, -0.000000000000000000, 1.000000000000000000 ) ) ;
#758 = EDGE_CURVE ( 'NONE', #490, #1076, #441, .T. ) ;
#759 = DIRECTION ( 'NONE',  ( -1.000000000000000000, 0.000000000000000000, 0.000000000000000000 ) ) ;
#760 = CARTESIAN_POINT ( 'NONE',  ( 46.64000000000000057, 11.71999999999999531, -0.001000000000000132727 ) ) ;
#761 = DIRECTION ( 'NONE',  ( -0.000000000000000000, -0.000000000000000000, 1.000000000000000000 ) ) ;
#762 = CIRCLE ( 'NONE', #1046, 0.5000000000000000000 ) ;
#763 = FACE_OUTER_BOUND ( 'NONE', #1043, .T. ) ;
#764 = VECTOR ( 'NONE', #134, 1000.000000000000000 ) ;
#765 = AXIS2_PLACEMENT_3D ( 'NONE', #131, #1436, #357 ) ;
#766 = CARTESIAN_POINT ( 'NONE',  ( 15.23999999999999844, 13.67999999999999972, 0.5000000000000000000 ) ) ;
#767 = DIRECTION ( 'NONE',  ( 0.000000000000000000, -0.000000000000000000, -1.000000000000000000 ) ) ;
#768 = EDGE_CURVE ( 'NONE', #1379, #556, #1470, .T. ) ;
#769 = LINE ( 'NONE', #1503, #522 ) ;
#770 = FACE_OUTER_BOUND ( 'NONE', #389, .T. ) ;
#771 = EDGE_CURVE ( 'NONE', #1217, #1321, #1268, .T. ) ;
#772 = CARTESIAN_POINT ( 'NONE',  ( 61.52000000000000313, 7.019999999999997797, 0.5000000000000000000 ) ) ;
#773 = DIRECTION ( 'NONE',  ( -0.000000000000000000, -1.000000000000000000, -0.000000000000000000 ) ) ;
#774 = CIRCLE ( 'NONE', #1126, 0.5000000000000000000 ) ;
#775 = AXIS2_PLACEMENT_3D ( 'NONE', #1474, #315, #1070 ) ;
#776 = FACE_OUTER_BOUND ( 'NONE', #1425, .T. ) ;
#777 = PRODUCT ( 'pcb_bat_plate', 'pcb_bat_plate', '', ( #476 ) ) ;
#778 = CARTESIAN_POINT ( 'NONE',  ( 51.71999999999999886, 7.949999999999994849, 0.000000000000000000 ) ) ;
#779 = ORIENTED_EDGE ( 'NONE', *, *, #363, .F. ) ;
#780 = EDGE_CURVE ( 'NONE', #86, #370, #673, .T. ) ;
#781 = CARTESIAN_POINT ( 'NONE',  ( 45.14000000000000057, 9.449999999999995737, 0.000000000000000000 ) ) ;
#782 = FACE_OUTER_BOUND ( 'NONE', #130, .T. ) ;
#783 = LINE ( 'NONE', #1387, #1319 ) ;
#784 = EDGE_LOOP ( 'NONE', ( #137, #621, #1202, #382 ) ) ;
#785 = CARTESIAN_POINT ( 'NONE',  ( 12.48999999999999844, 13.67999999999999972, 2.000000000000000000 ) ) ;
#786 = DIRECTION ( 'NONE',  ( -0.000000000000000000, -0.000000000000000000, 1.000000000000000000 ) ) ;
#787 = ORIENTED_EDGE ( 'NONE', *, *, #919, .F. ) ;
#788 = LINE ( 'NONE', #943, #881 ) ;
#789 = LINE ( 'NONE', #547, #277 ) ;
#790 = EDGE_CURVE ( 'NONE', #38, #1160, #623, .T. ) ;
#791 = AXIS2_PLACEMENT_3D ( 'NONE', #324, #211, #437 ) ;
#792 = VECTOR ( 'NONE', #749, 1000.000000000000000 ) ;
#793 =( NAMED_UNIT ( * ) SI_UNIT ( $, .STERADIAN. ) SOLID_ANGLE_UNIT ( ) );
#794 = DIRECTION ( 'NONE',  ( 1.000000000000000000, 0.000000000000000000, 0.000000000000000000 ) ) ;
#795 = ORIENTED_EDGE ( 'NONE', *, *, #574, .T. ) ;
#796 = DIRECTION ( 'NONE',  ( -0.000000000000000000, 0.000000000000000000, 1.000000000000000000 ) ) ;
#797 = EDGE_LOOP ( 'NONE', ( #31, #1092 ) ) ;
#798 = LINE ( 'NONE', #916, #1009 ) ;
#799 = DIRECTION ( 'NONE',  ( -0.000000000000000000, 0.000000000000000000, 1.000000000000000000 ) ) ;
#800 = MECHANICAL_DESIGN_GEOMETRIC_PRESENTATION_REPRESENTATION (  '', ( #1081 ), #1252 ) ;
#801 = DIRECTION ( 'NONE',  ( -0.000000000000000000, -0.000000000000000000, 1.000000000000000000 ) ) ;
#802 = AXIS2_PLACEMENT_3D ( 'NONE', #892, #59, #899 ) ;
#803 = EDGE_CURVE ( 'NONE', #13, #1313, #159, .T. ) ;
#804 = PRODUCT_DEFINITION_FORMATION_WITH_SPECIFIED_SOURCE ( 'ANY', '', #777, .NOT_KNOWN. ) ;
#805 = AXIS2_PLACEMENT_3D ( 'NONE', #1053, #706, #126 ) ;
#806 = PLANE ( 'NONE',  #468 ) ;
#807 = ORIENTED_EDGE ( 'NONE', *, *, #584, .T. ) ;
#808 = DIRECTION ( 'NONE',  ( -0.000000000000000000, 0.000000000000000000, -1.000000000000000000 ) ) ;
#809 = ORIENTED_EDGE ( 'NONE', *, *, #886, .T. ) ;
#810 = CARTESIAN_POINT ( 'NONE',  ( 72.50000000000001421, 42.50000000000000000, -0.001000000000000132727 ) ) ;
#811 = FACE_OUTER_BOUND ( 'NONE', #695, .T. ) ;
#812 = ORIENTED_EDGE ( 'NONE', *, *, #616, .F. ) ;
#813 = DIRECTION ( 'NONE',  ( -0.000000000000000000, 1.000000000000000000, 0.000000000000000000 ) ) ;
#814 = ORIENTED_EDGE ( 'NONE', *, *, #874, .T. ) ;
#815 = ORIENTED_EDGE ( 'NONE', *, *, #414, .T. ) ;
#816 = CARTESIAN_POINT ( 'NONE',  ( 52.72000000000000597, 9.449999999999995737, 2.000000000000000000 ) ) ;
#817 = SURFACE_STYLE_FILL_AREA ( #319 ) ;
#818 = AXIS2_PLACEMENT_3D ( 'NONE', #663, #799, #309 ) ;
#819 = ORIENTED_EDGE ( 'NONE', *, *, #1187, .T. ) ;
#820 = CARTESIAN_POINT ( 'NONE',  ( 52.72000000000000597, 10.71999999999999531, 2.000000000000000000 ) ) ;
#821 = ADVANCED_FACE ( 'NONE', ( #782 ), #683, .F. ) ;
#822 = ORIENTED_EDGE ( 'NONE', *, *, #168, .T. ) ;
#823 = ORIENTED_EDGE ( 'NONE', *, *, #406, .F. ) ;
#824 = DIRECTION ( 'NONE',  ( 1.000000000000000000, 0.000000000000000000, 0.000000000000000000 ) ) ;
#825 = EDGE_CURVE ( 'NONE', #398, #79, #1170, .T. ) ;
#826 = VECTOR ( 'NONE', #813, 1000.000000000000000 ) ;
#827 = VECTOR ( 'NONE', #1031, 1000.000000000000000 ) ;
#828 = EDGE_LOOP ( 'NONE', ( #217, #976, #807, #1392 ) ) ;
#829 = ORIENTED_EDGE ( 'NONE', *, *, #838, .F. ) ;
#830 = EDGE_LOOP ( 'NONE', ( #1049, #967, #977, #1258 ) ) ;
#831 = FACE_OUTER_BOUND ( 'NONE', #948, .T. ) ;
#832 = DIRECTION ( 'NONE',  ( 0.000000000000000000, -0.000000000000000000, 1.000000000000000000 ) ) ;
#833 = VERTEX_POINT ( 'NONE', #1468 ) ;
#834 = ORIENTED_EDGE ( 'NONE', *, *, #337, .T. ) ;
#835 = ORIENTED_EDGE ( 'NONE', *, *, #1311, .T. ) ;
#836 = LINE ( 'NONE', #599, #375 ) ;
#837 = CARTESIAN_POINT ( 'NONE',  ( 7.499999999999999112, 7.500000000000000000, 0.000000000000000000 ) ) ;
#838 = EDGE_CURVE ( 'NONE', #148, #1175, #276, .T. ) ;
#839 = CARTESIAN_POINT ( 'NONE',  ( 12.48999999999999844, 14.92999999999999972, 0.5000000000000000000 ) ) ;
#840 = SURFACE_STYLE_FILL_AREA ( #972 ) ;
#841 = AXIS2_PLACEMENT_3D ( 'NONE', #1111, #525, #873 ) ;
#842 = ADVANCED_FACE ( 'NONE', ( #625 ), #1341, .F. ) ;
#843 = AXIS2_PLACEMENT_3D ( 'NONE', #910, #612, #1215 ) ;
#844 = ORIENTED_EDGE ( 'NONE', *, *, #780, .T. ) ;
#845 = EDGE_LOOP ( 'NONE', ( #1433, #1434, #481, #1216, #572, #911, #448, #353 ) ) ;
#846 = ORIENTED_EDGE ( 'NONE', *, *, #1371, .F. ) ;
#847 = DIRECTION ( 'NONE',  ( -0.000000000000000000, -0.000000000000000000, 1.000000000000000000 ) ) ;
#848 = CARTESIAN_POINT ( 'NONE',  ( 7.500000000000000000, 42.50000000000000711, 2.000000000000000000 ) ) ;
#849 = CARTESIAN_POINT ( 'NONE',  ( 7.500000000000000000, 42.50000000000000711, -0.001000000000000132727 ) ) ;
#850 = FILL_AREA_STYLE_COLOUR ( '', #1366 ) ;
#851 = VERTEX_POINT ( 'NONE', #1103 ) ;
#852 = EDGE_CURVE ( 'NONE', #1034, #1167, #859, .T. ) ;
#853 = CIRCLE ( 'NONE', #984, 1.500000000000000444 ) ;
#854 = ORIENTED_EDGE ( 'NONE', *, *, #634, .T. ) ;
#855 = EDGE_LOOP ( 'NONE', ( #155, #146, #1382, #1338 ) ) ;
#856 = CIRCLE ( 'NONE', #141, 1.000000000000000888 ) ;
#857 = CARTESIAN_POINT ( 'NONE',  ( 12.48999999999999844, 12.42999999999999794, 0.5000000000000000000 ) ) ;
#858 = AXIS2_PLACEMENT_3D ( 'NONE', #394, #366, #1462 ) ;
#859 = LINE ( 'NONE', #600, #1000 ) ;
#860 = DIRECTION ( 'NONE',  ( -2.450174401097184262E-16, 1.000000000000000000, 0.000000000000000000 ) ) ;
#861 = CARTESIAN_POINT ( 'NONE',  ( 0.000000000000000000, 0.000000000000000000, 0.000000000000000000 ) ) ;
#862 = ORIENTED_EDGE ( 'NONE', *, *, #1374, .F. ) ;
#863 = ORIENTED_EDGE ( 'NONE', *, *, #734, .T. ) ;
#864 = EDGE_CURVE ( 'NONE', #679, #605, #486, .T. ) ;
#865 = DIRECTION ( 'NONE',  ( 0.000000000000000000, 0.000000000000000000, -1.000000000000000000 ) ) ;
#866 = CARTESIAN_POINT ( 'NONE',  ( 11.23999999999999666, 13.67999999999999972, 0.5000000000000000000 ) ) ;
#867 = DIRECTION ( 'NONE',  ( -0.000000000000000000, -0.000000000000000000, 1.000000000000000000 ) ) ;
#868 = ORIENTED_EDGE ( 'NONE', *, *, #566, .F. ) ;
#869 = PRODUCT_DEFINITION_CONTEXT ( 'detailed design', #928, 'design' ) ;
#870 = ORIENTED_EDGE ( 'NONE', *, *, #982, .F. ) ;
#871 = AXIS2_PLACEMENT_3D ( 'NONE', #1272, #1146, #421 ) ;
#872 = AXIS2_PLACEMENT_3D ( 'NONE', #848, #158, #1213 ) ;
#873 = DIRECTION ( 'NONE',  ( -1.000000000000000000, 0.000000000000000000, 0.000000000000000000 ) ) ;
#874 = EDGE_CURVE ( 'NONE', #851, #949, #875, .T. ) ;
#875 = LINE ( 'NONE', #164, #792 ) ;
#876 = LINE ( 'NONE', #1015, #1456 ) ;
#877 = ORIENTED_EDGE ( 'NONE', *, *, #654, .T. ) ;
#878 = DIRECTION ( 'NONE',  ( -0.000000000000000000, 1.000000000000000000, 0.000000000000000000 ) ) ;
#879 = CIRCLE ( 'NONE', #1006, 1.000000000000000888 ) ;
#880 = CARTESIAN_POINT ( 'NONE',  ( 45.64000000000000057, 9.449999999999995737, 0.5000000000000000000 ) ) ;
#881 = VECTOR ( 'NONE', #343, 1000.000000000000000 ) ;
#882 = DIRECTION ( 'NONE',  ( 1.000000000000000000, 0.000000000000000000, 0.000000000000000000 ) ) ;
#883 = CARTESIAN_POINT ( 'NONE',  ( 0.000000000000000000, 0.000000000000000000, 2.000000000000000000 ) ) ;
#884 = PLANE ( 'NONE',  #1329 ) ;
#885 = CARTESIAN_POINT ( 'NONE',  ( 74.00000000000001421, 7.499999999999999112, -0.001000000000000132727 ) ) ;
#886 = EDGE_CURVE ( 'NONE', #1175, #307, #946, .T. ) ;
#887 = ADVANCED_FACE ( 'NONE', ( #1112 ), #40, .T. ) ;
#888 = LINE ( 'NONE', #1481, #1266 ) ;
#889 = CARTESIAN_POINT ( 'NONE',  ( 0.000000000000000000, 0.000000000000000000, 0.000000000000000000 ) ) ;
#890 = AXIS2_PLACEMENT_3D ( 'NONE', #33, #500, #516 ) ;
#891 = CARTESIAN_POINT ( 'NONE',  ( 45.64000000000000057, 0.000000000000000000, 0.5000000000000000000 ) ) ;
#892 = CARTESIAN_POINT ( 'NONE',  ( 12.48999999999999844, 13.67999999999999972, 0.5000000000000000000 ) ) ;
#893 = EDGE_CURVE ( 'NONE', #833, #679, #1365, .T. ) ;
#894 = CARTESIAN_POINT ( 'NONE',  ( 7.499999999999999112, 7.500000000000000000, 0.000000000000000000 ) ) ;
#895 = CYLINDRICAL_SURFACE ( 'NONE', #1206, 1.500000000000001332 ) ;
#896 = ORIENTED_EDGE ( 'NONE', *, *, #1199, .T. ) ;
#897 = CARTESIAN_POINT ( 'NONE',  ( 0.000000000000000000, 0.000000000000000000, 2.000000000000000000 ) ) ;
#898 = CIRCLE ( 'NONE', #630, 0.5000000000000000000 ) ;
#899 = DIRECTION ( 'NONE',  ( -1.000000000000000000, 0.000000000000000000, 0.000000000000000000 ) ) ;
#900 =( GEOMETRIC_REPRESENTATION_CONTEXT ( 3 ) GLOBAL_UNCERTAINTY_ASSIGNED_CONTEXT ( ( #1465 ) ) GLOBAL_UNIT_ASSIGNED_CONTEXT ( ( #1320, #1098, #723 ) ) REPRESENTATION_CONTEXT ( 'NONE', 'WORKASPACE' ) );
#901 = CARTESIAN_POINT ( 'NONE',  ( 51.71999999999999886, 12.21999999999999886, 0.000000000000000000 ) ) ;
#902 = ORIENTED_EDGE ( 'NONE', *, *, #1374, .T. ) ;
#903 = CARTESIAN_POINT ( 'NONE',  ( 51.71999999999999886, 8.449999999999995737, -0.001000000000000132727 ) ) ;
#904 = DIRECTION ( 'NONE',  ( -1.000000000000000000, 0.000000000000000000, 0.000000000000000000 ) ) ;
#905 = ADVANCED_FACE ( 'NONE', ( #988 ), #47, .F. ) ;
#906 = ORIENTED_EDGE ( 'NONE', *, *, #1088, .T. ) ;
#907 = DIRECTION ( 'NONE',  ( 0.000000000000000000, 1.000000000000000000, 0.000000000000000000 ) ) ;
#908 = LINE ( 'NONE', #558, #1446 ) ;
#909 = CARTESIAN_POINT ( 'NONE',  ( 59.52000000000000313, 7.019999999999997797, 2.000000000000000000 ) ) ;
#910 = CARTESIAN_POINT ( 'NONE',  ( 52.72000000000000597, 0.000000000000000000, -0.001000000000000132727 ) ) ;
#911 = ORIENTED_EDGE ( 'NONE', *, *, #1519, .T. ) ;
#912 = CARTESIAN_POINT ( 'NONE',  ( 59.52000000000000313, 7.019999999999997797, 0.5000000000000000000 ) ) ;
#913 = DIRECTION ( 'NONE',  ( 1.000000000000000000, 0.000000000000000000, 0.000000000000000000 ) ) ;
#914 = VERTEX_POINT ( 'NONE', #252 ) ;
#915 = CIRCLE ( 'NONE', #1193, 0.5000000000000000000 ) ;
#916 = CARTESIAN_POINT ( 'NONE',  ( 61.52000000000000313, 24.51999999999999247, -0.001000000000000132727 ) ) ;
#917 = CARTESIAN_POINT ( 'NONE',  ( 60.52000000000000313, 24.51999999999999247, 0.000000000000000000 ) ) ;
#918 = AXIS2_PLACEMENT_3D ( 'NONE', #1106, #42, #254 ) ;
#919 = EDGE_CURVE ( 'NONE', #439, #1218, #665, .T. ) ;
#920 = FACE_OUTER_BOUND ( 'NONE', #704, .T. ) ;
#921 = CARTESIAN_POINT ( 'NONE',  ( 0.000000000000000000, 14.92999999999999972, 0.000000000000000000 ) ) ;
#922 = ORIENTED_EDGE ( 'NONE', *, *, #1493, .T. ) ;
#923 = CYLINDRICAL_SURFACE ( 'NONE', #426, 0.5000000000000000000 ) ;
#924 = ORIENTED_EDGE ( 'NONE', *, *, #1311, .F. ) ;
#925 = LINE ( 'NONE', #110, #286 ) ;
#926 = CARTESIAN_POINT ( 'NONE',  ( 59.02000000000000313, 7.019999999999997797, 0.000000000000000000 ) ) ;
#927 = CIRCLE ( 'NONE', #209, 0.5000000000000000000 ) ;
#928 = APPLICATION_CONTEXT ( 'automotive_design' ) ;
#929 = VECTOR ( 'NONE', #214, 1000.000000000000000 ) ;
#930 = ORIENTED_EDGE ( 'NONE', *, *, #136, .T. ) ;
#931 = CARTESIAN_POINT ( 'NONE',  ( 59.52000000000000313, 24.51999999999999247, -0.001000000000000132727 ) ) ;
#932 = EDGE_LOOP ( 'NONE', ( #709, #348, #265, #834 ) ) ;
#933 = ORIENTED_EDGE ( 'NONE', *, *, #244, .T. ) ;
#934 = PLANE ( 'NONE',  #144 ) ;
#935 = ADVANCED_BREP_SHAPE_REPRESENTATION ( 'pcb_bat_plate', ( #376, #608 ), #296 ) ;
#936 = CARTESIAN_POINT ( 'NONE',  ( 80.00000000000000000, 0.000000000000000000, 0.000000000000000000 ) ) ;
#937 = EDGE_CURVE ( 'NONE', #233, #391, #1452, .T. ) ;
#938 = EDGE_CURVE ( 'NONE', #556, #1321, #150, .T. ) ;
#939 = ORIENTED_EDGE ( 'NONE', *, *, #1507, .T. ) ;
#940 = CARTESIAN_POINT ( 'NONE',  ( 0.000000000000000000, 50.00000000000000000, 2.000000000000000000 ) ) ;
#941 = VERTEX_POINT ( 'NONE', #1334 ) ;
#942 = ORIENTED_EDGE ( 'NONE', *, *, #1361, .F. ) ;
#943 = CARTESIAN_POINT ( 'NONE',  ( 14.48999999999999844, 12.42999999999999794, 0.000000000000000000 ) ) ;
#944 =( LENGTH_UNIT ( ) NAMED_UNIT ( * ) SI_UNIT ( .MILLI., .METRE. ) );
#945 = AXIS2_PLACEMENT_3D ( 'NONE', #1024, #1495, #667 ) ;
#946 = CIRCLE ( 'NONE', #471, 1.000000000000000888 ) ;
#947 = ORIENTED_EDGE ( 'NONE', *, *, #1458, .F. ) ;
#948 = EDGE_LOOP ( 'NONE', ( #1275, #1517, #877, #456, #1457 ) ) ;
#949 = VERTEX_POINT ( 'NONE', #963 ) ;
#950 = EDGE_CURVE ( 'NONE', #556, #1379, #569, .T. ) ;
#951 = ORIENTED_EDGE ( 'NONE', *, *, #864, .F. ) ;
#952 = DIRECTION ( 'NONE',  ( 1.000000000000000000, 0.000000000000000000, 0.000000000000000000 ) ) ;
#953 = CYLINDRICAL_SURFACE ( 'NONE', #1496, 1.500000000000001332 ) ;
#954 = SHAPE_DEFINITION_REPRESENTATION ( #652, #935 ) ;
#955 = AXIS2_PLACEMENT_3D ( 'NONE', #63, #1013, #1368 ) ;
#956 = TOROIDAL_SURFACE ( 'NONE', #60, 1.250000000000000444, 0.5000000000000000000 ) ;
#957 = CIRCLE ( 'NONE', #1459, 1.500000000000001332 ) ;
#958 = ORIENTED_EDGE ( 'NONE', *, *, #1088, .F. ) ;
#959 = ORIENTED_EDGE ( 'NONE', *, *, #349, .F. ) ;
#960 = ORIENTED_EDGE ( 'NONE', *, *, #1427, .T. ) ;
#961 = EDGE_CURVE ( 'NONE', #1409, #693, #530, .T. ) ;
#962 = DIRECTION ( 'NONE',  ( 1.000000000000000000, 2.450174401097184262E-16, -0.000000000000000000 ) ) ;
#963 = CARTESIAN_POINT ( 'NONE',  ( 80.00000000000000000, 50.00000000000000000, 0.000000000000000000 ) ) ;
#964 = DIRECTION ( 'NONE',  ( -1.000000000000000000, 0.000000000000000000, 0.000000000000000000 ) ) ;
#965 = ORIENTED_EDGE ( 'NONE', *, *, #584, .F. ) ;
#966 = ORIENTED_EDGE ( 'NONE', *, *, #121, .F. ) ;
#967 = ORIENTED_EDGE ( 'NONE', *, *, #306, .F. ) ;
#968 = CARTESIAN_POINT ( 'NONE',  ( 0.000000000000000000, 50.00000000000000000, 0.000000000000000000 ) ) ;
#969 = DIRECTION ( 'NONE',  ( -0.000000000000000000, -1.000000000000000000, -0.000000000000000000 ) ) ;
#970 = DIRECTION ( 'NONE',  ( 1.000000000000000000, -0.000000000000000000, -0.000000000000000000 ) ) ;
#971 = ADVANCED_FACE ( 'NONE', ( #142 ), #90, .T. ) ;
#972 = FILL_AREA_STYLE ('',( #850 ) ) ;
#973 = AXIS2_PLACEMENT_3D ( 'NONE', #313, #70, #532 ) ;
#974 = AXIS2_PLACEMENT_3D ( 'NONE', #917, #92, #1501 ) ;
#975 = ORIENTED_EDGE ( 'NONE', *, *, #1395, .T. ) ;
#976 = ORIENTED_EDGE ( 'NONE', *, *, #803, .T. ) ;
#977 = ORIENTED_EDGE ( 'NONE', *, *, #526, .T. ) ;
#978 = CARTESIAN_POINT ( 'NONE',  ( 12.48999999999999844, 14.42999999999999972, 2.000000000000000000 ) ) ;
#979 = DIRECTION ( 'NONE',  ( -0.000000000000000000, -0.000000000000000000, 1.000000000000000000 ) ) ;
#980 = FACE_OUTER_BOUND ( 'NONE', #830, .T. ) ;
#981 = CARTESIAN_POINT ( 'NONE',  ( 45.14000000000000057, 10.71999999999999531, 0.000000000000000000 ) ) ;
#982 = EDGE_CURVE ( 'NONE', #5, #1160, #269, .T. ) ;
#983 = EDGE_LOOP ( 'NONE', ( #246, #1284, #12, #227 ) ) ;
#984 = AXIS2_PLACEMENT_3D ( 'NONE', #1060, #669, #1298 ) ;
#985 = VERTEX_POINT ( 'NONE', #1363 ) ;
#986 = DIRECTION ( 'NONE',  ( 0.000000000000000000, 0.000000000000000000, -1.000000000000000000 ) ) ;
#987 = CIRCLE ( 'NONE', #1377, 0.5000000000000000000 ) ;
#988 = FACE_OUTER_BOUND ( 'NONE', #222, .T. ) ;
#989 = LINE ( 'NONE', #1214, #453 ) ;
#990 = DIRECTION ( 'NONE',  ( -2.450174401097181797E-16, 1.000000000000000000, 0.000000000000000000 ) ) ;
#991 = EDGE_LOOP ( 'NONE', ( #543, #822, #1421, #1508 ) ) ;
#992 = VERTEX_POINT ( 'NONE', #644 ) ;
#993 = EDGE_CURVE ( 'NONE', #1164, #992, #1014, .T. ) ;
#994 = CARTESIAN_POINT ( 'NONE',  ( 12.48999999999999844, 14.92999999999999972, 0.000000000000000000 ) ) ;
#995 = DIRECTION ( 'NONE',  ( 0.000000000000000000, 0.000000000000000000, -1.000000000000000000 ) ) ;
#996 = CARTESIAN_POINT ( 'NONE',  ( 5.999999999999997335, 7.500000000000000000, 2.000000000000000000 ) ) ;
#997 = AXIS2_PLACEMENT_3D ( 'NONE', #88, #536, #1482 ) ;
#998 = ORIENTED_EDGE ( 'NONE', *, *, #1395, .F. ) ;
#999 = VECTOR ( 'NONE', #1205, 1000.000000000000000 ) ;
#1000 = VECTOR ( 'NONE', #377, 1000.000000000000000 ) ;
#1001 = DIRECTION ( 'NONE',  ( 0.000000000000000000, 0.000000000000000000, 1.000000000000000000 ) ) ;
#1002 = DIRECTION ( 'NONE',  ( 0.000000000000000000, -1.000000000000000000, 0.000000000000000000 ) ) ;
#1003 = CARTESIAN_POINT ( 'NONE',  ( 5.999999999999997335, 7.500000000000000000, 0.000000000000000000 ) ) ;
#1004 = AXIS2_PLACEMENT_3D ( 'NONE', #416, #1018, #325 ) ;
#1005 = FACE_BOUND ( 'NONE', #50, .T. ) ;
#1006 = AXIS2_PLACEMENT_3D ( 'NONE', #575, #1420, #120 ) ;
#1007 = EDGE_CURVE ( 'NONE', #29, #1164, #1021, .T. ) ;
#1008 = LINE ( 'NONE', #891, #458 ) ;
#1009 = VECTOR ( 'NONE', #326, 1000.000000000000000 ) ;
#1010 = CARTESIAN_POINT ( 'NONE',  ( 46.64000000000000057, 11.71999999999999531, 0.5000000000000000000 ) ) ;
#1011 = EDGE_CURVE ( 'NONE', #1076, #581, #1028, .T. ) ;
#1012 = CYLINDRICAL_SURFACE ( 'NONE', #1418, 1.500000000000001332 ) ;
#1013 = DIRECTION ( 'NONE',  ( 1.000000000000000000, -0.000000000000000000, 0.000000000000000000 ) ) ;
#1014 = LINE ( 'NONE', #181, #731 ) ;
#1015 = CARTESIAN_POINT ( 'NONE',  ( 14.48999999999999844, 14.42999999999999972, -0.001000000000000132727 ) ) ;
#1016 = EDGE_CURVE ( 'NONE', #323, #581, #1246, .T. ) ;
#1017 = CARTESIAN_POINT ( 'NONE',  ( 7.500000000000000000, 42.50000000000000711, -0.001000000000000132727 ) ) ;
#1018 = DIRECTION ( 'NONE',  ( -0.000000000000000000, -0.000000000000000000, 1.000000000000000000 ) ) ;
#1019 = ORIENTED_EDGE ( 'NONE', *, *, #430, .F. ) ;
#1020 = AXIS2_PLACEMENT_3D ( 'NONE', #1370, #1255, #403 ) ;
#1021 = LINE ( 'NONE', #424, #609 ) ;
#1022 = DIRECTION ( 'NONE',  ( -0.000000000000000000, -0.000000000000000000, 1.000000000000000000 ) ) ;
#1023 = EDGE_CURVE ( 'NONE', #985, #1061, #1253, .T. ) ;
#1024 = CARTESIAN_POINT ( 'NONE',  ( 0.000000000000000000, 14.92999999999999972, 0.5000000000000000000 ) ) ;
#1025 = ORIENTED_EDGE ( 'NONE', *, *, #51, .T. ) ;
#1026 = DIRECTION ( 'NONE',  ( -1.000000000000000000, 0.000000000000000000, -0.000000000000000000 ) ) ;
#1027 = ORIENTED_EDGE ( 'NONE', *, *, #790, .T. ) ;
#1028 = LINE ( 'NONE', #293, #388 ) ;
#1029 = CIRCLE ( 'NONE', #1153, 1.500000000000001332 ) ;
#1030 = DIRECTION ( 'NONE',  ( 0.000000000000000000, 0.000000000000000000, 1.000000000000000000 ) ) ;
#1031 = DIRECTION ( 'NONE',  ( -0.000000000000000000, -0.000000000000000000, 1.000000000000000000 ) ) ;
#1032 = EDGE_CURVE ( 'NONE', #341, #693, #58, .T. ) ;
#1033 = PLANE ( 'NONE',  #843 ) ;
#1034 = VERTEX_POINT ( 'NONE', #1128 ) ;
#1035 = CARTESIAN_POINT ( 'NONE',  ( 9.000000000000001776, 42.50000000000000711, 0.000000000000000000 ) ) ;
#1036 = DIRECTION ( 'NONE',  ( 0.000000000000000000, 0.000000000000000000, 1.000000000000000000 ) ) ;
#1037 = ADVANCED_FACE ( 'NONE', ( #1479 ), #65, .F. ) ;
#1038 = VERTEX_POINT ( 'NONE', #880 ) ;
#1039 = DIRECTION ( 'NONE',  ( -1.000000000000000000, 0.000000000000000000, 0.000000000000000000 ) ) ;
#1040 = DIRECTION ( 'NONE',  ( 0.000000000000000000, 0.000000000000000000, -1.000000000000000000 ) ) ;
#1041 = DIRECTION ( 'NONE',  ( -1.000000000000000000, 0.000000000000000000, -0.000000000000000000 ) ) ;
#1042 = DIRECTION ( 'NONE',  ( -0.000000000000000000, -0.000000000000000000, 1.000000000000000000 ) ) ;
#1043 = EDGE_LOOP ( 'NONE', ( #1084, #924, #219, #1322 ) ) ;
#1044 = DIRECTION ( 'NONE',  ( -1.000000000000000000, 0.000000000000000000, 0.000000000000000000 ) ) ;
#1045 = ORIENTED_EDGE ( 'NONE', *, *, #1301, .T. ) ;
#1046 = AXIS2_PLACEMENT_3D ( 'NONE', #1220, #878, #52 ) ;
#1047 = CYLINDRICAL_SURFACE ( 'NONE', #62, 1.500000000000001332 ) ;
#1048 =( NAMED_UNIT ( * ) SI_UNIT ( $, .STERADIAN. ) SOLID_ANGLE_UNIT ( ) );
#1049 = ORIENTED_EDGE ( 'NONE', *, *, #825, .F. ) ;
#1050 = LINE ( 'NONE', #1067, #384 ) ;
#1051 = ORIENTED_EDGE ( 'NONE', *, *, #1011, .F. ) ;
#1052 = ORIENTED_EDGE ( 'NONE', *, *, #950, .T. ) ;
#1053 = CARTESIAN_POINT ( 'NONE',  ( 12.48999999999999844, 13.67999999999999972, 0.5000000000000000000 ) ) ;
#1054 = ADVANCED_FACE ( 'NONE', ( #1483 ), #1259, .F. ) ;
#1055 = VECTOR ( 'NONE', #462, 1000.000000000000000 ) ;
#1056 = CARTESIAN_POINT ( 'NONE',  ( 51.71999999999999886, 10.71999999999999531, 0.5000000000000000000 ) ) ;
#1057 = EDGE_CURVE ( 'NONE', #1038, #1409, #1008, .T. ) ;
#1058 = VECTOR ( 'NONE', #767, 1000.000000000000000 ) ;
#1059 = VERTEX_POINT ( 'NONE', #766 ) ;
#1060 = CARTESIAN_POINT ( 'NONE',  ( 7.499999999999999112, 7.500000000000000000, 2.000000000000000000 ) ) ;
#1061 = VERTEX_POINT ( 'NONE', #523 ) ;
#1062 = ORIENTED_EDGE ( 'NONE', *, *, #337, .F. ) ;
#1063 = CARTESIAN_POINT ( 'NONE',  ( 12.48999999999999844, 13.67999999999999972, 0.5000000000000000000 ) ) ;
#1064 = FILL_AREA_STYLE_COLOUR ( '', #207 ) ;
#1065 = EDGE_CURVE ( 'NONE', #370, #581, #1526, .T. ) ;
#1066 = VERTEX_POINT ( 'NONE', #1357 ) ;
#1067 = CARTESIAN_POINT ( 'NONE',  ( 45.64000000000000057, 10.71999999999999531, -0.001000000000000132727 ) ) ;
#1068 = ORIENTED_EDGE ( 'NONE', *, *, #24, .F. ) ;
#1069 = ORIENTED_EDGE ( 'NONE', *, *, #1007, .F. ) ;
#1070 = DIRECTION ( 'NONE',  ( -1.000000000000000000, 0.000000000000000000, 0.000000000000000000 ) ) ;
#1071 = DIRECTION ( 'NONE',  ( 1.000000000000000000, 0.000000000000000000, 0.000000000000000000 ) ) ;
#1072 = CIRCLE ( 'NONE', #1120, 1.500000000000001332 ) ;
#1073 = AXIS2_PLACEMENT_3D ( 'NONE', #48, #1364, #517 ) ;
#1074 = ADVANCED_FACE ( 'NONE', ( #755 ), #884, .T. ) ;
#1075 = ORIENTED_EDGE ( 'NONE', *, *, #780, .F. ) ;
#1076 = VERTEX_POINT ( 'NONE', #772 ) ;
#1077 = ORIENTED_EDGE ( 'NONE', *, *, #874, .F. ) ;
#1078 = CARTESIAN_POINT ( 'NONE',  ( 12.48999999999999844, 13.67999999999999972, -0.001000000000000132727 ) ) ;
#1079 = CARTESIAN_POINT ( 'NONE',  ( 51.71999999999999886, 10.71999999999999531, -0.001000000000000132727 ) ) ;
#1080 = FACE_OUTER_BOUND ( 'NONE', #1330, .T. ) ;
#1081 = STYLED_ITEM ( 'NONE', ( #328 ), #376 ) ;
#1082 = VECTOR ( 'NONE', #773, 1000.000000000000000 ) ;
#1083 = CIRCLE ( 'NONE', #411, 1.500000000000000444 ) ;
#1084 = ORIENTED_EDGE ( 'NONE', *, *, #638, .F. ) ;
#1085 = FACE_OUTER_BOUND ( 'NONE', #1173, .T. ) ;
#1086 = ORIENTED_EDGE ( 'NONE', *, *, #1057, .F. ) ;
#1087 = CYLINDRICAL_SURFACE ( 'NONE', #345, 1.000000000000000888 ) ;
#1088 = EDGE_CURVE ( 'NONE', #1167, #29, #1431, .T. ) ;
#1089 = DIRECTION ( 'NONE',  ( -1.000000000000000000, 0.000000000000000000, 0.000000000000000000 ) ) ;
#1090 = FACE_OUTER_BOUND ( 'NONE', #1490, .T. ) ;
#1091 = DIRECTION ( 'NONE',  ( 1.000000000000000000, 0.000000000000000000, 0.000000000000000000 ) ) ;
#1092 = ORIENTED_EDGE ( 'NONE', *, *, #1361, .T. ) ;
#1093 = DIRECTION ( 'NONE',  ( -0.000000000000000000, -0.000000000000000000, 1.000000000000000000 ) ) ;
#1094 = ORIENTED_EDGE ( 'NONE', *, *, #640, .T. ) ;
#1095 = CARTESIAN_POINT ( 'NONE',  ( 45.14000000000000057, 0.000000000000000000, 0.5000000000000000000 ) ) ;
#1096 = DIRECTION ( 'NONE',  ( 0.000000000000000000, 0.000000000000000000, -1.000000000000000000 ) ) ;
#1097 = CYLINDRICAL_SURFACE ( 'NONE', #1304, 1.500000000000000444 ) ;
#1098 =( NAMED_UNIT ( * ) PLANE_ANGLE_UNIT ( ) SI_UNIT ( $, .RADIAN. ) );
#1099 = ORIENTED_EDGE ( 'NONE', *, *, #1519, .F. ) ;
#1100 = AXIS2_PLACEMENT_3D ( 'NONE', #837, #979, #243 ) ;
#1101 = EDGE_LOOP ( 'NONE', ( #257, #862 ) ) ;
#1102 = DIRECTION ( 'NONE',  ( 0.000000000000000000, 0.000000000000000000, -1.000000000000000000 ) ) ;
#1103 = CARTESIAN_POINT ( 'NONE',  ( 80.00000000000000000, 50.00000000000000000, 2.000000000000000000 ) ) ;
#1104 = EDGE_CURVE ( 'NONE', #431, #1184, #957, .T. ) ;
#1105 = CARTESIAN_POINT ( 'NONE',  ( 7.499999999999999112, 7.500000000000000000, -0.001000000000000132727 ) ) ;
#1106 = CARTESIAN_POINT ( 'NONE',  ( 46.64000000000000057, 9.449999999999995737, 0.000000000000000000 ) ) ;
#1107 = EDGE_CURVE ( 'NONE', #693, #1345, #1254, .T. ) ;
#1108 = ORIENTED_EDGE ( 'NONE', *, *, #825, .T. ) ;
#1109 = AXIS2_PLACEMENT_3D ( 'NONE', #223, #579, #562 ) ;
#1110 = ORIENTED_EDGE ( 'NONE', *, *, #739, .T. ) ;
#1111 = CARTESIAN_POINT ( 'NONE',  ( 51.71999999999999886, 9.449999999999995737, 2.000000000000000000 ) ) ;
#1112 = FACE_OUTER_BOUND ( 'NONE', #1440, .T. ) ;
#1113 = LINE ( 'NONE', #885, #322 ) ;
#1114 = VERTEX_POINT ( 'NONE', #781 ) ;
#1115 = DIRECTION ( 'NONE',  ( 0.000000000000000000, 0.000000000000000000, 1.000000000000000000 ) ) ;
#1116 = DIRECTION ( 'NONE',  ( -1.000000000000000000, 0.000000000000000000, 0.000000000000000000 ) ) ;
#1117 = CARTESIAN_POINT ( 'NONE',  ( 12.48999999999999844, 13.67999999999999972, 0.000000000000000000 ) ) ;
#1118 = AXIS2_PLACEMENT_3D ( 'NONE', #393, #412, #1339 ) ;
#1119 = ADVANCED_FACE ( 'NONE', ( #193 ), #662, .T. ) ;
#1120 = AXIS2_PLACEMENT_3D ( 'NONE', #68, #184, #310 ) ;
#1121 = CARTESIAN_POINT ( 'NONE',  ( 0.000000000000000000, 50.00000000000000000, 2.000000000000000000 ) ) ;
#1122 = EDGE_CURVE ( 'NONE', #1076, #86, #19, .T. ) ;
#1123 = DIRECTION ( 'NONE',  ( -0.000000000000000000, -1.000000000000000000, 0.000000000000000000 ) ) ;
#1124 = DIRECTION ( 'NONE',  ( -1.000000000000000000, 0.000000000000000000, 0.000000000000000000 ) ) ;
#1125 = CARTESIAN_POINT ( 'NONE',  ( 46.64000000000000057, 11.71999999999999531, 2.000000000000000000 ) ) ;
#1126 = AXIS2_PLACEMENT_3D ( 'NONE', #344, #1385, #1305 ) ;
#1127 = EDGE_CURVE ( 'NONE', #258, #247, #925, .T. ) ;
#1128 = CARTESIAN_POINT ( 'NONE',  ( 51.71999999999999886, 11.71999999999999531, 0.5000000000000000000 ) ) ;
#1129 = AXIS2_PLACEMENT_3D ( 'NONE', #261, #1317, #721 ) ;
#1130 = LINE ( 'NONE', #750, #692 ) ;
#1131 = CARTESIAN_POINT ( 'NONE',  ( 72.50000000000001421, 42.50000000000000000, 2.000000000000000000 ) ) ;
#1132 = FACE_OUTER_BOUND ( 'NONE', #381, .T. ) ;
#1133 = CARTESIAN_POINT ( 'NONE',  ( 14.48999999999999844, 13.67999999999999972, -0.001000000000000132727 ) ) ;
#1134 = DIRECTION ( 'NONE',  ( -1.000000000000000000, 0.000000000000000000, 0.000000000000000000 ) ) ;
#1135 = EDGE_CURVE ( 'NONE', #128, #202, #7, .T. ) ;
#1136 = DIRECTION ( 'NONE',  ( 0.000000000000000000, 1.000000000000000000, -0.000000000000000000 ) ) ;
#1137 = EDGE_LOOP ( 'NONE', ( #1025, #795, #686, #154 ) ) ;
#1138 = CARTESIAN_POINT ( 'NONE',  ( 72.50000000000001421, 7.499999999999999112, -0.001000000000000132727 ) ) ;
#1139 = AXIS2_PLACEMENT_3D ( 'NONE', #483, #847, #374 ) ;
#1140 = ORIENTED_EDGE ( 'NONE', *, *, #35, .F. ) ;
#1141 = AXIS2_PLACEMENT_3D ( 'NONE', #327, #1040, #194 ) ;
#1142 = DIRECTION ( 'NONE',  ( -0.000000000000000000, -0.000000000000000000, -1.000000000000000000 ) ) ;
#1143 = DIRECTION ( 'NONE',  ( -0.000000000000000000, -0.000000000000000000, 1.000000000000000000 ) ) ;
#1144 = PLANE ( 'NONE',  #1207 ) ;
#1145 = ADVANCED_FACE ( 'NONE', ( #1152 ), #1047, .F. ) ;
#1146 = DIRECTION ( 'NONE',  ( -0.000000000000000000, -0.000000000000000000, 1.000000000000000000 ) ) ;
#1147 = ORIENTED_EDGE ( 'NONE', *, *, #1065, .T. ) ;
#1148 = DIRECTION ( 'NONE',  ( 1.000000000000000000, 0.000000000000000000, 0.000000000000000000 ) ) ;
#1149 = DIRECTION ( 'NONE',  ( -0.000000000000000000, -0.000000000000000000, 1.000000000000000000 ) ) ;
#1150 = ORIENTED_EDGE ( 'NONE', *, *, #118, .F. ) ;
#1151 = VECTOR ( 'NONE', #191, 1000.000000000000000 ) ;
#1152 = FACE_OUTER_BOUND ( 'NONE', #44, .T. ) ;
#1153 = AXIS2_PLACEMENT_3D ( 'NONE', #487, #1463, #1071 ) ;
#1154 = DIRECTION ( 'NONE',  ( -0.000000000000000000, -0.000000000000000000, 1.000000000000000000 ) ) ;
#1155 = AXIS2_PLACEMENT_3D ( 'NONE', #1133, #282, #533 ) ;
#1156 = FACE_BOUND ( 'NONE', #573, .T. ) ;
#1157 = DIRECTION ( 'NONE',  ( -0.000000000000000000, -0.000000000000000000, 1.000000000000000000 ) ) ;
#1158 = ORIENTED_EDGE ( 'NONE', *, *, #961, .T. ) ;
#1159 = CARTESIAN_POINT ( 'NONE',  ( 14.48999999999999844, 14.92999999999999972, 0.000000000000000000 ) ) ;
#1160 = VERTEX_POINT ( 'NONE', #203 ) ;
#1161 = CARTESIAN_POINT ( 'NONE',  ( 9.000000000000001776, 42.50000000000000711, 2.000000000000000000 ) ) ;
#1162 = CARTESIAN_POINT ( 'NONE',  ( 51.71999999999999886, 8.449999999999995737, 2.000000000000000000 ) ) ;
#1163 = PLANE ( 'NONE',  #1402 ) ;
#1164 = VERTEX_POINT ( 'NONE', #91 ) ;
#1165 = CYLINDRICAL_SURFACE ( 'NONE', #1303, 1.500000000000001332 ) ;
#1166 = EDGE_CURVE ( 'NONE', #1061, #851, #565, .T. ) ;
#1167 = VERTEX_POINT ( 'NONE', #1401 ) ;
#1168 = CARTESIAN_POINT ( 'NONE',  ( 0.000000000000000000, 8.449999999999995737, 2.000000000000000000 ) ) ;
#1169 = EDGE_CURVE ( 'NONE', #463, #1273, #705, .T. ) ;
#1170 = CIRCLE ( 'NONE', #597, 0.5000000000000000000 ) ;
#1171 = CIRCLE ( 'NONE', #716, 1.500000000000001332 ) ;
#1172 = CARTESIAN_POINT ( 'NONE',  ( 14.48999999999999844, 13.67999999999999972, -0.001000000000000132727 ) ) ;
#1173 = EDGE_LOOP ( 'NONE', ( #942, #446, #598, #701 ) ) ;
#1174 = CARTESIAN_POINT ( 'NONE',  ( 12.48999999999999844, 14.42999999999999972, 0.5000000000000000000 ) ) ;
#1175 = VERTEX_POINT ( 'NONE', #220 ) ;
#1176 = ORIENTED_EDGE ( 'NONE', *, *, #136, .F. ) ;
#1177 = PLANE ( 'NONE',  #511 ) ;
#1178 = ADVANCED_FACE ( 'NONE', ( #1533 ), #1177, .T. ) ;
#1179 = AXIS2_PLACEMENT_3D ( 'NONE', #785, #1530, #1148 ) ;
#1180 = LINE ( 'NONE', #1271, #827 ) ;
#1181 = AXIS2_PLACEMENT_3D ( 'NONE', #655, #527, #308 ) ;
#1182 = ORIENTED_EDGE ( 'NONE', *, *, #771, .F. ) ;
#1183 = DIRECTION ( 'NONE',  ( 0.000000000000000000, 0.000000000000000000, -1.000000000000000000 ) ) ;
#1184 = VERTEX_POINT ( 'NONE', #449 ) ;
#1185 = VERTEX_POINT ( 'NONE', #816 ) ;
#1186 = DIRECTION ( 'NONE',  ( 0.000000000000000000, 1.000000000000000000, 0.000000000000000000 ) ) ;
#1187 = EDGE_CURVE ( 'NONE', #751, #1175, #465, .T. ) ;
#1188 = CARTESIAN_POINT ( 'NONE',  ( 14.48999999999999844, 12.92999999999999794, 2.000000000000000000 ) ) ;
#1189 = ORIENTED_EDGE ( 'NONE', *, *, #852, .F. ) ;
#1190 = EDGE_LOOP ( 'NONE', ( #1212, #744, #359, #280 ) ) ;
#1191 = EDGE_LOOP ( 'NONE', ( #1408, #311, #1068, #1227 ) ) ;
#1192 = LINE ( 'NONE', #968, #251 ) ;
#1193 = AXIS2_PLACEMENT_3D ( 'NONE', #857, #32, #753 ) ;
#1194 = CARTESIAN_POINT ( 'NONE',  ( 0.000000000000000000, 7.949999999999994849, 0.5000000000000000000 ) ) ;
#1195 = CYLINDRICAL_SURFACE ( 'NONE', #729, 1.000000000000000888 ) ;
#1196 = CIRCLE ( 'NONE', #765, 1.000000000000000888 ) ;
#1197 = ADVANCED_FACE ( 'NONE', ( #698 ), #263, .T. ) ;
#1198 = CIRCLE ( 'NONE', #1073, 1.000000000000000888 ) ;
#1199 = EDGE_CURVE ( 'NONE', #1066, #505, #1524, .T. ) ;
#1200 = ORIENTED_EDGE ( 'NONE', *, *, #1427, .F. ) ;
#1201 = VERTEX_POINT ( 'NONE', #682 ) ;
#1202 = ORIENTED_EDGE ( 'NONE', *, *, #365, .F. ) ;
#1203 = DIRECTION ( 'NONE',  ( -1.000000000000000000, 0.000000000000000000, -0.000000000000000000 ) ) ;
#1204 = CARTESIAN_POINT ( 'NONE',  ( 53.22000000000000597, 10.71999999999999531, 0.000000000000000000 ) ) ;
#1205 = DIRECTION ( 'NONE',  ( 0.000000000000000000, -1.000000000000000000, 0.000000000000000000 ) ) ;
#1206 = AXIS2_PLACEMENT_3D ( 'NONE', #1138, #186, #544 ) ;
#1207 = AXIS2_PLACEMENT_3D ( 'NONE', #1411, #1502, #466 ) ;
#1208 = PRESENTATION_LAYER_ASSIGNMENT (  '', '', ( #539 ) ) ;
#1209 = VECTOR ( 'NONE', #432, 1000.000000000000000 ) ;
#1210 = EDGE_LOOP ( 'NONE', ( #815, #1471, #1289, #1375 ) ) ;
#1211 = CARTESIAN_POINT ( 'NONE',  ( 7.499999999999999112, 7.500000000000000000, -0.001000000000000132727 ) ) ;
#1212 = ORIENTED_EDGE ( 'NONE', *, *, #728, .T. ) ;
#1213 = DIRECTION ( 'NONE',  ( 1.000000000000000000, 0.000000000000000000, 0.000000000000000000 ) ) ;
#1214 = CARTESIAN_POINT ( 'NONE',  ( 59.02000000000000313, 7.019999999999997797, 0.000000000000000000 ) ) ;
#1215 = DIRECTION ( 'NONE',  ( 0.000000000000000000, 0.000000000000000000, -1.000000000000000000 ) ) ;
#1216 = ORIENTED_EDGE ( 'NONE', *, *, #1340, .T. ) ;
#1217 = VERTEX_POINT ( 'NONE', #1509 ) ;
#1218 = VERTEX_POINT ( 'NONE', #1161 ) ;
#1219 = ADVANCED_FACE ( 'NONE', ( #351 ), #934, .T. ) ;
#1220 = CARTESIAN_POINT ( 'NONE',  ( 45.14000000000000057, 9.449999999999995737, 0.5000000000000000000 ) ) ;
#1221 = EDGE_CURVE ( 'NONE', #725, #240, #788, .T. ) ;
#1222 = CARTESIAN_POINT ( 'NONE',  ( 71.00000000000001421, 7.499999999999999112, -0.001000000000000132727 ) ) ;
#1223 = DIRECTION ( 'NONE',  ( -1.000000000000000000, -2.450174401097184262E-16, 0.000000000000000000 ) ) ;
#1224 = CIRCLE ( 'NONE', #918, 1.500000000000001332 ) ;
#1225 = ORIENTED_EDGE ( 'NONE', *, *, #852, .T. ) ;
#1226 = AXIS2_PLACEMENT_3D ( 'NONE', #316, #101, #1229 ) ;
#1227 = ORIENTED_EDGE ( 'NONE', *, *, #2, .F. ) ;
#1228 = DIRECTION ( 'NONE',  ( -0.000000000000000000, 1.000000000000000000, 0.000000000000000000 ) ) ;
#1229 = DIRECTION ( 'NONE',  ( 1.000000000000000000, 0.000000000000000000, 0.000000000000000000 ) ) ;
#1230 = DIRECTION ( 'NONE',  ( 0.000000000000000000, 0.000000000000000000, 1.000000000000000000 ) ) ;
#1231 = EDGE_CURVE ( 'NONE', #489, #1164, #987, .T. ) ;
#1232 = AXIS2_PLACEMENT_3D ( 'NONE', #1250, #1373, #904 ) ;
#1233 = UNCERTAINTY_MEASURE_WITH_UNIT (LENGTH_MEASURE( 1.000000000000000082E-05 ), #1455, 'distance_accuracy_value', 'NONE');
#1234 = AXIS2_PLACEMENT_3D ( 'NONE', #722, #860, #1223 ) ;
#1235 = ORIENTED_EDGE ( 'NONE', *, *, #1239, .F. ) ;
#1236 = FACE_BOUND ( 'NONE', #124, .T. ) ;
#1237 = DIRECTION ( 'NONE',  ( -0.000000000000000000, -0.000000000000000000, 1.000000000000000000 ) ) ;
#1238 = CARTESIAN_POINT ( 'NONE',  ( 62.02000000000000313, 0.000000000000000000, 0.5000000000000000000 ) ) ;
#1239 = EDGE_CURVE ( 'NONE', #1066, #79, #677, .T. ) ;
#1240 = DIRECTION ( 'NONE',  ( 1.000000000000000000, -0.000000000000000000, 0.000000000000000000 ) ) ;
#1241 = DIRECTION ( 'NONE',  ( 1.000000000000000000, 0.000000000000000000, 0.000000000000000000 ) ) ;
#1242 = CARTESIAN_POINT ( 'NONE',  ( 45.14000000000000057, 0.000000000000000000, -0.000000000000000000 ) ) ;
#1243 = AXIS2_PLACEMENT_3D ( 'NONE', #488, #271, #990 ) ;
#1244 = EDGE_CURVE ( 'NONE', #627, #605, #1083, .T. ) ;
#1245 = DIRECTION ( 'NONE',  ( 0.000000000000000000, -1.000000000000000000, 0.000000000000000000 ) ) ;
#1246 = LINE ( 'NONE', #1500, #185 ) ;
#1247 = LINE ( 'NONE', #418, #1082 ) ;
#1248 = VECTOR ( 'NONE', #808, 1000.000000000000000 ) ;
#1249 = DIRECTION ( 'NONE',  ( -1.000000000000000000, 0.000000000000000000, 0.000000000000000000 ) ) ;
#1250 = CARTESIAN_POINT ( 'NONE',  ( 46.64000000000000057, 9.449999999999995737, 0.5000000000000000000 ) ) ;
#1251 = EDGE_CURVE ( 'NONE', #490, #323, #798, .T. ) ;
#1252 =( GEOMETRIC_REPRESENTATION_CONTEXT ( 3 ) GLOBAL_UNCERTAINTY_ASSIGNED_CONTEXT ( ( #49 ) ) GLOBAL_UNIT_ASSIGNED_CONTEXT ( ( #944, #238, #793 ) ) REPRESENTATION_CONTEXT ( 'NONE', 'WORKASPACE' ) );
#1253 = LINE ( 'NONE', #897, #551 ) ;
#1254 = CIRCLE ( 'NONE', #1181, 0.5000000000000000000 ) ;
#1255 = DIRECTION ( 'NONE',  ( 0.000000000000000000, 0.000000000000000000, -1.000000000000000000 ) ) ;
#1256 = CARTESIAN_POINT ( 'NONE',  ( 72.50000000000001421, 7.499999999999999112, 2.000000000000000000 ) ) ;
#1257 = LINE ( 'NONE', #555, #1151 ) ;
#1258 = ORIENTED_EDGE ( 'NONE', *, *, #654, .F. ) ;
#1259 = PLANE ( 'NONE',  #582 ) ;
#1260 = FACE_OUTER_BOUND ( 'NONE', #1191, .T. ) ;
#1261 = EDGE_CURVE ( 'NONE', #148, #1038, #1196, .T. ) ;
#1262 = FACE_OUTER_BOUND ( 'NONE', #736, .T. ) ;
#1263 = ORIENTED_EDGE ( 'NONE', *, *, #1231, .T. ) ;
#1264 = DIRECTION ( 'NONE',  ( 0.000000000000000000, -0.000000000000000000, 1.000000000000000000 ) ) ;
#1265 = CARTESIAN_POINT ( 'NONE',  ( 51.71999999999999886, 8.449999999999995737, 0.5000000000000000000 ) ) ;
#1266 = VECTOR ( 'NONE', #531, 1000.000000000000000 ) ;
#1267 = EDGE_LOOP ( 'NONE', ( #829, #279, #812, #668 ) ) ;
#1268 = CIRCLE ( 'NONE', #818, 1.500000000000001332 ) ;
#1269 = DIRECTION ( 'NONE',  ( -0.000000000000000000, 0.000000000000000000, 1.000000000000000000 ) ) ;
#1270 = CARTESIAN_POINT ( 'NONE',  ( 61.52000000000000313, 0.000000000000000000, 0.5000000000000000000 ) ) ;
#1271 = CARTESIAN_POINT ( 'NONE',  ( 14.48999999999999844, 12.92999999999999794, -0.001000000000000132727 ) ) ;
#1272 = CARTESIAN_POINT ( 'NONE',  ( 7.500000000000000000, 42.50000000000000711, 0.000000000000000000 ) ) ;
#1273 = VERTEX_POINT ( 'NONE', #492 ) ;
#1274 = PLANE ( 'NONE',  #1109 ) ;
#1275 = ORIENTED_EDGE ( 'NONE', *, *, #1199, .F. ) ;
#1276 = PRESENTATION_LAYER_ASSIGNMENT (  '', '', ( #1081 ) ) ;
#1277 = DIRECTION ( 'NONE',  ( 1.000000000000000000, 0.000000000000000000, 0.000000000000000000 ) ) ;
#1278 = CIRCLE ( 'NONE', #577, 1.000000000000000888 ) ;
#1279 = DIRECTION ( 'NONE',  ( -0.000000000000000000, -0.000000000000000000, 1.000000000000000000 ) ) ;
#1280 = VECTOR ( 'NONE', #1142, 1000.000000000000000 ) ;
#1281 = ADVANCED_FACE ( 'NONE', ( #831 ), #720, .F. ) ;
#1282 = DIRECTION ( 'NONE',  ( 0.000000000000000000, -1.000000000000000000, 0.000000000000000000 ) ) ;
#1283 = EDGE_CURVE ( 'NONE', #693, #1034, #364, .T. ) ;
#1284 = ORIENTED_EDGE ( 'NONE', *, *, #1301, .F. ) ;
#1285 = LINE ( 'NONE', #903, #1248 ) ;
#1286 = EDGE_LOOP ( 'NONE', ( #436, #428, #659, #1086 ) ) ;
#1287 = CARTESIAN_POINT ( 'NONE',  ( 80.00000000000000000, 0.000000000000000000, 2.000000000000000000 ) ) ;
#1288 = DIRECTION ( 'NONE',  ( 0.000000000000000000, 0.000000000000000000, -1.000000000000000000 ) ) ;
#1289 = ORIENTED_EDGE ( 'NONE', *, *, #363, .T. ) ;
#1290 = FACE_OUTER_BOUND ( 'NONE', #491, .T. ) ;
#1291 = ORIENTED_EDGE ( 'NONE', *, *, #1023, .F. ) ;
#1292 = EDGE_CURVE ( 'NONE', #231, #45, #400, .T. ) ;
#1293 = ORIENTED_EDGE ( 'NONE', *, *, #291, .T. ) ;
#1294 = CARTESIAN_POINT ( 'NONE',  ( 53.22000000000000597, 10.71999999999999531, 0.5000000000000000000 ) ) ;
#1295 = TOROIDAL_SURFACE ( 'NONE', #1419, 1.500000000000000000, 0.5000000000000000000 ) ;
#1296 = FACE_BOUND ( 'NONE', #1388, .T. ) ;
#1297 = EDGE_LOOP ( 'NONE', ( #1306, #564, #960, #199 ) ) ;
#1298 = DIRECTION ( 'NONE',  ( 1.000000000000000000, 0.000000000000000000, 0.000000000000000000 ) ) ;
#1299 = ORIENTED_EDGE ( 'NONE', *, *, #178, .T. ) ;
#1300 = VERTEX_POINT ( 'NONE', #730 ) ;
#1301 = EDGE_CURVE ( 'NONE', #985, #233, #836, .T. ) ;
#1302 = CARTESIAN_POINT ( 'NONE',  ( 72.50000000000001421, 42.50000000000000000, 0.000000000000000000 ) ) ;
#1303 = AXIS2_PLACEMENT_3D ( 'NONE', #347, #571, #587 ) ;
#1304 = AXIS2_PLACEMENT_3D ( 'NONE', #1105, #34, #601 ) ;
#1305 = DIRECTION ( 'NONE',  ( 0.000000000000000000, 0.000000000000000000, 1.000000000000000000 ) ) ;
#1306 = ORIENTED_EDGE ( 'NONE', *, *, #950, .F. ) ;
#1307 = ORIENTED_EDGE ( 'NONE', *, *, #165, .F. ) ;
#1308 = EDGE_LOOP ( 'NONE', ( #1314, #454, #966, #11, #737 ) ) ;
#1309 = CARTESIAN_POINT ( 'NONE',  ( 71.00000000000001421, 7.499999999999999112, 2.000000000000000000 ) ) ;
#1310 = DIRECTION ( 'NONE',  ( 1.000000000000000000, 0.000000000000000000, 0.000000000000000000 ) ) ;
#1311 = EDGE_CURVE ( 'NONE', #949, #202, #1192, .T. ) ;
#1312 = EDGE_LOOP ( 'NONE', ( #506, #457, #248, #998 ) ) ;
#1313 = VERTEX_POINT ( 'NONE', #1315 ) ;
#1314 = ORIENTED_EDGE ( 'NONE', *, *, #290, .F. ) ;
#1315 = CARTESIAN_POINT ( 'NONE',  ( 59.02000000000000313, 24.51999999999999247, 0.000000000000000000 ) ) ;
#1316 = AXIS2_PLACEMENT_3D ( 'NONE', #39, #1240, #986 ) ;
#1317 = DIRECTION ( 'NONE',  ( 0.000000000000000000, 0.000000000000000000, -1.000000000000000000 ) ) ;
#1318 = DIRECTION ( 'NONE',  ( 0.000000000000000000, 0.000000000000000000, -1.000000000000000000 ) ) ;
#1319 = VECTOR ( 'NONE', #1136, 1000.000000000000000 ) ;
#1320 =( LENGTH_UNIT ( ) NAMED_UNIT ( * ) SI_UNIT ( .MILLI., .METRE. ) );
#1321 = VERTEX_POINT ( 'NONE', #1309 ) ;
#1322 = ORIENTED_EDGE ( 'NONE', *, *, #937, .F. ) ;
#1323 = ORIENTED_EDGE ( 'NONE', *, *, #430, .T. ) ;
#1324 = CARTESIAN_POINT ( 'NONE',  ( 51.71999999999999886, 11.71999999999999531, 0.5000000000000000000 ) ) ;
#1325 = DIRECTION ( 'NONE',  ( 1.000000000000000000, 0.000000000000000000, 0.000000000000000000 ) ) ;
#1326 = DIRECTION ( 'NONE',  ( -0.000000000000000000, -0.000000000000000000, 1.000000000000000000 ) ) ;
#1327 = ORIENTED_EDGE ( 'NONE', *, *, #1011, .T. ) ;
#1328 = ADVANCED_FACE ( 'NONE', ( #1442 ), #250, .T. ) ;
#1329 = AXIS2_PLACEMENT_3D ( 'NONE', #288, #1002, #171 ) ;
#1330 = EDGE_LOOP ( 'NONE', ( #727, #947, #1110, #360 ) ) ;
#1331 = EDGE_LOOP ( 'NONE', ( #3, #696, #30, #397 ) ) ;
#1332 = ADVANCED_FACE ( 'NONE', ( #140 ), #1087, .F. ) ;
#1333 = CARTESIAN_POINT ( 'NONE',  ( 14.48999999999999844, 13.67999999999999972, 0.5000000000000000000 ) ) ;
#1334 = CARTESIAN_POINT ( 'NONE',  ( 14.48999999999999844, 12.92999999999999794, 0.5000000000000000000 ) ) ;
#1335 = DIRECTION ( 'NONE',  ( 1.000000000000000000, 0.000000000000000000, 0.000000000000000000 ) ) ;
#1336 = CARTESIAN_POINT ( 'NONE',  ( 59.52000000000000313, 0.000000000000000000, 2.000000000000000000 ) ) ;
#1337 = ORIENTED_EDGE ( 'NONE', *, *, #452, .F. ) ;
#1338 = ORIENTED_EDGE ( 'NONE', *, *, #244, .F. ) ;
#1339 = DIRECTION ( 'NONE',  ( -1.000000000000000000, 0.000000000000000000, 0.000000000000000000 ) ) ;
#1340 = EDGE_CURVE ( 'NONE', #1345, #1504, #1072, .T. ) ;
#1341 = CYLINDRICAL_SURFACE ( 'NONE', #890, 1.000000000000000888 ) ;
#1342 = CARTESIAN_POINT ( 'NONE',  ( 51.71999999999999886, 12.21999999999999709, 0.5000000000000000000 ) ) ;
#1343 = PRESENTATION_STYLE_ASSIGNMENT (( #20 ) ) ;
#1344 = TOROIDAL_SURFACE ( 'NONE', #320, 1.500000000000000000, 0.5000000000000000000 ) ;
#1345 = VERTEX_POINT ( 'NONE', #678 ) ;
#1346 = AXIS2_PLACEMENT_3D ( 'NONE', #1394, #81, #1030 ) ;
#1347 = ORIENTED_EDGE ( 'NONE', *, *, #1221, .T. ) ;
#1348 = FACE_BOUND ( 'NONE', #797, .T. ) ;
#1349 = ADVANCED_FACE ( 'NONE', ( #651 ), #1344, .T. ) ;
#1350 = DIRECTION ( 'NONE',  ( 0.000000000000000000, 0.000000000000000000, 1.000000000000000000 ) ) ;
#1351 = DIRECTION ( 'NONE',  ( 1.000000000000000000, 0.000000000000000000, 0.000000000000000000 ) ) ;
#1352 = AXIS2_PLACEMENT_3D ( 'NONE', #438, #422, #913 ) ;
#1353 = VECTOR ( 'NONE', #166, 1000.000000000000000 ) ;
#1354 = VERTEX_POINT ( 'NONE', #658 ) ;
#1355 = AXIS2_PLACEMENT_3D ( 'NONE', #1369, #300, #413 ) ;
#1356 = FACE_OUTER_BOUND ( 'NONE', #472, .T. ) ;
#1357 = CARTESIAN_POINT ( 'NONE',  ( 12.48999999999999844, 12.92999999999999794, 0.5000000000000000000 ) ) ;
#1358 = EDGE_CURVE ( 'NONE', #505, #512, #769, .T. ) ;
#1359 = DIRECTION ( 'NONE',  ( -0.000000000000000000, -1.000000000000000000, -0.000000000000000000 ) ) ;
#1360 = APPLICATION_CONTEXT ( 'automotive_design' ) ;
#1361 = EDGE_CURVE ( 'NONE', #679, #833, #444, .T. ) ;
#1362 = CARTESIAN_POINT ( 'NONE',  ( 0.000000000000000000, 0.000000000000000000, 0.000000000000000000 ) ) ;
#1363 = CARTESIAN_POINT ( 'NONE',  ( 0.000000000000000000, 0.000000000000000000, 2.000000000000000000 ) ) ;
#1364 = DIRECTION ( 'NONE',  ( 0.000000000000000000, 0.000000000000000000, -1.000000000000000000 ) ) ;
#1365 = CIRCLE ( 'NONE', #1100, 1.500000000000001332 ) ;
#1366 = COLOUR_RGB ( '',0.7921568627450980005, 0.8196078431372548767, 0.9333333333333333481 ) ;
#1367 = DIRECTION ( 'NONE',  ( -0.000000000000000000, -0.000000000000000000, 1.000000000000000000 ) ) ;
#1368 = DIRECTION ( 'NONE',  ( 0.000000000000000000, 0.000000000000000000, -1.000000000000000000 ) ) ;
#1369 = CARTESIAN_POINT ( 'NONE',  ( 60.52000000000000313, 7.019999999999997797, 2.000000000000000000 ) ) ;
#1370 = CARTESIAN_POINT ( 'NONE',  ( 14.48999999999999844, 13.67999999999999972, 0.5000000000000000000 ) ) ;
#1371 = EDGE_CURVE ( 'NONE', #5, #258, #1378, .T. ) ;
#1372 = FACE_OUTER_BOUND ( 'NONE', #553, .T. ) ;
#1373 = DIRECTION ( 'NONE',  ( 0.000000000000000000, 0.000000000000000000, -1.000000000000000000 ) ) ;
#1374 = EDGE_CURVE ( 'NONE', #586, #603, #1171, .T. ) ;
#1375 = ORIENTED_EDGE ( 'NONE', *, *, #803, .F. ) ;
#1376 = DIRECTION ( 'NONE',  ( -1.000000000000000000, 0.000000000000000000, 0.000000000000000000 ) ) ;
#1377 = AXIS2_PLACEMENT_3D ( 'NONE', #1294, #228, #583 ) ;
#1378 = LINE ( 'NONE', #95, #8 ) ;
#1379 = VERTEX_POINT ( 'NONE', #427 ) ;
#1380 = CARTESIAN_POINT ( 'NONE',  ( 74.00000000000001421, 42.50000000000000000, -0.001000000000000132727 ) ) ;
#1381 = DIRECTION ( 'NONE',  ( 0.000000000000000000, 0.000000000000000000, -1.000000000000000000 ) ) ;
#1382 = ORIENTED_EDGE ( 'NONE', *, *, #51, .F. ) ;
#1383 = DIRECTION ( 'NONE',  ( -0.000000000000000000, -0.000000000000000000, 1.000000000000000000 ) ) ;
#1384 = DIRECTION ( 'NONE',  ( 0.000000000000000000, -1.000000000000000000, 0.000000000000000000 ) ) ;
#1385 = DIRECTION ( 'NONE',  ( 0.000000000000000000, 1.000000000000000000, 0.000000000000000000 ) ) ;
#1386 = VECTOR ( 'NONE', #1451, 1000.000000000000000 ) ;
#1387 = CARTESIAN_POINT ( 'NONE',  ( 45.64000000000000057, 0.000000000000000000, 2.000000000000000000 ) ) ;
#1388 = EDGE_LOOP ( 'NONE', ( #819, #809, #975, #234, #518, #906, #628, #933 ) ) ;
#1389 = CARTESIAN_POINT ( 'NONE',  ( 14.48999999999999844, 13.67999999999999972, 2.000000000000000000 ) ) ;
#1390 = AXIS2_PLACEMENT_3D ( 'NONE', #894, #1157, #1397 ) ;
#1391 = AXIS2_PLACEMENT_3D ( 'NONE', #1211, #1093, #332 ) ;
#1392 = ORIENTED_EDGE ( 'NONE', *, *, #1104, .T. ) ;
#1393 = DIRECTION ( 'NONE',  ( 0.000000000000000000, 0.000000000000000000, -1.000000000000000000 ) ) ;
#1394 = CARTESIAN_POINT ( 'NONE',  ( 14.48999999999999844, 14.92999999999999972, 0.5000000000000000000 ) ) ;
#1395 = EDGE_CURVE ( 'NONE', #307, #1201, #783, .T. ) ;
#1396 = FACE_BOUND ( 'NONE', #190, .T. ) ;
#1397 = DIRECTION ( 'NONE',  ( -1.000000000000000000, 0.000000000000000000, 0.000000000000000000 ) ) ;
#1398 = ORIENTED_EDGE ( 'NONE', *, *, #919, .T. ) ;
#1399 = DIRECTION ( 'NONE',  ( 1.000000000000000000, 0.000000000000000000, 0.000000000000000000 ) ) ;
#1400 = ORIENTED_EDGE ( 'NONE', *, *, #1340, .F. ) ;
#1401 = CARTESIAN_POINT ( 'NONE',  ( 51.71999999999999886, 11.71999999999999531, 2.000000000000000000 ) ) ;
#1402 = AXIS2_PLACEMENT_3D ( 'NONE', #94, #559, #1041 ) ;
#1403 = AXIS2_PLACEMENT_3D ( 'NONE', #637, #1116, #53 ) ;
#1404 = CARTESIAN_POINT ( 'NONE',  ( 5.999999999999998224, 42.50000000000000711, 2.000000000000000000 ) ) ;
#1405 = ADVANCED_FACE ( 'NONE', ( #776 ), #806, .F. ) ;
#1406 = VERTEX_POINT ( 'NONE', #901 ) ;
#1407 = CARTESIAN_POINT ( 'NONE',  ( 11.73999999999999666, 13.67999999999999972, 0.5000000000000000000 ) ) ;
#1408 = ORIENTED_EDGE ( 'NONE', *, *, #229, .T. ) ;
#1409 = VERTEX_POINT ( 'NONE', #216 ) ;
#1410 = DIRECTION ( 'NONE',  ( 1.000000000000000000, 0.000000000000000000, 0.000000000000000000 ) ) ;
#1411 = CARTESIAN_POINT ( 'NONE',  ( 59.52000000000000313, 0.000000000000000000, -0.001000000000000132727 ) ) ;
#1412 = EDGE_CURVE ( 'NONE', #1185, #29, #888, .T. ) ;
#1413 = ORIENTED_EDGE ( 'NONE', *, *, #771, .T. ) ;
#1414 = DIRECTION ( 'NONE',  ( 0.000000000000000000, 1.000000000000000000, 0.000000000000000000 ) ) ;
#1415 = EDGE_LOOP ( 'NONE', ( #342, #1158, #473, #823 ) ) ;
#1416 = ORIENTED_EDGE ( 'NONE', *, *, #390, .F. ) ;
#1417 = CARTESIAN_POINT ( 'NONE',  ( 7.499999999999999112, 7.500000000000000000, 2.000000000000000000 ) ) ;
#1418 = AXIS2_PLACEMENT_3D ( 'NONE', #1017, #1367, #794 ) ;
#1419 = AXIS2_PLACEMENT_3D ( 'NONE', #656, #72, #538 ) ;
#1420 = DIRECTION ( 'NONE',  ( 0.000000000000000000, 0.000000000000000000, -1.000000000000000000 ) ) ;
#1421 = ORIENTED_EDGE ( 'NONE', *, *, #390, .T. ) ;
#1422 = EDGE_LOOP ( 'NONE', ( #496, #497, #212, #239 ) ) ;
#1423 = PRODUCT_DEFINITION ( 'UNKNOWN', '', #804, #869 ) ;
#1424 = ORIENTED_EDGE ( 'NONE', *, *, #1292, .T. ) ;
#1425 = EDGE_LOOP ( 'NONE', ( #1416, #863, #896, #1441 ) ) ;
#1426 = DIRECTION ( 'NONE',  ( -1.000000000000000000, -0.000000000000000000, -0.000000000000000000 ) ) ;
#1427 = EDGE_CURVE ( 'NONE', #1321, #1217, #643, .T. ) ;
#1428 = TOROIDAL_SURFACE ( 'NONE', #1232, 1.500000000000000000, 0.5000000000000000000 ) ;
#1429 = CIRCLE ( 'NONE', #260, 0.5000000000000000000 ) ;
#1430 = DIRECTION ( 'NONE',  ( 1.000000000000000000, 0.000000000000000000, 0.000000000000000000 ) ) ;
#1431 = CIRCLE ( 'NONE', #304, 1.000000000000000888 ) ;
#1432 = LINE ( 'NONE', #1336, #999 ) ;
#1433 = ORIENTED_EDGE ( 'NONE', *, *, #83, .T. ) ;
#1434 = ORIENTED_EDGE ( 'NONE', *, *, #224, .T. ) ;
#1435 = ORIENTED_EDGE ( 'NONE', *, *, #1412, .T. ) ;
#1436 = DIRECTION ( 'NONE',  ( 0.000000000000000000, 0.000000000000000000, -1.000000000000000000 ) ) ;
#1437 = CARTESIAN_POINT ( 'NONE',  ( 46.64000000000000057, 8.449999999999995737, 2.000000000000000000 ) ) ;
#1438 = DIRECTION ( 'NONE',  ( -0.000000000000000000, 0.000000000000000000, 1.000000000000000000 ) ) ;
#1439 = EDGE_LOOP ( 'NONE', ( #266, #1400, #371, #1532 ) ) ;
#1440 = EDGE_LOOP ( 'NONE', ( #21, #602, #99, #868 ) ) ;
#1441 = ORIENTED_EDGE ( 'NONE', *, *, #1358, .T. ) ;
#1442 = FACE_OUTER_BOUND ( 'NONE', #264, .T. ) ;
#1443 = AXIS2_PLACEMENT_3D ( 'NONE', #747, #1228, #163 ) ;
#1444 = DIRECTION ( 'NONE',  ( -1.000000000000000000, 0.000000000000000000, 0.000000000000000000 ) ) ;
#1445 = ADVANCED_FACE ( 'NONE', ( #1262 ), #1012, .F. ) ;
#1446 = VECTOR ( 'NONE', #1510, 1000.000000000000000 ) ;
#1447 = DIRECTION ( 'NONE',  ( -1.000000000000000000, 0.000000000000000000, 0.000000000000000000 ) ) ;
#1448 = EDGE_CURVE ( 'NONE', #1184, #13, #685, .T. ) ;
#1449 = ORIENTED_EDGE ( 'NONE', *, *, #195, .F. ) ;
#1450 = ORIENTED_EDGE ( 'NONE', *, *, #361, .T. ) ;
#1451 = DIRECTION ( 'NONE',  ( -0.000000000000000000, -0.000000000000000000, 1.000000000000000000 ) ) ;
#1452 = LINE ( 'NONE', #17, #133 ) ;
#1453 = LINE ( 'NONE', #143, #355 ) ;
#1454 = VECTOR ( 'NONE', #200, 1000.000000000000000 ) ;
#1455 =( LENGTH_UNIT ( ) NAMED_UNIT ( * ) SI_UNIT ( .MILLI., .METRE. ) );
#1456 = VECTOR ( 'NONE', #1484, 1000.000000000000000 ) ;
#1457 = ORIENTED_EDGE ( 'NONE', *, *, #121, .T. ) ;
#1458 = EDGE_CURVE ( 'NONE', #45, #231, #745, .T. ) ;
#1459 = AXIS2_PLACEMENT_3D ( 'NONE', #1491, #1237, #174 ) ;
#1460 = ORIENTED_EDGE ( 'NONE', *, *, #1251, .F. ) ;
#1461 = CARTESIAN_POINT ( 'NONE',  ( 5.999999999999998224, 42.50000000000000711, 0.000000000000000000 ) ) ;
#1462 = DIRECTION ( 'NONE',  ( -1.000000000000000000, 0.000000000000000000, 0.000000000000000000 ) ) ;
#1463 = DIRECTION ( 'NONE',  ( -0.000000000000000000, 0.000000000000000000, 1.000000000000000000 ) ) ;
#1464 = EDGE_LOOP ( 'NONE', ( #1263, #1337, #22, #138 ) ) ;
#1465 = UNCERTAINTY_MEASURE_WITH_UNIT (LENGTH_MEASURE( 1.000000000000000082E-05 ), #1320, 'distance_accuracy_value', 'NONE');
#1466 = ORIENTED_EDGE ( 'NONE', *, *, #365, .T. ) ;
#1467 = EDGE_CURVE ( 'NONE', #86, #613, #435, .T. ) ;
#1468 = CARTESIAN_POINT ( 'NONE',  ( 9.000000000000000000, 7.500000000000000000, 0.000000000000000000 ) ) ;
#1469 = CYLINDRICAL_SURFACE ( 'NONE', #402, 0.5000000000000000000 ) ;
#1470 = CIRCLE ( 'NONE', #107, 1.500000000000001332 ) ;
#1471 = ORIENTED_EDGE ( 'NONE', *, *, #450, .F. ) ;
#1472 = FACE_BOUND ( 'NONE', #845, .T. ) ;
#1473 = EDGE_CURVE ( 'NONE', #38, #192, #445, .T. ) ;
#1474 = CARTESIAN_POINT ( 'NONE',  ( 60.52000000000000313, 7.019999999999997797, 0.5000000000000000000 ) ) ;
#1475 = CARTESIAN_POINT ( 'NONE',  ( 51.71999999999999886, 9.449999999999995737, -0.001000000000000132727 ) ) ;
#1476 = AXIS2_PLACEMENT_3D ( 'NONE', #1172, #801, #102 ) ;
#1477 = CIRCLE ( 'NONE', #802, 0.7500000000000006661 ) ;
#1478 = CARTESIAN_POINT ( 'NONE',  ( 60.52000000000000313, 7.019999999999997797, 0.5000000000000000000 ) ) ;
#1479 = FACE_OUTER_BOUND ( 'NONE', #991, .T. ) ;
#1480 = CYLINDRICAL_SURFACE ( 'NONE', #1487, 1.000000000000000888 ) ;
#1481 = CARTESIAN_POINT ( 'NONE',  ( 52.72000000000000597, 0.000000000000000000, 2.000000000000000000 ) ) ;
#1482 = DIRECTION ( 'NONE',  ( 1.000000000000000000, 0.000000000000000000, 0.000000000000000000 ) ) ;
#1483 = FACE_OUTER_BOUND ( 'NONE', #717, .T. ) ;
#1484 = DIRECTION ( 'NONE',  ( -0.000000000000000000, -0.000000000000000000, 1.000000000000000000 ) ) ;
#1485 = ADVANCED_FACE ( 'NONE', ( #1372 ), #303, .T. ) ;
#1486 = ADVANCED_FACE ( 'NONE', ( #85 ), #1033, .F. ) ;
#1487 = AXIS2_PLACEMENT_3D ( 'NONE', #1475, #1230, #882 ) ;
#1488 = CARTESIAN_POINT ( 'NONE',  ( 59.52000000000000313, 24.51999999999999247, 0.5000000000000000000 ) ) ;
#1489 = CARTESIAN_POINT ( 'NONE',  ( 45.64000000000000057, 9.449999999999995737, 2.000000000000000000 ) ) ;
#1490 = EDGE_LOOP ( 'NONE', ( #588, #153, #1225, #710 ) ) ;
#1491 = CARTESIAN_POINT ( 'NONE',  ( 60.52000000000000313, 7.019999999999997797, 0.000000000000000000 ) ) ;
#1492 = LINE ( 'NONE', #645, #16 ) ;
#1493 = EDGE_CURVE ( 'NONE', #1061, #391, #36, .T. ) ;
#1494 = AXIS2_PLACEMENT_3D ( 'NONE', #554, #680, #4 ) ;
#1495 = DIRECTION ( 'NONE',  ( 1.000000000000000000, 0.000000000000000000, 0.000000000000000000 ) ) ;
#1496 = AXIS2_PLACEMENT_3D ( 'NONE', #127, #867, #1430 ) ;
#1497 = ORIENTED_EDGE ( 'NONE', *, *, #93, .T. ) ;
#1498 = CARTESIAN_POINT ( 'NONE',  ( 5.999999999999998224, 42.50000000000000711, -0.001000000000000132727 ) ) ;
#1499 = ORIENTED_EDGE ( 'NONE', *, *, #1016, .T. ) ;
#1500 = CARTESIAN_POINT ( 'NONE',  ( 61.52000000000000313, 0.000000000000000000, 2.000000000000000000 ) ) ;
#1501 = DIRECTION ( 'NONE',  ( -1.000000000000000000, 0.000000000000000000, 0.000000000000000000 ) ) ;
#1502 = DIRECTION ( 'NONE',  ( -1.000000000000000000, 0.000000000000000000, -0.000000000000000000 ) ) ;
#1503 = CARTESIAN_POINT ( 'NONE',  ( -0.000000000000000000, 12.92999999999999794, 2.000000000000000000 ) ) ;
#1504 = VERTEX_POINT ( 'NONE', #981 ) ;
#1505 = CARTESIAN_POINT ( 'NONE',  ( 62.02000000000000313, 24.51999999999999247, 0.000000000000000000 ) ) ;
#1506 = CYLINDRICAL_SURFACE ( 'NONE', #973, 0.5000000000000000000 ) ;
#1507 = EDGE_CURVE ( 'NONE', #477, #370, #1432, .T. ) ;
#1508 = ORIENTED_EDGE ( 'NONE', *, *, #290, .T. ) ;
#1509 = CARTESIAN_POINT ( 'NONE',  ( 74.00000000000001421, 7.499999999999999112, 2.000000000000000000 ) ) ;
#1510 = DIRECTION ( 'NONE',  ( -1.000000000000000000, -0.000000000000000000, 0.000000000000000000 ) ) ;
#1511 = CARTESIAN_POINT ( 'NONE',  ( 72.50000000000001421, 42.50000000000000000, 0.000000000000000000 ) ) ;
#1512 = CIRCLE ( 'NONE', #841, 1.000000000000000888 ) ;
#1513 = DIRECTION ( 'NONE',  ( -0.000000000000000000, 1.000000000000000000, -0.000000000000000000 ) ) ;
#1514 = ORIENTED_EDGE ( 'NONE', *, *, #1473, .T. ) ;
#1515 = CARTESIAN_POINT ( 'NONE',  ( 46.64000000000000057, 8.449999999999995737, 0.5000000000000000000 ) ) ;
#1516 = VECTOR ( 'NONE', #1513, 1000.000000000000000 ) ;
#1517 = ORIENTED_EDGE ( 'NONE', *, *, #1239, .T. ) ;
#1518 = DIRECTION ( 'NONE',  ( -0.000000000000000000, -0.000000000000000000, 1.000000000000000000 ) ) ;
#1519 = EDGE_CURVE ( 'NONE', #1114, #914, #1224, .T. ) ;
#1520 = SURFACE_STYLE_USAGE ( .BOTH. , #699 ) ;
#1521 = ORIENTED_EDGE ( 'NONE', *, *, #626, .T. ) ;
#1522 = CYLINDRICAL_SURFACE ( 'NONE', #235, 0.5000000000000000000 ) ;
#1523 = ORIENTED_EDGE ( 'NONE', *, *, #1122, .T. ) ;
#1524 = LINE ( 'NONE', #459, #650 ) ;
#1525 = AXIS2_PLACEMENT_3D ( 'NONE', #733, #1438, #1335 ) ;
#1526 = CIRCLE ( 'NONE', #1355, 1.000000000000000888 ) ;
#1527 = ADVANCED_FACE ( 'NONE', ( #742 ), #152, .T. ) ;
#1528 = DIRECTION ( 'NONE',  ( 0.000000000000000000, 0.000000000000000000, 1.000000000000000000 ) ) ;
#1529 = ORIENTED_EDGE ( 'NONE', *, *, #1127, .F. ) ;
#1530 = DIRECTION ( 'NONE',  ( -0.000000000000000000, 0.000000000000000000, 1.000000000000000000 ) ) ;
#1531 = ORIENTED_EDGE ( 'NONE', *, *, #168, .F. ) ;
#1532 = ORIENTED_EDGE ( 'NONE', *, *, #961, .F. ) ;
#1533 = FACE_OUTER_BOUND ( 'NONE', #1137, .T. ) ;
ENDSEC;
END-ISO-10303-21;
