ISO-10303-21;
HEADER;
FILE_DESCRIPTION (( 'STEP AP214' ),
    '1' );
FILE_NAME ('speaker_fastener.STEP',
    '2026-07-29T22:16:51',
    ( '' ),
    ( '' ),
    'SwSTEP 2.0',
    'SolidWorks 2020',
    '' );
FILE_SCHEMA (( 'AUTOMOTIVE_DESIGN' ));
ENDSEC;

DATA;
#1 = DIRECTION ( 'NONE',  ( 0.000000000000000000, 1.000000000000000000, 0.000000000000000000 ) ) ;
#2 = DIRECTION ( 'NONE',  ( 0.000000000000000000, 0.000000000000000000, 1.000000000000000000 ) ) ;
#3 = CARTESIAN_POINT ( 'NONE',  ( 0.000000000000000000, 0.000000000000000000, 0.000000000000000000 ) ) ;
#4 = EDGE_CURVE ( 'NONE', #515, #426, #1353, .T. ) ;
#5 = VERTEX_POINT ( 'NONE', #151 ) ;
#6 = LINE ( 'NONE', #459, #627 ) ;
#7 = ADVANCED_FACE ( 'NONE', ( #1079 ), #1486, .F. ) ;
#8 = EDGE_CURVE ( 'NONE', #331, #730, #111, .T. ) ;
#9 = FACE_OUTER_BOUND ( 'NONE', #394, .T. ) ;
#10 = VECTOR ( 'NONE', #593, 1000.000000000000000 ) ;
#11 = DIRECTION ( 'NONE',  ( 0.000000000000000000, -0.000000000000000000, -1.000000000000000000 ) ) ;
#12 = COLOUR_RGB ( '',0.7921568627450980005, 0.8196078431372548767, 0.9333333333333333481 ) ;
#13 = ORIENTED_EDGE ( 'NONE', *, *, #950, .F. ) ;
#14 = LINE ( 'NONE', #599, #313 ) ;
#15 = CARTESIAN_POINT ( 'NONE',  ( 7.999428796791503871, -7.600000000000000533, 0.000000000000000000 ) ) ;
#16 = DIRECTION ( 'NONE',  ( 1.000000000000000000, -4.818676322157792691E-17, 0.000000000000000000 ) ) ;
#17 = DIRECTION ( 'NONE',  ( 1.000000000000000000, 0.000000000000000000, 0.000000000000000000 ) ) ;
#18 = DIRECTION ( 'NONE',  ( 0.000000000000000000, -0.000000000000000000, -1.000000000000000000 ) ) ;
#19 = ORIENTED_EDGE ( 'NONE', *, *, #1498, .T. ) ;
#20 = CARTESIAN_POINT ( 'NONE',  ( 73.00091392515392386, 0.000000000000000000, 2.000000000000000000 ) ) ;
#21 = CIRCLE ( 'NONE', #1046, 5.000000000000000888 ) ;
#22 = CIRCLE ( 'NONE', #1070, 3.199086074844925687 ) ;
#23 = CARTESIAN_POINT ( 'NONE',  ( 7.999428796791503871, -4.400571203221919525, 2.000000000000000000 ) ) ;
#24 = ADVANCED_FACE ( 'NONE', ( #657 ), #207, .F. ) ;
#25 = MECHANICAL_DESIGN_GEOMETRIC_PRESENTATION_REPRESENTATION (  '', ( #1273 ), #1445 ) ;
#26 = DIRECTION ( 'NONE',  ( 1.000000000000000000, 0.000000000000000000, 0.000000000000000000 ) ) ;
#27 = EDGE_CURVE ( 'NONE', #534, #57, #1138, .T. ) ;
#28 = VERTEX_POINT ( 'NONE', #550 ) ;
#29 = CARTESIAN_POINT ( 'NONE',  ( 0.000000000000000000, 0.000000000000000000, 2.000000000000000000 ) ) ;
#30 = ORIENTED_EDGE ( 'NONE', *, *, #1134, .T. ) ;
#31 = CARTESIAN_POINT ( 'NONE',  ( 44.50000000000723333, -43.12999999999997414, 2.000000000000000000 ) ) ;
#32 = DIRECTION ( 'NONE',  ( 1.000000000000000000, 0.000000000000000000, 0.000000000000000000 ) ) ;
#33 = LINE ( 'NONE', #963, #67 ) ;
#34 = ORIENTED_EDGE ( 'NONE', *, *, #885, .F. ) ;
#35 = ORIENTED_EDGE ( 'NONE', *, *, #430, .F. ) ;
#36 = CIRCLE ( 'NONE', #889, 5.000000000000000888 ) ;
#37 = DIRECTION ( 'NONE',  ( -0.000000000000000000, -0.000000000000000000, -1.000000000000000000 ) ) ;
#38 = ORIENTED_EDGE ( 'NONE', *, *, #978, .T. ) ;
#39 = AXIS2_PLACEMENT_3D ( 'NONE', #220, #564, #778 ) ;
#40 = CARTESIAN_POINT ( 'NONE',  ( 40.49999999999998579, -8.750000000000007105, 2.000000000000000000 ) ) ;
#41 = CARTESIAN_POINT ( 'NONE',  ( 28.00000000000722977, -26.12999999999997414, 0.000000000000000000 ) ) ;
#42 = CARTESIAN_POINT ( 'NONE',  ( 26.00000000000723333, 0.000000000000000000, 2.000000000000000000 ) ) ;
#43 = ORIENTED_EDGE ( 'NONE', *, *, #1268, .T. ) ;
#44 = ORIENTED_EDGE ( 'NONE', *, *, #857, .T. ) ;
#45 = CARTESIAN_POINT ( 'NONE',  ( 56.50000000000000000, -3.400000000000000355, 0.000000000000000000 ) ) ;
#46 = ORIENTED_EDGE ( 'NONE', *, *, #605, .F. ) ;
#47 = DIRECTION ( 'NONE',  ( 1.000000000000000000, 0.000000000000000000, 0.000000000000000000 ) ) ;
#48 = ADVANCED_FACE ( 'NONE', ( #434 ), #648, .F. ) ;
#49 = CIRCLE ( 'NONE', #1192, 1.500000000000001332 ) ;
#50 = EDGE_LOOP ( 'NONE', ( #1000, #1124, #1195, #494 ) ) ;
#51 = CIRCLE ( 'NONE', #774, 0.5000000000000004441 ) ;
#52 = EDGE_CURVE ( 'NONE', #286, #1036, #1401, .T. ) ;
#53 = FACE_OUTER_BOUND ( 'NONE', #855, .T. ) ;
#54 = VERTEX_POINT ( 'NONE', #905 ) ;
#55 = ORIENTED_EDGE ( 'NONE', *, *, #1145, .F. ) ;
#56 = DIRECTION ( 'NONE',  ( 0.000000000000000000, 1.000000000000000000, 0.000000000000000000 ) ) ;
#57 = VERTEX_POINT ( 'NONE', #1260 ) ;
#58 = LINE ( 'NONE', #290, #976 ) ;
#59 = VECTOR ( 'NONE', #112, 1000.000000000000000 ) ;
#60 = EDGE_CURVE ( 'NONE', #934, #426, #1331, .T. ) ;
#61 = PLANE ( 'NONE',  #1313 ) ;
#62 = ORIENTED_EDGE ( 'NONE', *, *, #446, .T. ) ;
#63 = VERTEX_POINT ( 'NONE', #1366 ) ;
#64 = CARTESIAN_POINT ( 'NONE',  ( 53.00034272193884277, -26.23139908999998227, 2.000000000000000000 ) ) ;
#65 = ORIENTED_EDGE ( 'NONE', *, *, #383, .F. ) ;
#66 = LINE ( 'NONE', #298, #124 ) ;
#67 = VECTOR ( 'NONE', #1186, 1000.000000000000000 ) ;
#68 = MANIFOLD_SOLID_BREP ( 'Cut-Extrude2', #1012 ) ;
#69 = AXIS2_PLACEMENT_3D ( 'NONE', #1160, #95, #1493 ) ;
#70 = CARTESIAN_POINT ( 'NONE',  ( 0.000000000000000000, -4.400000000000000355, 0.000000000000000000 ) ) ;
#71 = VERTEX_POINT ( 'NONE', #624 ) ;
#72 = ORIENTED_EDGE ( 'NONE', *, *, #1158, .F. ) ;
#73 = DIRECTION ( 'NONE',  ( 0.000000000000000000, 0.000000000000000000, -1.000000000000000000 ) ) ;
#74 = ORIENTED_EDGE ( 'NONE', *, *, #579, .F. ) ;
#75 = LINE ( 'NONE', #764, #1071 ) ;
#76 = AXIS2_PLACEMENT_3D ( 'NONE', #1438, #1506, #919 ) ;
#77 = DIRECTION ( 'NONE',  ( 0.000000000000000000, -0.000000000000000000, 1.000000000000000000 ) ) ;
#78 = ADVANCED_FACE ( 'NONE', ( #1327 ), #305, .F. ) ;
#79 = AXIS2_PLACEMENT_3D ( 'NONE', #436, #326, #565 ) ;
#80 = DIRECTION ( 'NONE',  ( -1.000000000000000000, 0.000000000000000000, 0.000000000000000000 ) ) ;
#81 = ORIENTED_EDGE ( 'NONE', *, *, #1242, .T. ) ;
#82 = CARTESIAN_POINT ( 'NONE',  ( 65.50000000000000000, -3.900000000000000355, 0.000000000000000000 ) ) ;
#83 = ORIENTED_EDGE ( 'NONE', *, *, #1203, .T. ) ;
#84 = EDGE_CURVE ( 'NONE', #385, #1088, #645, .T. ) ;
#85 = LINE ( 'NONE', #1458, #597 ) ;
#86 = FACE_OUTER_BOUND ( 'NONE', #1402, .T. ) ;
#87 = VERTEX_POINT ( 'NONE', #872 ) ;
#88 = DIRECTION ( 'NONE',  ( -1.000000000000000000, 0.000000000000000000, 0.000000000000000000 ) ) ;
#89 = ORIENTED_EDGE ( 'NONE', *, *, #98, .T. ) ;
#90 = DIRECTION ( 'NONE',  ( -1.000000000000000000, 0.000000000000000000, 0.000000000000000000 ) ) ;
#91 = AXIS2_PLACEMENT_3D ( 'NONE', #169, #1131, #650 ) ;
#92 = CARTESIAN_POINT ( 'NONE',  ( 42.00000000000000000, -26.25000000000001066, 0.000000000000000000 ) ) ;
#93 = DIRECTION ( 'NONE',  ( 0.000000000000000000, 0.000000000000000000, -1.000000000000000000 ) ) ;
#94 = EDGE_LOOP ( 'NONE', ( #1403, #520, #252, #483, #826, #874, #747, #753, #1033, #804, #882, #269, #864, #1318, #1347, #1227, #1197, #1056, #838, #777, #1418, #135, #74, #317, #519, #1024, #600, #964, #367, #1346, #1411, #420, #143, #1446 ) ) ;
#95 = DIRECTION ( 'NONE',  ( 4.956352788505165240E-16, -1.000000000000000000, 0.000000000000000000 ) ) ;
#96 = VERTEX_POINT ( 'NONE', #1355 ) ;
#97 = FACE_OUTER_BOUND ( 'NONE', #1487, .T. ) ;
#98 = EDGE_CURVE ( 'NONE', #1036, #289, #1337, .T. ) ;
#99 = CARTESIAN_POINT ( 'NONE',  ( 0.000000000000000000, 0.000000000000000000, 2.000000000000000000 ) ) ;
#100 = ADVANCED_FACE ( 'NONE', ( #993 ), #288, .F. ) ;
#101 = DIRECTION ( 'NONE',  ( -1.000000000000000000, 0.000000000000000000, 0.000000000000000000 ) ) ;
#102 = FACE_OUTER_BOUND ( 'NONE', #788, .T. ) ;
#103 = VECTOR ( 'NONE', #1101, 1000.000000000000000 ) ;
#104 = LINE ( 'NONE', #1037, #382 ) ;
#105 = ADVANCED_FACE ( 'NONE', ( #1448 ), #412, .F. ) ;
#106 = LINE ( 'NONE', #441, #181 ) ;
#107 = DIRECTION ( 'NONE',  ( 1.000000000000000000, 0.000000000000000000, 0.000000000000000000 ) ) ;
#108 = DIRECTION ( 'NONE',  ( -1.000000000000000000, -4.956352788505164254E-16, 0.000000000000000000 ) ) ;
#109 = LINE ( 'NONE', #1278, #406 ) ;
#110 = CIRCLE ( 'NONE', #960, 1.500000000000001332 ) ;
#111 = CIRCLE ( 'NONE', #961, 1.500000000000001332 ) ;
#112 = DIRECTION ( 'NONE',  ( 0.000000000000000000, -0.000000000000000000, -1.000000000000000000 ) ) ;
#113 = DIRECTION ( 'NONE',  ( 1.000000000000000000, 0.000000000000000000, 0.000000000000000000 ) ) ;
#114 = DIRECTION ( 'NONE',  ( -1.000000000000000000, 0.000000000000000000, 0.000000000000000000 ) ) ;
#115 = DIRECTION ( 'NONE',  ( -1.000000000000000000, 0.000000000000000000, 0.000000000000000000 ) ) ;
#116 = LINE ( 'NONE', #1406, #529 ) ;
#117 = LINE ( 'NONE', #258, #487 ) ;
#118 = EDGE_CURVE ( 'NONE', #994, #871, #189, .T. ) ;
#119 = SURFACE_STYLE_USAGE ( .BOTH. , #706 ) ;
#120 = AXIS2_PLACEMENT_3D ( 'NONE', #845, #999, #101 ) ;
#121 = VERTEX_POINT ( 'NONE', #986 ) ;
#122 = EDGE_CURVE ( 'NONE', #1379, #934, #769, .T. ) ;
#123 = CARTESIAN_POINT ( 'NONE',  ( 7.999428796791503871, -4.400000000000000355, 2.000000000000000000 ) ) ;
#124 = VECTOR ( 'NONE', #47, 1000.000000000000000 ) ;
#125 = UNCERTAINTY_MEASURE_WITH_UNIT (LENGTH_MEASURE( 1.000000000000000082E-05 ), #194, 'distance_accuracy_value', 'NONE');
#126 = LINE ( 'NONE', #814, #1006 ) ;
#127 = CARTESIAN_POINT ( 'NONE',  ( 65.00000000000000000, -3.900000000000000355, 2.000000000000000000 ) ) ;
#128 = ORIENTED_EDGE ( 'NONE', *, *, #1231, .T. ) ;
#129 = DIRECTION ( 'NONE',  ( -0.000000000000000000, -0.000000000000000000, -1.000000000000000000 ) ) ;
#130 = CIRCLE ( 'NONE', #1378, 3.500000000000003109 ) ;
#131 = CYLINDRICAL_SURFACE ( 'NONE', #1389, 0.5000000000000004441 ) ;
#132 = CARTESIAN_POINT ( 'NONE',  ( 33.00000000000724043, -43.12999999999998124, 0.000000000000000000 ) ) ;
#133 = PRESENTATION_STYLE_ASSIGNMENT (( #119 ) ) ;
#134 = AXIS2_PLACEMENT_3D ( 'NONE', #927, #1395, #233 ) ;
#135 = ORIENTED_EDGE ( 'NONE', *, *, #885, .T. ) ;
#136 = CARTESIAN_POINT ( 'NONE',  ( 56.00000000000000000, -3.900000000000000355, 0.000000000000000000 ) ) ;
#137 = ADVANCED_FACE ( 'NONE', ( #1464 ), #763, .T. ) ;
#138 = EDGE_CURVE ( 'NONE', #297, #1097, #526, .T. ) ;
#139 = DIRECTION ( 'NONE',  ( -0.000000000000000000, -0.000000000000000000, -1.000000000000000000 ) ) ;
#140 = DIRECTION ( 'NONE',  ( -0.000000000000000000, 0.000000000000000000, 1.000000000000000000 ) ) ;
#141 = ORIENTED_EDGE ( 'NONE', *, *, #1482, .F. ) ;
#142 = DIRECTION ( 'NONE',  ( -1.000000000000000000, 0.000000000000000000, 0.000000000000000000 ) ) ;
#143 = ORIENTED_EDGE ( 'NONE', *, *, #907, .T. ) ;
#144 = CARTESIAN_POINT ( 'NONE',  ( 4.969999999999999751, -3.220000000000000195, 2.000000000000000000 ) ) ;
#145 = EDGE_LOOP ( 'NONE', ( #1051, #507 ) ) ;
#146 = VECTOR ( 'NONE', #1190, 1000.000000000000000 ) ;
#147 = VECTOR ( 'NONE', #328, 1000.000000000000000 ) ;
#148 = VECTOR ( 'NONE', #784, 1000.000000000000000 ) ;
#149 = CARTESIAN_POINT ( 'NONE',  ( 7.999428796791503871, 0.000000000000000000, 0.000000000000000000 ) ) ;
#150 = DIRECTION ( 'NONE',  ( 0.000000000000000000, 1.000000000000000000, -0.000000000000000000 ) ) ;
#151 = CARTESIAN_POINT ( 'NONE',  ( 51.49853086660642276, -43.23139908999998227, 0.000000000000000000 ) ) ;
#152 = VERTEX_POINT ( 'NONE', #419 ) ;
#153 = CARTESIAN_POINT ( 'NONE',  ( 76.03000000000000114, -3.219999999999999751, 2.000000000000000000 ) ) ;
#154 = EDGE_LOOP ( 'NONE', ( #1040, #643, #732, #1462 ) ) ;
#155 = DIRECTION ( 'NONE',  ( 1.000000000000000000, 0.000000000000000000, 0.000000000000000000 ) ) ;
#156 = CARTESIAN_POINT ( 'NONE',  ( 33.00000000000723333, 0.000000000000000000, 2.000000000000000000 ) ) ;
#157 = DIRECTION ( 'NONE',  ( -1.000000000000000000, 0.000000000000000000, 0.000000000000000000 ) ) ;
#158 = EDGE_LOOP ( 'NONE', ( #237, #287, #89, #19 ) ) ;
#159 = ORIENTED_EDGE ( 'NONE', *, *, #1018, .T. ) ;
#160 = AXIS2_PLACEMENT_3D ( 'NONE', #705, #587, #16 ) ;
#161 = CARTESIAN_POINT ( 'NONE',  ( 26.00000000000723333, -31.12999999999997414, 0.000000000000000000 ) ) ;
#162 = EDGE_CURVE ( 'NONE', #941, #499, #535, .T. ) ;
#163 = ORIENTED_EDGE ( 'NONE', *, *, #1433, .T. ) ;
#164 = CARTESIAN_POINT ( 'NONE',  ( 7.999428796791503871, -4.400571203221919525, 2.000000000000000000 ) ) ;
#165 = FACE_OUTER_BOUND ( 'NONE', #1211, .T. ) ;
#166 = ADVANCED_FACE ( 'NONE', ( #737 ), #196, .F. ) ;
#167 = EDGE_LOOP ( 'NONE', ( #395, #870, #1022, #1465 ) ) ;
#168 = ORIENTED_EDGE ( 'NONE', *, *, #1110, .T. ) ;
#169 = CARTESIAN_POINT ( 'NONE',  ( 1.542912623061657191E-14, -31.12999999999998835, 2.000000000000000000 ) ) ;
#170 = ORIENTED_EDGE ( 'NONE', *, *, #630, .F. ) ;
#171 = DIRECTION ( 'NONE',  ( 1.000000000000000000, 0.000000000000000000, 0.000000000000000000 ) ) ;
#172 = ADVANCED_FACE ( 'NONE', ( #387 ), #1473, .F. ) ;
#173 = VECTOR ( 'NONE', #270, 1000.000000000000000 ) ;
#174 = DIRECTION ( 'NONE',  ( 0.000000000000000000, 0.000000000000000000, 1.000000000000000000 ) ) ;
#175 = FACE_OUTER_BOUND ( 'NONE', #94, .T. ) ;
#176 = EDGE_LOOP ( 'NONE', ( #527, #748, #170, #1437 ) ) ;
#177 = ORIENTED_EDGE ( 'NONE', *, *, #463, .F. ) ;
#178 = FACE_OUTER_BOUND ( 'NONE', #920, .T. ) ;
#179 = ORIENTED_EDGE ( 'NONE', *, *, #277, .T. ) ;
#180 = CARTESIAN_POINT ( 'NONE',  ( 0.000000000000000000, 0.000000000000000000, 2.000000000000000000 ) ) ;
#181 = VECTOR ( 'NONE', #1497, 1000.000000000000000 ) ;
#182 = LINE ( 'NONE', #70, #816 ) ;
#183 = ORIENTED_EDGE ( 'NONE', *, *, #694, .F. ) ;
#184 = ORIENTED_EDGE ( 'NONE', *, *, #218, .F. ) ;
#185 = DIRECTION ( 'NONE',  ( 1.000000000000000000, 0.000000000000000000, 0.000000000000000000 ) ) ;
#186 = CIRCLE ( 'NONE', #460, 1.500000000000001332 ) ;
#187 = ORIENTED_EDGE ( 'NONE', *, *, #1363, .F. ) ;
#188 = LINE ( 'NONE', #988, #925 ) ;
#189 = CIRCLE ( 'NONE', #937, 4.999999999999997335 ) ;
#190 = EDGE_CURVE ( 'NONE', #1100, #1014, #1213, .T. ) ;
#191 = EDGE_CURVE ( 'NONE', #63, #1207, #861, .T. ) ;
#192 = DIRECTION ( 'NONE',  ( 0.000000000000000000, 1.000000000000000000, -0.000000000000000000 ) ) ;
#193 = ADVANCED_FACE ( 'NONE', ( #178 ), #1106, .F. ) ;
#194 =( LENGTH_UNIT ( ) NAMED_UNIT ( * ) SI_UNIT ( .MILLI., .METRE. ) );
#195 = ORIENTED_EDGE ( 'NONE', *, *, #351, .T. ) ;
#196 = CYLINDRICAL_SURFACE ( 'NONE', #396, 1.500000000000001332 ) ;
#197 = EDGE_LOOP ( 'NONE', ( #592, #44, #658, #1240 ) ) ;
#198 = CARTESIAN_POINT ( 'NONE',  ( 64.50000000000000000, -3.400000000000000799, 0.000000000000000000 ) ) ;
#199 = EDGE_LOOP ( 'NONE', ( #245, #83, #891, #1329 ) ) ;
#200 = CARTESIAN_POINT ( 'NONE',  ( 42.00000000000000000, -26.25000000000001066, 2.000000000000000000 ) ) ;
#201 = ORIENTED_EDGE ( 'NONE', *, *, #828, .T. ) ;
#202 = DIRECTION ( 'NONE',  ( 1.000000000000000000, 0.000000000000000000, 0.000000000000000000 ) ) ;
#203 = ORIENTED_EDGE ( 'NONE', *, *, #443, .T. ) ;
#204 = VECTOR ( 'NONE', #673, 1000.000000000000000 ) ;
#205 = DIRECTION ( 'NONE',  ( 1.000000000000000000, 0.000000000000000000, 0.000000000000000000 ) ) ;
#206 = LINE ( 'NONE', #556, #948 ) ;
#207 = CYLINDRICAL_SURFACE ( 'NONE', #545, 1.500000000000001332 ) ;
#208 = ORIENTED_EDGE ( 'NONE', *, *, #84, .T. ) ;
#209 = PLANE ( 'NONE',  #1381 ) ;
#210 = DIRECTION ( 'NONE',  ( 0.000000000000000000, -1.000000000000000000, 0.000000000000000000 ) ) ;
#211 = ADVANCED_FACE ( 'NONE', ( #689 ), #209, .F. ) ;
#212 = AXIS2_PLACEMENT_3D ( 'NONE', #1375, #1477, #1120 ) ;
#213 = EDGE_CURVE ( 'NONE', #761, #1218, #366, .T. ) ;
#214 = CARTESIAN_POINT ( 'NONE',  ( 77.53000000000000114, -3.219999999999999751, 2.000000000000000000 ) ) ;
#215 = DIRECTION ( 'NONE',  ( 0.000000000000000000, -0.000000000000000000, 1.000000000000000000 ) ) ;
#216 = DIRECTION ( 'NONE',  ( -1.000000000000000000, 0.000000000000000000, 0.000000000000000000 ) ) ;
#217 = CARTESIAN_POINT ( 'NONE',  ( 1.547938319686391947E-14, -31.23139909000001069, 0.000000000000000000 ) ) ;
#218 = EDGE_CURVE ( 'NONE', #1244, #598, #906, .T. ) ;
#219 = CARTESIAN_POINT ( 'NONE',  ( 64.50000000000000000, -3.900000000000000799, 0.000000000000000000 ) ) ;
#220 = CARTESIAN_POINT ( 'NONE',  ( 77.53000000000000114, -3.219999999999999751, 0.000000000000000000 ) ) ;
#221 = VECTOR ( 'NONE', #359, 1000.000000000000000 ) ;
#222 = ORIENTED_EDGE ( 'NONE', *, *, #1059, .F. ) ;
#223 = DIRECTION ( 'NONE',  ( 0.000000000000000000, 1.000000000000000000, -0.000000000000000000 ) ) ;
#224 = CARTESIAN_POINT ( 'NONE',  ( 53.00034272193884277, -31.23139908999998227, 2.000000000000000000 ) ) ;
#225 = LINE ( 'NONE', #314, #1413 ) ;
#226 = LINE ( 'NONE', #1488, #1357 ) ;
#227 = FACE_OUTER_BOUND ( 'NONE', #819, .T. ) ;
#228 = LINE ( 'NONE', #29, #173 ) ;
#229 = CIRCLE ( 'NONE', #805, 3.500000000000003109 ) ;
#230 = ADVANCED_FACE ( 'NONE', ( #102 ), #324, .T. ) ;
#231 = FACE_OUTER_BOUND ( 'NONE', #1130, .T. ) ;
#232 = EDGE_CURVE ( 'NONE', #1100, #854, #1023, .T. ) ;
#233 = DIRECTION ( 'NONE',  ( -0.000000000000000000, 0.000000000000000000, -1.000000000000000000 ) ) ;
#234 = ORIENTED_EDGE ( 'NONE', *, *, #1231, .F. ) ;
#235 = CYLINDRICAL_SURFACE ( 'NONE', #815, 0.5000000000000004441 ) ;
#236 = CARTESIAN_POINT ( 'NONE',  ( 0.000000000000000000, -4.400000000000000355, 2.000000000000000000 ) ) ;
#237 = ORIENTED_EDGE ( 'NONE', *, *, #656, .F. ) ;
#238 = CARTESIAN_POINT ( 'NONE',  ( 81.00000000000000000, -10.50000000000000000, 2.000000000000000000 ) ) ;
#239 = ORIENTED_EDGE ( 'NONE', *, *, #399, .T. ) ;
#240 = FACE_OUTER_BOUND ( 'NONE', #880, .T. ) ;
#241 = DIRECTION ( 'NONE',  ( 0.000000000000000000, -0.000000000000000000, -1.000000000000000000 ) ) ;
#242 = CARTESIAN_POINT ( 'NONE',  ( 33.00000000000723333, -9.400000000000000355, 2.000000000000000000 ) ) ;
#243 =( NAMED_UNIT ( * ) PLANE_ANGLE_UNIT ( ) SI_UNIT ( $, .RADIAN. ) );
#244 = ADVANCED_FACE ( 'NONE', ( #570 ), #914, .F. ) ;
#245 = ORIENTED_EDGE ( 'NONE', *, *, #585, .F. ) ;
#246 = FACE_OUTER_BOUND ( 'NONE', #1294, .T. ) ;
#247 = EDGE_CURVE ( 'NONE', #866, #642, #918, .T. ) ;
#248 = EDGE_CURVE ( 'NONE', #1036, #286, #1233, .T. ) ;
#249 = CARTESIAN_POINT ( 'NONE',  ( 4.800000000013421975, -10.50000000000000000, 0.000000000000000000 ) ) ;
#250 = DIRECTION ( 'NONE',  ( 1.000000000000000000, 0.000000000000000000, 0.000000000000000000 ) ) ;
#251 = AXIS2_PLACEMENT_3D ( 'NONE', #1254, #782, #113 ) ;
#252 = ORIENTED_EDGE ( 'NONE', *, *, #716, .T. ) ;
#253 = DIRECTION ( 'NONE',  ( -0.000000000000000000, -0.000000000000000000, -1.000000000000000000 ) ) ;
#254 = ORIENTED_EDGE ( 'NONE', *, *, #1314, .T. ) ;
#255 = CARTESIAN_POINT ( 'NONE',  ( 81.00000000000000000, 0.000000000000000000, 2.000000000000000000 ) ) ;
#256 = ORIENTED_EDGE ( 'NONE', *, *, #1203, .F. ) ;
#257 = DIRECTION ( 'NONE',  ( 0.000000000000000000, -0.000000000000000000, -1.000000000000000000 ) ) ;
#258 = CARTESIAN_POINT ( 'NONE',  ( 0.000000000000000000, -4.400000000000000355, 2.000000000000000000 ) ) ;
#259 = ORIENTED_EDGE ( 'NONE', *, *, #1310, .F. ) ;
#260 = CARTESIAN_POINT ( 'NONE',  ( 0.000000000000000000, -10.50000000000000000, 2.000000000000000000 ) ) ;
#261 = ORIENTED_EDGE ( 'NONE', *, *, #84, .F. ) ;
#262 = LINE ( 'NONE', #590, #1369 ) ;
#263 = VECTOR ( 'NONE', #253, 1000.000000000000000 ) ;
#264 = VECTOR ( 'NONE', #1146, 1000.000000000000000 ) ;
#265 = CIRCLE ( 'NONE', #1126, 0.5000000000000004441 ) ;
#266 = DIRECTION ( 'NONE',  ( -0.000000000000000000, 0.000000000000000000, 1.000000000000000000 ) ) ;
#267 = DIRECTION ( 'NONE',  ( 1.000000000000000000, 0.000000000000000000, 0.000000000000000000 ) ) ;
#268 = ORIENTED_EDGE ( 'NONE', *, *, #1110, .F. ) ;
#269 = ORIENTED_EDGE ( 'NONE', *, *, #931, .T. ) ;
#270 = DIRECTION ( 'NONE',  ( 0.000000000000000000, 1.000000000000000000, -0.000000000000000000 ) ) ;
#271 = ORIENTED_EDGE ( 'NONE', *, *, #1365, .T. ) ;
#272 = CARTESIAN_POINT ( 'NONE',  ( 76.19999999999885176, 0.000000000000000000, 0.000000000000000000 ) ) ;
#273 = ADVANCED_FACE ( 'NONE', ( #318 ), #451, .F. ) ;
#274 = EDGE_CURVE ( 'NONE', #1370, #1302, #226, .T. ) ;
#275 = VECTOR ( 'NONE', #150, 1000.000000000000000 ) ;
#276 = DIRECTION ( 'NONE',  ( -0.000000000000000000, -0.000000000000000000, -1.000000000000000000 ) ) ;
#277 = EDGE_CURVE ( 'NONE', #5, #482, #427, .T. ) ;
#278 = ORIENTED_EDGE ( 'NONE', *, *, #247, .T. ) ;
#279 = VERTEX_POINT ( 'NONE', #1152 ) ;
#280 = CARTESIAN_POINT ( 'NONE',  ( 28.00000000000722977, -4.400000000000000355, 2.000000000000000000 ) ) ;
#281 = ORIENTED_EDGE ( 'NONE', *, *, #1180, .T. ) ;
#282 = VECTOR ( 'NONE', #1245, 1000.000000000000000 ) ;
#283 = DIRECTION ( 'NONE',  ( -0.000000000000000000, -0.000000000000000000, -1.000000000000000000 ) ) ;
#284 = ORIENTED_EDGE ( 'NONE', *, *, #118, .F. ) ;
#285 = FACE_BOUND ( 'NONE', #757, .T. ) ;
#286 = VERTEX_POINT ( 'NONE', #899 ) ;
#287 = ORIENTED_EDGE ( 'NONE', *, *, #248, .F. ) ;
#288 = PLANE ( 'NONE',  #1058 ) ;
#289 = VERTEX_POINT ( 'NONE', #1499 ) ;
#290 = CARTESIAN_POINT ( 'NONE',  ( 36.50000000000724043, -43.12999999999998124, 2.000000000000000000 ) ) ;
#291 = VECTOR ( 'NONE', #486, 1000.000000000000000 ) ;
#292 = CARTESIAN_POINT ( 'NONE',  ( 26.00000000000723333, -43.12999999999997414, 2.000000000000000000 ) ) ;
#293 = VERTEX_POINT ( 'NONE', #329 ) ;
#294 = ORIENTED_EDGE ( 'NONE', *, *, #52, .T. ) ;
#295 = CARTESIAN_POINT ( 'NONE',  ( 0.000000000000000000, -10.50000000000000000, 0.000000000000000000 ) ) ;
#296 = EDGE_LOOP ( 'NONE', ( #618, #633, #704, #195 ) ) ;
#297 = VERTEX_POINT ( 'NONE', #1281 ) ;
#298 = CARTESIAN_POINT ( 'NONE',  ( 0.000000000000000000, -43.12999999999997414, 2.000000000000000000 ) ) ;
#299 = EDGE_CURVE ( 'NONE', #1474, #744, #1368, .T. ) ;
#300 = EDGE_CURVE ( 'NONE', #761, #363, #790, .T. ) ;
#301 = AXIS2_PLACEMENT_3D ( 'NONE', #1011, #1414, #257 ) ;
#302 = DIRECTION ( 'NONE',  ( 1.000000000000000000, 0.000000000000000000, -0.000000000000000000 ) ) ;
#303 = CARTESIAN_POINT ( 'NONE',  ( 33.00000000000723333, 0.000000000000000000, 2.000000000000000000 ) ) ;
#304 = ORIENTED_EDGE ( 'NONE', *, *, #218, .T. ) ;
#305 = PLANE ( 'NONE',  #831 ) ;
#306 = VERTEX_POINT ( 'NONE', #335 ) ;
#307 = FACE_OUTER_BOUND ( 'NONE', #1189, .T. ) ;
#308 = CARTESIAN_POINT ( 'NONE',  ( 73.00091392515392386, -7.600000000000000533, 2.000000000000000000 ) ) ;
#309 = ORIENTED_EDGE ( 'NONE', *, *, #1175, .T. ) ;
#310 = DIRECTION ( 'NONE',  ( -1.000000000000000000, 0.000000000000000000, 0.000000000000000000 ) ) ;
#311 = ORIENTED_EDGE ( 'NONE', *, *, #1342, .T. ) ;
#312 = DIRECTION ( 'NONE',  ( -1.000000000000000000, 0.000000000000000000, 0.000000000000000000 ) ) ;
#313 = VECTOR ( 'NONE', #476, 1000.000000000000000 ) ;
#314 = CARTESIAN_POINT ( 'NONE',  ( 26.00000000000723333, 0.000000000000000000, 2.000000000000000000 ) ) ;
#315 = EDGE_CURVE ( 'NONE', #370, #363, #687, .T. ) ;
#316 = DIRECTION ( 'NONE',  ( 0.000000000000000000, 0.000000000000000000, -1.000000000000000000 ) ) ;
#317 = ORIENTED_EDGE ( 'NONE', *, *, #783, .F. ) ;
#318 = FACE_OUTER_BOUND ( 'NONE', #490, .T. ) ;
#319 = VERTEX_POINT ( 'NONE', #1148 ) ;
#320 = CARTESIAN_POINT ( 'NONE',  ( 26.00000000000723333, -31.12999999999997414, 2.000000000000000000 ) ) ;
#321 = ADVANCED_FACE ( 'NONE', ( #559 ), #1265, .F. ) ;
#322 = DIRECTION ( 'NONE',  ( 1.000000000000000000, 0.000000000000000000, 0.000000000000000000 ) ) ;
#323 = FILL_AREA_STYLE ('',( #1147 ) ) ;
#324 = PLANE ( 'NONE',  #134 ) ;
#325 = EDGE_CURVE ( 'NONE', #500, #57, #1387, .T. ) ;
#326 = DIRECTION ( 'NONE',  ( -0.000000000000000000, -0.000000000000000000, -1.000000000000000000 ) ) ;
#327 = VECTOR ( 'NONE', #1122, 1000.000000000000000 ) ;
#328 = DIRECTION ( 'NONE',  ( -0.000000000000000000, -0.000000000000000000, 1.000000000000000000 ) ) ;
#329 = CARTESIAN_POINT ( 'NONE',  ( 7.999428796791503871, -4.400000000000000355, 0.000000000000000000 ) ) ;
#330 = FACE_OUTER_BOUND ( 'NONE', #1428, .T. ) ;
#331 = VERTEX_POINT ( 'NONE', #949 ) ;
#332 = LINE ( 'NONE', #1034, #1421 ) ;
#333 = AXIS2_PLACEMENT_3D ( 'NONE', #713, #924, #142 ) ;
#334 = VECTOR ( 'NONE', #1259, 1000.000000000000000 ) ;
#335 = CARTESIAN_POINT ( 'NONE',  ( 48.00034272193884277, -9.400000000000000355, 0.000000000000000000 ) ) ;
#336 = LINE ( 'NONE', #421, #1512 ) ;
#337 = EDGE_CURVE ( 'NONE', #601, #306, #33, .T. ) ;
#338 = LINE ( 'NONE', #1270, #1494 ) ;
#339 = ADVANCED_FACE ( 'NONE', ( #1408 ), #350, .T. ) ;
#340 = DIRECTION ( 'NONE',  ( -0.000000000000000000, -0.000000000000000000, -1.000000000000000000 ) ) ;
#341 = DIRECTION ( 'NONE',  ( 1.000000000000000000, 0.000000000000000000, 0.000000000000000000 ) ) ;
#342 = ORIENTED_EDGE ( 'NONE', *, *, #27, .T. ) ;
#343 = VECTOR ( 'NONE', #1305, 1000.000000000000000 ) ;
#344 = AXIS2_PLACEMENT_3D ( 'NONE', #1021, #1235, #540 ) ;
#345 = CARTESIAN_POINT ( 'NONE',  ( 3.740931175943988917E-14, -43.13000000000001677, 0.000000000000000000 ) ) ;
#346 = CARTESIAN_POINT ( 'NONE',  ( 73.00091392515392386, -4.400913925155075290, 2.000000000000000000 ) ) ;
#347 = EDGE_LOOP ( 'NONE', ( #606, #1116, #201, #163 ) ) ;
#348 = LINE ( 'NONE', #812, #1412 ) ;
#349 = DIRECTION ( 'NONE',  ( -0.000000000000000000, 0.000000000000000000, 1.000000000000000000 ) ) ;
#350 = PLANE ( 'NONE',  #1483 ) ;
#351 = EDGE_CURVE ( 'NONE', #508, #1097, #1287, .T. ) ;
#352 = VECTOR ( 'NONE', #1297, 1000.000000000000000 ) ;
#353 = ORIENTED_EDGE ( 'NONE', *, *, #857, .F. ) ;
#354 = VECTOR ( 'NONE', #276, 1000.000000000000000 ) ;
#355 = LINE ( 'NONE', #820, #352 ) ;
#356 = EDGE_CURVE ( 'NONE', #54, #1075, #1425, .T. ) ;
#357 = CARTESIAN_POINT ( 'NONE',  ( 64.50000000000000000, -3.900000000000000799, 0.000000000000000000 ) ) ;
#358 = CARTESIAN_POINT ( 'NONE',  ( 51.49853086660642276, -43.23139908999998227, 2.000000000000000000 ) ) ;
#359 = DIRECTION ( 'NONE',  ( 0.000000000000000000, 1.000000000000000000, -0.000000000000000000 ) ) ;
#360 = ORIENTED_EDGE ( 'NONE', *, *, #1063, .F. ) ;
#361 = EDGE_CURVE ( 'NONE', #730, #63, #697, .T. ) ;
#362 = CARTESIAN_POINT ( 'NONE',  ( 0.000000000000000000, -10.50000000000000000, 0.000000000000000000 ) ) ;
#363 = VERTEX_POINT ( 'NONE', #940 ) ;
#364 = LINE ( 'NONE', #591, #479 ) ;
#365 = DIRECTION ( 'NONE',  ( 0.000000000000000000, -0.000000000000000000, -1.000000000000000000 ) ) ;
#366 = CIRCLE ( 'NONE', #1459, 1.500000000000001332 ) ;
#367 = ORIENTED_EDGE ( 'NONE', *, *, #603, .T. ) ;
#368 = FACE_BOUND ( 'NONE', #145, .T. ) ;
#369 = ORIENTED_EDGE ( 'NONE', *, *, #1145, .T. ) ;
#370 = VERTEX_POINT ( 'NONE', #1165 ) ;
#371 = DIRECTION ( 'NONE',  ( 1.000000000000000000, 0.000000000000000000, 0.000000000000000000 ) ) ;
#372 = ORIENTED_EDGE ( 'NONE', *, *, #470, .F. ) ;
#373 = CARTESIAN_POINT ( 'NONE',  ( 81.00000000000000000, 0.000000000000000000, 0.000000000000000000 ) ) ;
#374 = DIRECTION ( 'NONE',  ( 1.000000000000000000, -4.818676322157792691E-17, 0.000000000000000000 ) ) ;
#375 = ORIENTED_EDGE ( 'NONE', *, *, #1225, .T. ) ;
#376 = ORIENTED_EDGE ( 'NONE', *, *, #563, .T. ) ;
#377 = FACE_OUTER_BOUND ( 'NONE', #1143, .T. ) ;
#378 = ORIENTED_EDGE ( 'NONE', *, *, #1501, .T. ) ;
#379 = CARTESIAN_POINT ( 'NONE',  ( 81.00000000000000000, 0.000000000000000000, 2.000000000000000000 ) ) ;
#380 = CIRCLE ( 'NONE', #1312, 3.199086074844925687 ) ;
#381 = EDGE_CURVE ( 'NONE', #1017, #843, #840, .T. ) ;
#382 = VECTOR ( 'NONE', #210, 1000.000000000000000 ) ;
#383 = EDGE_CURVE ( 'NONE', #674, #915, #641, .T. ) ;
#384 = PLANE ( 'NONE',  #773 ) ;
#385 = VERTEX_POINT ( 'NONE', #346 ) ;
#386 = ORIENTED_EDGE ( 'NONE', *, *, #909, .F. ) ;
#387 = FACE_OUTER_BOUND ( 'NONE', #1424, .T. ) ;
#388 = ORIENTED_EDGE ( 'NONE', *, *, #690, .F. ) ;
#389 = DIRECTION ( 'NONE',  ( 0.000000000000000000, -0.000000000000000000, 1.000000000000000000 ) ) ;
#390 = DIRECTION ( 'NONE',  ( -1.000000000000000000, 0.000000000000000000, 0.000000000000000000 ) ) ;
#391 = ORIENTED_EDGE ( 'NONE', *, *, #862, .F. ) ;
#392 = ORIENTED_EDGE ( 'NONE', *, *, #299, .T. ) ;
#393 = CARTESIAN_POINT ( 'NONE',  ( 40.49999999999998579, -8.750000000000007105, 0.000000000000000000 ) ) ;
#394 = EDGE_LOOP ( 'NONE', ( #1104, #239, #454, #184 ) ) ;
#395 = ORIENTED_EDGE ( 'NONE', *, *, #1427, .F. ) ;
#396 = AXIS2_PLACEMENT_3D ( 'NONE', #975, #1479, #1008 ) ;
#397 = DIRECTION ( 'NONE',  ( 0.000000000000000000, 0.000000000000000000, -1.000000000000000000 ) ) ;
#398 = DIRECTION ( 'NONE',  ( -1.000000000000000000, 0.000000000000000000, 0.000000000000000000 ) ) ;
#399 = EDGE_CURVE ( 'NONE', #858, #1080, #1400, .T. ) ;
#400 = ORIENTED_EDGE ( 'NONE', *, *, #579, .T. ) ;
#401 = ORIENTED_EDGE ( 'NONE', *, *, #1223, .T. ) ;
#402 = DIRECTION ( 'NONE',  ( 0.000000000000000000, -0.000000000000000000, 1.000000000000000000 ) ) ;
#403 = EDGE_CURVE ( 'NONE', #363, #370, #110, .T. ) ;
#404 = EDGE_LOOP ( 'NONE', ( #699, #616, #474, #1204 ) ) ;
#405 = CARTESIAN_POINT ( 'NONE',  ( 28.00000000000723333, -31.12999999999997414, 0.000000000000000000 ) ) ;
#406 = VECTOR ( 'NONE', #1320, 1000.000000000000000 ) ;
#407 = VECTOR ( 'NONE', #780, 1000.000000000000000 ) ;
#408 = AXIS2_PLACEMENT_3D ( 'NONE', #693, #477, #602 ) ;
#409 = LINE ( 'NONE', #877, #1300 ) ;
#410 = EDGE_LOOP ( 'NONE', ( #811, #850, #1439, #1067 ) ) ;
#411 = VERTEX_POINT ( 'NONE', #358 ) ;
#412 = PLANE ( 'NONE',  #91 ) ;
#413 = ORIENTED_EDGE ( 'NONE', *, *, #738, .F. ) ;
#414 = DIRECTION ( 'NONE',  ( 1.000000000000000000, 0.000000000000000000, 0.000000000000000000 ) ) ;
#415 = ORIENTED_EDGE ( 'NONE', *, *, #190, .T. ) ;
#416 = AXIS2_PLACEMENT_3D ( 'NONE', #15, #241, #32 ) ;
#417 = CARTESIAN_POINT ( 'NONE',  ( 29.50000000000723688, -43.12999999999997414, 2.000000000000000000 ) ) ;
#418 = ORIENTED_EDGE ( 'NONE', *, *, #828, .F. ) ;
#419 = CARTESIAN_POINT ( 'NONE',  ( 76.19999999999885176, -10.50000000000000000, 2.000000000000000000 ) ) ;
#420 = ORIENTED_EDGE ( 'NONE', *, *, #1288, .F. ) ;
#421 = CARTESIAN_POINT ( 'NONE',  ( 1.542912623061657191E-14, -31.12999999999998835, 0.000000000000000000 ) ) ;
#422 = AXIS2_PLACEMENT_3D ( 'NONE', #543, #216, #1015 ) ;
#423 = EDGE_CURVE ( 'NONE', #1306, #866, #117, .T. ) ;
#424 = FACE_OUTER_BOUND ( 'NONE', #867, .T. ) ;
#425 = DIRECTION ( 'NONE',  ( -1.000000000000000000, 0.000000000000000000, 0.000000000000000000 ) ) ;
#426 = VERTEX_POINT ( 'NONE', #242 ) ;
#427 = LINE ( 'NONE', #801, #762 ) ;
#428 = ORIENTED_EDGE ( 'NONE', *, *, #1252, .F. ) ;
#429 = DIRECTION ( 'NONE',  ( 0.000000000000000000, -1.000000000000000000, 0.000000000000000000 ) ) ;
#430 = EDGE_CURVE ( 'NONE', #515, #87, #36, .T. ) ;
#431 = VECTOR ( 'NONE', #340, 1000.000000000000000 ) ;
#432 = DIRECTION ( 'NONE',  ( 0.000000000000000000, 0.000000000000000000, 1.000000000000000000 ) ) ;
#433 = EDGE_CURVE ( 'NONE', #57, #1166, #229, .T. ) ;
#434 = FACE_OUTER_BOUND ( 'NONE', #982, .T. ) ;
#435 = DIRECTION ( 'NONE',  ( -0.000000000000000000, -0.000000000000000000, -1.000000000000000000 ) ) ;
#436 = CARTESIAN_POINT ( 'NONE',  ( 77.53000000000000114, -3.219999999999999751, 2.000000000000000000 ) ) ;
#437 = CARTESIAN_POINT ( 'NONE',  ( 64.50000000000000000, -3.400000000000000799, 2.000000000000000000 ) ) ;
#438 = CARTESIAN_POINT ( 'NONE',  ( 0.000000000000000000, -43.12999999999997414, 0.000000000000000000 ) ) ;
#439 = CARTESIAN_POINT ( 'NONE',  ( 4.800000000013421975, -10.50000000000000000, 2.000000000000000000 ) ) ;
#440 = DIRECTION ( 'NONE',  ( 0.000000000000000000, -0.000000000000000000, -1.000000000000000000 ) ) ;
#441 = CARTESIAN_POINT ( 'NONE',  ( 0.000000000000000000, -10.50000000000000000, 2.000000000000000000 ) ) ;
#442 = CARTESIAN_POINT ( 'NONE',  ( 77.53000000000000114, -3.219999999999999751, 2.000000000000000000 ) ) ;
#443 = EDGE_CURVE ( 'NONE', #843, #482, #817, .T. ) ;
#444 = CARTESIAN_POINT ( 'NONE',  ( 53.00034272193884277, -4.400000000000000355, 0.000000000000000000 ) ) ;
#445 = ADVANCED_FACE ( 'NONE', ( #1049 ), #719, .T. ) ;
#446 = EDGE_CURVE ( 'NONE', #674, #1244, #711, .T. ) ;
#447 = DIRECTION ( 'NONE',  ( 1.000000000000000000, -4.818676322157792691E-17, 0.000000000000000000 ) ) ;
#448 = ORIENTED_EDGE ( 'NONE', *, *, #1288, .T. ) ;
#449 = CARTESIAN_POINT ( 'NONE',  ( 48.00034272193884277, -9.400000000000000355, 2.000000000000000000 ) ) ;
#450 = VECTOR ( 'NONE', #447, 1000.000000000000000 ) ;
#451 = PLANE ( 'NONE',  #422 ) ;
#452 = AXIS2_PLACEMENT_3D ( 'NONE', #554, #1257, #668 ) ;
#453 = FILL_AREA_STYLE_COLOUR ( '', #1127 ) ;
#454 = ORIENTED_EDGE ( 'NONE', *, *, #1407, .F. ) ;
#455 = DIRECTION ( 'NONE',  ( 1.000000000000000000, 8.673617379884042375E-16, 0.000000000000000000 ) ) ;
#456 = VECTOR ( 'NONE', #469, 1000.000000000000000 ) ;
#457 = CARTESIAN_POINT ( 'NONE',  ( 40.49999999999998579, -8.750000000000007105, 0.000000000000000000 ) ) ;
#458 = ORIENTED_EDGE ( 'NONE', *, *, #998, .F. ) ;
#459 = CARTESIAN_POINT ( 'NONE',  ( 51.49853086660642276, -43.23139908999998227, 2.000000000000000000 ) ) ;
#460 = AXIS2_PLACEMENT_3D ( 'NONE', #457, #1334, #157 ) ;
#461 = UNCERTAINTY_MEASURE_WITH_UNIT (LENGTH_MEASURE( 1.000000000000000082E-05 ), #742, 'distance_accuracy_value', 'NONE');
#462 = AXIS2_PLACEMENT_3D ( 'NONE', #558, #316, #80 ) ;
#463 = EDGE_CURVE ( 'NONE', #385, #744, #1299, .T. ) ;
#464 = CARTESIAN_POINT ( 'NONE',  ( 55.50000000000000000, -4.400000000000000355, 2.000000000000000000 ) ) ;
#465 = CARTESIAN_POINT ( 'NONE',  ( 38.99999999999998579, -8.750000000000007105, 2.000000000000000000 ) ) ;
#466 = EDGE_CURVE ( 'NONE', #1114, #411, #130, .T. ) ;
#467 = VERTEX_POINT ( 'NONE', #575 ) ;
#468 = DIRECTION ( 'NONE',  ( 0.000000000000000000, 0.000000000000000000, 1.000000000000000000 ) ) ;
#469 = DIRECTION ( 'NONE',  ( 0.000000000000000000, 0.000000000000000000, -1.000000000000000000 ) ) ;
#470 = EDGE_CURVE ( 'NONE', #1207, #63, #186, .T. ) ;
#471 = DIRECTION ( 'NONE',  ( -1.000000000000000000, 0.000000000000000000, 0.000000000000000000 ) ) ;
#472 = LINE ( 'NONE', #45, #263 ) ;
#473 = CIRCLE ( 'NONE', #1267, 5.000000000000000888 ) ;
#474 = ORIENTED_EDGE ( 'NONE', *, *, #1383, .T. ) ;
#475 = AXIS2_PLACEMENT_3D ( 'NONE', #42, #532, #1086 ) ;
#476 = DIRECTION ( 'NONE',  ( -0.000000000000000000, -0.000000000000000000, -1.000000000000000000 ) ) ;
#477 = DIRECTION ( 'NONE',  ( -0.000000000000000000, -0.000000000000000000, -1.000000000000000000 ) ) ;
#478 = DIRECTION ( 'NONE',  ( 1.000000000000000000, 0.000000000000000000, 0.000000000000000000 ) ) ;
#479 = VECTOR ( 'NONE', #1176, 1000.000000000000000 ) ;
#480 = ORIENTED_EDGE ( 'NONE', *, *, #496, .T. ) ;
#481 = LINE ( 'NONE', #722, #841 ) ;
#482 = VERTEX_POINT ( 'NONE', #1112 ) ;
#483 = ORIENTED_EDGE ( 'NONE', *, *, #446, .F. ) ;
#484 = CARTESIAN_POINT ( 'NONE',  ( 4.800000000013421975, -10.50000000000000000, 2.000000000000000000 ) ) ;
#485 = VECTOR ( 'NONE', #374, 1000.000000000000000 ) ;
#486 = DIRECTION ( 'NONE',  ( 0.000000000000000000, -0.000000000000000000, 1.000000000000000000 ) ) ;
#487 = VECTOR ( 'NONE', #478, 1000.000000000000000 ) ;
#488 = CARTESIAN_POINT ( 'NONE',  ( 0.000000000000000000, 0.000000000000000000, 2.000000000000000000 ) ) ;
#489 = VECTOR ( 'NONE', #1035, 1000.000000000000000 ) ;
#490 = EDGE_LOOP ( 'NONE', ( #502, #55, #1409, #401 ) ) ;
#491 = ORIENTED_EDGE ( 'NONE', *, *, #433, .T. ) ;
#492 = CARTESIAN_POINT ( 'NONE',  ( 65.50000000000000000, -3.900000000000000355, 2.000000000000000000 ) ) ;
#493 = ADVANCED_FACE ( 'NONE', ( #53 ), #1103, .F. ) ;
#494 = ORIENTED_EDGE ( 'NONE', *, *, #1159, .T. ) ;
#495 = LINE ( 'NONE', #255, #695 ) ;
#496 = EDGE_CURVE ( 'NONE', #1178, #525, #1135, .T. ) ;
#497 = DIRECTION ( 'NONE',  ( -0.000000000000000000, 0.000000000000000000, 1.000000000000000000 ) ) ;
#498 = CARTESIAN_POINT ( 'NONE',  ( 3.469999999999999751, -3.220000000000000195, 2.000000000000000000 ) ) ;
#499 = VERTEX_POINT ( 'NONE', #734 ) ;
#500 = VERTEX_POINT ( 'NONE', #417 ) ;
#501 = DIRECTION ( 'NONE',  ( 1.000000000000000000, 0.000000000000000000, 0.000000000000000000 ) ) ;
#502 = ORIENTED_EDGE ( 'NONE', *, *, #783, .T. ) ;
#503 = CARTESIAN_POINT ( 'NONE',  ( 26.00000000000723333, -43.12999999999997414, 2.000000000000000000 ) ) ;
#504 = CIRCLE ( 'NONE', #1468, 4.999999999999997335 ) ;
#505 = VECTOR ( 'NONE', #749, 1000.000000000000000 ) ;
#506 = DIRECTION ( 'NONE',  ( 0.000000000000000000, 1.000000000000000000, 0.000000000000000000 ) ) ;
#507 = ORIENTED_EDGE ( 'NONE', *, *, #213, .T. ) ;
#508 = VERTEX_POINT ( 'NONE', #1118 ) ;
#509 = CARTESIAN_POINT ( 'NONE',  ( 0.000000000000000000, -10.50000000000000000, 2.000000000000000000 ) ) ;
#510 = ORIENTED_EDGE ( 'NONE', *, *, #785, .F. ) ;
#511 = DIRECTION ( 'NONE',  ( 0.000000000000000000, -1.000000000000000000, 0.000000000000000000 ) ) ;
#512 = ADVANCED_FACE ( 'NONE', ( #860 ), #989, .F. ) ;
#513 = ADVANCED_FACE ( 'NONE', ( #1358 ), #613, .F. ) ;
#514 = CYLINDRICAL_SURFACE ( 'NONE', #842, 1.500000000000001332 ) ;
#515 = VERTEX_POINT ( 'NONE', #621 ) ;
#516 = EDGE_LOOP ( 'NONE', ( #1354, #1173 ) ) ;
#517 = CARTESIAN_POINT ( 'NONE',  ( 39.00000000000000000, -26.25000000000001066, 2.000000000000000000 ) ) ;
#518 = EDGE_CURVE ( 'NONE', #1088, #499, #409, .T. ) ;
#519 = ORIENTED_EDGE ( 'NONE', *, *, #765, .F. ) ;
#520 = ORIENTED_EDGE ( 'NONE', *, *, #1427, .T. ) ;
#521 = AXIS2_PLACEMENT_3D ( 'NONE', #82, #73, #1348 ) ;
#522 = CYLINDRICAL_SURFACE ( 'NONE', #795, 1.500000000000001332 ) ;
#523 = CARTESIAN_POINT ( 'NONE',  ( 77.53000000000000114, -3.219999999999999751, 2.000000000000000000 ) ) ;
#524 = ORIENTED_EDGE ( 'NONE', *, *, #807, .T. ) ;
#525 = VERTEX_POINT ( 'NONE', #1095 ) ;
#526 = LINE ( 'NONE', #295, #1141 ) ;
#527 = ORIENTED_EDGE ( 'NONE', *, *, #1384, .T. ) ;
#528 = CARTESIAN_POINT ( 'NONE',  ( 4.800000000013421975, -7.600000000000000533, 0.000000000000000000 ) ) ;
#529 = VECTOR ( 'NONE', #1394, 1000.000000000000000 ) ;
#530 = CIRCLE ( 'NONE', #1390, 1.500000000000001332 ) ;
#531 = CIRCLE ( 'NONE', #654, 0.5000000000000004441 ) ;
#532 = DIRECTION ( 'NONE',  ( 1.000000000000000000, 0.000000000000000000, -0.000000000000000000 ) ) ;
#533 = SURFACE_STYLE_FILL_AREA ( #323 ) ;
#534 = VERTEX_POINT ( 'NONE', #727 ) ;
#535 = LINE ( 'NONE', #1001, #669 ) ;
#536 = ORIENTED_EDGE ( 'NONE', *, *, #361, .T. ) ;
#537 = PLANE ( 'NONE',  #1391 ) ;
#538 = AXIS2_PLACEMENT_3D ( 'NONE', #236, #1, #932 ) ;
#539 = PLANE ( 'NONE',  #301 ) ;
#540 = DIRECTION ( 'NONE',  ( 1.000000000000000000, 0.000000000000000000, 0.000000000000000000 ) ) ;
#541 = ADVANCED_FACE ( 'NONE', ( #285, #752, #743, #1216, #175 ), #61, .F. ) ;
#542 = ORIENTED_EDGE ( 'NONE', *, *, #1175, .F. ) ;
#543 = CARTESIAN_POINT ( 'NONE',  ( 7.999428796791503871, 0.000000000000000000, 2.000000000000000000 ) ) ;
#544 = LINE ( 'NONE', #1490, #1250 ) ;
#545 = AXIS2_PLACEMENT_3D ( 'NONE', #664, #1492, #1129 ) ;
#546 = ADVANCED_FACE ( 'NONE', ( #165 ), #514, .F. ) ;
#547 = MECHANICAL_DESIGN_GEOMETRIC_PRESENTATION_REPRESENTATION (  '', ( #990 ), #644 ) ;
#548 = ADVANCED_FACE ( 'NONE', ( #1324 ), #384, .T. ) ;
#549 = CARTESIAN_POINT ( 'NONE',  ( 33.00000000000723333, 0.000000000000000000, 0.000000000000000000 ) ) ;
#550 = CARTESIAN_POINT ( 'NONE',  ( 56.50000000000000000, -3.400000000000000355, 2.000000000000000000 ) ) ;
#551 = ORIENTED_EDGE ( 'NONE', *, *, #423, .T. ) ;
#552 = CARTESIAN_POINT ( 'NONE',  ( 64.50000000000000000, -3.400000000000000799, 2.000000000000000000 ) ) ;
#553 = ORIENTED_EDGE ( 'NONE', *, *, #1225, .F. ) ;
#554 = CARTESIAN_POINT ( 'NONE',  ( 55.00034272193884277, 0.000000000000000000, 2.000000000000000000 ) ) ;
#555 = AXIS2_PLACEMENT_3D ( 'NONE', #1200, #1441, #611 ) ;
#556 = CARTESIAN_POINT ( 'NONE',  ( 33.00000000000723333, -26.12999999999997414, 2.000000000000000000 ) ) ;
#557 = VECTOR ( 'NONE', #1251, 1000.000000000000000 ) ;
#558 = CARTESIAN_POINT ( 'NONE',  ( 40.50000000000000000, -26.25000000000001066, 2.000000000000000000 ) ) ;
#559 = FACE_OUTER_BOUND ( 'NONE', #836, .T. ) ;
#560 = DIRECTION ( 'NONE',  ( 1.000000000000000000, 0.000000000000000000, 0.000000000000000000 ) ) ;
#561 = EDGE_CURVE ( 'NONE', #1014, #1087, #1226, .T. ) ;
#562 = LINE ( 'NONE', #678, #59 ) ;
#563 = EDGE_CURVE ( 'NONE', #1321, #534, #1343, .T. ) ;
#564 = DIRECTION ( 'NONE',  ( 0.000000000000000000, 0.000000000000000000, -1.000000000000000000 ) ) ;
#565 = DIRECTION ( 'NONE',  ( -1.000000000000000000, 0.000000000000000000, 0.000000000000000000 ) ) ;
#566 = ORIENTED_EDGE ( 'NONE', *, *, #247, .F. ) ;
#567 = VECTOR ( 'NONE', #760, 1000.000000000000000 ) ;
#568 = FACE_BOUND ( 'NONE', #615, .T. ) ;
#569 = DIRECTION ( 'NONE',  ( 1.000000000000000000, 0.000000000000000000, 0.000000000000000000 ) ) ;
#570 = FACE_OUTER_BOUND ( 'NONE', #154, .T. ) ;
#571 = CYLINDRICAL_SURFACE ( 'NONE', #1373, 3.199086074844925687 ) ;
#572 = DIRECTION ( 'NONE',  ( 1.000000000000000000, 0.000000000000000000, 0.000000000000000000 ) ) ;
#573 = CARTESIAN_POINT ( 'NONE',  ( 28.00000000000722977, -9.400000000000000355, 0.000000000000000000 ) ) ;
#574 = AXIS2_PLACEMENT_3D ( 'NONE', #1064, #18, #951 ) ;
#575 = CARTESIAN_POINT ( 'NONE',  ( 48.00034272193884277, -9.400000000000000355, 2.000000000000000000 ) ) ;
#576 = AXIS2_PLACEMENT_3D ( 'NONE', #1481, #397, #868 ) ;
#577 = ORIENTED_EDGE ( 'NONE', *, *, #1156, .F. ) ;
#578 = DIRECTION ( 'NONE',  ( 0.000000000000000000, 0.000000000000000000, 1.000000000000000000 ) ) ;
#579 = EDGE_CURVE ( 'NONE', #293, #1379, #182, .T. ) ;
#580 = ADVANCED_FACE ( 'NONE', ( #1234 ), #647, .F. ) ;
#581 = CYLINDRICAL_SURFACE ( 'NONE', #408, 3.500000000000003109 ) ;
#582 = DIRECTION ( 'NONE',  ( 0.000000000000000000, 0.000000000000000000, -1.000000000000000000 ) ) ;
#583 = ORIENTED_EDGE ( 'NONE', *, *, #787, .F. ) ;
#584 = CARTESIAN_POINT ( 'NONE',  ( 1.969999999999999529, -3.220000000000000195, 0.000000000000000000 ) ) ;
#585 = EDGE_CURVE ( 'NONE', #871, #467, #1444, .T. ) ;
#586 = FACE_OUTER_BOUND ( 'NONE', #1073, .T. ) ;
#587 = DIRECTION ( 'NONE',  ( -4.818676322157792691E-17, -1.000000000000000000, 0.000000000000000000 ) ) ;
#588 =( NAMED_UNIT ( * ) SI_UNIT ( $, .STERADIAN. ) SOLID_ANGLE_UNIT ( ) );
#589 = VERTEX_POINT ( 'NONE', #775 ) ;
#590 = CARTESIAN_POINT ( 'NONE',  ( 4.800000000013421975, -7.600000000000000533, 2.000000000000000000 ) ) ;
#591 = CARTESIAN_POINT ( 'NONE',  ( 55.00034272193884277, -31.23139908999998227, 2.000000000000000000 ) ) ;
#592 = ORIENTED_EDGE ( 'NONE', *, *, #274, .T. ) ;
#593 = DIRECTION ( 'NONE',  ( -0.000000000000000000, -0.000000000000000000, -1.000000000000000000 ) ) ;
#594 = AXIS2_PLACEMENT_3D ( 'NONE', #1089, #1163, #115 ) ;
#595 = ORIENTED_EDGE ( 'NONE', *, *, #1134, .F. ) ;
#596 = FACE_BOUND ( 'NONE', #928, .T. ) ;
#597 = VECTOR ( 'NONE', #847, 1000.000000000000000 ) ;
#598 = VERTEX_POINT ( 'NONE', #437 ) ;
#599 = CARTESIAN_POINT ( 'NONE',  ( 76.19999999999885176, -7.600000000000000533, 2.000000000000000000 ) ) ;
#600 = ORIENTED_EDGE ( 'NONE', *, *, #690, .T. ) ;
#601 = VERTEX_POINT ( 'NONE', #926 ) ;
#602 = DIRECTION ( 'NONE',  ( -1.000000000000000000, 0.000000000000000000, 0.000000000000000000 ) ) ;
#603 = EDGE_CURVE ( 'NONE', #1449, #121, #1137, .T. ) ;
#604 = CARTESIAN_POINT ( 'NONE',  ( 48.00000000000724043, -43.12999999999997414, 2.000000000000000000 ) ) ;
#605 = EDGE_CURVE ( 'NONE', #1507, #515, #206, .T. ) ;
#606 = ORIENTED_EDGE ( 'NONE', *, *, #1342, .F. ) ;
#607 = ORIENTED_EDGE ( 'NONE', *, *, #496, .F. ) ;
#608 = CARTESIAN_POINT ( 'NONE',  ( 0.000000000000000000, 0.000000000000000000, 0.000000000000000000 ) ) ;
#609 = ORIENTED_EDGE ( 'NONE', *, *, #190, .F. ) ;
#610 = LINE ( 'NONE', #1083, #146 ) ;
#611 = DIRECTION ( 'NONE',  ( 1.000000000000000000, 0.000000000000000000, 0.000000000000000000 ) ) ;
#612 = VECTOR ( 'NONE', #833, 1000.000000000000000 ) ;
#613 = CYLINDRICAL_SURFACE ( 'NONE', #639, 1.500000000000000000 ) ;
#614 = VECTOR ( 'NONE', #1317, 1000.000000000000000 ) ;
#615 = EDGE_LOOP ( 'NONE', ( #159, #480 ) ) ;
#616 = ORIENTED_EDGE ( 'NONE', *, *, #998, .T. ) ;
#617 = CYLINDRICAL_SURFACE ( 'NONE', #594, 1.500000000000000000 ) ;
#618 = ORIENTED_EDGE ( 'NONE', *, *, #904, .F. ) ;
#619 = FACE_OUTER_BOUND ( 'NONE', #768, .T. ) ;
#620 = APPLICATION_PROTOCOL_DEFINITION ( 'draft international standard', 'automotive_design', 1998, #1119 ) ;
#621 = CARTESIAN_POINT ( 'NONE',  ( 33.00000000000723333, -26.12999999999997414, 2.000000000000000000 ) ) ;
#622 = ORIENTED_EDGE ( 'NONE', *, *, #403, .F. ) ;
#623 = ORIENTED_EDGE ( 'NONE', *, *, #8, .T. ) ;
#624 = CARTESIAN_POINT ( 'NONE',  ( 26.00000000000723333, -31.12999999999997414, 2.000000000000000000 ) ) ;
#625 = ORIENTED_EDGE ( 'NONE', *, *, #1338, .T. ) ;
#626 = DIRECTION ( 'NONE',  ( -1.000000000000000000, 0.000000000000000000, 0.000000000000000000 ) ) ;
#627 = VECTOR ( 'NONE', #936, 1000.000000000000000 ) ;
#628 = EDGE_CURVE ( 'NONE', #1507, #96, #1380, .T. ) ;
#629 = PRESENTATION_LAYER_ASSIGNMENT (  '', '', ( #1273 ) ) ;
#630 = EDGE_CURVE ( 'NONE', #71, #1321, #225, .T. ) ;
#631 = DIRECTION ( 'NONE',  ( -1.000000000000000000, 0.000000000000000000, 0.000000000000000000 ) ) ;
#632 = ORIENTED_EDGE ( 'NONE', *, *, #1063, .T. ) ;
#633 = ORIENTED_EDGE ( 'NONE', *, *, #1159, .F. ) ;
#634 = DIRECTION ( 'NONE',  ( -0.000000000000000000, -0.000000000000000000, -1.000000000000000000 ) ) ;
#635 = ORIENTED_EDGE ( 'NONE', *, *, #1090, .F. ) ;
#636 = EDGE_LOOP ( 'NONE', ( #1420, #622 ) ) ;
#637 = CARTESIAN_POINT ( 'NONE',  ( 55.50000000000000000, -4.400000000000000355, 0.000000000000000000 ) ) ;
#638 = EDGE_CURVE ( 'NONE', #306, #467, #1241, .T. ) ;
#639 = AXIS2_PLACEMENT_3D ( 'NONE', #983, #888, #390 ) ;
#640 = DIRECTION ( 'NONE',  ( -0.000000000000000000, -0.000000000000000000, -1.000000000000000000 ) ) ;
#641 = CIRCLE ( 'NONE', #1502, 0.5000000000000004441 ) ;
#642 = VERTEX_POINT ( 'NONE', #663 ) ;
#643 = ORIENTED_EDGE ( 'NONE', *, *, #1310, .T. ) ;
#644 =( GEOMETRIC_REPRESENTATION_CONTEXT ( 3 ) GLOBAL_UNCERTAINTY_ASSIGNED_CONTEXT ( ( #125 ) ) GLOBAL_UNIT_ASSIGNED_CONTEXT ( ( #194, #890, #1243 ) ) REPRESENTATION_CONTEXT ( 'NONE', 'WORKASPACE' ) );
#645 = LINE ( 'NONE', #893, #327 ) ;
#646 = FACE_OUTER_BOUND ( 'NONE', #50, .T. ) ;
#647 = PLANE ( 'NONE',  #475 ) ;
#648 = PLANE ( 'NONE',  #935 ) ;
#649 = ORIENTED_EDGE ( 'NONE', *, *, #630, .T. ) ;
#650 = DIRECTION ( 'NONE',  ( 1.000000000000000000, 4.956352788505165240E-16, 0.000000000000000000 ) ) ;
#651 = ORIENTED_EDGE ( 'NONE', *, *, #1029, .T. ) ;
#652 = CARTESIAN_POINT ( 'NONE',  ( 53.00034272193884277, -31.23139908999998227, 0.000000000000000000 ) ) ;
#653 = CIRCLE ( 'NONE', #574, 3.199428796778081896 ) ;
#654 = AXIS2_PLACEMENT_3D ( 'NONE', #1330, #758, #1239 ) ;
#655 = CARTESIAN_POINT ( 'NONE',  ( 1.542912623061657191E-14, -31.12999999999998835, 2.000000000000000000 ) ) ;
#656 = EDGE_CURVE ( 'NONE', #286, #665, #1019, .T. ) ;
#657 = FACE_OUTER_BOUND ( 'NONE', #410, .T. ) ;
#658 = ORIENTED_EDGE ( 'NONE', *, *, #423, .F. ) ;
#659 = DIRECTION ( 'NONE',  ( 0.000000000000000000, 0.000000000000000000, 1.000000000000000000 ) ) ;
#660 = ORIENTED_EDGE ( 'NONE', *, *, #806, .F. ) ;
#661 = ADVANCED_FACE ( 'NONE', ( #424 ), #683, .T. ) ;
#662 = CARTESIAN_POINT ( 'NONE',  ( 76.19999999999885176, -7.600000000000000533, 2.000000000000000000 ) ) ;
#663 = CARTESIAN_POINT ( 'NONE',  ( 56.00000000000000000, -3.900000000000000355, 2.000000000000000000 ) ) ;
#664 = CARTESIAN_POINT ( 'NONE',  ( 40.49999999999998579, -8.750000000000007105, 2.000000000000000000 ) ) ;
#665 = VERTEX_POINT ( 'NONE', #92 ) ;
#666 = CARTESIAN_POINT ( 'NONE',  ( 79.03000000000000114, -3.219999999999999751, 2.000000000000000000 ) ) ;
#667 = ORIENTED_EDGE ( 'NONE', *, *, #717, .T. ) ;
#668 = DIRECTION ( 'NONE',  ( -0.000000000000000000, 0.000000000000000000, -1.000000000000000000 ) ) ;
#669 = VECTOR ( 'NONE', #202, 1000.000000000000000 ) ;
#670 = DIRECTION ( 'NONE',  ( 0.000000000000000000, 0.000000000000000000, -1.000000000000000000 ) ) ;
#671 = DIRECTION ( 'NONE',  ( 1.000000000000000000, 0.000000000000000000, 0.000000000000000000 ) ) ;
#672 = DIRECTION ( 'NONE',  ( 1.000000000000000000, 0.000000000000000000, 0.000000000000000000 ) ) ;
#673 = DIRECTION ( 'NONE',  ( -1.000000000000000000, -4.956352788505164254E-16, 0.000000000000000000 ) ) ;
#674 = VERTEX_POINT ( 'NONE', #1274 ) ;
#675 = EDGE_CURVE ( 'NONE', #1466, #385, #22, .T. ) ;
#676 = EDGE_CURVE ( 'NONE', #87, #71, #903, .T. ) ;
#677 = CIRCLE ( 'NONE', #555, 0.5000000000000004441 ) ;
#678 = CARTESIAN_POINT ( 'NONE',  ( 65.50000000000000000, -4.400000000000000355, 0.000000000000000000 ) ) ;
#679 = CARTESIAN_POINT ( 'NONE',  ( 76.19999999999885176, 0.000000000000000000, 2.000000000000000000 ) ) ;
#680 =( GEOMETRIC_REPRESENTATION_CONTEXT ( 3 ) GLOBAL_UNCERTAINTY_ASSIGNED_CONTEXT ( ( #461 ) ) GLOBAL_UNIT_ASSIGNED_CONTEXT ( ( #742, #1282, #1209 ) ) REPRESENTATION_CONTEXT ( 'NONE', 'WORKASPACE' ) );
#681 = CARTESIAN_POINT ( 'NONE',  ( 7.999428796791503871, -4.400571203221919525, 0.000000000000000000 ) ) ;
#682 = DIRECTION ( 'NONE',  ( 1.000000000000000000, 0.000000000000000000, 0.000000000000000000 ) ) ;
#683 = CYLINDRICAL_SURFACE ( 'NONE', #1345, 0.5000000000000004441 ) ;
#684 = DIRECTION ( 'NONE',  ( 0.000000000000000000, 1.000000000000000000, 0.000000000000000000 ) ) ;
#685 = DIRECTION ( 'NONE',  ( 0.000000000000000000, 0.000000000000000000, -1.000000000000000000 ) ) ;
#686 = DIRECTION ( 'NONE',  ( -0.000000000000000000, 0.000000000000000000, 1.000000000000000000 ) ) ;
#687 = CIRCLE ( 'NONE', #39, 1.500000000000001332 ) ;
#688 = DIRECTION ( 'NONE',  ( 0.000000000000000000, -1.000000000000000000, 0.000000000000000000 ) ) ;
#689 = FACE_OUTER_BOUND ( 'NONE', #1315, .T. ) ;
#690 = EDGE_CURVE ( 'NONE', #854, #1087, #789, .T. ) ;
#691 = ORIENTED_EDGE ( 'NONE', *, *, #300, .T. ) ;
#692 = CARTESIAN_POINT ( 'NONE',  ( 56.50000000000000000, -3.900000000000000355, 0.000000000000000000 ) ) ;
#693 = CARTESIAN_POINT ( 'NONE',  ( 33.00000000000724043, -43.12999999999998124, 2.000000000000000000 ) ) ;
#694 = EDGE_CURVE ( 'NONE', #1218, #761, #530, .T. ) ;
#695 = VECTOR ( 'NONE', #715, 1000.000000000000000 ) ;
#696 = VECTOR ( 'NONE', #912, 1000.000000000000000 ) ;
#697 = LINE ( 'NONE', #465, #10 ) ;
#698 = VECTOR ( 'NONE', #1475, 1000.000000000000000 ) ;
#699 = ORIENTED_EDGE ( 'NONE', *, *, #676, .F. ) ;
#700 = CIRCLE ( 'NONE', #1393, 1.500000000000001332 ) ;
#701 = EDGE_CURVE ( 'NONE', #1474, #941, #562, .T. ) ;
#702 = LINE ( 'NONE', #136, #1026 ) ;
#703 = PLANE ( 'NONE',  #1123 ) ;
#704 = ORIENTED_EDGE ( 'NONE', *, *, #1158, .T. ) ;
#705 = CARTESIAN_POINT ( 'NONE',  ( -1.638349949533648652E-16, -3.399999999999997691, 0.000000000000000000 ) ) ;
#706 = SURFACE_SIDE_STYLE ('',( #1416 ) ) ;
#707 = ORIENTED_EDGE ( 'NONE', *, *, #315, .T. ) ;
#708 = DIRECTION ( 'NONE',  ( -1.000000000000000000, 0.000000000000000000, 0.000000000000000000 ) ) ;
#709 = CARTESIAN_POINT ( 'NONE',  ( 48.00034272193884277, -26.23139908999998227, 2.000000000000000000 ) ) ;
#710 = VECTOR ( 'NONE', #435, 1000.000000000000000 ) ;
#711 = LINE ( 'NONE', #823, #485 ) ;
#712 = VERTEX_POINT ( 'NONE', #1151 ) ;
#713 = CARTESIAN_POINT ( 'NONE',  ( 3.469999999999999751, -3.220000000000000195, 2.000000000000000000 ) ) ;
#714 = VERTEX_POINT ( 'NONE', #99 ) ;
#715 = DIRECTION ( 'NONE',  ( -0.000000000000000000, -0.000000000000000000, -1.000000000000000000 ) ) ;
#716 = EDGE_CURVE ( 'NONE', #858, #1244, #910, .T. ) ;
#717 = EDGE_CURVE ( 'NONE', #152, #508, #106, .T. ) ;
#718 = LINE ( 'NONE', #800, #728 ) ;
#719 = PLANE ( 'NONE',  #160 ) ;
#720 = VECTOR ( 'NONE', #824, 1000.000000000000000 ) ;
#721 = EDGE_LOOP ( 'NONE', ( #65, #987, #1335, #632 ) ) ;
#722 = CARTESIAN_POINT ( 'NONE',  ( 53.00034272193884277, -4.400000000000000355, 0.000000000000000000 ) ) ;
#723 = CIRCLE ( 'NONE', #1047, 3.500000000000003109 ) ;
#724 = VERTEX_POINT ( 'NONE', #766 ) ;
#725 = CARTESIAN_POINT ( 'NONE',  ( 81.00000000000000000, -10.50000000000000000, 0.000000000000000000 ) ) ;
#726 = DIRECTION ( 'NONE',  ( 1.000000000000000000, 0.000000000000000000, 0.000000000000000000 ) ) ;
#727 = CARTESIAN_POINT ( 'NONE',  ( 26.00000000000723333, -43.12999999999997414, 0.000000000000000000 ) ) ;
#728 = VECTOR ( 'NONE', #688, 1000.000000000000000 ) ;
#729 = ORIENTED_EDGE ( 'NONE', *, *, #351, .F. ) ;
#730 = VERTEX_POINT ( 'NONE', #1128 ) ;
#731 = CARTESIAN_POINT ( 'NONE',  ( -1.638349949533648652E-16, -3.399999999999997691, 2.000000000000000000 ) ) ;
#732 = ORIENTED_EDGE ( 'NONE', *, *, #1268, .F. ) ;
#733 = CARTESIAN_POINT ( 'NONE',  ( 53.00034272193884277, -9.400000000000000355, 0.000000000000000000 ) ) ;
#734 = CARTESIAN_POINT ( 'NONE',  ( 73.00091392515392386, -4.400000000000000355, 0.000000000000000000 ) ) ;
#735 = EDGE_LOOP ( 'NONE', ( #1447, #1457, #38, #1255 ) ) ;
#736 = ORIENTED_EDGE ( 'NONE', *, *, #381, .F. ) ;
#737 = FACE_OUTER_BOUND ( 'NONE', #158, .T. ) ;
#738 = EDGE_CURVE ( 'NONE', #744, #499, #332, .T. ) ;
#739 = ORIENTED_EDGE ( 'NONE', *, *, #1043, .T. ) ;
#740 = ORIENTED_EDGE ( 'NONE', *, *, #1314, .F. ) ;
#741 = LINE ( 'NONE', #1341, #1170 ) ;
#742 =( LENGTH_UNIT ( ) NAMED_UNIT ( * ) SI_UNIT ( .MILLI., .METRE. ) );
#743 = FACE_BOUND ( 'NONE', #516, .T. ) ;
#744 = VERTEX_POINT ( 'NONE', #1386 ) ;
#745 = VERTEX_POINT ( 'NONE', #1508 ) ;
#746 = DIRECTION ( 'NONE',  ( 0.000000000000000000, 1.000000000000000000, 0.000000000000000000 ) ) ;
#747 = ORIENTED_EDGE ( 'NONE', *, *, #274, .F. ) ;
#748 = ORIENTED_EDGE ( 'NONE', *, *, #563, .F. ) ;
#749 = DIRECTION ( 'NONE',  ( 1.000000000000000000, 0.000000000000000000, 0.000000000000000000 ) ) ;
#750 = AXIS2_PLACEMENT_3D ( 'NONE', #1076, #1431, #708 ) ;
#751 = ADVANCED_FACE ( 'NONE', ( #86 ), #539, .T. ) ;
#752 = FACE_BOUND ( 'NONE', #1065, .T. ) ;
#753 = ORIENTED_EDGE ( 'NONE', *, *, #1224, .T. ) ;
#754 = ORIENTED_EDGE ( 'NONE', *, *, #806, .T. ) ;
#755 = CARTESIAN_POINT ( 'NONE',  ( 0.000000000000000000, -43.23139908999998227, 2.000000000000000000 ) ) ;
#756 = ORIENTED_EDGE ( 'NONE', *, *, #518, .F. ) ;
#757 = EDGE_LOOP ( 'NONE', ( #1454, #222 ) ) ;
#758 = DIRECTION ( 'NONE',  ( 0.000000000000000000, -0.000000000000000000, -1.000000000000000000 ) ) ;
#759 = DIRECTION ( 'NONE',  ( 1.000000000000000000, 0.000000000000000000, 0.000000000000000000 ) ) ;
#760 = DIRECTION ( 'NONE',  ( 0.000000000000000000, 1.000000000000000000, -0.000000000000000000 ) ) ;
#761 = VERTEX_POINT ( 'NONE', #1398 ) ;
#762 = VECTOR ( 'NONE', #107, 1000.000000000000000 ) ;
#763 = CYLINDRICAL_SURFACE ( 'NONE', #521, 0.5000000000000004441 ) ;
#764 = CARTESIAN_POINT ( 'NONE',  ( 3.740931175943988917E-14, -43.13000000000001677, 2.000000000000000000 ) ) ;
#765 = EDGE_CURVE ( 'NONE', #1228, #1367, #883, .T. ) ;
#766 = CARTESIAN_POINT ( 'NONE',  ( 81.00000000000000000, 0.000000000000000000, 2.000000000000000000 ) ) ;
#767 = ADVANCED_FACE ( 'NONE', ( #808 ), #1286, .F. ) ;
#768 = EDGE_LOOP ( 'NONE', ( #1253, #1340, #1082, #1198 ) ) ;
#769 = LINE ( 'NONE', #280, #282 ) ;
#770 = VERTEX_POINT ( 'NONE', #23 ) ;
#771 = DIRECTION ( 'NONE',  ( -0.000000000000000000, -0.000000000000000000, -1.000000000000000000 ) ) ;
#772 = CIRCLE ( 'NONE', #120, 1.500000000000001332 ) ;
#773 = AXIS2_PLACEMENT_3D ( 'NONE', #971, #302, #1005 ) ;
#774 = AXIS2_PLACEMENT_3D ( 'NONE', #1276, #1505, #205 ) ;
#775 = CARTESIAN_POINT ( 'NONE',  ( 4.800000000013421975, -7.600000000000000533, 2.000000000000000000 ) ) ;
#776 = SURFACE_SIDE_STYLE ('',( #533 ) ) ;
#777 = ORIENTED_EDGE ( 'NONE', *, *, #916, .T. ) ;
#778 = DIRECTION ( 'NONE',  ( -1.000000000000000000, 0.000000000000000000, 0.000000000000000000 ) ) ;
#779 = DIRECTION ( 'NONE',  ( 1.000000000000000000, -2.602085213965208275E-15, 0.000000000000000000 ) ) ;
#780 = DIRECTION ( 'NONE',  ( -1.000000000000000000, -4.956352788505164254E-16, 0.000000000000000000 ) ) ;
#781 = CARTESIAN_POINT ( 'NONE',  ( 0.000000000000000000, -4.400000000000000355, 2.000000000000000000 ) ) ;
#782 = DIRECTION ( 'NONE',  ( -0.000000000000000000, 0.000000000000000000, 1.000000000000000000 ) ) ;
#783 = EDGE_CURVE ( 'NONE', #1367, #293, #1077, .T. ) ;
#784 = DIRECTION ( 'NONE',  ( -0.000000000000000000, -0.000000000000000000, -1.000000000000000000 ) ) ;
#785 = EDGE_CURVE ( 'NONE', #1017, #1091, #364, .T. ) ;
#786 = VECTOR ( 'NONE', #1376, 1000.000000000000000 ) ;
#787 = EDGE_CURVE ( 'NONE', #1228, #854, #718, .T. ) ;
#788 = EDGE_LOOP ( 'NONE', ( #583, #577, #1436, #977 ) ) ;
#789 = LINE ( 'NONE', #1041, #334 ) ;
#790 = LINE ( 'NONE', #666, #489 ) ;
#791 = FACE_OUTER_BOUND ( 'NONE', #1480, .T. ) ;
#792 = CYLINDRICAL_SURFACE ( 'NONE', #1291, 3.199428796778081896 ) ;
#793 = CIRCLE ( 'NONE', #1169, 4.999999999999997335 ) ;
#794 = VECTOR ( 'NONE', #640, 1000.000000000000000 ) ;
#795 = AXIS2_PLACEMENT_3D ( 'NONE', #1108, #283, #626 ) ;
#796 = DIRECTION ( 'NONE',  ( 0.000000000000000000, -1.000000000000000000, 0.000000000000000000 ) ) ;
#797 = DIRECTION ( 'NONE',  ( 0.000000000000000000, -0.000000000000000000, 1.000000000000000000 ) ) ;
#798 = LINE ( 'NONE', #320, #1193 ) ;
#799 = FACE_BOUND ( 'NONE', #1238, .T. ) ;
#800 = CARTESIAN_POINT ( 'NONE',  ( 4.800000000013421975, 0.000000000000000000, 0.000000000000000000 ) ) ;
#801 = CARTESIAN_POINT ( 'NONE',  ( 0.000000000000000000, -43.23139908999998227, 0.000000000000000000 ) ) ;
#802 = ORIENTED_EDGE ( 'NONE', *, *, #248, .T. ) ;
#803 = AXIS2_PLACEMENT_3D ( 'NONE', #498, #849, #1476 ) ;
#804 = ORIENTED_EDGE ( 'NONE', *, *, #1093, .T. ) ;
#805 = AXIS2_PLACEMENT_3D ( 'NONE', #132, #11, #250 ) ;
#806 = EDGE_CURVE ( 'NONE', #426, #96, #1061, .T. ) ;
#807 = EDGE_CURVE ( 'NONE', #1166, #279, #1422, .T. ) ;
#808 = FACE_OUTER_BOUND ( 'NONE', #197, .T. ) ;
#809 = EDGE_CURVE ( 'NONE', #714, #1449, #126, .T. ) ;
#810 = CARTESIAN_POINT ( 'NONE',  ( 77.53000000000000114, -3.219999999999999751, 0.000000000000000000 ) ) ;
#811 = ORIENTED_EDGE ( 'NONE', *, *, #8, .F. ) ;
#812 = CARTESIAN_POINT ( 'NONE',  ( 48.00034272193884277, -26.23139908999998227, 0.000000000000000000 ) ) ;
#813 = PRODUCT_DEFINITION_CONTEXT ( 'detailed design', #939, 'design' ) ;
#814 = CARTESIAN_POINT ( 'NONE',  ( 0.000000000000000000, 0.000000000000000000, 2.000000000000000000 ) ) ;
#815 = AXIS2_PLACEMENT_3D ( 'NONE', #692, #578, #1052 ) ;
#816 = VECTOR ( 'NONE', #759, 1000.000000000000000 ) ;
#817 = LINE ( 'NONE', #1293, #612 ) ;
#818 = APPLICATION_PROTOCOL_DEFINITION ( 'draft international standard', 'automotive_design', 1998, #939 ) ;
#819 = EDGE_LOOP ( 'NONE', ( #1113, #691, #1319, #1296 ) ) ;
#820 = CARTESIAN_POINT ( 'NONE',  ( 0.000000000000000000, -43.23139908999998227, 2.000000000000000000 ) ) ;
#821 = CARTESIAN_POINT ( 'NONE',  ( 3.740931175943988917E-14, -43.13000000000001677, 2.000000000000000000 ) ) ;
#822 = AXIS2_PLACEMENT_3D ( 'NONE', #219, #1028, #569 ) ;
#823 = CARTESIAN_POINT ( 'NONE',  ( -1.638349949533648652E-16, -3.399999999999997691, 0.000000000000000000 ) ) ;
#824 = DIRECTION ( 'NONE',  ( 0.000000000000000000, 0.000000000000000000, -1.000000000000000000 ) ) ;
#825 = ADVANCED_FACE ( 'NONE', ( #1185 ), #581, .F. ) ;
#826 = ORIENTED_EDGE ( 'NONE', *, *, #383, .T. ) ;
#827 = LINE ( 'NONE', #379, #876 ) ;
#828 = EDGE_CURVE ( 'NONE', #525, #1075, #1171, .T. ) ;
#829 = ORIENTED_EDGE ( 'NONE', *, *, #738, .T. ) ;
#830 = VECTOR ( 'NONE', #1415, 1000.000000000000000 ) ;
#831 = AXIS2_PLACEMENT_3D ( 'NONE', #755, #746, #1115 ) ;
#832 = DIRECTION ( 'NONE',  ( 0.000000000000000000, 0.000000000000000000, -1.000000000000000000 ) ) ;
#833 = DIRECTION ( 'NONE',  ( -0.000000000000000000, -0.000000000000000000, -1.000000000000000000 ) ) ;
#834 = ORIENTED_EDGE ( 'NONE', *, *, #931, .F. ) ;
#835 = DIRECTION ( 'NONE',  ( 0.000000000000000000, 0.000000000000000000, -1.000000000000000000 ) ) ;
#836 = EDGE_LOOP ( 'NONE', ( #448, #141, #1258, #1429 ) ) ;
#837 = LINE ( 'NONE', #123, #1217 ) ;
#838 = ORIENTED_EDGE ( 'NONE', *, *, #1383, .F. ) ;
#839 = DIRECTION ( 'NONE',  ( 0.000000000000000000, 0.000000000000000000, 1.000000000000000000 ) ) ;
#840 = LINE ( 'NONE', #1177, #343 ) ;
#841 = VECTOR ( 'NONE', #835, 1000.000000000000000 ) ;
#842 = AXIS2_PLACEMENT_3D ( 'NONE', #1460, #1469, #398 ) ;
#843 = VERTEX_POINT ( 'NONE', #1053 ) ;
#844 = ORIENTED_EDGE ( 'NONE', *, *, #443, .F. ) ;
#845 = CARTESIAN_POINT ( 'NONE',  ( 40.50000000000000000, -26.25000000000001066, 0.000000000000000000 ) ) ;
#846 = ORIENTED_EDGE ( 'NONE', *, *, #1002, .T. ) ;
#847 = DIRECTION ( 'NONE',  ( -1.000000000000000000, -4.956352788505164254E-16, 0.000000000000000000 ) ) ;
#848 = ADVANCED_FACE ( 'NONE', ( #231 ), #1304, .F. ) ;
#849 = DIRECTION ( 'NONE',  ( 0.000000000000000000, 0.000000000000000000, -1.000000000000000000 ) ) ;
#850 = ORIENTED_EDGE ( 'NONE', *, *, #862, .T. ) ;
#851 = ORIENTED_EDGE ( 'NONE', *, *, #1223, .F. ) ;
#852 = CARTESIAN_POINT ( 'NONE',  ( 0.000000000000000000, -10.50000000000000000, 2.000000000000000000 ) ) ;
#853 = ADVANCED_FACE ( 'NONE', ( #9 ), #131, .F. ) ;
#854 = VERTEX_POINT ( 'NONE', #249 ) ;
#855 = EDGE_LOOP ( 'NONE', ( #1107, #183, #651, #707 ) ) ;
#856 = DIRECTION ( 'NONE',  ( -0.000000000000000000, -0.000000000000000000, -1.000000000000000000 ) ) ;
#857 = EDGE_CURVE ( 'NONE', #1302, #866, #945, .T. ) ;
#858 = VERTEX_POINT ( 'NONE', #938 ) ;
#859 = VECTOR ( 'NONE', #671, 1000.000000000000000 ) ;
#860 = FACE_OUTER_BOUND ( 'NONE', #992, .T. ) ;
#861 = CIRCLE ( 'NONE', #1261, 1.500000000000001332 ) ;
#862 = EDGE_CURVE ( 'NONE', #331, #1207, #116, .T. ) ;
#863 = ORIENTED_EDGE ( 'NONE', *, *, #717, .F. ) ;
#864 = ORIENTED_EDGE ( 'NONE', *, *, #277, .F. ) ;
#865 = DIRECTION ( 'NONE',  ( 0.000000000000000000, 0.000000000000000000, -1.000000000000000000 ) ) ;
#866 = VERTEX_POINT ( 'NONE', #1048 ) ;
#867 = EDGE_LOOP ( 'NONE', ( #386, #360, #566, #353 ) ) ;
#868 = DIRECTION ( 'NONE',  ( -1.000000000000000000, 0.000000000000000000, 0.000000000000000000 ) ) ;
#869 = CARTESIAN_POINT ( 'NONE',  ( 0.000000000000000000, 0.000000000000000000, 0.000000000000000000 ) ) ;
#870 = ORIENTED_EDGE ( 'NONE', *, *, #701, .F. ) ;
#871 = VERTEX_POINT ( 'NONE', #709 ) ;
#872 = CARTESIAN_POINT ( 'NONE',  ( 28.00000000000723333, -31.12999999999997414, 2.000000000000000000 ) ) ;
#873 = ORIENTED_EDGE ( 'NONE', *, *, #1224, .F. ) ;
#874 = ORIENTED_EDGE ( 'NONE', *, *, #909, .T. ) ;
#875 = LINE ( 'NONE', #1371, #1372 ) ;
#876 = VECTOR ( 'NONE', #1303, 1000.000000000000000 ) ;
#877 = CARTESIAN_POINT ( 'NONE',  ( 73.00091392515392386, 0.000000000000000000, 0.000000000000000000 ) ) ;
#878 = PRODUCT ( 'speaker_fastener', 'speaker_fastener', '', ( #1094 ) ) ;
#879 = ORIENTED_EDGE ( 'NONE', *, *, #980, .F. ) ;
#880 = EDGE_LOOP ( 'NONE', ( #756, #261, #991, #829 ) ) ;
#881 = CARTESIAN_POINT ( 'NONE',  ( 53.00034272193884277, -26.23139908999998227, 2.000000000000000000 ) ) ;
#882 = ORIENTED_EDGE ( 'NONE', *, *, #1496, .F. ) ;
#883 = CIRCLE ( 'NONE', #416, 3.199428796778081896 ) ;
#884 = LINE ( 'NONE', #1356, #505 ) ;
#885 = EDGE_CURVE ( 'NONE', #96, #1379, #473, .T. ) ;
#886 = ORIENTED_EDGE ( 'NONE', *, *, #122, .T. ) ;
#887 = ADVANCED_FACE ( 'NONE', ( #586 ), #703, .T. ) ;
#888 = DIRECTION ( 'NONE',  ( -0.000000000000000000, -0.000000000000000000, -1.000000000000000000 ) ) ;
#889 = AXIS2_PLACEMENT_3D ( 'NONE', #1062, #365, #1054 ) ;
#890 =( NAMED_UNIT ( * ) PLANE_ANGLE_UNIT ( ) SI_UNIT ( $, .RADIAN. ) );
#891 = ORIENTED_EDGE ( 'NONE', *, *, #337, .T. ) ;
#892 = AXIS2_PLACEMENT_3D ( 'NONE', #679, #1504, #922 ) ;
#893 = CARTESIAN_POINT ( 'NONE',  ( 73.00091392515392386, -4.400913925155075290, 2.000000000000000000 ) ) ;
#894 = ORIENTED_EDGE ( 'NONE', *, *, #946, .T. ) ;
#895 = PLANE ( 'NONE',  #452 ) ;
#896 = DIRECTION ( 'NONE',  ( 1.000000000000000000, 0.000000000000000000, 0.000000000000000000 ) ) ;
#897 = DIRECTION ( 'NONE',  ( 0.000000000000000000, 1.000000000000000000, 0.000000000000000000 ) ) ;
#898 = EDGE_LOOP ( 'NONE', ( #595, #944, #873, #1098 ) ) ;
#899 = CARTESIAN_POINT ( 'NONE',  ( 42.00000000000000000, -26.25000000000001066, 2.000000000000000000 ) ) ;
#900 = ORIENTED_EDGE ( 'NONE', *, *, #980, .T. ) ;
#901 = DIRECTION ( 'NONE',  ( -1.000000000000000000, 0.000000000000000000, 0.000000000000000000 ) ) ;
#902 = AXIS2_PLACEMENT_3D ( 'NONE', #3, #174, #17 ) ;
#903 = LINE ( 'NONE', #655, #407 ) ;
#904 = EDGE_CURVE ( 'NONE', #121, #1097, #1311, .T. ) ;
#905 = CARTESIAN_POINT ( 'NONE',  ( 4.969999999999999751, -3.220000000000000195, 0.000000000000000000 ) ) ;
#906 = LINE ( 'NONE', #552, #786 ) ;
#907 = EDGE_CURVE ( 'NONE', #712, #1088, #380, .T. ) ;
#908 = LINE ( 'NONE', #1388, #148 ) ;
#909 = EDGE_CURVE ( 'NONE', #915, #1302, #677, .T. ) ;
#910 = CIRCLE ( 'NONE', #822, 0.5000000000000004441 ) ;
#911 = ORIENTED_EDGE ( 'NONE', *, *, #299, .F. ) ;
#912 = DIRECTION ( 'NONE',  ( 0.000000000000000000, 1.000000000000000000, -0.000000000000000000 ) ) ;
#913 = PRESENTATION_STYLE_ASSIGNMENT (( #1030 ) ) ;
#914 = PLANE ( 'NONE',  #69 ) ;
#915 = VERTEX_POINT ( 'NONE', #1085 ) ;
#916 = EDGE_CURVE ( 'NONE', #1359, #1507, #21, .T. ) ;
#917 = CARTESIAN_POINT ( 'NONE',  ( 40.50000000000000000, -26.25000000000001066, 0.000000000000000000 ) ) ;
#918 = CIRCLE ( 'NONE', #251, 0.5000000000000004441 ) ;
#919 = DIRECTION ( 'NONE',  ( 1.000000000000000000, 0.000000000000000000, 0.000000000000000000 ) ) ;
#920 = EDGE_LOOP ( 'NONE', ( #284, #259, #985, #256 ) ) ;
#921 = DIRECTION ( 'NONE',  ( 1.000000000000000000, 0.000000000000000000, 0.000000000000000000 ) ) ;
#922 = DIRECTION ( 'NONE',  ( -0.000000000000000000, 0.000000000000000000, -1.000000000000000000 ) ) ;
#923 = DIRECTION ( 'NONE',  ( 0.000000000000000000, -0.000000000000000000, -1.000000000000000000 ) ) ;
#924 = DIRECTION ( 'NONE',  ( 0.000000000000000000, 0.000000000000000000, -1.000000000000000000 ) ) ;
#925 = VECTOR ( 'NONE', #511, 1000.000000000000000 ) ;
#926 = CARTESIAN_POINT ( 'NONE',  ( 48.00034272193884277, -26.23139908999998227, 0.000000000000000000 ) ) ;
#927 = CARTESIAN_POINT ( 'NONE',  ( 4.800000000013421975, 0.000000000000000000, 2.000000000000000000 ) ) ;
#928 = EDGE_LOOP ( 'NONE', ( #281, #623 ) ) ;
#929 = ADVANCED_FACE ( 'NONE', ( #799, #596, #568, #368, #330 ), #966, .T. ) ;
#930 = UNCERTAINTY_MEASURE_WITH_UNIT (LENGTH_MEASURE( 1.000000000000000082E-05 ), #1050, 'distance_accuracy_value', 'NONE');
#931 = EDGE_CURVE ( 'NONE', #1091, #482, #109, .T. ) ;
#932 = DIRECTION ( 'NONE',  ( 0.000000000000000000, -0.000000000000000000, 1.000000000000000000 ) ) ;
#933 = DIRECTION ( 'NONE',  ( 0.000000000000000000, 0.000000000000000000, -1.000000000000000000 ) ) ;
#934 = VERTEX_POINT ( 'NONE', #1188 ) ;
#935 = AXIS2_PLACEMENT_3D ( 'NONE', #781, #897, #215 ) ;
#936 = DIRECTION ( 'NONE',  ( -0.000000000000000000, -0.000000000000000000, -1.000000000000000000 ) ) ;
#937 = AXIS2_PLACEMENT_3D ( 'NONE', #881, #1099, #501 ) ;
#938 = CARTESIAN_POINT ( 'NONE',  ( 65.00000000000000000, -3.900000000000000355, 0.000000000000000000 ) ) ;
#939 = APPLICATION_CONTEXT ( 'automotive_design' ) ;
#940 = CARTESIAN_POINT ( 'NONE',  ( 79.03000000000000114, -3.219999999999999751, 0.000000000000000000 ) ) ;
#941 = VERTEX_POINT ( 'NONE', #1074 ) ;
#942 = ORIENTED_EDGE ( 'NONE', *, *, #1338, .F. ) ;
#943 = DIRECTION ( 'NONE',  ( -0.000000000000000000, 0.000000000000000000, 1.000000000000000000 ) ) ;
#944 = ORIENTED_EDGE ( 'NONE', *, *, #638, .F. ) ;
#945 = LINE ( 'NONE', #464, #291 ) ;
#946 = EDGE_CURVE ( 'NONE', #28, #674, #472, .T. ) ;
#947 = CIRCLE ( 'NONE', #1344, 4.999999999999997335 ) ;
#948 = VECTOR ( 'NONE', #1364, 1000.000000000000000 ) ;
#949 = CARTESIAN_POINT ( 'NONE',  ( 41.99999999999998579, -8.750000000000007105, 2.000000000000000000 ) ) ;
#950 = EDGE_CURVE ( 'NONE', #589, #770, #653, .T. ) ;
#951 = DIRECTION ( 'NONE',  ( 1.000000000000000000, 0.000000000000000000, 0.000000000000000000 ) ) ;
#952 = ORIENTED_EDGE ( 'NONE', *, *, #60, .T. ) ;
#953 = CARTESIAN_POINT ( 'NONE',  ( 55.00034272193884277, -31.23139908999998227, 0.000000000000000000 ) ) ;
#954 = DIRECTION ( 'NONE',  ( -8.673617379884043361E-16, 1.000000000000000000, 0.000000000000000000 ) ) ;
#955 = DIRECTION ( 'NONE',  ( -0.000000000000000000, -0.000000000000000000, -1.000000000000000000 ) ) ;
#956 = ORIENTED_EDGE ( 'NONE', *, *, #138, .T. ) ;
#957 = CARTESIAN_POINT ( 'NONE',  ( 28.00000000000723333, -31.12999999999997414, 2.000000000000000000 ) ) ;
#958 = VERTEX_POINT ( 'NONE', #161 ) ;
#959 = PLANE ( 'NONE',  #972 ) ;
#960 = AXIS2_PLACEMENT_3D ( 'NONE', #810, #582, #1423 ) ;
#961 = AXIS2_PLACEMENT_3D ( 'NONE', #1013, #93, #425 ) ;
#962 = DIRECTION ( 'NONE',  ( 0.000000000000000000, -1.000000000000000000, 0.000000000000000000 ) ) ;
#963 = CARTESIAN_POINT ( 'NONE',  ( 48.00034272193884277, 0.000000000000000000, 0.000000000000000000 ) ) ;
#964 = ORIENTED_EDGE ( 'NONE', *, *, #981, .T. ) ;
#965 = ORIENTED_EDGE ( 'NONE', *, *, #4, .T. ) ;
#966 = PLANE ( 'NONE',  #76 ) ;
#967 = ORIENTED_EDGE ( 'NONE', *, *, #907, .F. ) ;
#968 = DIRECTION ( 'NONE',  ( 0.000000000000000000, 0.000000000000000000, -1.000000000000000000 ) ) ;
#969 = ADVANCED_FACE ( 'NONE', ( #1155 ), #792, .F. ) ;
#970 = CARTESIAN_POINT ( 'NONE',  ( 73.00091392515392386, -7.600000000000000533, 0.000000000000000000 ) ) ;
#971 = CARTESIAN_POINT ( 'NONE',  ( 81.00000000000000000, 0.000000000000000000, 2.000000000000000000 ) ) ;
#972 = AXIS2_PLACEMENT_3D ( 'NONE', #20, #1410, #468 ) ;
#973 = EDGE_LOOP ( 'NONE', ( #1121, #1205, #1472, #900 ) ) ;
#974 = EDGE_LOOP ( 'NONE', ( #491, #234, #942, #1328 ) ) ;
#975 = CARTESIAN_POINT ( 'NONE',  ( 40.50000000000000000, -26.25000000000001066, 2.000000000000000000 ) ) ;
#976 = VECTOR ( 'NONE', #856, 1000.000000000000000 ) ;
#977 = ORIENTED_EDGE ( 'NONE', *, *, #232, .T. ) ;
#978 = EDGE_CURVE ( 'NONE', #1014, #714, #228, .T. ) ;
#979 = CARTESIAN_POINT ( 'NONE',  ( 33.00000000000724043, -43.12999999999998124, 2.000000000000000000 ) ) ;
#980 = EDGE_CURVE ( 'NONE', #1114, #279, #338, .T. ) ;
#981 = EDGE_CURVE ( 'NONE', #1087, #1449, #1426, .T. ) ;
#982 = EDGE_LOOP ( 'NONE', ( #911, #1399, #1167, #413 ) ) ;
#983 = CARTESIAN_POINT ( 'NONE',  ( 3.469999999999999751, -3.220000000000000195, 2.000000000000000000 ) ) ;
#984 = ORIENTED_EDGE ( 'NONE', *, *, #1180, .F. ) ;
#985 = ORIENTED_EDGE ( 'NONE', *, *, #1093, .F. ) ;
#986 = CARTESIAN_POINT ( 'NONE',  ( 81.00000000000000000, 0.000000000000000000, 0.000000000000000000 ) ) ;
#987 = ORIENTED_EDGE ( 'NONE', *, *, #946, .F. ) ;
#988 = CARTESIAN_POINT ( 'NONE',  ( 4.800000000013421975, 0.000000000000000000, 2.000000000000000000 ) ) ;
#989 = PLANE ( 'NONE',  #1010 ) ;
#990 = STYLED_ITEM ( 'NONE', ( #913 ), #68 ) ;
#991 = ORIENTED_EDGE ( 'NONE', *, *, #463, .T. ) ;
#992 = EDGE_LOOP ( 'NONE', ( #342, #1361, #740, #376 ) ) ;
#993 = FACE_OUTER_BOUND ( 'NONE', #199, .T. ) ;
#994 = VERTEX_POINT ( 'NONE', #224 ) ;
#995 = ORIENTED_EDGE ( 'NONE', *, *, #765, .T. ) ;
#996 = CARTESIAN_POINT ( 'NONE',  ( 41.99999999999998579, -8.750000000000007105, 0.000000000000000000 ) ) ;
#997 = DIRECTION ( 'NONE',  ( -0.000000000000000000, 0.000000000000000000, 1.000000000000000000 ) ) ;
#998 = EDGE_CURVE ( 'NONE', #87, #1359, #1039, .T. ) ;
#999 = DIRECTION ( 'NONE',  ( 0.000000000000000000, 0.000000000000000000, -1.000000000000000000 ) ) ;
#1000 = ORIENTED_EDGE ( 'NONE', *, *, #603, .F. ) ;
#1001 = CARTESIAN_POINT ( 'NONE',  ( 0.000000000000000000, -4.400000000000000355, 0.000000000000000000 ) ) ;
#1002 = EDGE_CURVE ( 'NONE', #28, #598, #1196, .T. ) ;
#1003 = DIRECTION ( 'NONE',  ( 0.000000000000000000, -1.000000000000000000, 0.000000000000000000 ) ) ;
#1004 = AXIS2_PLACEMENT_3D ( 'NONE', #1025, #685, #114 ) ;
#1005 = DIRECTION ( 'NONE',  ( -0.000000000000000000, 0.000000000000000000, -1.000000000000000000 ) ) ;
#1006 = VECTOR ( 'NONE', #139, 1000.000000000000000 ) ;
#1007 = ORIENTED_EDGE ( 'NONE', *, *, #676, .T. ) ;
#1008 = DIRECTION ( 'NONE',  ( -1.000000000000000000, 0.000000000000000000, 0.000000000000000000 ) ) ;
#1009 = LINE ( 'NONE', #164, #103 ) ;
#1010 = AXIS2_PLACEMENT_3D ( 'NONE', #1210, #506, #77 ) ;
#1011 = CARTESIAN_POINT ( 'NONE',  ( 0.000000000000000000, -10.50000000000000000, 2.000000000000000000 ) ) ;
#1012 = CLOSED_SHELL ( 'NONE', ( #1295, #24, #1045, #1451, #48, #929, #541, #1484, #321, #172, #548, #1271, #339, #751, #230, #969, #273, #211, #887, #105, #580, #512, #825, #848, #1456, #78, #1432, #244, #100, #767, #1060, #1111, #193, #7, #1256, #445, #137, #661, #853, #1184, #493, #513, #546, #166 ) ) ;
#1013 = CARTESIAN_POINT ( 'NONE',  ( 40.49999999999998579, -8.750000000000007105, 2.000000000000000000 ) ) ;
#1014 = VERTEX_POINT ( 'NONE', #260 ) ;
#1015 = DIRECTION ( 'NONE',  ( 0.000000000000000000, 0.000000000000000000, 1.000000000000000000 ) ) ;
#1016 = CYLINDRICAL_SURFACE ( 'NONE', #1269, 3.500000000000003109 ) ;
#1017 = VERTEX_POINT ( 'NONE', #1301 ) ;
#1018 = EDGE_CURVE ( 'NONE', #525, #1178, #1510, .T. ) ;
#1019 = LINE ( 'NONE', #200, #264 ) ;
#1020 = EDGE_CURVE ( 'NONE', #1306, #1370, #481, .T. ) ;
#1021 = CARTESIAN_POINT ( 'NONE',  ( 53.00034272193884277, -9.400000000000000355, 2.000000000000000000 ) ) ;
#1022 = ORIENTED_EDGE ( 'NONE', *, *, #1043, .F. ) ;
#1023 = LINE ( 'NONE', #439, #710 ) ;
#1024 = ORIENTED_EDGE ( 'NONE', *, *, #787, .T. ) ;
#1025 = CARTESIAN_POINT ( 'NONE',  ( 3.469999999999999751, -3.220000000000000195, 0.000000000000000000 ) ) ;
#1026 = VECTOR ( 'NONE', #129, 1000.000000000000000 ) ;
#1027 = VECTOR ( 'NONE', #921, 1000.000000000000000 ) ;
#1028 = DIRECTION ( 'NONE',  ( -0.000000000000000000, 0.000000000000000000, 1.000000000000000000 ) ) ;
#1029 = EDGE_CURVE ( 'NONE', #1218, #370, #1307, .T. ) ;
#1030 = SURFACE_STYLE_USAGE ( .BOTH. , #776 ) ;
#1031 = CARTESIAN_POINT ( 'NONE',  ( 0.000000000000000000, -4.400000000000000355, 2.000000000000000000 ) ) ;
#1032 = CARTESIAN_POINT ( 'NONE',  ( 28.00000000000722977, -4.400000000000000355, 0.000000000000000000 ) ) ;
#1033 = ORIENTED_EDGE ( 'NONE', *, *, #337, .F. ) ;
#1034 = CARTESIAN_POINT ( 'NONE',  ( 73.00091392515392386, -4.400000000000000355, 2.000000000000000000 ) ) ;
#1035 = DIRECTION ( 'NONE',  ( -0.000000000000000000, -0.000000000000000000, -1.000000000000000000 ) ) ;
#1036 = VERTEX_POINT ( 'NONE', #1392 ) ;
#1037 = CARTESIAN_POINT ( 'NONE',  ( 26.00000000000723333, 0.000000000000000000, 0.000000000000000000 ) ) ;
#1038 = AXIS2_PLACEMENT_3D ( 'NONE', #852, #56, #402 ) ;
#1039 = LINE ( 'NONE', #957, #720 ) ;
#1040 = ORIENTED_EDGE ( 'NONE', *, *, #1496, .T. ) ;
#1041 = CARTESIAN_POINT ( 'NONE',  ( -0.000000000000000000, -10.50000000000000000, 0.000000000000000000 ) ) ;
#1042 = DIRECTION ( 'NONE',  ( 0.000000000000000000, 0.000000000000000000, -1.000000000000000000 ) ) ;
#1043 = EDGE_CURVE ( 'NONE', #1080, #1474, #1442, .T. ) ;
#1044 = DIRECTION ( 'NONE',  ( -0.000000000000000000, -0.000000000000000000, -1.000000000000000000 ) ) ;
#1045 = ADVANCED_FACE ( 'NONE', ( #377 ), #617, .F. ) ;
#1046 = AXIS2_PLACEMENT_3D ( 'NONE', #41, #497, #682 ) ;
#1047 = AXIS2_PLACEMENT_3D ( 'NONE', #979, #1450, #414 ) ;
#1048 = CARTESIAN_POINT ( 'NONE',  ( 55.50000000000000000, -4.400000000000000355, 2.000000000000000000 ) ) ;
#1049 = FACE_OUTER_BOUND ( 'NONE', #1339, .T. ) ;
#1050 =( LENGTH_UNIT ( ) NAMED_UNIT ( * ) SI_UNIT ( .MILLI., .METRE. ) );
#1051 = ORIENTED_EDGE ( 'NONE', *, *, #694, .T. ) ;
#1052 = DIRECTION ( 'NONE',  ( 1.000000000000000000, 0.000000000000000000, 0.000000000000000000 ) ) ;
#1053 = CARTESIAN_POINT ( 'NONE',  ( 55.00034272193884277, -43.23139908999998227, 2.000000000000000000 ) ) ;
#1054 = DIRECTION ( 'NONE',  ( 1.000000000000000000, 0.000000000000000000, 0.000000000000000000 ) ) ;
#1055 = SHAPE_DEFINITION_REPRESENTATION ( #1323, #1272 ) ;
#1056 = ORIENTED_EDGE ( 'NONE', *, *, #1384, .F. ) ;
#1057 = CARTESIAN_POINT ( 'NONE',  ( 53.00034272193884277, -26.23139908999998227, 0.000000000000000000 ) ) ;
#1058 = AXIS2_PLACEMENT_3D ( 'NONE', #1360, #310, #659 ) ;
#1059 = EDGE_CURVE ( 'NONE', #665, #289, #772, .T. ) ;
#1060 = ADVANCED_FACE ( 'NONE', ( #240 ), #959, .T. ) ;
#1061 = LINE ( 'NONE', #1298, #456 ) ;
#1062 = CARTESIAN_POINT ( 'NONE',  ( 28.00000000000722977, -26.12999999999997414, 2.000000000000000000 ) ) ;
#1063 = EDGE_CURVE ( 'NONE', #642, #915, #702, .T. ) ;
#1064 = CARTESIAN_POINT ( 'NONE',  ( 7.999428796791503871, -7.600000000000000533, 2.000000000000000000 ) ) ;
#1065 = EDGE_LOOP ( 'NONE', ( #1140, #372 ) ) ;
#1066 = DIRECTION ( 'NONE',  ( -0.000000000000000000, -0.000000000000000000, -1.000000000000000000 ) ) ;
#1067 = ORIENTED_EDGE ( 'NONE', *, *, #361, .F. ) ;
#1068 = DIRECTION ( 'NONE',  ( 0.000000000000000000, 1.000000000000000000, -0.000000000000000000 ) ) ;
#1069 = AXIS2_PLACEMENT_3D ( 'NONE', #821, #954, #1279 ) ;
#1070 = AXIS2_PLACEMENT_3D ( 'NONE', #308, #1374, #322 ) ;
#1071 = VECTOR ( 'NONE', #1351, 1000.000000000000000 ) ;
#1072 = CARTESIAN_POINT ( 'NONE',  ( 3.469999999999999751, -3.220000000000000195, 0.000000000000000000 ) ) ;
#1073 = EDGE_LOOP ( 'NONE', ( #1289, #1453, #965, #754 ) ) ;
#1074 = CARTESIAN_POINT ( 'NONE',  ( 65.50000000000000000, -4.400000000000000355, 0.000000000000000000 ) ) ;
#1075 = VERTEX_POINT ( 'NONE', #584 ) ;
#1076 = CARTESIAN_POINT ( 'NONE',  ( 28.00000000000722977, -26.12999999999997414, 2.000000000000000000 ) ) ;
#1077 = LINE ( 'NONE', #149, #1154 ) ;
#1078 = DIRECTION ( 'NONE',  ( 0.000000000000000000, -0.000000000000000000, -1.000000000000000000 ) ) ;
#1079 = FACE_OUTER_BOUND ( 'NONE', #898, .T. ) ;
#1080 = VERTEX_POINT ( 'NONE', #1174 ) ;
#1081 = DIRECTION ( 'NONE',  ( -0.000000000000000000, -0.000000000000000000, -1.000000000000000000 ) ) ;
#1082 = ORIENTED_EDGE ( 'NONE', *, *, #1059, .T. ) ;
#1083 = CARTESIAN_POINT ( 'NONE',  ( 0.000000000000000000, -4.400000000000000355, 2.000000000000000000 ) ) ;
#1084 = PRESENTATION_LAYER_ASSIGNMENT (  '', '', ( #990 ) ) ;
#1085 = CARTESIAN_POINT ( 'NONE',  ( 56.00000000000000000, -3.900000000000000355, 0.000000000000000000 ) ) ;
#1086 = DIRECTION ( 'NONE',  ( -0.000000000000000000, 0.000000000000000000, -1.000000000000000000 ) ) ;
#1087 = VERTEX_POINT ( 'NONE', #362 ) ;
#1088 = VERTEX_POINT ( 'NONE', #1309 ) ;
#1089 = CARTESIAN_POINT ( 'NONE',  ( 3.469999999999999751, -3.220000000000000195, 2.000000000000000000 ) ) ;
#1090 = EDGE_CURVE ( 'NONE', #1466, #712, #14, .T. ) ;
#1091 = VERTEX_POINT ( 'NONE', #953 ) ;
#1092 = CARTESIAN_POINT ( 'NONE',  ( 53.00034272193884277, -31.23139908999998582, 2.000000000000000000 ) ) ;
#1093 = EDGE_CURVE ( 'NONE', #601, #1212, #504, .T. ) ;
#1094 = PRODUCT_CONTEXT ( 'NONE', #1119, 'mechanical' ) ;
#1095 = CARTESIAN_POINT ( 'NONE',  ( 1.969999999999999529, -3.220000000000000195, 2.000000000000000000 ) ) ;
#1096 = VECTOR ( 'NONE', #962, 1000.000000000000000 ) ;
#1097 = VERTEX_POINT ( 'NONE', #725 ) ;
#1098 = ORIENTED_EDGE ( 'NONE', *, *, #1020, .F. ) ;
#1099 = DIRECTION ( 'NONE',  ( 0.000000000000000000, -0.000000000000000000, -1.000000000000000000 ) ) ;
#1100 = VERTEX_POINT ( 'NONE', #484 ) ;
#1101 = DIRECTION ( 'NONE',  ( -0.000000000000000000, -0.000000000000000000, -1.000000000000000000 ) ) ;
#1102 = PRODUCT_DEFINITION_FORMATION_WITH_SPECIFIED_SOURCE ( 'ANY', '', #878, .NOT_KNOWN. ) ;
#1103 = CYLINDRICAL_SURFACE ( 'NONE', #1109, 1.500000000000001332 ) ;
#1104 = ORIENTED_EDGE ( 'NONE', *, *, #716, .F. ) ;
#1105 = EDGE_LOOP ( 'NONE', ( #179, #844, #268, #1284 ) ) ;
#1106 = CYLINDRICAL_SURFACE ( 'NONE', #1283, 4.999999999999997335 ) ;
#1107 = ORIENTED_EDGE ( 'NONE', *, *, #300, .F. ) ;
#1108 = CARTESIAN_POINT ( 'NONE',  ( 40.50000000000000000, -26.25000000000001066, 2.000000000000000000 ) ) ;
#1109 = AXIS2_PLACEMENT_3D ( 'NONE', #523, #1452, #631 ) ;
#1110 = EDGE_CURVE ( 'NONE', #411, #843, #355, .T. ) ;
#1111 = ADVANCED_FACE ( 'NONE', ( #246 ), #1168, .F. ) ;
#1112 = CARTESIAN_POINT ( 'NONE',  ( 55.00034272193884277, -43.23139908999998227, 0.000000000000000000 ) ) ;
#1113 = ORIENTED_EDGE ( 'NONE', *, *, #213, .F. ) ;
#1114 = VERTEX_POINT ( 'NONE', #31 ) ;
#1115 = DIRECTION ( 'NONE',  ( 0.000000000000000000, -0.000000000000000000, 1.000000000000000000 ) ) ;
#1116 = ORIENTED_EDGE ( 'NONE', *, *, #1018, .F. ) ;
#1117 = LINE ( 'NONE', #1092, #698 ) ;
#1118 = CARTESIAN_POINT ( 'NONE',  ( 81.00000000000000000, -10.50000000000000000, 2.000000000000000000 ) ) ;
#1119 = APPLICATION_CONTEXT ( 'automotive_design' ) ;
#1120 = DIRECTION ( 'NONE',  ( 1.000000000000000000, 0.000000000000000000, 0.000000000000000000 ) ) ;
#1121 = ORIENTED_EDGE ( 'NONE', *, *, #1461, .T. ) ;
#1122 = DIRECTION ( 'NONE',  ( -0.000000000000000000, -0.000000000000000000, -1.000000000000000000 ) ) ;
#1123 = AXIS2_PLACEMENT_3D ( 'NONE', #156, #1434, #839 ) ;
#1124 = ORIENTED_EDGE ( 'NONE', *, *, #809, .F. ) ;
#1125 = CARTESIAN_POINT ( 'NONE',  ( 76.03000000000000114, -3.219999999999999751, 2.000000000000000000 ) ) ;
#1126 = AXIS2_PLACEMENT_3D ( 'NONE', #1144, #440, #779 ) ;
#1127 = COLOUR_RGB ( '',0.7921568627450980005, 0.8196078431372548767, 0.9333333333333333481 ) ;
#1128 = CARTESIAN_POINT ( 'NONE',  ( 38.99999999999998579, -8.750000000000007105, 2.000000000000000000 ) ) ;
#1129 = DIRECTION ( 'NONE',  ( -1.000000000000000000, 0.000000000000000000, 0.000000000000000000 ) ) ;
#1130 = EDGE_LOOP ( 'NONE', ( #524, #879, #553, #128 ) ) ;
#1131 = DIRECTION ( 'NONE',  ( 4.956352788505165240E-16, -1.000000000000000000, 0.000000000000000000 ) ) ;
#1132 = ORIENTED_EDGE ( 'NONE', *, *, #122, .F. ) ;
#1133 = DIRECTION ( 'NONE',  ( 0.000000000000000000, 0.000000000000000000, -1.000000000000000000 ) ) ;
#1134 = EDGE_CURVE ( 'NONE', #467, #1306, #793, .T. ) ;
#1135 = CIRCLE ( 'NONE', #803, 1.500000000000000000 ) ;
#1136 = AXIS2_PLACEMENT_3D ( 'NONE', #1072, #933, #1172 ) ;
#1137 = LINE ( 'NONE', #1264, #1027 ) ;
#1138 = LINE ( 'NONE', #438, #859 ) ;
#1139 = PRODUCT_RELATED_PRODUCT_CATEGORY ( 'part', '', ( #878 ) ) ;
#1140 = ORIENTED_EDGE ( 'NONE', *, *, #191, .F. ) ;
#1141 = VECTOR ( 'NONE', #1237, 1000.000000000000000 ) ;
#1142 = CARTESIAN_POINT ( 'NONE',  ( 0.000000000000000000, -4.400000000000000355, 2.000000000000000000 ) ) ;
#1143 = EDGE_LOOP ( 'NONE', ( #607, #311, #1214, #418 ) ) ;
#1144 = CARTESIAN_POINT ( 'NONE',  ( 64.50000000000000000, -3.900000000000000799, 2.000000000000000000 ) ) ;
#1145 = EDGE_CURVE ( 'NONE', #745, #293, #837, .T. ) ;
#1146 = DIRECTION ( 'NONE',  ( -0.000000000000000000, -0.000000000000000000, -1.000000000000000000 ) ) ;
#1147 = FILL_AREA_STYLE_COLOUR ( '', #12 ) ;
#1148 = CARTESIAN_POINT ( 'NONE',  ( 36.50000000000724043, -43.12999999999998124, 2.000000000000000000 ) ) ;
#1149 = CARTESIAN_POINT ( 'NONE',  ( 73.00091392515392386, -7.600000000000000533, 2.000000000000000000 ) ) ;
#1150 = VECTOR ( 'NONE', #37, 1000.000000000000000 ) ;
#1151 = CARTESIAN_POINT ( 'NONE',  ( 76.19999999999885176, -7.600000000000000533, 0.000000000000000000 ) ) ;
#1152 = CARTESIAN_POINT ( 'NONE',  ( 44.50000000000723333, -43.12999999999997414, 0.000000000000000000 ) ) ;
#1153 = CYLINDRICAL_SURFACE ( 'NONE', #79, 1.500000000000001332 ) ;
#1154 = VECTOR ( 'NONE', #1068, 1000.000000000000000 ) ;
#1155 = FACE_OUTER_BOUND ( 'NONE', #1247, .T. ) ;
#1156 = EDGE_CURVE ( 'NONE', #589, #1228, #262, .T. ) ;
#1157 = DIRECTION ( 'NONE',  ( -1.000000000000000000, 0.000000000000000000, 0.000000000000000000 ) ) ;
#1158 = EDGE_CURVE ( 'NONE', #724, #508, #827, .T. ) ;
#1159 = EDGE_CURVE ( 'NONE', #724, #121, #495, .T. ) ;
#1160 = CARTESIAN_POINT ( 'NONE',  ( 1.547938319686391947E-14, -31.23139909000001069, 2.000000000000000000 ) ) ;
#1161 = FACE_OUTER_BOUND ( 'NONE', #973, .T. ) ;
#1162 = VECTOR ( 'NONE', #672, 1000.000000000000000 ) ;
#1163 = DIRECTION ( 'NONE',  ( -0.000000000000000000, -0.000000000000000000, -1.000000000000000000 ) ) ;
#1164 = DIRECTION ( 'NONE',  ( -1.000000000000000000, 0.000000000000000000, 0.000000000000000000 ) ) ;
#1165 = CARTESIAN_POINT ( 'NONE',  ( 76.03000000000000114, -3.219999999999999751, 0.000000000000000000 ) ) ;
#1166 = VERTEX_POINT ( 'NONE', #1404 ) ;
#1167 = ORIENTED_EDGE ( 'NONE', *, *, #162, .T. ) ;
#1168 = CYLINDRICAL_SURFACE ( 'NONE', #750, 5.000000000000000888 ) ;
#1169 = AXIS2_PLACEMENT_3D ( 'NONE', #1419, #1199, #371 ) ;
#1170 = VECTOR ( 'NONE', #1215, 1000.000000000000000 ) ;
#1171 = LINE ( 'NONE', #1191, #431 ) ;
#1172 = DIRECTION ( 'NONE',  ( -1.000000000000000000, 0.000000000000000000, 0.000000000000000000 ) ) ;
#1173 = ORIENTED_EDGE ( 'NONE', *, *, #356, .F. ) ;
#1174 = CARTESIAN_POINT ( 'NONE',  ( 65.00000000000000000, -3.900000000000000355, 2.000000000000000000 ) ) ;
#1175 = EDGE_CURVE ( 'NONE', #745, #934, #610, .T. ) ;
#1176 = DIRECTION ( 'NONE',  ( -0.000000000000000000, -0.000000000000000000, -1.000000000000000000 ) ) ;
#1177 = CARTESIAN_POINT ( 'NONE',  ( 55.00034272193884277, 0.000000000000000000, 2.000000000000000000 ) ) ;
#1178 = VERTEX_POINT ( 'NONE', #144 ) ;
#1179 = FILL_AREA_STYLE ('',( #453 ) ) ;
#1180 = EDGE_CURVE ( 'NONE', #730, #331, #49, .T. ) ;
#1181 = ORIENTED_EDGE ( 'NONE', *, *, #60, .F. ) ;
#1182 = DIRECTION ( 'NONE',  ( -0.000000000000000000, -0.000000000000000000, -1.000000000000000000 ) ) ;
#1183 = VECTOR ( 'NONE', #1455, 1000.000000000000000 ) ;
#1184 = ADVANCED_FACE ( 'NONE', ( #1285 ), #235, .F. ) ;
#1185 = FACE_OUTER_BOUND ( 'NONE', #974, .T. ) ;
#1186 = DIRECTION ( 'NONE',  ( 0.000000000000000000, 1.000000000000000000, -0.000000000000000000 ) ) ;
#1187 = ORIENTED_EDGE ( 'NONE', *, *, #916, .F. ) ;
#1188 = CARTESIAN_POINT ( 'NONE',  ( 28.00000000000722977, -4.400000000000000355, 2.000000000000000000 ) ) ;
#1189 = EDGE_LOOP ( 'NONE', ( #1181, #1132, #34, #660 ) ) ;
#1190 = DIRECTION ( 'NONE',  ( 1.000000000000000000, 0.000000000000000000, 0.000000000000000000 ) ) ;
#1191 = CARTESIAN_POINT ( 'NONE',  ( 1.969999999999999529, -3.220000000000000195, 2.000000000000000000 ) ) ;
#1192 = AXIS2_PLACEMENT_3D ( 'NONE', #40, #968, #1440 ) ;
#1193 = VECTOR ( 'NONE', #771, 1000.000000000000000 ) ;
#1194 = CARTESIAN_POINT ( 'NONE',  ( 73.00091392515392386, 0.000000000000000000, 2.000000000000000000 ) ) ;
#1195 = ORIENTED_EDGE ( 'NONE', *, *, #1363, .T. ) ;
#1196 = LINE ( 'NONE', #731, #450 ) ;
#1197 = ORIENTED_EDGE ( 'NONE', *, *, #27, .F. ) ;
#1198 = ORIENTED_EDGE ( 'NONE', *, *, #98, .F. ) ;
#1199 = DIRECTION ( 'NONE',  ( 0.000000000000000000, -0.000000000000000000, -1.000000000000000000 ) ) ;
#1200 = CARTESIAN_POINT ( 'NONE',  ( 55.50000000000000000, -3.900000000000000355, 0.000000000000000000 ) ) ;
#1201 = EDGE_CURVE ( 'NONE', #411, #5, #6, .T. ) ;
#1202 = CARTESIAN_POINT ( 'NONE',  ( 0.000000000000000000, -10.50000000000000000, 2.000000000000000000 ) ) ;
#1203 = EDGE_CURVE ( 'NONE', #871, #601, #348, .T. ) ;
#1204 = ORIENTED_EDGE ( 'NONE', *, *, #1397, .F. ) ;
#1205 = ORIENTED_EDGE ( 'NONE', *, *, #1201, .F. ) ;
#1206 = DIRECTION ( 'NONE',  ( -0.000000000000000000, -0.000000000000000000, -1.000000000000000000 ) ) ;
#1207 = VERTEX_POINT ( 'NONE', #996 ) ;
#1208 = DIRECTION ( 'NONE',  ( 0.000000000000000000, 1.000000000000000000, 0.000000000000000000 ) ) ;
#1209 =( NAMED_UNIT ( * ) SI_UNIT ( $, .STERADIAN. ) SOLID_ANGLE_UNIT ( ) );
#1210 = CARTESIAN_POINT ( 'NONE',  ( 0.000000000000000000, -43.12999999999997414, 2.000000000000000000 ) ) ;
#1211 = EDGE_LOOP ( 'NONE', ( #391, #984, #536, #1336 ) ) ;
#1212 = VERTEX_POINT ( 'NONE', #652 ) ;
#1213 = LINE ( 'NONE', #509, #1183 ) ;
#1214 = ORIENTED_EDGE ( 'NONE', *, *, #356, .T. ) ;
#1215 = DIRECTION ( 'NONE',  ( -0.000000000000000000, -0.000000000000000000, -1.000000000000000000 ) ) ;
#1216 = FACE_BOUND ( 'NONE', #636, .T. ) ;
#1217 = VECTOR ( 'NONE', #1182, 1000.000000000000000 ) ;
#1218 = VERTEX_POINT ( 'NONE', #1125 ) ;
#1219 = ORIENTED_EDGE ( 'NONE', *, *, #675, .F. ) ;
#1220 = DIRECTION ( 'NONE',  ( -1.000000000000000000, 0.000000000000000000, 0.000000000000000000 ) ) ;
#1221 = ORIENTED_EDGE ( 'NONE', *, *, #585, .T. ) ;
#1222 = CYLINDRICAL_SURFACE ( 'NONE', #576, 5.000000000000000888 ) ;
#1223 = EDGE_CURVE ( 'NONE', #770, #1367, #1009, .T. ) ;
#1224 = EDGE_CURVE ( 'NONE', #1370, #306, #947, .T. ) ;
#1225 = EDGE_CURVE ( 'NONE', #319, #1114, #75, .T. ) ;
#1226 = LINE ( 'NONE', #1202, #354 ) ;
#1227 = ORIENTED_EDGE ( 'NONE', *, *, #433, .F. ) ;
#1228 = VERTEX_POINT ( 'NONE', #528 ) ;
#1229 = DIRECTION ( 'NONE',  ( 0.000000000000000000, 0.000000000000000000, 1.000000000000000000 ) ) ;
#1230 = ORIENTED_EDGE ( 'NONE', *, *, #1002, .F. ) ;
#1231 = EDGE_CURVE ( 'NONE', #319, #1166, #58, .T. ) ;
#1232 = DIRECTION ( 'NONE',  ( -0.000000000000000000, 0.000000000000000000, 1.000000000000000000 ) ) ;
#1233 = CIRCLE ( 'NONE', #1430, 1.500000000000001332 ) ;
#1234 = FACE_OUTER_BOUND ( 'NONE', #176, .T. ) ;
#1235 = DIRECTION ( 'NONE',  ( 0.000000000000000000, -0.000000000000000000, 1.000000000000000000 ) ) ;
#1236 = ORIENTED_EDGE ( 'NONE', *, *, #1156, .T. ) ;
#1237 = DIRECTION ( 'NONE',  ( 1.000000000000000000, 0.000000000000000000, 0.000000000000000000 ) ) ;
#1238 = EDGE_LOOP ( 'NONE', ( #802, #294 ) ) ;
#1239 = DIRECTION ( 'NONE',  ( 1.000000000000000000, 0.000000000000000000, 0.000000000000000000 ) ) ;
#1240 = ORIENTED_EDGE ( 'NONE', *, *, #1020, .T. ) ;
#1241 = LINE ( 'NONE', #449, #147 ) ;
#1242 = EDGE_CURVE ( 'NONE', #642, #28, #531, .T. ) ;
#1243 =( NAMED_UNIT ( * ) SI_UNIT ( $, .STERADIAN. ) SOLID_ANGLE_UNIT ( ) );
#1244 = VERTEX_POINT ( 'NONE', #198 ) ;
#1245 = DIRECTION ( 'NONE',  ( -0.000000000000000000, -0.000000000000000000, 1.000000000000000000 ) ) ;
#1246 = AXIS2_PLACEMENT_3D ( 'NONE', #492, #686, #572 ) ;
#1247 = EDGE_LOOP ( 'NONE', ( #995, #851, #13, #1236 ) ) ;
#1248 = CARTESIAN_POINT ( 'NONE',  ( 48.00000000000724043, -43.12999999999997414, 0.000000000000000000 ) ) ;
#1249 = CIRCLE ( 'NONE', #1004, 1.500000000000000000 ) ;
#1250 = VECTOR ( 'NONE', #429, 1000.000000000000000 ) ;
#1251 = DIRECTION ( 'NONE',  ( 0.000000000000000000, 1.000000000000000000, -0.000000000000000000 ) ) ;
#1252 = EDGE_CURVE ( 'NONE', #589, #1100, #188, .T. ) ;
#1253 = ORIENTED_EDGE ( 'NONE', *, *, #52, .F. ) ;
#1254 = CARTESIAN_POINT ( 'NONE',  ( 55.50000000000000000, -3.900000000000000355, 2.000000000000000000 ) ) ;
#1255 = ORIENTED_EDGE ( 'NONE', *, *, #809, .T. ) ;
#1256 = ADVANCED_FACE ( 'NONE', ( #307 ), #1222, .F. ) ;
#1257 = DIRECTION ( 'NONE',  ( 1.000000000000000000, 0.000000000000000000, -0.000000000000000000 ) ) ;
#1258 = ORIENTED_EDGE ( 'NONE', *, *, #1501, .F. ) ;
#1259 = DIRECTION ( 'NONE',  ( -1.000000000000000000, 0.000000000000000000, 0.000000000000000000 ) ) ;
#1260 = CARTESIAN_POINT ( 'NONE',  ( 29.50000000000723688, -43.12999999999997414, 0.000000000000000000 ) ) ;
#1261 = AXIS2_PLACEMENT_3D ( 'NONE', #393, #865, #1220 ) ;
#1262 = DIRECTION ( 'NONE',  ( -1.000000000000000000, 0.000000000000000000, 0.000000000000000000 ) ) ;
#1263 = CARTESIAN_POINT ( 'NONE',  ( 65.50000000000000000, -4.400000000000000355, 2.000000000000000000 ) ) ;
#1264 = CARTESIAN_POINT ( 'NONE',  ( 0.000000000000000000, 0.000000000000000000, 0.000000000000000000 ) ) ;
#1265 = PLANE ( 'NONE',  #892 ) ;
#1266 = LINE ( 'NONE', #217, #204 ) ;
#1267 = AXIS2_PLACEMENT_3D ( 'NONE', #573, #349, #1292 ) ;
#1268 = EDGE_CURVE ( 'NONE', #1017, #994, #85, .T. ) ;
#1269 = AXIS2_PLACEMENT_3D ( 'NONE', #1362, #1377, #312 ) ;
#1270 = CARTESIAN_POINT ( 'NONE',  ( 44.50000000000723333, -43.12999999999997414, 2.000000000000000000 ) ) ;
#1271 = ADVANCED_FACE ( 'NONE', ( #646 ), #537, .T. ) ;
#1272 = ADVANCED_BREP_SHAPE_REPRESENTATION ( 'speaker_fastener', ( #68, #902 ), #680 ) ;
#1273 = STYLED_ITEM ( 'NONE', ( #133 ), #1272 ) ;
#1274 = CARTESIAN_POINT ( 'NONE',  ( 56.50000000000000000, -3.400000000000000355, 0.000000000000000000 ) ) ;
#1275 = CARTESIAN_POINT ( 'NONE',  ( 29.50000000000723688, -43.12999999999997414, 2.000000000000000000 ) ) ;
#1276 = CARTESIAN_POINT ( 'NONE',  ( 65.50000000000000000, -3.900000000000000355, 0.000000000000000000 ) ) ;
#1277 = VECTOR ( 'NONE', #455, 1000.000000000000000 ) ;
#1278 = CARTESIAN_POINT ( 'NONE',  ( 55.00034272193884277, 0.000000000000000000, 0.000000000000000000 ) ) ;
#1279 = DIRECTION ( 'NONE',  ( -1.000000000000000000, -8.673617379884043361E-16, 0.000000000000000000 ) ) ;
#1280 = VECTOR ( 'NONE', #955, 1000.000000000000000 ) ;
#1281 = CARTESIAN_POINT ( 'NONE',  ( 76.19999999999885176, -10.50000000000000000, 0.000000000000000000 ) ) ;
#1282 =( NAMED_UNIT ( * ) PLANE_ANGLE_UNIT ( ) SI_UNIT ( $, .RADIAN. ) );
#1283 = AXIS2_PLACEMENT_3D ( 'NONE', #64, #1229, #185 ) ;
#1284 = ORIENTED_EDGE ( 'NONE', *, *, #1201, .T. ) ;
#1285 = FACE_OUTER_BOUND ( 'NONE', #721, .T. ) ;
#1286 = PLANE ( 'NONE',  #538 ) ;
#1287 = LINE ( 'NONE', #238, #1280 ) ;
#1288 = EDGE_CURVE ( 'NONE', #712, #297, #1322, .T. ) ;
#1289 = ORIENTED_EDGE ( 'NONE', *, *, #628, .F. ) ;
#1290 = DIRECTION ( 'NONE',  ( 0.000000000000000000, 0.000000000000000000, -1.000000000000000000 ) ) ;
#1291 = AXIS2_PLACEMENT_3D ( 'NONE', #1385, #1081, #1417 ) ;
#1292 = DIRECTION ( 'NONE',  ( 1.000000000000000000, 0.000000000000000000, 0.000000000000000000 ) ) ;
#1293 = CARTESIAN_POINT ( 'NONE',  ( 55.00034272193884277, -43.23139908999998227, 2.000000000000000000 ) ) ;
#1294 = EDGE_LOOP ( 'NONE', ( #35, #46, #1187, #458 ) ) ;
#1295 = ADVANCED_FACE ( 'NONE', ( #619 ), #522, .F. ) ;
#1296 = ORIENTED_EDGE ( 'NONE', *, *, #1029, .F. ) ;
#1297 = DIRECTION ( 'NONE',  ( 1.000000000000000000, 0.000000000000000000, 0.000000000000000000 ) ) ;
#1298 = CARTESIAN_POINT ( 'NONE',  ( 33.00000000000723333, -9.400000000000000355, 2.000000000000000000 ) ) ;
#1299 = LINE ( 'NONE', #1194, #275 ) ;
#1300 = VECTOR ( 'NONE', #192, 1000.000000000000000 ) ;
#1301 = CARTESIAN_POINT ( 'NONE',  ( 55.00034272193884277, -31.23139908999998227, 2.000000000000000000 ) ) ;
#1302 = VERTEX_POINT ( 'NONE', #637 ) ;
#1303 = DIRECTION ( 'NONE',  ( 0.000000000000000000, -1.000000000000000000, 0.000000000000000000 ) ) ;
#1304 = PLANE ( 'NONE',  #1069 ) ;
#1305 = DIRECTION ( 'NONE',  ( 0.000000000000000000, -1.000000000000000000, 0.000000000000000000 ) ) ;
#1306 = VERTEX_POINT ( 'NONE', #1467 ) ;
#1307 = LINE ( 'NONE', #153, #1150 ) ;
#1308 = ORIENTED_EDGE ( 'NONE', *, *, #950, .T. ) ;
#1309 = CARTESIAN_POINT ( 'NONE',  ( 73.00091392515392386, -4.400913925155075290, 0.000000000000000000 ) ) ;
#1310 = EDGE_CURVE ( 'NONE', #1212, #994, #1117, .T. ) ;
#1311 = LINE ( 'NONE', #373, #1096 ) ;
#1312 = AXIS2_PLACEMENT_3D ( 'NONE', #970, #266, #726 ) ;
#1313 = AXIS2_PLACEMENT_3D ( 'NONE', #869, #997, #1352 ) ;
#1314 = EDGE_CURVE ( 'NONE', #1321, #500, #66, .T. ) ;
#1315 = EDGE_LOOP ( 'NONE', ( #400, #886, #542, #369 ) ) ;
#1316 = VECTOR ( 'NONE', #1003, 1000.000000000000000 ) ;
#1317 = DIRECTION ( 'NONE',  ( -0.000000000000000000, -0.000000000000000000, -1.000000000000000000 ) ) ;
#1318 = ORIENTED_EDGE ( 'NONE', *, *, #1461, .F. ) ;
#1319 = ORIENTED_EDGE ( 'NONE', *, *, #403, .T. ) ;
#1320 = DIRECTION ( 'NONE',  ( 0.000000000000000000, -1.000000000000000000, 0.000000000000000000 ) ) ;
#1321 = VERTEX_POINT ( 'NONE', #503 ) ;
#1322 = LINE ( 'NONE', #272, #1316 ) ;
#1323 = PRODUCT_DEFINITION_SHAPE ( 'NONE', 'NONE',  #1405 ) ;
#1324 = FACE_OUTER_BOUND ( 'NONE', #296, .T. ) ;
#1325 = ORIENTED_EDGE ( 'NONE', *, *, #1482, .T. ) ;
#1326 = ORIENTED_EDGE ( 'NONE', *, *, #4, .F. ) ;
#1327 = FACE_OUTER_BOUND ( 'NONE', #1105, .T. ) ;
#1328 = ORIENTED_EDGE ( 'NONE', *, *, #325, .T. ) ;
#1329 = ORIENTED_EDGE ( 'NONE', *, *, #638, .T. ) ;
#1330 = CARTESIAN_POINT ( 'NONE',  ( 56.50000000000000000, -3.900000000000000355, 2.000000000000000000 ) ) ;
#1331 = CIRCLE ( 'NONE', #212, 5.000000000000000888 ) ;
#1332 = VECTOR ( 'NONE', #634, 1000.000000000000000 ) ;
#1333 = ORIENTED_EDGE ( 'NONE', *, *, #118, .T. ) ;
#1334 = DIRECTION ( 'NONE',  ( 0.000000000000000000, 0.000000000000000000, -1.000000000000000000 ) ) ;
#1335 = ORIENTED_EDGE ( 'NONE', *, *, #1242, .F. ) ;
#1336 = ORIENTED_EDGE ( 'NONE', *, *, #191, .T. ) ;
#1337 = LINE ( 'NONE', #517, #1332 ) ;
#1338 = EDGE_CURVE ( 'NONE', #500, #319, #723, .T. ) ;
#1339 = EDGE_LOOP ( 'NONE', ( #62, #304, #1230, #894 ) ) ;
#1340 = ORIENTED_EDGE ( 'NONE', *, *, #656, .T. ) ;
#1341 = CARTESIAN_POINT ( 'NONE',  ( 4.969999999999999751, -3.220000000000000195, 2.000000000000000000 ) ) ;
#1342 = EDGE_CURVE ( 'NONE', #1178, #54, #741, .T. ) ;
#1343 = LINE ( 'NONE', #292, #794 ) ;
#1344 = AXIS2_PLACEMENT_3D ( 'NONE', #733, #1232, #171 ) ;
#1345 = AXIS2_PLACEMENT_3D ( 'NONE', #1491, #432, #896 ) ;
#1346 = ORIENTED_EDGE ( 'NONE', *, *, #904, .T. ) ;
#1347 = ORIENTED_EDGE ( 'NONE', *, *, #807, .F. ) ;
#1348 = DIRECTION ( 'NONE',  ( -1.000000000000000000, 0.000000000000000000, 0.000000000000000000 ) ) ;
#1349 = ORIENTED_EDGE ( 'NONE', *, *, #561, .T. ) ;
#1350 = ORIENTED_EDGE ( 'NONE', *, *, #232, .F. ) ;
#1351 = DIRECTION ( 'NONE',  ( 1.000000000000000000, 8.673617379884042375E-16, 0.000000000000000000 ) ) ;
#1352 = DIRECTION ( 'NONE',  ( 1.000000000000000000, 0.000000000000000000, 0.000000000000000000 ) ) ;
#1353 = LINE ( 'NONE', #303, #567 ) ;
#1354 = ORIENTED_EDGE ( 'NONE', *, *, #1433, .F. ) ;
#1355 = CARTESIAN_POINT ( 'NONE',  ( 33.00000000000723333, -9.400000000000000355, 0.000000000000000000 ) ) ;
#1356 = CARTESIAN_POINT ( 'NONE',  ( 0.000000000000000000, 0.000000000000000000, 2.000000000000000000 ) ) ;
#1357 = VECTOR ( 'NONE', #341, 1000.000000000000000 ) ;
#1358 = FACE_OUTER_BOUND ( 'NONE', #347, .T. ) ;
#1359 = VERTEX_POINT ( 'NONE', #405 ) ;
#1360 = CARTESIAN_POINT ( 'NONE',  ( 48.00034272193884277, 0.000000000000000000, 2.000000000000000000 ) ) ;
#1361 = ORIENTED_EDGE ( 'NONE', *, *, #325, .F. ) ;
#1362 = CARTESIAN_POINT ( 'NONE',  ( 48.00000000000724043, -43.12999999999997414, 2.000000000000000000 ) ) ;
#1363 = EDGE_CURVE ( 'NONE', #714, #724, #884, .T. ) ;
#1364 = DIRECTION ( 'NONE',  ( -0.000000000000000000, -0.000000000000000000, 1.000000000000000000 ) ) ;
#1365 = EDGE_CURVE ( 'NONE', #770, #745, #875, .T. ) ;
#1366 = CARTESIAN_POINT ( 'NONE',  ( 38.99999999999998579, -8.750000000000007105, 0.000000000000000000 ) ) ;
#1367 = VERTEX_POINT ( 'NONE', #681 ) ;
#1368 = LINE ( 'NONE', #1031, #1162 ) ;
#1369 = VECTOR ( 'NONE', #1066, 1000.000000000000000 ) ;
#1370 = VERTEX_POINT ( 'NONE', #444 ) ;
#1371 = CARTESIAN_POINT ( 'NONE',  ( 7.999428796791503871, 0.000000000000000000, 2.000000000000000000 ) ) ;
#1372 = VECTOR ( 'NONE', #223, 1000.000000000000000 ) ;
#1373 = AXIS2_PLACEMENT_3D ( 'NONE', #1149, #1044, #901 ) ;
#1374 = DIRECTION ( 'NONE',  ( -0.000000000000000000, 0.000000000000000000, 1.000000000000000000 ) ) ;
#1375 = CARTESIAN_POINT ( 'NONE',  ( 28.00000000000722977, -9.400000000000000355, 2.000000000000000000 ) ) ;
#1376 = DIRECTION ( 'NONE',  ( 0.000000000000000000, 0.000000000000000000, 1.000000000000000000 ) ) ;
#1377 = DIRECTION ( 'NONE',  ( -0.000000000000000000, -0.000000000000000000, -1.000000000000000000 ) ) ;
#1378 = AXIS2_PLACEMENT_3D ( 'NONE', #604, #1078, #267 ) ;
#1379 = VERTEX_POINT ( 'NONE', #1032 ) ;
#1380 = LINE ( 'NONE', #549, #557 ) ;
#1381 = AXIS2_PLACEMENT_3D ( 'NONE', #1142, #684, #797 ) ;
#1382 = CARTESIAN_POINT ( 'NONE',  ( 40.50000000000000000, -26.25000000000001066, 2.000000000000000000 ) ) ;
#1383 = EDGE_CURVE ( 'NONE', #1359, #958, #336, .T. ) ;
#1384 = EDGE_CURVE ( 'NONE', #958, #534, #104, .T. ) ;
#1385 = CARTESIAN_POINT ( 'NONE',  ( 7.999428796791503871, -7.600000000000000533, 2.000000000000000000 ) ) ;
#1386 = CARTESIAN_POINT ( 'NONE',  ( 73.00091392515392386, -4.400000000000000355, 2.000000000000000000 ) ) ;
#1387 = LINE ( 'NONE', #1275, #614 ) ;
#1388 = CARTESIAN_POINT ( 'NONE',  ( 76.19999999999885176, -10.50000000000000000, 2.000000000000000000 ) ) ;
#1389 = AXIS2_PLACEMENT_3D ( 'NONE', #357, #832, #1164 ) ;
#1390 = AXIS2_PLACEMENT_3D ( 'NONE', #214, #670, #1157 ) ;
#1391 = AXIS2_PLACEMENT_3D ( 'NONE', #180, #1208, #389 ) ;
#1392 = CARTESIAN_POINT ( 'NONE',  ( 39.00000000000000000, -26.25000000000001066, 2.000000000000000000 ) ) ;
#1393 = AXIS2_PLACEMENT_3D ( 'NONE', #917, #1133, #90 ) ;
#1394 = DIRECTION ( 'NONE',  ( -0.000000000000000000, -0.000000000000000000, -1.000000000000000000 ) ) ;
#1395 = DIRECTION ( 'NONE',  ( 1.000000000000000000, 0.000000000000000000, -0.000000000000000000 ) ) ;
#1396 = ORIENTED_EDGE ( 'NONE', *, *, #466, .T. ) ;
#1397 = EDGE_CURVE ( 'NONE', #71, #958, #798, .T. ) ;
#1398 = CARTESIAN_POINT ( 'NONE',  ( 79.03000000000000114, -3.219999999999999751, 2.000000000000000000 ) ) ;
#1399 = ORIENTED_EDGE ( 'NONE', *, *, #701, .T. ) ;
#1400 = LINE ( 'NONE', #127, #830 ) ;
#1401 = CIRCLE ( 'NONE', #462, 1.500000000000001332 ) ;
#1402 = EDGE_LOOP ( 'NONE', ( #388, #1350, #415, #1349 ) ) ;
#1403 = ORIENTED_EDGE ( 'NONE', *, *, #162, .F. ) ;
#1404 = CARTESIAN_POINT ( 'NONE',  ( 36.50000000000724043, -43.12999999999998124, 0.000000000000000000 ) ) ;
#1405 = PRODUCT_DEFINITION ( 'UNKNOWN', '', #1102, #813 ) ;
#1406 = CARTESIAN_POINT ( 'NONE',  ( 41.99999999999998579, -8.750000000000007105, 2.000000000000000000 ) ) ;
#1407 = EDGE_CURVE ( 'NONE', #598, #1080, #265, .T. ) ;
#1408 = FACE_OUTER_BOUND ( 'NONE', #735, .T. ) ;
#1409 = ORIENTED_EDGE ( 'NONE', *, *, #1365, .F. ) ;
#1410 = DIRECTION ( 'NONE',  ( -1.000000000000000000, 0.000000000000000000, 0.000000000000000000 ) ) ;
#1411 = ORIENTED_EDGE ( 'NONE', *, *, #138, .F. ) ;
#1412 = VECTOR ( 'NONE', #1290, 1000.000000000000000 ) ;
#1413 = VECTOR ( 'NONE', #796, 1000.000000000000000 ) ;
#1414 = DIRECTION ( 'NONE',  ( 0.000000000000000000, -1.000000000000000000, 0.000000000000000000 ) ) ;
#1415 = DIRECTION ( 'NONE',  ( 0.000000000000000000, 0.000000000000000000, 1.000000000000000000 ) ) ;
#1416 = SURFACE_STYLE_FILL_AREA ( #1179 ) ;
#1417 = DIRECTION ( 'NONE',  ( -1.000000000000000000, 0.000000000000000000, 0.000000000000000000 ) ) ;
#1418 = ORIENTED_EDGE ( 'NONE', *, *, #628, .T. ) ;
#1419 = CARTESIAN_POINT ( 'NONE',  ( 53.00034272193884277, -9.400000000000000355, 2.000000000000000000 ) ) ;
#1420 = ORIENTED_EDGE ( 'NONE', *, *, #315, .F. ) ;
#1421 = VECTOR ( 'NONE', #1503, 1000.000000000000000 ) ;
#1422 = LINE ( 'NONE', #345, #1277 ) ;
#1423 = DIRECTION ( 'NONE',  ( -1.000000000000000000, 0.000000000000000000, 0.000000000000000000 ) ) ;
#1424 = EDGE_LOOP ( 'NONE', ( #956, #729, #863, #1325 ) ) ;
#1425 = CIRCLE ( 'NONE', #1136, 1.500000000000000000 ) ;
#1426 = LINE ( 'NONE', #608, #221 ) ;
#1427 = EDGE_CURVE ( 'NONE', #941, #858, #51, .T. ) ;
#1428 = EDGE_LOOP ( 'NONE', ( #846, #1478, #739, #392, #177, #1219, #378, #667, #72, #187, #1471, #609, #428, #1308, #271, #309, #952, #1326, #1511, #1007, #649, #254, #625, #375, #1396, #168, #736, #43, #1333, #1221, #30, #551, #278, #81 ) ) ;
#1429 = ORIENTED_EDGE ( 'NONE', *, *, #1090, .T. ) ;
#1430 = AXIS2_PLACEMENT_3D ( 'NONE', #1382, #1042, #1262 ) ;
#1431 = DIRECTION ( 'NONE',  ( 0.000000000000000000, 0.000000000000000000, -1.000000000000000000 ) ) ;
#1432 = ADVANCED_FACE ( 'NONE', ( #97 ), #895, .T. ) ;
#1433 = EDGE_CURVE ( 'NONE', #1075, #54, #1249, .T. ) ;
#1434 = DIRECTION ( 'NONE',  ( -1.000000000000000000, 0.000000000000000000, 0.000000000000000000 ) ) ;
#1435 = CARTESIAN_POINT ( 'NONE',  ( 56.50000000000000000, -3.900000000000000355, 0.000000000000000000 ) ) ;
#1436 = ORIENTED_EDGE ( 'NONE', *, *, #1252, .T. ) ;
#1437 = ORIENTED_EDGE ( 'NONE', *, *, #1397, .T. ) ;
#1438 = CARTESIAN_POINT ( 'NONE',  ( 0.000000000000000000, 0.000000000000000000, 2.000000000000000000 ) ) ;
#1439 = ORIENTED_EDGE ( 'NONE', *, *, #470, .T. ) ;
#1440 = DIRECTION ( 'NONE',  ( -1.000000000000000000, 0.000000000000000000, 0.000000000000000000 ) ) ;
#1441 = DIRECTION ( 'NONE',  ( 0.000000000000000000, -0.000000000000000000, -1.000000000000000000 ) ) ;
#1442 = CIRCLE ( 'NONE', #1246, 0.5000000000000004441 ) ;
#1443 = AXIS2_PLACEMENT_3D ( 'NONE', #1248, #923, #560 ) ;
#1444 = LINE ( 'NONE', #1485, #696 ) ;
#1445 =( GEOMETRIC_REPRESENTATION_CONTEXT ( 3 ) GLOBAL_UNCERTAINTY_ASSIGNED_CONTEXT ( ( #930 ) ) GLOBAL_UNIT_ASSIGNED_CONTEXT ( ( #1050, #243, #588 ) ) REPRESENTATION_CONTEXT ( 'NONE', 'WORKASPACE' ) );
#1446 = ORIENTED_EDGE ( 'NONE', *, *, #518, .T. ) ;
#1447 = ORIENTED_EDGE ( 'NONE', *, *, #981, .F. ) ;
#1448 = FACE_OUTER_BOUND ( 'NONE', #404, .T. ) ;
#1449 = VERTEX_POINT ( 'NONE', #1495 ) ;
#1450 = DIRECTION ( 'NONE',  ( 0.000000000000000000, -0.000000000000000000, -1.000000000000000000 ) ) ;
#1451 = ADVANCED_FACE ( 'NONE', ( #227 ), #1153, .F. ) ;
#1452 = DIRECTION ( 'NONE',  ( -0.000000000000000000, -0.000000000000000000, -1.000000000000000000 ) ) ;
#1453 = ORIENTED_EDGE ( 'NONE', *, *, #605, .T. ) ;
#1454 = ORIENTED_EDGE ( 'NONE', *, *, #1498, .F. ) ;
#1455 = DIRECTION ( 'NONE',  ( -1.000000000000000000, 0.000000000000000000, 0.000000000000000000 ) ) ;
#1456 = ADVANCED_FACE ( 'NONE', ( #1161 ), #1016, .F. ) ;
#1457 = ORIENTED_EDGE ( 'NONE', *, *, #561, .F. ) ;
#1458 = CARTESIAN_POINT ( 'NONE',  ( 1.547938319686391947E-14, -31.23139909000001069, 2.000000000000000000 ) ) ;
#1459 = AXIS2_PLACEMENT_3D ( 'NONE', #442, #1509, #88 ) ;
#1460 = CARTESIAN_POINT ( 'NONE',  ( 40.49999999999998579, -8.750000000000007105, 2.000000000000000000 ) ) ;
#1461 = EDGE_CURVE ( 'NONE', #279, #5, #1470, .T. ) ;
#1462 = ORIENTED_EDGE ( 'NONE', *, *, #785, .T. ) ;
#1463 = ORIENTED_EDGE ( 'NONE', *, *, #675, .T. ) ;
#1464 = FACE_OUTER_BOUND ( 'NONE', #167, .T. ) ;
#1465 = ORIENTED_EDGE ( 'NONE', *, *, #399, .F. ) ;
#1466 = VERTEX_POINT ( 'NONE', #662 ) ;
#1467 = CARTESIAN_POINT ( 'NONE',  ( 53.00034272193884277, -4.400000000000000355, 2.000000000000000000 ) ) ;
#1468 = AXIS2_PLACEMENT_3D ( 'NONE', #1057, #943, #155 ) ;
#1469 = DIRECTION ( 'NONE',  ( -0.000000000000000000, -0.000000000000000000, -1.000000000000000000 ) ) ;
#1470 = CIRCLE ( 'NONE', #1443, 3.500000000000003109 ) ;
#1471 = ORIENTED_EDGE ( 'NONE', *, *, #978, .F. ) ;
#1472 = ORIENTED_EDGE ( 'NONE', *, *, #466, .F. ) ;
#1473 = PLANE ( 'NONE',  #1038 ) ;
#1474 = VERTEX_POINT ( 'NONE', #1263 ) ;
#1475 = DIRECTION ( 'NONE',  ( -0.000000000000000000, -0.000000000000000000, 1.000000000000000000 ) ) ;
#1476 = DIRECTION ( 'NONE',  ( -1.000000000000000000, 0.000000000000000000, 0.000000000000000000 ) ) ;
#1477 = DIRECTION ( 'NONE',  ( 0.000000000000000000, -0.000000000000000000, -1.000000000000000000 ) ) ;
#1478 = ORIENTED_EDGE ( 'NONE', *, *, #1407, .T. ) ;
#1479 = DIRECTION ( 'NONE',  ( -0.000000000000000000, -0.000000000000000000, -1.000000000000000000 ) ) ;
#1480 = EDGE_LOOP ( 'NONE', ( #967, #635, #1463, #208 ) ) ;
#1481 = CARTESIAN_POINT ( 'NONE',  ( 28.00000000000722977, -9.400000000000000355, 2.000000000000000000 ) ) ;
#1482 = EDGE_CURVE ( 'NONE', #152, #297, #908, .T. ) ;
#1483 = AXIS2_PLACEMENT_3D ( 'NONE', #488, #471, #2 ) ;
#1484 = ADVANCED_FACE ( 'NONE', ( #791 ), #571, .F. ) ;
#1485 = CARTESIAN_POINT ( 'NONE',  ( 48.00034272193884277, 0.000000000000000000, 2.000000000000000000 ) ) ;
#1486 = CYLINDRICAL_SURFACE ( 'NONE', #344, 4.999999999999997335 ) ;
#1487 = EDGE_LOOP ( 'NONE', ( #834, #510, #1489, #203 ) ) ;
#1488 = CARTESIAN_POINT ( 'NONE',  ( 0.000000000000000000, -4.400000000000000355, 0.000000000000000000 ) ) ;
#1489 = ORIENTED_EDGE ( 'NONE', *, *, #381, .T. ) ;
#1490 = CARTESIAN_POINT ( 'NONE',  ( 76.19999999999885176, 0.000000000000000000, 2.000000000000000000 ) ) ;
#1491 = CARTESIAN_POINT ( 'NONE',  ( 55.50000000000000000, -3.900000000000000355, 2.000000000000000000 ) ) ;
#1492 = DIRECTION ( 'NONE',  ( -0.000000000000000000, -0.000000000000000000, -1.000000000000000000 ) ) ;
#1493 = DIRECTION ( 'NONE',  ( 1.000000000000000000, 4.956352788505165240E-16, 0.000000000000000000 ) ) ;
#1494 = VECTOR ( 'NONE', #1206, 1000.000000000000000 ) ;
#1495 = CARTESIAN_POINT ( 'NONE',  ( 0.000000000000000000, 0.000000000000000000, 0.000000000000000000 ) ) ;
#1496 = EDGE_CURVE ( 'NONE', #1091, #1212, #1266, .T. ) ;
#1497 = DIRECTION ( 'NONE',  ( 1.000000000000000000, 0.000000000000000000, 0.000000000000000000 ) ) ;
#1498 = EDGE_CURVE ( 'NONE', #289, #665, #700, .T. ) ;
#1499 = CARTESIAN_POINT ( 'NONE',  ( 39.00000000000000000, -26.25000000000001066, 0.000000000000000000 ) ) ;
#1500 = CARTESIAN_POINT ( 'NONE',  ( 33.00000000000723333, -26.12999999999997414, 0.000000000000000000 ) ) ;
#1501 = EDGE_CURVE ( 'NONE', #1466, #152, #544, .T. ) ;
#1502 = AXIS2_PLACEMENT_3D ( 'NONE', #1435, #140, #26 ) ;
#1503 = DIRECTION ( 'NONE',  ( -0.000000000000000000, -0.000000000000000000, -1.000000000000000000 ) ) ;
#1504 = DIRECTION ( 'NONE',  ( 1.000000000000000000, 0.000000000000000000, -0.000000000000000000 ) ) ;
#1505 = DIRECTION ( 'NONE',  ( 0.000000000000000000, -0.000000000000000000, -1.000000000000000000 ) ) ;
#1506 = DIRECTION ( 'NONE',  ( -0.000000000000000000, 0.000000000000000000, 1.000000000000000000 ) ) ;
#1507 = VERTEX_POINT ( 'NONE', #1500 ) ;
#1508 = CARTESIAN_POINT ( 'NONE',  ( 7.999428796791503871, -4.400000000000000355, 2.000000000000000000 ) ) ;
#1509 = DIRECTION ( 'NONE',  ( 0.000000000000000000, 0.000000000000000000, -1.000000000000000000 ) ) ;
#1510 = CIRCLE ( 'NONE', #333, 1.500000000000000000 ) ;
#1511 = ORIENTED_EDGE ( 'NONE', *, *, #430, .T. ) ;
#1512 = VECTOR ( 'NONE', #108, 1000.000000000000000 ) ;
ENDSEC;
END-ISO-10303-21;
