ISO-10303-21;
HEADER;
FILE_DESCRIPTION (( 'STEP AP214' ),
    '1' );
FILE_NAME ('Main_box_lights-part.STEP',
    '2026-07-28T23:20:26',
    ( '' ),
    ( '' ),
    'SwSTEP 2.0',
    'SolidWorks 2020',
    '' );
FILE_SCHEMA (( 'AUTOMOTIVE_DESIGN' ));
ENDSEC;

DATA;
#1 = CARTESIAN_POINT ( 'NONE',  ( 38.36530975637888474, 61.14999999999999858, 18.80999999999998806 ) ) ;
#2 = ORIENTED_EDGE ( 'NONE', *, *, #1285, .F. ) ;
#3 = DIRECTION ( 'NONE',  ( 0.000000000000000000, -0.000000000000000000, 1.000000000000000000 ) ) ;
#4 = PRODUCT_DEFINITION_FORMATION_WITH_SPECIFIED_SOURCE ( 'ANY', '', #85, .NOT_KNOWN. ) ;
#5 = ORIENTED_EDGE ( 'NONE', *, *, #1250, .T. ) ;
#6 = VECTOR ( 'NONE', #1593, 1000.000000000000000 ) ;
#7 = VECTOR ( 'NONE', #23, 1000.000000000000000 ) ;
#8 = EDGE_LOOP ( 'NONE', ( #352, #1451, #136, #575 ) ) ;
#9 = DIRECTION ( 'NONE',  ( -0.000000000000000000, -1.000000000000000000, -0.000000000000000000 ) ) ;
#10 = CARTESIAN_POINT ( 'NONE',  ( 1.649092318444901117, 57.04530975637888446, 18.80999999999999872 ) ) ;
#11 = EDGE_CURVE ( 'NONE', #919, #1459, #822, .T. ) ;
#12 = CARTESIAN_POINT ( 'NONE',  ( 86.00000000000000000, 7.820000000000000284, 18.61000000000000298 ) ) ;
#13 = CARTESIAN_POINT ( 'NONE',  ( 47.63469024362110815, 62.00000000000000000, 17.60999999999999943 ) ) ;
#14 = ORIENTED_EDGE ( 'NONE', *, *, #303, .T. ) ;
#15 = ADVANCED_FACE ( 'NONE', ( #1227 ), #106, .F. ) ;
#16 = ORIENTED_EDGE ( 'NONE', *, *, #1081, .T. ) ;
#17 = AXIS2_PLACEMENT_3D ( 'NONE', #135, #676, #1218 ) ;
#18 = CARTESIAN_POINT ( 'NONE',  ( 85.14999999999999147, 54.17999999999999972, 17.41000000000000725 ) ) ;
#19 = CARTESIAN_POINT ( 'NONE',  ( 82.34999999999999432, 60.35000000000000142, 18.61000000000000298 ) ) ;
#20 = VECTOR ( 'NONE', #1494, 1000.000000000000000 ) ;
#21 = DIRECTION ( 'NONE',  ( 0.000000000000000000, 0.000000000000000000, 1.000000000000000000 ) ) ;
#22 = VECTOR ( 'NONE', #339, 1000.000000000000000 ) ;
#23 = DIRECTION ( 'NONE',  ( 0.000000000000000000, 0.000000000000000000, -1.000000000000000000 ) ) ;
#24 = PLANE ( 'NONE',  #1634 ) ;
#25 = ORIENTED_EDGE ( 'NONE', *, *, #1716, .F. ) ;
#26 =( LENGTH_UNIT ( ) NAMED_UNIT ( * ) SI_UNIT ( .MILLI., .METRE. ) );
#27 = CARTESIAN_POINT ( 'NONE',  ( 38.36530975637888474, 61.14999999999999858, 17.60999999999998522 ) ) ;
#28 = EDGE_CURVE ( 'NONE', #1118, #1554, #1732, .T. ) ;
#29 = EDGE_CURVE ( 'NONE', #1246, #105, #647, .T. ) ;
#30 = ORIENTED_EDGE ( 'NONE', *, *, #1435, .F. ) ;
#31 = DIRECTION ( 'NONE',  ( -0.000000000000000000, 0.000000000000000000, 1.000000000000000000 ) ) ;
#32 = CARTESIAN_POINT ( 'NONE',  ( 35.50000000000000000, 61.14999999999999858, 17.60999999999998522 ) ) ;
#33 = CARTESIAN_POINT ( 'NONE',  ( 35.50000000000000000, 60.34999999999999432, 18.80999999999999872 ) ) ;
#34 = ORIENTED_EDGE ( 'NONE', *, *, #414, .F. ) ;
#35 = FACE_OUTER_BOUND ( 'NONE', #1186, .T. ) ;
#36 = CARTESIAN_POINT ( 'NONE',  ( 50.49999999999999289, 62.00000000000000000, 18.61000000000000298 ) ) ;
#37 = ORIENTED_EDGE ( 'NONE', *, *, #1640, .T. ) ;
#38 = VERTEX_POINT ( 'NONE', #33 ) ;
#39 = EDGE_CURVE ( 'NONE', #1554, #1046, #714, .T. ) ;
#40 = CARTESIAN_POINT ( 'NONE',  ( 3.649999999999999911, 61.14999999999999858, 18.61000000000000298 ) ) ;
#41 = CARTESIAN_POINT ( 'NONE',  ( 3.649999999999999023, 60.34999999999999432, 17.41000000000000014 ) ) ;
#42 = DIRECTION ( 'NONE',  ( -2.168404344971021884E-15, -0.000000000000000000, -1.000000000000000000 ) ) ;
#43 = VECTOR ( 'NONE', #1026, 1000.000000000000000 ) ;
#44 = CARTESIAN_POINT ( 'NONE',  ( 50.49999999999999289, 59.50000000000000000, 18.61000000000000298 ) ) ;
#45 = VERTEX_POINT ( 'NONE', #841 ) ;
#46 = FILL_AREA_STYLE_COLOUR ( '', #396 ) ;
#47 = DIRECTION ( 'NONE',  ( -0.000000000000000000, 1.000000000000000000, -0.000000000000000000 ) ) ;
#48 = VERTEX_POINT ( 'NONE', #1511 ) ;
#49 = LINE ( 'NONE', #991, #845 ) ;
#50 = DIRECTION ( 'NONE',  ( 0.000000000000000000, -1.000000000000000000, 0.000000000000000000 ) ) ;
#51 = ADVANCED_FACE ( 'NONE', ( #704 ), #439, .F. ) ;
#52 = LINE ( 'NONE', #1669, #430 ) ;
#53 = CARTESIAN_POINT ( 'NONE',  ( 35.50000000000000000, 59.50000000000000000, 17.60999999999998522 ) ) ;
#54 = VECTOR ( 'NONE', #1188, 1000.000000000000000 ) ;
#55 = EDGE_LOOP ( 'NONE', ( #71, #1724, #124, #369 ) ) ;
#56 = CARTESIAN_POINT ( 'NONE',  ( 50.49999999999999289, 59.50000000000000000, 17.60999999999999943 ) ) ;
#57 = PLANE ( 'NONE',  #129 ) ;
#58 = CARTESIAN_POINT ( 'NONE',  ( 0.8500000000000007550, 7.820000000000000284, 17.60999999999999943 ) ) ;
#59 = ADVANCED_FACE ( 'NONE', ( #1116 ), #24, .T. ) ;
#60 = ORIENTED_EDGE ( 'NONE', *, *, #29, .F. ) ;
#61 = CARTESIAN_POINT ( 'NONE',  ( 86.00000000000000000, 7.820000000000000284, 17.61000000000000654 ) ) ;
#62 = DIRECTION ( 'NONE',  ( -0.000000000000000000, 1.000000000000000000, -0.000000000000000000 ) ) ;
#63 = CARTESIAN_POINT ( 'NONE',  ( 84.34999999999999432, 7.820000000000000284, 17.41000000000000725 ) ) ;
#64 = CARTESIAN_POINT ( 'NONE',  ( 0.8500000000000014211, 57.04530975637888446, 18.80999999999999872 ) ) ;
#65 = EDGE_CURVE ( 'NONE', #91, #1635, #1255, .T. ) ;
#66 = ORIENTED_EDGE ( 'NONE', *, *, #1380, .T. ) ;
#67 = CARTESIAN_POINT ( 'NONE',  ( 50.49999999999999289, 61.14999999999999858, 17.60999999999999943 ) ) ;
#68 = EDGE_CURVE ( 'NONE', #1295, #1279, #1106, .T. ) ;
#69 = PLANE ( 'NONE',  #1421 ) ;
#70 = PLANE ( 'NONE',  #297 ) ;
#71 = ORIENTED_EDGE ( 'NONE', *, *, #909, .F. ) ;
#72 = LINE ( 'NONE', #1412, #467 ) ;
#73 = VECTOR ( 'NONE', #42, 1000.000000000000000 ) ;
#74 = EDGE_CURVE ( 'NONE', #1038, #532, #169, .T. ) ;
#75 = LINE ( 'NONE', #616, #1288 ) ;
#76 = DIRECTION ( 'NONE',  ( -4.081702296415999431E-15, 0.000000000000000000, 1.000000000000000000 ) ) ;
#77 = ORIENTED_EDGE ( 'NONE', *, *, #758, .T. ) ;
#78 = CARTESIAN_POINT ( 'NONE',  ( 84.34999999999999432, 7.820000000000000284, 18.61000000000000298 ) ) ;
#79 = FILL_AREA_STYLE_COLOUR ( '', #603 ) ;
#80 = DIRECTION ( 'NONE',  ( 0.000000000000000000, 0.000000000000000000, 1.000000000000000000 ) ) ;
#81 = EDGE_CURVE ( 'NONE', #283, #399, #581, .T. ) ;
#82 = CARTESIAN_POINT ( 'NONE',  ( 84.34999999999999432, 57.04530975637888446, 18.61000000000000298 ) ) ;
#83 = ORIENTED_EDGE ( 'NONE', *, *, #193, .T. ) ;
#84 = VECTOR ( 'NONE', #706, 1000.000000000000000 ) ;
#85 = PRODUCT ( 'Main_box_lights-part', 'Main_box_lights-part', '', ( #307 ) ) ;
#86 = ORIENTED_EDGE ( 'NONE', *, *, #277, .T. ) ;
#87 = FACE_OUTER_BOUND ( 'NONE', #1500, .T. ) ;
#88 = LINE ( 'NONE', #624, #95 ) ;
#89 = FACE_OUTER_BOUND ( 'NONE', #1202, .T. ) ;
#90 = DIRECTION ( 'NONE',  ( 0.000000000000000000, 1.000000000000000000, 0.000000000000000000 ) ) ;
#91 = VERTEX_POINT ( 'NONE', #726 ) ;
#92 = EDGE_CURVE ( 'NONE', #1602, #1623, #598, .T. ) ;
#93 = DIRECTION ( 'NONE',  ( 4.336808689942013299E-16, 0.000000000000000000, 1.000000000000000000 ) ) ;
#94 = ORIENTED_EDGE ( 'NONE', *, *, #414, .T. ) ;
#95 = VECTOR ( 'NONE', #473, 1000.000000000000000 ) ;
#96 = VECTOR ( 'NONE', #104, 1000.000000000000000 ) ;
#97 = VECTOR ( 'NONE', #971, 1000.000000000000000 ) ;
#98 = DIRECTION ( 'NONE',  ( 1.457750820148577758E-17, 1.000000000000000000, 0.000000000000000000 ) ) ;
#99 = LINE ( 'NONE', #1200, #1425 ) ;
#100 =( NAMED_UNIT ( * ) SI_UNIT ( $, .STERADIAN. ) SOLID_ANGLE_UNIT ( ) );
#101 = VERTEX_POINT ( 'NONE', #53 ) ;
#102 = ORIENTED_EDGE ( 'NONE', *, *, #1716, .T. ) ;
#103 = ADVANCED_FACE ( 'NONE', ( #459 ), #1097, .F. ) ;
#104 = DIRECTION ( 'NONE',  ( 1.000000000000000000, -0.000000000000000000, -0.000000000000000000 ) ) ;
#105 = VERTEX_POINT ( 'NONE', #592 ) ;
#106 = PLANE ( 'NONE',  #1448 ) ;
#107 = DIRECTION ( 'NONE',  ( -0.000000000000000000, -0.000000000000000000, 1.000000000000000000 ) ) ;
#108 = DIRECTION ( 'NONE',  ( -0.000000000000000000, -1.000000000000000000, -0.000000000000000000 ) ) ;
#109 = DIRECTION ( 'NONE',  ( -1.000000000000000000, 0.000000000000000000, 4.336808689942013299E-16 ) ) ;
#110 = VERTEX_POINT ( 'NONE', #993 ) ;
#111 = CARTESIAN_POINT ( 'NONE',  ( 86.00000000000000000, 57.04530975637888446, 18.61000000000000298 ) ) ;
#112 = CARTESIAN_POINT ( 'NONE',  ( 50.49999999999999289, 61.14999999999999858, 18.61000000000000298 ) ) ;
#113 = ORIENTED_EDGE ( 'NONE', *, *, #1006, .T. ) ;
#114 = ORIENTED_EDGE ( 'NONE', *, *, #1717, .F. ) ;
#115 = DIRECTION ( 'NONE',  ( -0.000000000000000000, -1.000000000000000000, -0.000000000000000000 ) ) ;
#116 = VERTEX_POINT ( 'NONE', #694 ) ;
#117 = ADVANCED_FACE ( 'NONE', ( #1529 ), #319, .F. ) ;
#118 = LINE ( 'NONE', #1314, #731 ) ;
#119 = CARTESIAN_POINT ( 'NONE',  ( 38.36530975637888474, 59.50000000000000000, 17.60999999999998522 ) ) ;
#120 = DIRECTION ( 'NONE',  ( -1.000000000000000000, -0.000000000000000000, 4.336808689942013299E-16 ) ) ;
#121 = CARTESIAN_POINT ( 'NONE',  ( 84.34999999999999432, 54.17999999999999972, 18.61000000000000298 ) ) ;
#122 = EDGE_LOOP ( 'NONE', ( #213, #1195, #389, #271 ) ) ;
#123 = LINE ( 'NONE', #960, #347 ) ;
#124 = ORIENTED_EDGE ( 'NONE', *, *, #186, .T. ) ;
#125 = EDGE_LOOP ( 'NONE', ( #244, #1174, #717, #165 ) ) ;
#126 = CARTESIAN_POINT ( 'NONE',  ( 82.34999999999999432, 0.000000000000000000, 0.000000000000000000 ) ) ;
#127 = CARTESIAN_POINT ( 'NONE',  ( 1.650000000000000577, 7.820000000000000284, 17.60999999999999943 ) ) ;
#128 = ORIENTED_EDGE ( 'NONE', *, *, #590, .F. ) ;
#129 = AXIS2_PLACEMENT_3D ( 'NONE', #1531, #190, #707 ) ;
#130 = VECTOR ( 'NONE', #1092, 1000.000000000000000 ) ;
#131 = ADVANCED_FACE ( 'NONE', ( #1675 ), #328, .F. ) ;
#132 = CARTESIAN_POINT ( 'NONE',  ( 47.63469024362110815, 62.00000000000000000, 18.61000000000000298 ) ) ;
#133 = CLOSED_SHELL ( 'NONE', ( #202, #774, #1273, #1560, #762, #1726, #1102, #217, #1509, #1473, #1346, #1533, #544, #1146 ) ) ;
#134 = AXIS2_PLACEMENT_3D ( 'NONE', #366, #385, #1728 ) ;
#135 = CARTESIAN_POINT ( 'NONE',  ( 47.63469024362110815, 59.50000000000000000, 17.60999999999999943 ) ) ;
#136 = ORIENTED_EDGE ( 'NONE', *, *, #1399, .T. ) ;
#137 = CARTESIAN_POINT ( 'NONE',  ( 38.36530975637888474, 61.14999999999999858, 17.60999999999998522 ) ) ;
#138 = ORIENTED_EDGE ( 'NONE', *, *, #1390, .F. ) ;
#139 = VERTEX_POINT ( 'NONE', #660 ) ;
#140 = CARTESIAN_POINT ( 'NONE',  ( 0.8500000000000014211, 54.17999999999999972, 18.61000000000000298 ) ) ;
#141 = CARTESIAN_POINT ( 'NONE',  ( 83.49999999999998579, 7.820000000000000284, 17.61000000000000654 ) ) ;
#142 = EDGE_CURVE ( 'NONE', #1118, #896, #1608, .T. ) ;
#143 = EDGE_CURVE ( 'NONE', #38, #1048, #929, .T. ) ;
#144 = CARTESIAN_POINT ( 'NONE',  ( 82.34999999999999432, 60.35000000000000142, 17.41000000000000014 ) ) ;
#145 = ORIENTED_EDGE ( 'NONE', *, *, #637, .F. ) ;
#146 = AXIS2_PLACEMENT_3D ( 'NONE', #442, #843, #1656 ) ;
#147 = EDGE_LOOP ( 'NONE', ( #154, #1221, #1463, #1460 ) ) ;
#148 = PLANE ( 'NONE',  #298 ) ;
#149 = VECTOR ( 'NONE', #1714, 1000.000000000000000 ) ;
#150 = CARTESIAN_POINT ( 'NONE',  ( 50.49999999999999289, 60.35000000000000142, 17.41000000000000014 ) ) ;
#151 = DIRECTION ( 'NONE',  ( 0.000000000000000000, 1.000000000000000000, 0.000000000000000000 ) ) ;
#152 = VERTEX_POINT ( 'NONE', #1189 ) ;
#153 = FACE_OUTER_BOUND ( 'NONE', #803, .T. ) ;
#154 = ORIENTED_EDGE ( 'NONE', *, *, #460, .F. ) ;
#155 = VECTOR ( 'NONE', #1468, 1000.000000000000000 ) ;
#156 = DIRECTION ( 'NONE',  ( -0.000000000000000000, -0.000000000000000000, 1.000000000000000000 ) ) ;
#157 = CARTESIAN_POINT ( 'NONE',  ( 1.650000000000000577, 7.820000000000000284, 18.61000000000000298 ) ) ;
#158 = CARTESIAN_POINT ( 'NONE',  ( 85.14999999999999147, 7.820000000000000284, 17.61000000000000298 ) ) ;
#159 = VECTOR ( 'NONE', #1711, 1000.000000000000000 ) ;
#160 = CARTESIAN_POINT ( 'NONE',  ( 84.34999999999999432, 7.820000000000000284, 17.41000000000000725 ) ) ;
#161 = EDGE_CURVE ( 'NONE', #1582, #48, #500, .T. ) ;
#162 = VERTEX_POINT ( 'NONE', #1712 ) ;
#163 = CARTESIAN_POINT ( 'NONE',  ( 0.8500000000000014211, 54.17999999999999972, 17.41000000000000014 ) ) ;
#164 = DIRECTION ( 'NONE',  ( 0.000000000000000000, 0.000000000000000000, -1.000000000000000000 ) ) ;
#165 = ORIENTED_EDGE ( 'NONE', *, *, #193, .F. ) ;
#166 = ORIENTED_EDGE ( 'NONE', *, *, #1077, .F. ) ;
#167 = LINE ( 'NONE', #1229, #351 ) ;
#168 = CARTESIAN_POINT ( 'NONE',  ( 85.14999999999999147, 57.04530975637888446, 18.81000000000000583 ) ) ;
#169 = LINE ( 'NONE', #44, #97 ) ;
#170 = ORIENTED_EDGE ( 'NONE', *, *, #898, .T. ) ;
#171 = CARTESIAN_POINT ( 'NONE',  ( 1.650000000000000577, 7.820000000000000284, 17.41000000000000014 ) ) ;
#172 = SURFACE_STYLE_USAGE ( .BOTH. , #1389 ) ;
#173 = VERTEX_POINT ( 'NONE', #742 ) ;
#174 = VECTOR ( 'NONE', #1037, 1000.000000000000000 ) ;
#175 = EDGE_CURVE ( 'NONE', #1530, #45, #374, .T. ) ;
#176 = CARTESIAN_POINT ( 'NONE',  ( 7.175823566942910832E-16, 57.04530975637888446, 18.61000000000000298 ) ) ;
#177 = DIRECTION ( 'NONE',  ( 0.000000000000000000, 0.000000000000000000, 1.000000000000000000 ) ) ;
#178 = CARTESIAN_POINT ( 'NONE',  ( 38.36530975637888474, 60.34999999999999432, 18.80999999999998806 ) ) ;
#179 = CARTESIAN_POINT ( 'NONE',  ( 35.50000000000000000, 61.14999999999999858, 17.40999999999998948 ) ) ;
#180 = PLANE ( 'NONE',  #745 ) ;
#181 = ORIENTED_EDGE ( 'NONE', *, *, #590, .T. ) ;
#182 = LINE ( 'NONE', #1119, #1040 ) ;
#183 = DIRECTION ( 'NONE',  ( 0.000000000000000000, 0.000000000000000000, -1.000000000000000000 ) ) ;
#184 = CARTESIAN_POINT ( 'NONE',  ( 2.500000000000002220, 54.17999999999999972, 18.61000000000000298 ) ) ;
#185 = DIRECTION ( 'NONE',  ( -1.000000000000000000, -0.000000000000000000, 4.336808689942013299E-16 ) ) ;
#186 = EDGE_CURVE ( 'NONE', #627, #923, #99, .T. ) ;
#187 = AXIS2_PLACEMENT_3D ( 'NONE', #168, #274, #806 ) ;
#188 = CARTESIAN_POINT ( 'NONE',  ( 47.63469024362110815, 61.14999999999999858, 18.61000000000000298 ) ) ;
#189 = EDGE_LOOP ( 'NONE', ( #524, #942, #477, #1683 ) ) ;
#190 = DIRECTION ( 'NONE',  ( 0.000000000000000000, 0.000000000000000000, -1.000000000000000000 ) ) ;
#191 = LINE ( 'NONE', #1016, #1123 ) ;
#192 = DIRECTION ( 'NONE',  ( -1.457750820148577758E-17, -1.000000000000000000, -0.000000000000000000 ) ) ;
#193 = EDGE_CURVE ( 'NONE', #110, #320, #1719, .T. ) ;
#194 = ADVANCED_FACE ( 'NONE', ( #1305 ), #1430, .F. ) ;
#195 = PLANE ( 'NONE',  #356 ) ;
#196 = ORIENTED_EDGE ( 'NONE', *, *, #1053, .F. ) ;
#197 = DIRECTION ( 'NONE',  ( -0.000000000000000000, -0.000000000000000000, -1.000000000000000000 ) ) ;
#198 = FACE_OUTER_BOUND ( 'NONE', #8, .T. ) ;
#199 = FACE_OUTER_BOUND ( 'NONE', #1164, .T. ) ;
#200 = ORIENTED_EDGE ( 'NONE', *, *, #1089, .T. ) ;
#201 = MECHANICAL_DESIGN_GEOMETRIC_PRESENTATION_REPRESENTATION (  '', ( #833 ), #754 ) ;
#202 = ADVANCED_FACE ( 'NONE', ( #1052 ), #359, .T. ) ;
#203 = CARTESIAN_POINT ( 'NONE',  ( 50.49999999999999289, 60.35000000000000142, 18.80999999999999872 ) ) ;
#204 = CARTESIAN_POINT ( 'NONE',  ( 1.650000000000001243, 57.04530975637888446, 18.61000000000000298 ) ) ;
#205 = CARTESIAN_POINT ( 'NONE',  ( 85.14999999999999147, 57.04530975637888446, 17.61000000000000298 ) ) ;
#206 = ORIENTED_EDGE ( 'NONE', *, *, #325, .F. ) ;
#207 = VECTOR ( 'NONE', #886, 1000.000000000000000 ) ;
#208 = LINE ( 'NONE', #496, #997 ) ;
#209 = ADVANCED_FACE ( 'NONE', ( #1315 ), #195, .F. ) ;
#210 = VECTOR ( 'NONE', #90, 1000.000000000000000 ) ;
#211 = VECTOR ( 'NONE', #642, 1000.000000000000000 ) ;
#212 = PLANE ( 'NONE',  #382 ) ;
#213 = ORIENTED_EDGE ( 'NONE', *, *, #74, .F. ) ;
#214 = ORIENTED_EDGE ( 'NONE', *, *, #397, .F. ) ;
#215 = CARTESIAN_POINT ( 'NONE',  ( 3.649999999999999467, 59.50000000000000000, 17.60999999999999943 ) ) ;
#216 = APPLICATION_CONTEXT ( 'automotive_design' ) ;
#217 = ADVANCED_FACE ( 'NONE', ( #1443 ), #792, .F. ) ;
#218 = DIRECTION ( 'NONE',  ( 0.000000000000000000, -0.000000000000000000, 1.000000000000000000 ) ) ;
#219 = CARTESIAN_POINT ( 'NONE',  ( 3.649999999999991918, 0.000000000000000000, -1.582935171828831543E-15 ) ) ;
#220 = ORIENTED_EDGE ( 'NONE', *, *, #1497, .T. ) ;
#221 = VECTOR ( 'NONE', #621, 1000.000000000000000 ) ;
#222 = PLANE ( 'NONE',  #1580 ) ;
#223 = ORIENTED_EDGE ( 'NONE', *, *, #28, .F. ) ;
#224 = PLANE ( 'NONE',  #1630 ) ;
#225 = FACE_OUTER_BOUND ( 'NONE', #1697, .T. ) ;
#226 = ADVANCED_FACE ( 'NONE', ( #225 ), #476, .T. ) ;
#227 = ORIENTED_EDGE ( 'NONE', *, *, #567, .F. ) ;
#228 = CARTESIAN_POINT ( 'NONE',  ( 35.50000000000000000, 60.34999999999999432, 18.60999999999998877 ) ) ;
#229 = EDGE_LOOP ( 'NONE', ( #1452, #113, #1294, #263 ) ) ;
#230 = AXIS2_PLACEMENT_3D ( 'NONE', #1658, #1230, #847 ) ;
#231 = VECTOR ( 'NONE', #390, 1000.000000000000000 ) ;
#232 = VECTOR ( 'NONE', #47, 1000.000000000000000 ) ;
#233 = DIRECTION ( 'NONE',  ( 0.004538361037101191348, -6.615799523964611911E-20, -0.9999897015865197858 ) ) ;
#234 = CARTESIAN_POINT ( 'NONE',  ( 3.649999999999999467, 59.50000000000000000, 17.60999999999999943 ) ) ;
#235 = ORIENTED_EDGE ( 'NONE', *, *, #303, .F. ) ;
#236 = PLANE ( 'NONE',  #949 ) ;
#237 = EDGE_CURVE ( 'NONE', #349, #1142, #1028, .T. ) ;
#238 = ADVANCED_FACE ( 'NONE', ( #1568 ), #902, .F. ) ;
#239 = LINE ( 'NONE', #533, #96 ) ;
#240 = ORIENTED_EDGE ( 'NONE', *, *, #1053, .T. ) ;
#241 = ORIENTED_EDGE ( 'NONE', *, *, #1399, .F. ) ;
#242 = CARTESIAN_POINT ( 'NONE',  ( 84.34999999999999432, 57.04530975637888446, 17.41000000000000725 ) ) ;
#243 = CARTESIAN_POINT ( 'NONE',  ( 47.63469024362110815, 61.14999999999999858, 17.41000000000000014 ) ) ;
#244 = ORIENTED_EDGE ( 'NONE', *, *, #1178, .F. ) ;
#245 = VECTOR ( 'NONE', #831, 1000.000000000000000 ) ;
#246 = LINE ( 'NONE', #268, #956 ) ;
#247 = EDGE_LOOP ( 'NONE', ( #1031, #1671, #1265, #1143 ) ) ;
#248 = ORIENTED_EDGE ( 'NONE', *, *, #364, .F. ) ;
#249 = CARTESIAN_POINT ( 'NONE',  ( 38.36530975637888474, 60.34999999999999432, 17.60999999999998522 ) ) ;
#250 = EDGE_CURVE ( 'NONE', #760, #1316, #1486, .T. ) ;
#251 = ORIENTED_EDGE ( 'NONE', *, *, #617, .F. ) ;
#252 = CARTESIAN_POINT ( 'NONE',  ( 50.49999999999999289, 60.35000000000000142, 18.61000000000000298 ) ) ;
#253 = DIRECTION ( 'NONE',  ( -1.457750820148577758E-17, -1.000000000000000000, -0.000000000000000000 ) ) ;
#254 = CARTESIAN_POINT ( 'NONE',  ( 82.34999999999999432, 61.14999999999999858, 17.41000000000000014 ) ) ;
#255 = DIRECTION ( 'NONE',  ( 1.000000000000000000, 0.000000000000000000, 0.000000000000000000 ) ) ;
#256 = VERTEX_POINT ( 'NONE', #158 ) ;
#257 = CARTESIAN_POINT ( 'NONE',  ( 0.8500000000000014211, 54.17999999999999972, 18.80999999999999872 ) ) ;
#258 = ORIENTED_EDGE ( 'NONE', *, *, #1128, .T. ) ;
#259 = LINE ( 'NONE', #137, #894 ) ;
#260 = CARTESIAN_POINT ( 'NONE',  ( 50.49999999999999289, 60.35000000000000142, 17.60999999999999943 ) ) ;
#261 = VERTEX_POINT ( 'NONE', #700 ) ;
#262 = EDGE_CURVE ( 'NONE', #504, #1212, #848, .T. ) ;
#263 = ORIENTED_EDGE ( 'NONE', *, *, #1215, .F. ) ;
#264 = AXIS2_PLACEMENT_3D ( 'NONE', #681, #394, #804 ) ;
#265 = EDGE_CURVE ( 'NONE', #162, #813, #683, .T. ) ;
#266 = DIRECTION ( 'NONE',  ( 0.000000000000000000, 0.000000000000000000, 1.000000000000000000 ) ) ;
#267 = LINE ( 'NONE', #1620, #1508 ) ;
#268 = CARTESIAN_POINT ( 'NONE',  ( 0.8500000000000014211, 54.17999999999999972, 17.60999999999999943 ) ) ;
#269 = ORIENTED_EDGE ( 'NONE', *, *, #1054, .F. ) ;
#270 = CARTESIAN_POINT ( 'NONE',  ( 82.34999999999999432, 61.14999999999999858, 17.41000000000000014 ) ) ;
#271 = ORIENTED_EDGE ( 'NONE', *, *, #1006, .F. ) ;
#272 = VERTEX_POINT ( 'NONE', #1751 ) ;
#273 = DIRECTION ( 'NONE',  ( 1.000000000000000000, 0.000000000000000000, -0.000000000000000000 ) ) ;
#274 = DIRECTION ( 'NONE',  ( 0.000000000000000000, 0.000000000000000000, -1.000000000000000000 ) ) ;
#275 =( NAMED_UNIT ( * ) PLANE_ANGLE_UNIT ( ) SI_UNIT ( $, .RADIAN. ) );
#276 = ADVANCED_FACE ( 'NONE', ( #948 ), #1374, .F. ) ;
#277 = EDGE_CURVE ( 'NONE', #173, #772, #1231, .T. ) ;
#278 = CARTESIAN_POINT ( 'NONE',  ( 84.34999999999999432, 7.820000000000000284, 17.61000000000000298 ) ) ;
#279 = CARTESIAN_POINT ( 'NONE',  ( 2.500000000000002220, 54.17999999999999972, 17.60999999999999943 ) ) ;
#280 = MECHANICAL_DESIGN_GEOMETRIC_PRESENTATION_REPRESENTATION (  '', ( #1075 ), #994 ) ;
#281 = ORIENTED_EDGE ( 'NONE', *, *, #39, .F. ) ;
#282 = DIRECTION ( 'NONE',  ( -0.000000000000000000, 1.000000000000000000, -0.000000000000000000 ) ) ;
#283 = VERTEX_POINT ( 'NONE', #712 ) ;
#284 = LINE ( 'NONE', #1526, #1563 ) ;
#285 = DIRECTION ( 'NONE',  ( 0.000000000000000000, 0.000000000000000000, -1.000000000000000000 ) ) ;
#286 = DIRECTION ( 'NONE',  ( 1.000000000000000000, -0.000000000000000000, -0.000000000000000000 ) ) ;
#287 = EDGE_CURVE ( 'NONE', #45, #393, #939, .T. ) ;
#288 = CARTESIAN_POINT ( 'NONE',  ( 47.63469024362110815, 59.50000000000000000, 17.60999999999999943 ) ) ;
#289 = DIRECTION ( 'NONE',  ( 0.000000000000000000, 0.000000000000000000, 1.000000000000000000 ) ) ;
#290 = VERTEX_POINT ( 'NONE', #1466 ) ;
#291 = CARTESIAN_POINT ( 'NONE',  ( 3.649999999999999911, 59.50000000000000000, 18.61000000000000298 ) ) ;
#292 = CARTESIAN_POINT ( 'NONE',  ( 82.34999999999999432, 61.14999999999999858, 18.61000000000000298 ) ) ;
#293 = ORIENTED_EDGE ( 'NONE', *, *, #92, .T. ) ;
#294 = DIRECTION ( 'NONE',  ( 1.000000000000000000, -1.457750820148577758E-17, 0.000000000000000000 ) ) ;
#295 = LINE ( 'NONE', #540, #1686 ) ;
#296 = CARTESIAN_POINT ( 'NONE',  ( 85.14999999999999147, 57.04530975637888446, 17.41000000000000725 ) ) ;
#297 = AXIS2_PLACEMENT_3D ( 'NONE', #333, #1428, #610 ) ;
#298 = AXIS2_PLACEMENT_3D ( 'NONE', #436, #1124, #456 ) ;
#299 = DIRECTION ( 'NONE',  ( 0.000000000000000000, -0.000000000000000000, 1.000000000000000000 ) ) ;
#300 = VECTOR ( 'NONE', #1386, 1000.000000000000000 ) ;
#301 = CARTESIAN_POINT ( 'NONE',  ( 35.50000000000000000, 60.34999999999999432, 17.40999999999998948 ) ) ;
#302 = EDGE_LOOP ( 'NONE', ( #510, #181, #1064, #214 ) ) ;
#303 = EDGE_CURVE ( 'NONE', #896, #1046, #1094, .T. ) ;
#304 = EDGE_CURVE ( 'NONE', #431, #313, #267, .T. ) ;
#305 = CARTESIAN_POINT ( 'NONE',  ( 35.50000000000000000, 59.50000000000000000, 18.61000000000000298 ) ) ;
#306 = DIRECTION ( 'NONE',  ( 1.000000000000000000, -0.000000000000000000, -0.000000000000000000 ) ) ;
#307 = PRODUCT_CONTEXT ( 'NONE', #867, 'mechanical' ) ;
#308 = ORIENTED_EDGE ( 'NONE', *, *, #1139, .T. ) ;
#309 = LINE ( 'NONE', #577, #130 ) ;
#310 = CARTESIAN_POINT ( 'NONE',  ( 3.649999999999999911, 62.00000000000000000, 18.61000000000000298 ) ) ;
#311 = CARTESIAN_POINT ( 'NONE',  ( 50.49999999999999289, 60.35000000000000142, 17.60999999999999943 ) ) ;
#312 = CARTESIAN_POINT ( 'NONE',  ( 47.63469024362110815, 60.35000000000000142, 18.80999999999999872 ) ) ;
#313 = VERTEX_POINT ( 'NONE', #141 ) ;
#314 = FACE_OUTER_BOUND ( 'NONE', #1059, .T. ) ;
#315 = LINE ( 'NONE', #1677, #383 ) ;
#316 = EDGE_CURVE ( 'NONE', #1283, #162, #1225, .T. ) ;
#317 = CARTESIAN_POINT ( 'NONE',  ( 47.63469024362110815, 61.14999999999999858, 18.61000000000000298 ) ) ;
#318 = CARTESIAN_POINT ( 'NONE',  ( 1.650000000000001243, 57.04530975637888446, 17.41000000000000014 ) ) ;
#319 = PLANE ( 'NONE',  #1013 ) ;
#320 = VERTEX_POINT ( 'NONE', #1083 ) ;
#321 = CARTESIAN_POINT ( 'NONE',  ( 50.49999999999999289, 62.00000000000000000, 17.60999999999999943 ) ) ;
#322 = EDGE_CURVE ( 'NONE', #1319, #923, #966, .T. ) ;
#323 = VECTOR ( 'NONE', #796, 1000.000000000000000 ) ;
#324 = CARTESIAN_POINT ( 'NONE',  ( 85.14999999999999147, 7.820000000000000284, 18.81000000000000583 ) ) ;
#325 = EDGE_CURVE ( 'NONE', #1137, #101, #1050, .T. ) ;
#326 = CARTESIAN_POINT ( 'NONE',  ( 0.000000000000000000, 7.820000000000000284, 18.61000000000000298 ) ) ;
#327 = VECTOR ( 'NONE', #586, 1000.000000000000000 ) ;
#328 = PLANE ( 'NONE',  #528 ) ;
#329 = ORIENTED_EDGE ( 'NONE', *, *, #1217, .T. ) ;
#330 = SURFACE_STYLE_USAGE ( .BOTH. , #1538 ) ;
#331 = DIRECTION ( 'NONE',  ( -0.000000000000000000, -1.000000000000000000, -0.000000000000000000 ) ) ;
#332 = LINE ( 'NONE', #1262, #701 ) ;
#333 = CARTESIAN_POINT ( 'NONE',  ( 47.63469024362110815, 60.35000000000000142, 18.80999999999999872 ) ) ;
#334 = ADVANCED_FACE ( 'NONE', ( #509 ), #1335, .F. ) ;
#335 = ORIENTED_EDGE ( 'NONE', *, *, #775, .F. ) ;
#336 =( NAMED_UNIT ( * ) PLANE_ANGLE_UNIT ( ) SI_UNIT ( $, .RADIAN. ) );
#337 = ORIENTED_EDGE ( 'NONE', *, *, #802, .F. ) ;
#338 = DIRECTION ( 'NONE',  ( -0.000000000000000000, -1.000000000000000000, -0.000000000000000000 ) ) ;
#339 = DIRECTION ( 'NONE',  ( -1.000000000000000000, -0.000000000000000000, -0.000000000000000000 ) ) ;
#340 = VECTOR ( 'NONE', #1637, 1000.000000000000000 ) ;
#341 = CARTESIAN_POINT ( 'NONE',  ( 84.34999999999999432, 7.820000000000000284, 18.81000000000000583 ) ) ;
#342 = ORIENTED_EDGE ( 'NONE', *, *, #1128, .F. ) ;
#343 = EDGE_CURVE ( 'NONE', #256, #1212, #1595, .T. ) ;
#344 = ORIENTED_EDGE ( 'NONE', *, *, #775, .T. ) ;
#345 = DIRECTION ( 'NONE',  ( 0.000000000000000000, 0.000000000000000000, 1.000000000000000000 ) ) ;
#346 = LINE ( 'NONE', #479, #639 ) ;
#347 = VECTOR ( 'NONE', #1487, 1000.000000000000000 ) ;
#348 = CARTESIAN_POINT ( 'NONE',  ( 47.63469024362110815, 59.50000000000000000, 18.61000000000000298 ) ) ;
#349 = VERTEX_POINT ( 'NONE', #658 ) ;
#350 = LINE ( 'NONE', #78, #1001 ) ;
#351 = VECTOR ( 'NONE', #156, 1000.000000000000000 ) ;
#352 = ORIENTED_EDGE ( 'NONE', *, *, #898, .F. ) ;
#353 = CARTESIAN_POINT ( 'NONE',  ( 35.50000000000000000, 69.49999999999998579, 0.000000000000000000 ) ) ;
#354 = LINE ( 'NONE', #505, #756 ) ;
#355 = EDGE_CURVE ( 'NONE', #105, #272, #118, .T. ) ;
#356 = AXIS2_PLACEMENT_3D ( 'NONE', #64, #1682, #1172 ) ;
#357 = FACE_OUTER_BOUND ( 'NONE', #122, .T. ) ;
#358 = CARTESIAN_POINT ( 'NONE',  ( 3.649999999999999911, 61.14999999999999858, 18.80999999999999872 ) ) ;
#359 = PLANE ( 'NONE',  #672 ) ;
#360 = EDGE_LOOP ( 'NONE', ( #784, #755, #541, #924 ) ) ;
#361 = DIRECTION ( 'NONE',  ( -1.000000000000000000, 0.000000000000000000, 4.336808689942013792E-16 ) ) ;
#362 = ORIENTED_EDGE ( 'NONE', *, *, #1054, .T. ) ;
#363 = SURFACE_STYLE_USAGE ( .BOTH. , #483 ) ;
#364 = EDGE_CURVE ( 'NONE', #139, #431, #946, .T. ) ;
#365 = DIRECTION ( 'NONE',  ( -0.000000000000000000, -1.000000000000000000, -0.000000000000000000 ) ) ;
#366 = CARTESIAN_POINT ( 'NONE',  ( 47.63469024362110815, 61.14999999999999858, 17.60999999999999943 ) ) ;
#367 = VECTOR ( 'NONE', #1376, 1000.000000000000000 ) ;
#368 = EDGE_LOOP ( 'NONE', ( #1329, #258, #1514, #941 ) ) ;
#369 = ORIENTED_EDGE ( 'NONE', *, *, #322, .F. ) ;
#370 = CARTESIAN_POINT ( 'NONE',  ( 85.14999999999999147, 7.820000000000000284, 18.61000000000000298 ) ) ;
#371 = EDGE_CURVE ( 'NONE', #1320, #1626, #1441, .T. ) ;
#372 = LINE ( 'NONE', #1453, #698 ) ;
#373 = CARTESIAN_POINT ( 'NONE',  ( 6.758132802208805916E-16, 54.17999999999999972, 18.61000000000000298 ) ) ;
#374 = LINE ( 'NONE', #517, #1422 ) ;
#375 = LINE ( 'NONE', #121, #1223 ) ;
#376 = EDGE_CURVE ( 'NONE', #1046, #1342, #404, .T. ) ;
#377 = ORIENTED_EDGE ( 'NONE', *, *, #1067, .F. ) ;
#378 = DIRECTION ( 'NONE',  ( 0.000000000000000000, -0.000000000000000000, 1.000000000000000000 ) ) ;
#379 = CARTESIAN_POINT ( 'NONE',  ( 0.8500000000000014211, 57.04530975637888446, 17.60999999999999943 ) ) ;
#380 = EDGE_LOOP ( 'NONE', ( #34, #1238, #1537, #145 ) ) ;
#381 = ORIENTED_EDGE ( 'NONE', *, *, #1033, .F. ) ;
#382 = AXIS2_PLACEMENT_3D ( 'NONE', #82, #900, #1011 ) ;
#383 = VECTOR ( 'NONE', #880, 1000.000000000000000 ) ;
#384 = DIRECTION ( 'NONE',  ( -1.000000000000000000, 0.000000000000000000, 4.081702296415999431E-15 ) ) ;
#385 = DIRECTION ( 'NONE',  ( 0.000000000000000000, -0.000000000000000000, 1.000000000000000000 ) ) ;
#386 = EDGE_LOOP ( 'NONE', ( #337, #1741, #697, #1058 ) ) ;
#387 = ADVANCED_FACE ( 'NONE', ( #910 ), #938, .F. ) ;
#388 = ORIENTED_EDGE ( 'NONE', *, *, #1139, .F. ) ;
#389 = ORIENTED_EDGE ( 'NONE', *, *, #175, .T. ) ;
#390 = DIRECTION ( 'NONE',  ( -1.000000000000000000, 1.457750820148577758E-17, 0.000000000000000000 ) ) ;
#391 = CARTESIAN_POINT ( 'NONE',  ( 1.649092318444900451, 7.820000000000000284, 18.80999999999999872 ) ) ;
#392 = VERTEX_POINT ( 'NONE', #252 ) ;
#393 = VERTEX_POINT ( 'NONE', #1606 ) ;
#394 = DIRECTION ( 'NONE',  ( -1.000000000000000000, 0.000000000000000000, 0.000000000000000000 ) ) ;
#395 = ORIENTED_EDGE ( 'NONE', *, *, #287, .F. ) ;
#396 = COLOUR_RGB ( '',1.000000000000000000, 1.000000000000000000, 1.000000000000000000 ) ;
#397 = EDGE_CURVE ( 'NONE', #1279, #1626, #516, .T. ) ;
#398 = FACE_OUTER_BOUND ( 'NONE', #1343, .T. ) ;
#399 = VERTEX_POINT ( 'NONE', #818 ) ;
#400 = DIRECTION ( 'NONE',  ( 0.000000000000000000, 0.000000000000000000, 1.000000000000000000 ) ) ;
#401 = FACE_OUTER_BOUND ( 'NONE', #537, .T. ) ;
#402 = ORIENTED_EDGE ( 'NONE', *, *, #265, .F. ) ;
#403 = ORIENTED_EDGE ( 'NONE', *, *, #931, .F. ) ;
#404 = LINE ( 'NONE', #1475, #613 ) ;
#405 = CARTESIAN_POINT ( 'NONE',  ( 38.36530975637888474, 59.50000000000000000, 18.60999999999998877 ) ) ;
#406 = EDGE_LOOP ( 'NONE', ( #878, #344, #1387, #200 ) ) ;
#407 =( NAMED_UNIT ( * ) PLANE_ANGLE_UNIT ( ) SI_UNIT ( $, .RADIAN. ) );
#408 = LINE ( 'NONE', #545, #816 ) ;
#409 = VECTOR ( 'NONE', #1078, 1000.000000000000000 ) ;
#410 = ORIENTED_EDGE ( 'NONE', *, *, #1690, .T. ) ;
#411 = DIRECTION ( 'NONE',  ( 0.000000000000000000, 0.000000000000000000, 1.000000000000000000 ) ) ;
#412 = LINE ( 'NONE', #1313, #1551 ) ;
#413 = ORIENTED_EDGE ( 'NONE', *, *, #1217, .F. ) ;
#414 = EDGE_CURVE ( 'NONE', #1283, #988, #372, .T. ) ;
#415 = ORIENTED_EDGE ( 'NONE', *, *, #1393, .T. ) ;
#416 = VECTOR ( 'NONE', #891, 1000.000000000000000 ) ;
#417 = DIRECTION ( 'NONE',  ( 0.000000000000000000, -1.000000000000000000, 0.000000000000000000 ) ) ;
#418 = CLOSED_SHELL ( 'NONE', ( #741, #839, #708, #1638, #117, #958, #15, #194, #387, #656, #1009, #1400, #1018, #438 ) ) ;
#419 = LINE ( 'NONE', #787, #323 ) ;
#420 = CARTESIAN_POINT ( 'NONE',  ( 50.49999999999999289, 61.14999999999999858, 17.41000000000000014 ) ) ;
#421 = EDGE_LOOP ( 'NONE', ( #657, #1275, #1604, #128 ) ) ;
#422 = SURFACE_STYLE_FILL_AREA ( #462 ) ;
#423 = ORIENTED_EDGE ( 'NONE', *, *, #696, .F. ) ;
#424 = EDGE_CURVE ( 'NONE', #453, #1707, #927, .T. ) ;
#425 = CARTESIAN_POINT ( 'NONE',  ( 2.500000000000002220, 57.04530975637888446, 18.61000000000000298 ) ) ;
#426 = CARTESIAN_POINT ( 'NONE',  ( 38.36530975637888474, 62.00000000000000000, 17.60999999999998522 ) ) ;
#427 = DIRECTION ( 'NONE',  ( -1.457750820148577758E-17, -1.000000000000000000, -0.000000000000000000 ) ) ;
#428 = CARTESIAN_POINT ( 'NONE',  ( 38.36530975637888474, 60.34999999999999432, 18.80999999999998806 ) ) ;
#429 = DIRECTION ( 'NONE',  ( -1.000000000000000000, 0.000000000000000000, -0.000000000000000000 ) ) ;
#430 = VECTOR ( 'NONE', #1510, 1000.000000000000000 ) ;
#431 = VERTEX_POINT ( 'NONE', #1584 ) ;
#432 = LINE ( 'NONE', #728, #1698 ) ;
#433 =( NAMED_UNIT ( * ) PLANE_ANGLE_UNIT ( ) SI_UNIT ( $, .RADIAN. ) );
#434 = APPLICATION_PROTOCOL_DEFINITION ( 'draft international standard', 'automotive_design', 1998, #216 ) ;
#435 = ORIENTED_EDGE ( 'NONE', *, *, #1367, .F. ) ;
#436 = CARTESIAN_POINT ( 'NONE',  ( 84.34999999999999432, 57.04530975637888446, 18.81000000000000583 ) ) ;
#437 = CARTESIAN_POINT ( 'NONE',  ( 35.50000000000000000, 59.50000000000000000, 18.60999999999998877 ) ) ;
#438 = ADVANCED_FACE ( 'NONE', ( #1576 ), #915, .T. ) ;
#439 = PLANE ( 'NONE',  #1339 ) ;
#440 = CARTESIAN_POINT ( 'NONE',  ( 85.14999999999999147, 7.820000000000000284, 17.61000000000000298 ) ) ;
#441 = ORIENTED_EDGE ( 'NONE', *, *, #830, .F. ) ;
#442 = CARTESIAN_POINT ( 'NONE',  ( 86.00000000000000000, 57.04530975637888446, 18.61000000000000298 ) ) ;
#443 = LINE ( 'NONE', #1524, #1151 ) ;
#444 = ORIENTED_EDGE ( 'NONE', *, *, #161, .F. ) ;
#445 = CARTESIAN_POINT ( 'NONE',  ( 7.175823566942910832E-16, 57.04530975637888446, 18.61000000000000298 ) ) ;
#446 = VECTOR ( 'NONE', #1414, 1000.000000000000000 ) ;
#447 = CARTESIAN_POINT ( 'NONE',  ( 3.649999999999999467, 62.00000000000000000, 17.60999999999999943 ) ) ;
#448 = EDGE_CURVE ( 'NONE', #1036, #1602, #1199, .T. ) ;
#449 = CARTESIAN_POINT ( 'NONE',  ( 3.649999999999999023, 61.14999999999999858, 17.41000000000000014 ) ) ;
#450 = VECTOR ( 'NONE', #1507, 1000.000000000000114 ) ;
#451 = DIRECTION ( 'NONE',  ( -1.000000000000000000, 0.000000000000000000, 0.000000000000000000 ) ) ;
#452 = LINE ( 'NONE', #291, #1160 ) ;
#453 = VERTEX_POINT ( 'NONE', #673 ) ;
#454 = PLANE ( 'NONE',  #829 ) ;
#455 = LINE ( 'NONE', #990, #925 ) ;
#456 = DIRECTION ( 'NONE',  ( 0.000000000000000000, 0.000000000000000000, -1.000000000000000000 ) ) ;
#457 = CARTESIAN_POINT ( 'NONE',  ( 35.50000000000000000, 62.00000000000000000, 17.60999999999998522 ) ) ;
#458 = CARTESIAN_POINT ( 'NONE',  ( 3.649999999999999911, 61.14999999999999858, 18.80999999999999872 ) ) ;
#459 = FACE_OUTER_BOUND ( 'NONE', #360, .T. ) ;
#460 = EDGE_CURVE ( 'NONE', #1069, #1664, #1213, .T. ) ;
#461 = ORIENTED_EDGE ( 'NONE', *, *, #28, .T. ) ;
#462 = FILL_AREA_STYLE ('',( #46 ) ) ;
#463 = FACE_OUTER_BOUND ( 'NONE', #147, .T. ) ;
#464 = STYLED_ITEM ( 'NONE', ( #836 ), #1736 ) ;
#465 = ADVANCED_FACE ( 'NONE', ( #499 ), #224, .F. ) ;
#466 = PLANE ( 'NONE',  #1270 ) ;
#467 = VECTOR ( 'NONE', #1693, 1000.000000000000000 ) ;
#468 = DIRECTION ( 'NONE',  ( 0.000000000000000000, 0.000000000000000000, -1.000000000000000000 ) ) ;
#469 = ORIENTED_EDGE ( 'NONE', *, *, #376, .F. ) ;
#470 = FILL_AREA_STYLE ('',( #1403 ) ) ;
#471 = EDGE_CURVE ( 'NONE', #313, #904, #641, .T. ) ;
#472 = LINE ( 'NONE', #457, #497 ) ;
#473 = DIRECTION ( 'NONE',  ( -0.000000000000000000, -1.000000000000000000, -0.000000000000000000 ) ) ;
#474 = ORIENTED_EDGE ( 'NONE', *, *, #142, .F. ) ;
#475 = AXIS2_PLACEMENT_3D ( 'NONE', #426, #985, #682 ) ;
#476 = PLANE ( 'NONE',  #1666 ) ;
#477 = ORIENTED_EDGE ( 'NONE', *, *, #343, .T. ) ;
#478 =( LENGTH_UNIT ( ) NAMED_UNIT ( * ) SI_UNIT ( .MILLI., .METRE. ) );
#479 = CARTESIAN_POINT ( 'NONE',  ( 38.36530975637888474, 62.00000000000000000, 18.60999999999998877 ) ) ;
#480 = EDGE_CURVE ( 'NONE', #521, #1152, #167, .T. ) ;
#481 = FACE_OUTER_BOUND ( 'NONE', #1471, .T. ) ;
#482 = VERTEX_POINT ( 'NONE', #1103 ) ;
#483 = SURFACE_SIDE_STYLE ('',( #889 ) ) ;
#484 = CARTESIAN_POINT ( 'NONE',  ( 47.63469024362110815, 60.35000000000000142, 18.61000000000000298 ) ) ;
#485 = PLANE ( 'NONE',  #1419 ) ;
#486 = VERTEX_POINT ( 'NONE', #1519 ) ;
#487 = PRODUCT_RELATED_PRODUCT_CATEGORY ( 'part', '', ( #85 ) ) ;
#488 = DIRECTION ( 'NONE',  ( 0.000000000000000000, -0.000000000000000000, 1.000000000000000000 ) ) ;
#489 = CARTESIAN_POINT ( 'NONE',  ( 38.36530975637888474, 60.34999999999999432, 17.40999999999998948 ) ) ;
#490 = PLANE ( 'NONE',  #1286 ) ;
#491 = ORIENTED_EDGE ( 'NONE', *, *, #625, .T. ) ;
#492 = COLOUR_RGB ( '',1.000000000000000000, 1.000000000000000000, 1.000000000000000000 ) ;
#493 = FACE_OUTER_BOUND ( 'NONE', #653, .T. ) ;
#494 = EDGE_CURVE ( 'NONE', #431, #1402, #309, .T. ) ;
#495 = ORIENTED_EDGE ( 'NONE', *, *, #1321, .T. ) ;
#496 = CARTESIAN_POINT ( 'NONE',  ( 7.175823566942910832E-16, 57.04530975637888446, 17.60999999999999943 ) ) ;
#497 = VECTOR ( 'NONE', #1392, 1000.000000000000000 ) ;
#498 = AXIS2_PLACEMENT_3D ( 'NONE', #27, #1648, #164 ) ;
#499 = FACE_OUTER_BOUND ( 'NONE', #1588, .T. ) ;
#500 = LINE ( 'NONE', #1401, #1206 ) ;
#501 = ORIENTED_EDGE ( 'NONE', *, *, #918, .F. ) ;
#502 = CARTESIAN_POINT ( 'NONE',  ( 38.36530975637888474, 61.14999999999999858, 17.40999999999998948 ) ) ;
#503 = EDGE_LOOP ( 'NONE', ( #102, #1210, #1019, #1284, #1744, #1072, #1434, #555, #66, #461, #798, #1101 ) ) ;
#504 = VERTEX_POINT ( 'NONE', #18 ) ;
#505 = CARTESIAN_POINT ( 'NONE',  ( 47.63469024362110815, 59.50000000000000000, 18.61000000000000298 ) ) ;
#506 = EDGE_CURVE ( 'NONE', #1246, #261, #1240, .T. ) ;
#507 = LINE ( 'NONE', #260, #6 ) ;
#508 = EDGE_CURVE ( 'NONE', #1069, #662, #965, .T. ) ;
#509 = FACE_OUTER_BOUND ( 'NONE', #633, .T. ) ;
#510 = ORIENTED_EDGE ( 'NONE', *, *, #68, .F. ) ;
#511 = DIRECTION ( 'NONE',  ( -1.000000000000000000, -0.000000000000000000, 4.336808689942013299E-16 ) ) ;
#512 = DIRECTION ( 'NONE',  ( 1.000000000000000000, -0.000000000000000000, -0.000000000000000000 ) ) ;
#513 = ORIENTED_EDGE ( 'NONE', *, *, #864, .T. ) ;
#514 = ORIENTED_EDGE ( 'NONE', *, *, #685, .F. ) ;
#515 = ADVANCED_FACE ( 'NONE', ( #857 ), #1382, .F. ) ;
#516 = LINE ( 'NONE', #132, #1057 ) ;
#517 = CARTESIAN_POINT ( 'NONE',  ( 82.34999999999999432, 59.50000000000000000, 18.61000000000000298 ) ) ;
#518 = EDGE_LOOP ( 'NONE', ( #1411, #293, #842, #1219, #415, #599, #883, #689, #869, #1012, #643, #1291 ) ) ;
#519 = PLANE ( 'NONE',  #17 ) ;
#520 = ORIENTED_EDGE ( 'NONE', *, *, #874, .F. ) ;
#521 = VERTEX_POINT ( 'NONE', #1651 ) ;
#522 = DIRECTION ( 'NONE',  ( 0.000000000000000000, 1.000000000000000000, 0.000000000000000000 ) ) ;
#523 = VECTOR ( 'NONE', #648, 1000.000000000000000 ) ;
#524 = ORIENTED_EDGE ( 'NONE', *, *, #1157, .F. ) ;
#525 = AXIS2_PLACEMENT_3D ( 'NONE', #242, #80, #630 ) ;
#526 = EDGE_LOOP ( 'NONE', ( #1558, #1371, #593, #1062 ) ) ;
#527 = VECTOR ( 'NONE', #885, 1000.000000000000000 ) ;
#528 = AXIS2_PLACEMENT_3D ( 'NONE', #1499, #1357, #429 ) ;
#529 = DIRECTION ( 'NONE',  ( -1.000000000000000000, 0.000000000000000000, 0.000000000000000000 ) ) ;
#530 = CARTESIAN_POINT ( 'NONE',  ( 1.650000000000000577, 7.820000000000000284, 17.60999999999999943 ) ) ;
#531 = EDGE_CURVE ( 'NONE', #1734, #1295, #49, .T. ) ;
#532 = VERTEX_POINT ( 'NONE', #721 ) ;
#533 = CARTESIAN_POINT ( 'NONE',  ( 2.500000000000001332, 7.820000000000000284, 18.61000000000000298 ) ) ;
#534 = ORIENTED_EDGE ( 'NONE', *, *, #1263, .F. ) ;
#535 = ORIENTED_EDGE ( 'NONE', *, *, #1438, .F. ) ;
#536 = DIRECTION ( 'NONE',  ( 0.000000000000000000, 0.000000000000000000, -1.000000000000000000 ) ) ;
#537 = EDGE_LOOP ( 'NONE', ( #1426, #1577, #1071, #1440 ) ) ;
#538 = EDGE_LOOP ( 'NONE', ( #1481, #83, #554, #474 ) ) ;
#539 = CARTESIAN_POINT ( 'NONE',  ( 85.14999999999999147, 7.820000000000000284, 17.41000000000000725 ) ) ;
#540 = CARTESIAN_POINT ( 'NONE',  ( 35.50000000000000000, 62.00000000000000000, 18.60999999999998877 ) ) ;
#541 = ORIENTED_EDGE ( 'NONE', *, *, #977, .T. ) ;
#542 = PRESENTATION_LAYER_ASSIGNMENT (  '', '', ( #1075 ) ) ;
#543 = AXIS2_PLACEMENT_3D ( 'NONE', #1254, #1385, #299 ) ;
#544 = ADVANCED_FACE ( 'NONE', ( #1360 ), #1493, .F. ) ;
#545 = CARTESIAN_POINT ( 'NONE',  ( 47.63469024362110815, 60.35000000000000142, 17.60999999999999943 ) ) ;
#546 = DIRECTION ( 'NONE',  ( -1.000000000000000000, -0.000000000000000000, -0.000000000000000000 ) ) ;
#547 = EDGE_LOOP ( 'NONE', ( #1395, #974, #1613, #2 ) ) ;
#548 = ORIENTED_EDGE ( 'NONE', *, *, #1739, .F. ) ;
#549 = FILL_AREA_STYLE_COLOUR ( '', #1008 ) ;
#550 = CARTESIAN_POINT ( 'NONE',  ( 86.00000000000000000, 7.820000000000000284, 18.61000000000000298 ) ) ;
#551 = PLANE ( 'NONE',  #1681 ) ;
#552 = DIRECTION ( 'NONE',  ( 0.000000000000000000, -0.000000000000000000, -1.000000000000000000 ) ) ;
#553 = ADVANCED_FACE ( 'NONE', ( #1261 ), #148, .F. ) ;
#554 = ORIENTED_EDGE ( 'NONE', *, *, #696, .T. ) ;
#555 = ORIENTED_EDGE ( 'NONE', *, *, #1178, .T. ) ;
#556 = VECTOR ( 'NONE', #468, 1000.000000000000000 ) ;
#557 = DIRECTION ( 'NONE',  ( -1.457750820148577758E-17, -1.000000000000000000, -0.000000000000000000 ) ) ;
#558 = FACE_OUTER_BOUND ( 'NONE', #1303, .T. ) ;
#559 = DIRECTION ( 'NONE',  ( 1.000000000000000000, -0.000000000000000000, 0.000000000000000000 ) ) ;
#560 = CARTESIAN_POINT ( 'NONE',  ( 0.000000000000000000, 7.820000000000000284, 17.60999999999999943 ) ) ;
#561 = CARTESIAN_POINT ( 'NONE',  ( 47.63469024362110815, 61.14999999999999858, 17.41000000000000014 ) ) ;
#562 = CARTESIAN_POINT ( 'NONE',  ( 3.649999999999999911, 61.14999999999999858, 18.61000000000000298 ) ) ;
#563 = ORIENTED_EDGE ( 'NONE', *, *, #1553, .F. ) ;
#564 = LINE ( 'NONE', #56, #84 ) ;
#565 = CARTESIAN_POINT ( 'NONE',  ( 35.50000000000000000, 61.14999999999999858, 18.60999999999998877 ) ) ;
#566 = EDGE_LOOP ( 'NONE', ( #666, #1655, #37, #1085 ) ) ;
#567 = EDGE_CURVE ( 'NONE', #778, #1639, #711, .T. ) ;
#568 = FACE_OUTER_BOUND ( 'NONE', #628, .T. ) ;
#569 = CARTESIAN_POINT ( 'NONE',  ( -0.001000000000000132727, 54.17999999999999972, -1.155557966632342333E-32 ) ) ;
#570 = VECTOR ( 'NONE', #115, 1000.000000000000000 ) ;
#571 = EDGE_LOOP ( 'NONE', ( #795, #1550, #1076, #669 ) ) ;
#572 = CARTESIAN_POINT ( 'NONE',  ( 82.34999999999999432, 60.35000000000000142, 17.60999999999999943 ) ) ;
#573 = VECTOR ( 'NONE', #1144, 1000.000000000000000 ) ;
#574 = FILL_AREA_STYLE ('',( #862 ) ) ;
#575 = ORIENTED_EDGE ( 'NONE', *, *, #1706, .F. ) ;
#576 = ORIENTED_EDGE ( 'NONE', *, *, #1690, .F. ) ;
#577 = CARTESIAN_POINT ( 'NONE',  ( 83.49999999999998579, 54.17999999999999972, 18.61000000000000298 ) ) ;
#578 = DIRECTION ( 'NONE',  ( -0.000000000000000000, 1.000000000000000000, -0.000000000000000000 ) ) ;
#579 = EDGE_CURVE ( 'NONE', #116, #1069, #284, .T. ) ;
#580 = LINE ( 'NONE', #1115, #1615 ) ;
#581 = LINE ( 'NONE', #179, #1542 ) ;
#582 = EDGE_LOOP ( 'NONE', ( #1561, #709, #16, #743 ) ) ;
#583 = SURFACE_SIDE_STYLE ('',( #422 ) ) ;
#584 = DIRECTION ( 'NONE',  ( -1.000000000000000000, 0.000000000000000000, -0.000000000000000000 ) ) ;
#585 = ORIENTED_EDGE ( 'NONE', *, *, #371, .F. ) ;
#586 = DIRECTION ( 'NONE',  ( -1.457750820148577758E-17, -1.000000000000000000, -0.000000000000000000 ) ) ;
#587 = LINE ( 'NONE', #1541, #1175 ) ;
#588 = AXIS2_PLACEMENT_3D ( 'NONE', #243, #790, #1464 ) ;
#589 = VECTOR ( 'NONE', #1271, 1000.000000000000000 ) ;
#590 = EDGE_CURVE ( 'NONE', #1295, #1320, #976, .T. ) ;
#591 = ADVANCED_FACE ( 'NONE', ( #837 ), #699, .F. ) ;
#592 = CARTESIAN_POINT ( 'NONE',  ( 2.500000000000002220, 54.17999999999999972, 17.60999999999999943 ) ) ;
#593 = ORIENTED_EDGE ( 'NONE', *, *, #1474, .T. ) ;
#594 = PLANE ( 'NONE',  #1528 ) ;
#595 = DIRECTION ( 'NONE',  ( -0.000000000000000000, -0.000000000000000000, -1.000000000000000000 ) ) ;
#596 = LINE ( 'NONE', #1534, #1600 ) ;
#597 = CARTESIAN_POINT ( 'NONE',  ( 1.650000000000001243, 57.04530975637888446, 17.60999999999999943 ) ) ;
#598 = LINE ( 'NONE', #1129, #781 ) ;
#599 = ORIENTED_EDGE ( 'NONE', *, *, #802, .T. ) ;
#600 = EDGE_CURVE ( 'NONE', #988, #1246, #1485, .T. ) ;
#601 = CARTESIAN_POINT ( 'NONE',  ( 2.500000000000002220, 54.17999999999999972, 18.61000000000000298 ) ) ;
#602 = DIRECTION ( 'NONE',  ( -0.004538361037101191348, 0.000000000000000000, 0.9999897015865197858 ) ) ;
#603 = COLOUR_RGB ( '',1.000000000000000000, 1.000000000000000000, 1.000000000000000000 ) ;
#604 = CARTESIAN_POINT ( 'NONE',  ( 85.14999999999999147, 54.17999999999999972, 18.61000000000000298 ) ) ;
#605 = MANIFOLD_SOLID_BREP ( 'Lights_Back_Right', #133 ) ;
#606 = ORIENTED_EDGE ( 'NONE', *, *, #237, .F. ) ;
#607 = FILL_AREA_STYLE ('',( #79 ) ) ;
#608 = ADVANCED_FACE ( 'NONE', ( #733 ), #1224, .F. ) ;
#609 = PLANE ( 'NONE',  #525 ) ;
#610 = DIRECTION ( 'NONE',  ( 0.000000000000000000, -0.000000000000000000, 1.000000000000000000 ) ) ;
#611 = ORIENTED_EDGE ( 'NONE', *, *, #1532, .F. ) ;
#612 = UNCERTAINTY_MEASURE_WITH_UNIT (LENGTH_MEASURE( 1.000000000000000082E-05 ), #1410, 'distance_accuracy_value', 'NONE');
#613 = VECTOR ( 'NONE', #365, 1000.000000000000000 ) ;
#614 = VECTOR ( 'NONE', #177, 1000.000000000000000 ) ;
#615 =( NAMED_UNIT ( * ) SI_UNIT ( $, .STERADIAN. ) SOLID_ANGLE_UNIT ( ) );
#616 = CARTESIAN_POINT ( 'NONE',  ( 82.34999999999999432, 61.14999999999999858, 18.80999999999999872 ) ) ;
#617 = EDGE_CURVE ( 'NONE', #1244, #1349, #1549, .T. ) ;
#618 = LINE ( 'NONE', #875, #446 ) ;
#619 = EDGE_LOOP ( 'NONE', ( #196, #1207, #797, #514 ) ) ;
#620 = DIRECTION ( 'NONE',  ( 1.000000000000000000, -0.000000000000000000, -0.000000000000000000 ) ) ;
#621 = DIRECTION ( 'NONE',  ( -1.457750820148577758E-17, -1.000000000000000000, -0.000000000000000000 ) ) ;
#622 = DIRECTION ( 'NONE',  ( -0.000000000000000000, -0.000000000000000000, -1.000000000000000000 ) ) ;
#623 = MECHANICAL_DESIGN_GEOMETRIC_PRESENTATION_REPRESENTATION (  '', ( #464 ), #1323 ) ;
#624 = CARTESIAN_POINT ( 'NONE',  ( 84.34999999999999432, 57.04530975637888446, 18.81000000000000583 ) ) ;
#625 = EDGE_CURVE ( 'NONE', #1330, #1283, #1289, .T. ) ;
#626 = EDGE_LOOP ( 'NONE', ( #962, #995, #727, #1703 ) ) ;
#627 = VERTEX_POINT ( 'NONE', #341 ) ;
#628 = EDGE_LOOP ( 'NONE', ( #1599, #1154, #308, #1130 ) ) ;
#629 = CARTESIAN_POINT ( 'NONE',  ( 85.14999999999999147, 54.17999999999999972, 17.41000000000000725 ) ) ;
#630 = DIRECTION ( 'NONE',  ( 1.000000000000000000, 0.000000000000000000, -0.000000000000000000 ) ) ;
#631 = LINE ( 'NONE', #604, #556 ) ;
#632 = DIRECTION ( 'NONE',  ( -4.336808689942013299E-16, 0.000000000000000000, -1.000000000000000000 ) ) ;
#633 = EDGE_LOOP ( 'NONE', ( #911, #1456, #1111, #761 ) ) ;
#634 = ADVANCED_FACE ( 'NONE', ( #1423 ), #212, .F. ) ;
#635 = DIRECTION ( 'NONE',  ( -0.000000000000000000, -1.000000000000000000, -0.000000000000000000 ) ) ;
#636 = AXIS2_PLACEMENT_3D ( 'NONE', #1150, #1027, #1406 ) ;
#637 = EDGE_CURVE ( 'NONE', #988, #813, #759, .T. ) ;
#638 = ORIENTED_EDGE ( 'NONE', *, *, #1334, .F. ) ;
#639 = VECTOR ( 'NONE', #185, 1000.000000000000000 ) ;
#640 = LINE ( 'NONE', #1322, #1492 ) ;
#641 = LINE ( 'NONE', #1180, #1444 ) ;
#642 = DIRECTION ( 'NONE',  ( 1.000000000000000000, -0.000000000000000000, -0.000000000000000000 ) ) ;
#643 = ORIENTED_EDGE ( 'NONE', *, *, #909, .T. ) ;
#644 = DIRECTION ( 'NONE',  ( -0.000000000000000000, 1.000000000000000000, 0.000000000000000000 ) ) ;
#645 = CARTESIAN_POINT ( 'NONE',  ( 35.50000000000000000, 62.00000000000000000, 18.60999999999998877 ) ) ;
#646 = ORIENTED_EDGE ( 'NONE', *, *, #828, .F. ) ;
#647 = LINE ( 'NONE', #279, #1063 ) ;
#648 = DIRECTION ( 'NONE',  ( 0.000000000000000000, -1.000000000000000000, 0.000000000000000000 ) ) ;
#649 = VERTEX_POINT ( 'NONE', #63 ) ;
#650 = CARTESIAN_POINT ( 'NONE',  ( 38.36530975637888474, 61.14999999999999858, 18.60999999999998877 ) ) ;
#651 = DIRECTION ( 'NONE',  ( 0.000000000000000000, -1.000000000000000000, 0.000000000000000000 ) ) ;
#652 = ORIENTED_EDGE ( 'NONE', *, *, #766, .F. ) ;
#653 = EDGE_LOOP ( 'NONE', ( #444, #1591, #1522, #410 ) ) ;
#654 = CARTESIAN_POINT ( 'NONE',  ( 86.00000000000000000, 54.17999999999999972, 18.61000000000000298 ) ) ;
#655 = ORIENTED_EDGE ( 'NONE', *, *, #1543, .F. ) ;
#656 = ADVANCED_FACE ( 'NONE', ( #882 ), #1535, .F. ) ;
#657 = ORIENTED_EDGE ( 'NONE', *, *, #531, .F. ) ;
#658 = CARTESIAN_POINT ( 'NONE',  ( 3.649999999999999911, 59.50000000000000000, 18.61000000000000298 ) ) ;
#659 = DIRECTION ( 'NONE',  ( -0.000000000000000000, 1.000000000000000000, 0.000000000000000000 ) ) ;
#660 = CARTESIAN_POINT ( 'NONE',  ( 84.34999999999999432, 54.17999999999999972, 17.61000000000000298 ) ) ;
#661 = CARTESIAN_POINT ( 'NONE',  ( 50.49999999999999289, 60.35000000000000142, 18.61000000000000298 ) ) ;
#662 = VERTEX_POINT ( 'NONE', #326 ) ;
#663 = DIRECTION ( 'NONE',  ( 1.000000000000000000, 0.000000000000000000, 0.000000000000000000 ) ) ;
#664 = LINE ( 'NONE', #1458, #1480 ) ;
#665 = ORIENTED_EDGE ( 'NONE', *, *, #617, .T. ) ;
#666 = ORIENTED_EDGE ( 'NONE', *, *, #749, .F. ) ;
#667 = VECTOR ( 'NONE', #427, 1000.000000000000000 ) ;
#668 = LINE ( 'NONE', #391, #715 ) ;
#669 = ORIENTED_EDGE ( 'NONE', *, *, #65, .F. ) ;
#670 = AXIS2_PLACEMENT_3D ( 'NONE', #935, #411, #1612 ) ;
#671 = ORIENTED_EDGE ( 'NONE', *, *, #766, .T. ) ;
#672 = AXIS2_PLACEMENT_3D ( 'NONE', #219, #1045, #1455 ) ;
#673 = CARTESIAN_POINT ( 'NONE',  ( 84.34999999999999432, 54.17999999999999972, 18.61000000000000298 ) ) ;
#674 = LINE ( 'NONE', #1607, #1564 ) ;
#675 = ORIENTED_EDGE ( 'NONE', *, *, #1705, .T. ) ;
#676 = DIRECTION ( 'NONE',  ( 0.000000000000000000, -0.000000000000000000, 1.000000000000000000 ) ) ;
#677 = ORIENTED_EDGE ( 'NONE', *, *, #1309, .T. ) ;
#678 = LINE ( 'NONE', #1331, #231 ) ;
#679 = ORIENTED_EDGE ( 'NONE', *, *, #1689, .F. ) ;
#680 = ORIENTED_EDGE ( 'NONE', *, *, #424, .F. ) ;
#681 = CARTESIAN_POINT ( 'NONE',  ( 50.49999999999999289, 69.49999999999998579, 0.000000000000000000 ) ) ;
#682 = DIRECTION ( 'NONE',  ( 1.000000000000000000, 0.000000000000000000, -4.336808689942013792E-16 ) ) ;
#683 = LINE ( 'NONE', #1104, #450 ) ;
#684 = COLOUR_RGB ( '',0.2980392156862745057, 0.2980392156862745057, 0.2980392156862745057 ) ;
#685 = EDGE_CURVE ( 'NONE', #1715, #936, #1691, .T. ) ;
#686 = FACE_OUTER_BOUND ( 'NONE', #1340, .T. ) ;
#687 = EDGE_LOOP ( 'NONE', ( #548, #5, #220, #680 ) ) ;
#688 = CARTESIAN_POINT ( 'NONE',  ( 47.63469024362110815, 61.14999999999999858, 18.80999999999999872 ) ) ;
#689 = ORIENTED_EDGE ( 'NONE', *, *, #494, .T. ) ;
#690 = AXIS2_PLACEMENT_3D ( 'NONE', #1587, #644, #378 ) ;
#691 = DIRECTION ( 'NONE',  ( 0.000000000000000000, 0.000000000000000000, -1.000000000000000000 ) ) ;
#692 = ADVANCED_FACE ( 'NONE', ( #199 ), #747, .F. ) ;
#693 = LINE ( 'NONE', #458, #245 ) ;
#694 = CARTESIAN_POINT ( 'NONE',  ( 1.023201565655313218E-22, 54.17999999999999972, 17.60999999999999943 ) ) ;
#695 = ORIENTED_EDGE ( 'NONE', *, *, #1652, .F. ) ;
#696 = EDGE_CURVE ( 'NONE', #320, #896, #618, .T. ) ;
#697 = ORIENTED_EDGE ( 'NONE', *, *, #1717, .T. ) ;
#698 = VECTOR ( 'NONE', #233, 1000.000000000000000 ) ;
#699 = PLANE ( 'NONE',  #1029 ) ;
#700 = CARTESIAN_POINT ( 'NONE',  ( 2.500000000000001332, 7.820000000000000284, 18.61000000000000298 ) ) ;
#701 = VECTOR ( 'NONE', #50, 1000.000000000000000 ) ;
#702 = VECTOR ( 'NONE', #151, 1000.000000000000000 ) ;
#703 = LINE ( 'NONE', #32, #1196 ) ;
#704 = FACE_OUTER_BOUND ( 'NONE', #189, .T. ) ;
#705 = ORIENTED_EDGE ( 'NONE', *, *, #1625, .T. ) ;
#706 = DIRECTION ( 'NONE',  ( 0.000000000000000000, -1.000000000000000000, 0.000000000000000000 ) ) ;
#707 = DIRECTION ( 'NONE',  ( -1.000000000000000000, 0.000000000000000000, -0.000000000000000000 ) ) ;
#708 = ADVANCED_FACE ( 'NONE', ( #1293 ), #70, .F. ) ;
#709 = ORIENTED_EDGE ( 'NONE', *, *, #1077, .T. ) ;
#710 = ORIENTED_EDGE ( 'NONE', *, *, #81, .F. ) ;
#711 = LINE ( 'NONE', #40, #1396 ) ;
#712 = CARTESIAN_POINT ( 'NONE',  ( 35.50000000000000000, 61.14999999999999858, 17.40999999999998948 ) ) ;
#713 = CARTESIAN_POINT ( 'NONE',  ( 50.49999999999999289, 61.14999999999999858, 18.80999999999999872 ) ) ;
#714 = LINE ( 'NONE', #561, #300 ) ;
#715 = VECTOR ( 'NONE', #954, 1000.000000000000000 ) ;
#716 = DIRECTION ( 'NONE',  ( -1.000000000000000000, 0.000000000000000000, 0.000000000000000000 ) ) ;
#717 = ORIENTED_EDGE ( 'NONE', *, *, #1418, .T. ) ;
#718 = CARTESIAN_POINT ( 'NONE',  ( 50.49999999999999289, 61.14999999999999858, 18.80999999999999872 ) ) ;
#719 = ORIENTED_EDGE ( 'NONE', *, *, #1640, .F. ) ;
#720 = EDGE_CURVE ( 'NONE', #1350, #627, #88, .T. ) ;
#721 = CARTESIAN_POINT ( 'NONE',  ( 50.49999999999999289, 59.50000000000000000, 18.61000000000000298 ) ) ;
#722 = DIRECTION ( 'NONE',  ( 2.168404344971021884E-15, -0.000000000000000000, 1.000000000000000000 ) ) ;
#723 =( NAMED_UNIT ( * ) SI_UNIT ( $, .STERADIAN. ) SOLID_ANGLE_UNIT ( ) );
#724 = DIRECTION ( 'NONE',  ( 4.081702296415999431E-15, -0.000000000000000000, 1.000000000000000000 ) ) ;
#725 = DIRECTION ( 'NONE',  ( -1.000000000000000000, -0.000000000000000000, 4.336808689942013299E-16 ) ) ;
#726 = CARTESIAN_POINT ( 'NONE',  ( 50.49999999999999289, 60.35000000000000142, 18.80999999999999872 ) ) ;
#727 = ORIENTED_EDGE ( 'NONE', *, *, #1521, .T. ) ;
#728 = CARTESIAN_POINT ( 'NONE',  ( 3.649999999999999911, 60.34999999999999432, 18.61000000000000298 ) ) ;
#729 = VECTOR ( 'NONE', #1192, 1000.000000000000000 ) ;
#730 = DIRECTION ( 'NONE',  ( -0.000000000000000000, -1.000000000000000000, -0.000000000000000000 ) ) ;
#731 = VECTOR ( 'NONE', #1727, 1000.000000000000000 ) ;
#732 = VECTOR ( 'NONE', #1044, 1000.000000000000000 ) ;
#733 = FACE_OUTER_BOUND ( 'NONE', #582, .T. ) ;
#734 = ADVANCED_FACE ( 'NONE', ( #1278 ), #485, .F. ) ;
#735 = ADVANCED_FACE ( 'NONE', ( #481 ), #490, .T. ) ;
#736 = CARTESIAN_POINT ( 'NONE',  ( 85.14999999999999147, 57.04530975637888446, 17.41000000000000725 ) ) ;
#737 = ORIENTED_EDGE ( 'NONE', *, *, #600, .F. ) ;
#738 = LINE ( 'NONE', #1276, #1239 ) ;
#739 = CARTESIAN_POINT ( 'NONE',  ( 38.36530975637888474, 62.00000000000000000, 17.60999999999998522 ) ) ;
#740 = DIRECTION ( 'NONE',  ( 0.000000000000000000, -0.000000000000000000, -1.000000000000000000 ) ) ;
#741 = ADVANCED_FACE ( 'NONE', ( #357 ), #1557, .F. ) ;
#742 = CARTESIAN_POINT ( 'NONE',  ( 3.649999999999999467, 60.34999999999999432, 17.60999999999999943 ) ) ;
#743 = ORIENTED_EDGE ( 'NONE', *, *, #1226, .F. ) ;
#744 = FACE_OUTER_BOUND ( 'NONE', #626, .T. ) ;
#745 = AXIS2_PLACEMENT_3D ( 'NONE', #688, #834, #716 ) ;
#746 = CARTESIAN_POINT ( 'NONE',  ( 0.8500000000000007550, 7.820000000000000284, 17.41000000000000014 ) ) ;
#747 = PLANE ( 'NONE',  #873 ) ;
#748 = ORIENTED_EDGE ( 'NONE', *, *, #1689, .T. ) ;
#749 = EDGE_CURVE ( 'NONE', #1623, #152, #764, .T. ) ;
#750 = EDGE_CURVE ( 'NONE', #1319, #1036, #631, .T. ) ;
#751 = FACE_OUTER_BOUND ( 'NONE', #302, .T. ) ;
#752 = DIRECTION ( 'NONE',  ( 0.000000000000000000, 0.000000000000000000, -1.000000000000000000 ) ) ;
#753 = VECTOR ( 'NONE', #1642, 1000.000000000000000 ) ;
#754 =( GEOMETRIC_REPRESENTATION_CONTEXT ( 3 ) GLOBAL_UNCERTAINTY_ASSIGNED_CONTEXT ( ( #1704 ) ) GLOBAL_UNIT_ASSIGNED_CONTEXT ( ( #478, #1015, #615 ) ) REPRESENTATION_CONTEXT ( 'NONE', 'WORKASPACE' ) );
#755 = ORIENTED_EDGE ( 'NONE', *, *, #322, .T. ) ;
#756 = VECTOR ( 'NONE', #1039, 1000.000000000000000 ) ;
#757 = CARTESIAN_POINT ( 'NONE',  ( 0.8500000000000007550, 7.820000000000000284, 18.80999999999999872 ) ) ;
#758 = EDGE_CURVE ( 'NONE', #1720, #1582, #1141, .T. ) ;
#759 = LINE ( 'NONE', #1695, #207 ) ;
#760 = VERTEX_POINT ( 'NONE', #1353 ) ;
#761 = ORIENTED_EDGE ( 'NONE', *, *, #1598, .F. ) ;
#762 = ADVANCED_FACE ( 'NONE', ( #827 ), #1112, .F. ) ;
#763 = VECTOR ( 'NONE', #488, 1000.000000000000000 ) ;
#764 = LINE ( 'NONE', #1398, #1337 ) ;
#765 = DIRECTION ( 'NONE',  ( -0.000000000000000000, -1.000000000000000000, -0.000000000000000000 ) ) ;
#766 = EDGE_CURVE ( 'NONE', #1664, #1330, #1750, .T. ) ;
#767 = ORIENTED_EDGE ( 'NONE', *, *, #1309, .F. ) ;
#768 = CARTESIAN_POINT ( 'NONE',  ( 38.36530975637888474, 61.14999999999999858, 17.40999999999998948 ) ) ;
#769 = ORIENTED_EDGE ( 'NONE', *, *, #1484, .F. ) ;
#770 = CARTESIAN_POINT ( 'NONE',  ( 0.8500000000000014211, 57.04530975637888446, 17.60999999999999943 ) ) ;
#771 = CARTESIAN_POINT ( 'NONE',  ( 0.000000000000000000, 7.820000000000000284, 0.000000000000000000 ) ) ;
#772 = VERTEX_POINT ( 'NONE', #41 ) ;
#773 = VECTOR ( 'NONE', #183, 1000.000000000000000 ) ;
#774 = ADVANCED_FACE ( 'NONE', ( #558 ), #1093, .F. ) ;
#775 = EDGE_CURVE ( 'NONE', #1349, #1312, #295, .T. ) ;
#776 = LINE ( 'NONE', #502, #913 ) ;
#777 = VECTOR ( 'NONE', #1073, 1000.000000000000000 ) ;
#778 = VERTEX_POINT ( 'NONE', #310 ) ;
#779 = VECTOR ( 'NONE', #1281, 1000.000000000000000 ) ;
#780 = PRODUCT_DEFINITION_SHAPE ( 'NONE', 'NONE',  #1552 ) ;
#781 = VECTOR ( 'NONE', #1662, 1000.000000000000000 ) ;
#782 = DIRECTION ( 'NONE',  ( -0.000000000000000000, -0.000000000000000000, 1.000000000000000000 ) ) ;
#783 = DIRECTION ( 'NONE',  ( 0.000000000000000000, 1.000000000000000000, 0.000000000000000000 ) ) ;
#784 = ORIENTED_EDGE ( 'NONE', *, *, #750, .F. ) ;
#785 = LINE ( 'NONE', #920, #149 ) ;
#786 = EDGE_CURVE ( 'NONE', #101, #1720, #1373, .T. ) ;
#787 = CARTESIAN_POINT ( 'NONE',  ( 0.000000000000000000, 7.820000000000000284, 18.61000000000000298 ) ) ;
#788 = ORIENTED_EDGE ( 'NONE', *, *, #1659, .F. ) ;
#789 = VERTEX_POINT ( 'NONE', #838 ) ;
#790 = DIRECTION ( 'NONE',  ( 0.000000000000000000, -1.000000000000000000, 0.000000000000000000 ) ) ;
#791 = DIRECTION ( 'NONE',  ( -0.000000000000000000, 1.000000000000000000, -0.000000000000000000 ) ) ;
#792 = PLANE ( 'NONE',  #1211 ) ;
#793 = LINE ( 'NONE', #661, #1252 ) ;
#794 = VECTOR ( 'NONE', #1513, 1000.000000000000000 ) ;
#795 = ORIENTED_EDGE ( 'NONE', *, *, #1136, .F. ) ;
#796 = DIRECTION ( 'NONE',  ( -0.000000000000000000, -0.000000000000000000, 1.000000000000000000 ) ) ;
#797 = ORIENTED_EDGE ( 'NONE', *, *, #830, .T. ) ;
#798 = ORIENTED_EDGE ( 'NONE', *, *, #957, .T. ) ;
#799 = PLANE ( 'NONE',  #1631 ) ;
#800 = DIRECTION ( 'NONE',  ( 1.000000000000000000, 0.000000000000000000, -4.336808689942013299E-16 ) ) ;
#801 = ORIENTED_EDGE ( 'NONE', *, *, #1652, .T. ) ;
#802 = EDGE_CURVE ( 'NONE', #1190, #139, #819, .T. ) ;
#803 = EDGE_LOOP ( 'NONE', ( #60, #1569, #945, #166 ) ) ;
#804 = DIRECTION ( 'NONE',  ( 0.000000000000000000, 0.000000000000000000, 1.000000000000000000 ) ) ;
#805 = DIRECTION ( 'NONE',  ( 4.336808689942013792E-16, -0.000000000000000000, 1.000000000000000000 ) ) ;
#806 = DIRECTION ( 'NONE',  ( -1.000000000000000000, 0.000000000000000000, -0.000000000000000000 ) ) ;
#807 = ORIENTED_EDGE ( 'NONE', *, *, #277, .F. ) ;
#808 = CARTESIAN_POINT ( 'NONE',  ( 84.34999999999999432, 54.17999999999999972, 18.81000000000000583 ) ) ;
#809 = CARTESIAN_POINT ( 'NONE',  ( 0.000000000000000000, 7.820000000000000284, 17.60999999999999943 ) ) ;
#810 = LINE ( 'NONE', #1624, #1663 ) ;
#811 = VECTOR ( 'NONE', #108, 1000.000000000000000 ) ;
#812 = LINE ( 'NONE', #1209, #570 ) ;
#813 = VERTEX_POINT ( 'NONE', #157 ) ;
#814 = VECTOR ( 'NONE', #253, 1000.000000000000000 ) ;
#815 = VERTEX_POINT ( 'NONE', #1074 ) ;
#816 = VECTOR ( 'NONE', #512, 1000.000000000000000 ) ;
#817 = EDGE_CURVE ( 'NONE', #1720, #349, #1619, .T. ) ;
#818 = CARTESIAN_POINT ( 'NONE',  ( 35.50000000000000000, 60.34999999999999432, 17.40999999999998948 ) ) ;
#819 = LINE ( 'NONE', #1361, #1308 ) ;
#820 = DIRECTION ( 'NONE',  ( -0.000000000000000000, -1.000000000000000000, -0.000000000000000000 ) ) ;
#821 = CARTESIAN_POINT ( 'NONE',  ( 0.8500000000000007550, 7.820000000000000284, 18.61000000000000298 ) ) ;
#822 = LINE ( 'NONE', #809, #1126 ) ;
#823 = DIRECTION ( 'NONE',  ( -0.000000000000000000, -1.000000000000000000, -0.000000000000000000 ) ) ;
#824 = ORIENTED_EDGE ( 'NONE', *, *, #1659, .T. ) ;
#825 = ORIENTED_EDGE ( 'NONE', *, *, #863, .T. ) ;
#826 = SURFACE_STYLE_FILL_AREA ( #1082 ) ;
#827 = FACE_OUTER_BOUND ( 'NONE', #1586, .T. ) ;
#828 = EDGE_CURVE ( 'NONE', #1342, #1692, #1397, .T. ) ;
#829 = AXIS2_PLACEMENT_3D ( 'NONE', #981, #1257, #1501 ) ;
#830 = EDGE_CURVE ( 'NONE', #1731, #936, #1668, .T. ) ;
#831 = DIRECTION ( 'NONE',  ( -0.000000000000000000, -0.000000000000000000, 1.000000000000000000 ) ) ;
#832 = ORIENTED_EDGE ( 'NONE', *, *, #1042, .T. ) ;
#833 = STYLED_ITEM ( 'NONE', ( #908 ), #1167 ) ;
#834 = DIRECTION ( 'NONE',  ( -0.000000000000000000, 0.000000000000000000, -1.000000000000000000 ) ) ;
#835 = ORIENTED_EDGE ( 'NONE', *, *, #1367, .T. ) ;
#836 = PRESENTATION_STYLE_ASSIGNMENT (( #963 ) ) ;
#837 = FACE_OUTER_BOUND ( 'NONE', #1098, .T. ) ;
#838 = CARTESIAN_POINT ( 'NONE',  ( 82.34999999999999432, 61.14999999999999858, 18.80999999999999872 ) ) ;
#839 = ADVANCED_FACE ( 'NONE', ( #1125 ), #1007, .F. ) ;
#840 = DIRECTION ( 'NONE',  ( -1.000000000000000000, 0.000000000000000000, 4.336808689942013299E-16 ) ) ;
#841 = CARTESIAN_POINT ( 'NONE',  ( 82.34999999999999432, 59.50000000000000000, 18.61000000000000298 ) ) ;
#842 = ORIENTED_EDGE ( 'NONE', *, *, #749, .T. ) ;
#843 = DIRECTION ( 'NONE',  ( 0.000000000000000000, 0.000000000000000000, -1.000000000000000000 ) ) ;
#844 = ORIENTED_EDGE ( 'NONE', *, *, #1145, .T. ) ;
#845 = VECTOR ( 'NONE', #1628, 1000.000000000000000 ) ;
#846 = SURFACE_SIDE_STYLE ('',( #826 ) ) ;
#847 = DIRECTION ( 'NONE',  ( 0.000000000000000000, -0.000000000000000000, 1.000000000000000000 ) ) ;
#848 = LINE ( 'NONE', #296, #987 ) ;
#849 = VECTOR ( 'NONE', #722, 1000.000000000000000 ) ;
#850 = DIRECTION ( 'NONE',  ( 1.000000000000000000, 0.000000000000000000, -4.081702296415999431E-15 ) ) ;
#851 = DIRECTION ( 'NONE',  ( -0.000000000000000000, -0.000000000000000000, -1.000000000000000000 ) ) ;
#852 = ADVANCED_FACE ( 'NONE', ( #1688 ), #466, .F. ) ;
#853 = ORIENTED_EDGE ( 'NONE', *, *, #977, .F. ) ;
#854 = DIRECTION ( 'NONE',  ( 4.336808689942013299E-16, 0.000000000000000000, 1.000000000000000000 ) ) ;
#855 = LINE ( 'NONE', #61, #1687 ) ;
#856 = ORIENTED_EDGE ( 'NONE', *, *, #1418, .F. ) ;
#857 = FACE_OUTER_BOUND ( 'NONE', #368, .T. ) ;
#858 = FACE_OUTER_BOUND ( 'NONE', #518, .T. ) ;
#859 = VECTOR ( 'NONE', #1523, 1000.000000000000000 ) ;
#860 = ORIENTED_EDGE ( 'NONE', *, *, #1114, .T. ) ;
#861 = DIRECTION ( 'NONE',  ( -0.000000000000000000, -1.000000000000000000, -0.000000000000000000 ) ) ;
#862 = FILL_AREA_STYLE_COLOUR ( '', #492 ) ;
#863 = EDGE_CURVE ( 'NONE', #1349, #778, #346, .T. ) ;
#864 = EDGE_CURVE ( 'NONE', #1312, #1359, #472, .T. ) ;
#865 = CARTESIAN_POINT ( 'NONE',  ( 38.36530975637888474, 62.00000000000000000, 18.60999999999998877 ) ) ;
#866 = CARTESIAN_POINT ( 'NONE',  ( 83.49999999999998579, 7.820000000000000284, 18.61000000000000298 ) ) ;
#867 = APPLICATION_CONTEXT ( 'automotive_design' ) ;
#868 = VECTOR ( 'NONE', #1243, 1000.000000000000000 ) ;
#869 = ORIENTED_EDGE ( 'NONE', *, *, #1739, .T. ) ;
#870 =( NAMED_UNIT ( * ) SI_UNIT ( $, .STERADIAN. ) SOLID_ANGLE_UNIT ( ) );
#871 = PRESENTATION_STYLE_ASSIGNMENT (( #172 ) ) ;
#872 = LINE ( 'NONE', #1420, #849 ) ;
#873 = AXIS2_PLACEMENT_3D ( 'NONE', #1680, #1544, #752 ) ;
#874 = EDGE_CURVE ( 'NONE', #1635, #789, #75, .T. ) ;
#875 = CARTESIAN_POINT ( 'NONE',  ( 82.34999999999999432, 61.14999999999999858, 17.60999999999999943 ) ) ;
#876 = ORIENTED_EDGE ( 'NONE', *, *, #1234, .F. ) ;
#877 = CARTESIAN_POINT ( 'NONE',  ( 47.63469024362110815, 61.14999999999999858, 17.60999999999999943 ) ) ;
#878 = ORIENTED_EDGE ( 'NONE', *, *, #863, .F. ) ;
#879 = PRESENTATION_STYLE_ASSIGNMENT (( #330 ) ) ;
#880 = DIRECTION ( 'NONE',  ( -0.000000000000000000, -1.000000000000000000, -0.000000000000000000 ) ) ;
#881 = FACE_OUTER_BOUND ( 'NONE', #526, .T. ) ;
#882 = FACE_OUTER_BOUND ( 'NONE', #247, .T. ) ;
#883 = ORIENTED_EDGE ( 'NONE', *, *, #364, .T. ) ;
#884 = LINE ( 'NONE', #629, #573 ) ;
#885 = DIRECTION ( 'NONE',  ( 0.000000000000000000, 0.000000000000000000, -1.000000000000000000 ) ) ;
#886 = DIRECTION ( 'NONE',  ( -1.457750820148577758E-17, -1.000000000000000000, -0.000000000000000000 ) ) ;
#887 = ORIENTED_EDGE ( 'NONE', *, *, #1575, .F. ) ;
#888 = EDGE_CURVE ( 'NONE', #1312, #1752, #1156, .T. ) ;
#889 = SURFACE_STYLE_FILL_AREA ( #607 ) ;
#890 = DIRECTION ( 'NONE',  ( -1.000000000000000000, 1.457750820148577758E-17, 0.000000000000000000 ) ) ;
#891 = DIRECTION ( 'NONE',  ( 1.000000000000000000, -1.457750820148577758E-17, 0.000000000000000000 ) ) ;
#892 = EDGE_LOOP ( 'NONE', ( #1091, #1182, #403, #413, #807, #1087, #606, #788, #576, #501, #951, #227 ) ) ;
#893 = UNCERTAINTY_MEASURE_WITH_UNIT (LENGTH_MEASURE( 1.000000000000000082E-05 ), #1517, 'distance_accuracy_value', 'NONE');
#894 = VECTOR ( 'NONE', #1461, 1000.000000000000000 ) ;
#895 = VECTOR ( 'NONE', #1738, 1000.000000000000000 ) ;
#896 = VERTEX_POINT ( 'NONE', #1556 ) ;
#897 = LINE ( 'NONE', #203, #763 ) ;
#898 = EDGE_CURVE ( 'NONE', #272, #1122, #1000, .T. ) ;
#899 = ADVANCED_FACE ( 'NONE', ( #198 ), #1405, .F. ) ;
#900 = DIRECTION ( 'NONE',  ( 0.000000000000000000, 0.000000000000000000, -1.000000000000000000 ) ) ;
#901 = LINE ( 'NONE', #1429, #1324 ) ;
#902 = PLANE ( 'NONE',  #1127 ) ;
#903 =( NAMED_UNIT ( * ) PLANE_ANGLE_UNIT ( ) SI_UNIT ( $, .RADIAN. ) );
#904 = VERTEX_POINT ( 'NONE', #866 ) ;
#905 = FACE_OUTER_BOUND ( 'NONE', #1559, .T. ) ;
#906 = ORIENTED_EDGE ( 'NONE', *, *, #817, .F. ) ;
#907 = ORIENTED_EDGE ( 'NONE', *, *, #29, .T. ) ;
#908 = PRESENTATION_STYLE_ASSIGNMENT (( #363 ) ) ;
#909 = EDGE_CURVE ( 'NONE', #1350, #1319, #191, .T. ) ;
#910 = FACE_OUTER_BOUND ( 'NONE', #937, .T. ) ;
#911 = ORIENTED_EDGE ( 'NONE', *, *, #92, .F. ) ;
#912 = LINE ( 'NONE', #228, #174 ) ;
#913 = VECTOR ( 'NONE', #511, 1000.000000000000000 ) ;
#914 = ORIENTED_EDGE ( 'NONE', *, *, #325, .T. ) ;
#915 = PLANE ( 'NONE',  #264 ) ;
#916 = CARTESIAN_POINT ( 'NONE',  ( 2.500000000000002220, 57.04530975637888446, 17.60999999999999943 ) ) ;
#917 = DIRECTION ( 'NONE',  ( 1.000000000000000000, -0.000000000000000000, -0.000000000000000000 ) ) ;
#918 = EDGE_CURVE ( 'NONE', #1110, #486, #596, .T. ) ;
#919 = VERTEX_POINT ( 'NONE', #58 ) ;
#920 = CARTESIAN_POINT ( 'NONE',  ( 2.500000000000001332, 7.820000000000000284, 17.60999999999999943 ) ) ;
#921 = MECHANICAL_DESIGN_GEOMETRIC_PRESENTATION_REPRESENTATION (  '', ( #1056 ), #1476 ) ;
#922 = LINE ( 'NONE', #1622, #1627 ) ;
#923 = VERTEX_POINT ( 'NONE', #324 ) ;
#924 = ORIENTED_EDGE ( 'NONE', *, *, #1166, .F. ) ;
#925 = VECTOR ( 'NONE', #331, 1000.000000000000000 ) ;
#926 = VECTOR ( 'NONE', #961, 1000.000000000000000 ) ;
#927 = LINE ( 'NONE', #1043, #1597 ) ;
#928 = DIRECTION ( 'NONE',  ( -1.000000000000000000, -0.000000000000000000, 4.081702296416000219E-15 ) ) ;
#929 = LINE ( 'NONE', #1596, #210 ) ;
#930 = ORIENTED_EDGE ( 'NONE', *, *, #1263, .T. ) ;
#931 = EDGE_CURVE ( 'NONE', #1445, #290, #872, .T. ) ;
#932 = LINE ( 'NONE', #821, #1477 ) ;
#933 = ORIENTED_EDGE ( 'NONE', *, *, #1067, .T. ) ;
#934 = EDGE_LOOP ( 'NONE', ( #248, #860, #933, #1328 ) ) ;
#935 = CARTESIAN_POINT ( 'NONE',  ( 0.8500000000000014211, 57.04530975637888446, 17.41000000000000014 ) ) ;
#936 = VERTEX_POINT ( 'NONE', #1679 ) ;
#937 = EDGE_LOOP ( 'NONE', ( #223, #1030, #14, #281 ) ) ;
#938 = PLANE ( 'NONE',  #588 ) ;
#939 = LINE ( 'NONE', #19, #1365 ) ;
#940 = VECTOR ( 'NONE', #1099, 1000.000000000000000 ) ;
#941 = ORIENTED_EDGE ( 'NONE', *, *, #508, .F. ) ;
#942 = ORIENTED_EDGE ( 'NONE', *, *, #1574, .T. ) ;
#943 = CARTESIAN_POINT ( 'NONE',  ( 47.63469024362110815, 60.35000000000000142, 17.60999999999999943 ) ) ;
#944 = EDGE_CURVE ( 'NONE', #815, #116, #587, .T. ) ;
#945 = ORIENTED_EDGE ( 'NONE', *, *, #1525, .T. ) ;
#946 = LINE ( 'NONE', #1065, #1121 ) ;
#947 = CARTESIAN_POINT ( 'NONE',  ( 35.50000000000000000, 59.50000000000000000, 17.60999999999998522 ) ) ;
#948 = FACE_OUTER_BOUND ( 'NONE', #55, .T. ) ;
#949 = AXIS2_PLACEMENT_3D ( 'NONE', #650, #1177, #361 ) ;
#950 = DIRECTION ( 'NONE',  ( 1.000000000000000000, -0.000000000000000000, -0.000000000000000000 ) ) ;
#951 = ORIENTED_EDGE ( 'NONE', *, *, #1447, .F. ) ;
#952 = CARTESIAN_POINT ( 'NONE',  ( 85.14999999999999147, 54.17999999999999972, 18.61000000000000298 ) ) ;
#953 = AXIS2_PLACEMENT_3D ( 'NONE', #597, #21, #1282 ) ;
#954 = DIRECTION ( 'NONE',  ( 1.000000000000000000, -0.000000000000000000, -0.000000000000000000 ) ) ;
#955 = ORIENTED_EDGE ( 'NONE', *, *, #786, .T. ) ;
#956 = VECTOR ( 'NONE', #1601, 1000.000000000000000 ) ;
#957 = EDGE_CURVE ( 'NONE', #1554, #1439, #332, .T. ) ;
#958 = ADVANCED_FACE ( 'NONE', ( #751 ), #69, .F. ) ;
#959 = DIRECTION ( 'NONE',  ( 0.000000000000000000, 0.000000000000000000, -1.000000000000000000 ) ) ;
#960 = CARTESIAN_POINT ( 'NONE',  ( 47.63469024362110815, 61.14999999999999858, 18.80999999999999872 ) ) ;
#961 = DIRECTION ( 'NONE',  ( 0.000000000000000000, 0.000000000000000000, -1.000000000000000000 ) ) ;
#962 = ORIENTED_EDGE ( 'NONE', *, *, #1042, .F. ) ;
#963 = SURFACE_STYLE_USAGE ( .BOTH. , #583 ) ;
#964 = ORIENTED_EDGE ( 'NONE', *, *, #1166, .T. ) ;
#965 = LINE ( 'NONE', #445, #327 ) ;
#966 = LINE ( 'NONE', #1618, #811 ) ;
#967 = ADVANCED_FACE ( 'NONE', ( #881 ), #609, .F. ) ;
#968 = VECTOR ( 'NONE', #1266, 1000.000000000000000 ) ;
#969 = CARTESIAN_POINT ( 'NONE',  ( 0.000000000000000000, 0.000000000000000000, 0.000000000000000000 ) ) ;
#970 = DIRECTION ( 'NONE',  ( -4.336808689942013299E-16, 0.000000000000000000, -1.000000000000000000 ) ) ;
#971 = DIRECTION ( 'NONE',  ( 0.000000000000000000, -0.000000000000000000, 1.000000000000000000 ) ) ;
#972 = ORIENTED_EDGE ( 'NONE', *, *, #1705, .F. ) ;
#973 = CARTESIAN_POINT ( 'NONE',  ( 1.650000000000001243, 57.04530975637888446, 17.41000000000000014 ) ) ;
#974 = ORIENTED_EDGE ( 'NONE', *, *, #1165, .T. ) ;
#975 = ORIENTED_EDGE ( 'NONE', *, *, #579, .T. ) ;
#976 = LINE ( 'NONE', #317, #1710 ) ;
#977 = EDGE_CURVE ( 'NONE', #923, #760, #1592, .T. ) ;
#978 = DIRECTION ( 'NONE',  ( 0.000000000000000000, 1.000000000000000000, 0.000000000000000000 ) ) ;
#979 = DIRECTION ( 'NONE',  ( 0.000000000000000000, 0.000000000000000000, 1.000000000000000000 ) ) ;
#980 = ORIENTED_EDGE ( 'NONE', *, *, #250, .T. ) ;
#981 = CARTESIAN_POINT ( 'NONE',  ( 2.500000000000002220, 57.04530975637888446, 17.60999999999999943 ) ) ;
#982 = CARTESIAN_POINT ( 'NONE',  ( 85.14999999999999147, 7.820000000000000284, 17.41000000000000725 ) ) ;
#983 = VECTOR ( 'NONE', #1325, 1000.000000000000000 ) ;
#984 = ORIENTED_EDGE ( 'NONE', *, *, #448, .F. ) ;
#985 = DIRECTION ( 'NONE',  ( 4.336808689942013792E-16, 0.000000000000000000, 1.000000000000000000 ) ) ;
#986 = VECTOR ( 'NONE', #1181, 1000.000000000000000 ) ;
#987 = VECTOR ( 'NONE', #820, 1000.000000000000000 ) ;
#988 = VERTEX_POINT ( 'NONE', #1161 ) ;
#989 = LINE ( 'NONE', #1665, #1408 ) ;
#990 = CARTESIAN_POINT ( 'NONE',  ( 83.49999999999998579, 57.04530975637888446, 18.61000000000000298 ) ) ;
#991 = CARTESIAN_POINT ( 'NONE',  ( 50.49999999999999289, 61.14999999999999858, 18.61000000000000298 ) ) ;
#992 = DIRECTION ( 'NONE',  ( -0.000000000000000000, 0.000000000000000000, -1.000000000000000000 ) ) ;
#993 = CARTESIAN_POINT ( 'NONE',  ( 50.49999999999999289, 62.00000000000000000, 17.60999999999999943 ) ) ;
#994 =( GEOMETRIC_REPRESENTATION_CONTEXT ( 3 ) GLOBAL_UNCERTAINTY_ASSIGNED_CONTEXT ( ( #1546 ) ) GLOBAL_UNIT_ASSIGNED_CONTEXT ( ( #1347, #407, #1362 ) ) REPRESENTATION_CONTEXT ( 'NONE', 'WORKASPACE' ) );
#995 = ORIENTED_EDGE ( 'NONE', *, *, #1484, .T. ) ;
#996 = LINE ( 'NONE', #973, #340 ) ;
#997 = VECTOR ( 'NONE', #1159, 1000.000000000000000 ) ;
#998 = SURFACE_STYLE_FILL_AREA ( #574 ) ;
#999 = EDGE_CURVE ( 'NONE', #399, #772, #1700, .T. ) ;
#1000 = LINE ( 'NONE', #1413, #527 ) ;
#1001 = VECTOR ( 'NONE', #620, 1000.000000000000000 ) ;
#1002 = CARTESIAN_POINT ( 'NONE',  ( 1.649092318444901117, 54.17999999999999972, 18.80999999999999872 ) ) ;
#1003 = DIRECTION ( 'NONE',  ( 0.000000000000000000, 0.000000000000000000, -1.000000000000000000 ) ) ;
#1004 = VERTEX_POINT ( 'NONE', #1170 ) ;
#1005 = SURFACE_STYLE_FILL_AREA ( #470 ) ;
#1006 = EDGE_CURVE ( 'NONE', #532, #45, #354, .T. ) ;
#1007 = PLANE ( 'NONE',  #1149 ) ;
#1008 = COLOUR_RGB ( '',1.000000000000000000, 1.000000000000000000, 1.000000000000000000 ) ;
#1009 = ADVANCED_FACE ( 'NONE', ( #1746 ), #799, .F. ) ;
#1010 = VECTOR ( 'NONE', #622, 1000.000000000000000 ) ;
#1011 = DIRECTION ( 'NONE',  ( -1.000000000000000000, 0.000000000000000000, -0.000000000000000000 ) ) ;
#1012 = ORIENTED_EDGE ( 'NONE', *, *, #1033, .T. ) ;
#1013 = AXIS2_PLACEMENT_3D ( 'NONE', #188, #1135, #1644 ) ;
#1014 = ORIENTED_EDGE ( 'NONE', *, *, #1390, .T. ) ;
#1015 =( NAMED_UNIT ( * ) PLANE_ANGLE_UNIT ( ) SI_UNIT ( $, .RADIAN. ) );
#1016 = CARTESIAN_POINT ( 'NONE',  ( 85.14999999999999147, 54.17999999999999972, 18.81000000000000583 ) ) ;
#1017 = CARTESIAN_POINT ( 'NONE',  ( 0.000000000000000000, 7.820000000000000284, 0.000000000000000000 ) ) ;
#1018 = ADVANCED_FACE ( 'NONE', ( #1208 ), #1070, .T. ) ;
#1019 = ORIENTED_EDGE ( 'NONE', *, *, #1740, .T. ) ;
#1020 = UNCERTAINTY_MEASURE_WITH_UNIT (LENGTH_MEASURE( 1.000000000000000082E-05 ), #1134, 'distance_accuracy_value', 'NONE');
#1021 = CARTESIAN_POINT ( 'NONE',  ( 1.650000000000001243, 54.17999999999999972, 17.41000000000000014 ) ) ;
#1022 = DIRECTION ( 'NONE',  ( -0.000000000000000000, 0.000000000000000000, -1.000000000000000000 ) ) ;
#1023 = DIRECTION ( 'NONE',  ( 0.000000000000000000, -1.000000000000000000, 0.000000000000000000 ) ) ;
#1024 = ORIENTED_EDGE ( 'NONE', *, *, #11, .F. ) ;
#1025 = ADVANCED_FACE ( 'NONE', ( #1482 ), #1470, .F. ) ;
#1026 = DIRECTION ( 'NONE',  ( -1.000000000000000000, -0.000000000000000000, 4.336808689942013299E-16 ) ) ;
#1027 = DIRECTION ( 'NONE',  ( 0.000000000000000000, -0.000000000000000000, 1.000000000000000000 ) ) ;
#1028 = LINE ( 'NONE', #234, #895 ) ;
#1029 = AXIS2_PLACEMENT_3D ( 'NONE', #1505, #1391, #273 ) ;
#1030 = ORIENTED_EDGE ( 'NONE', *, *, #142, .T. ) ;
#1031 = ORIENTED_EDGE ( 'NONE', *, *, #957, .F. ) ;
#1032 = LINE ( 'NONE', #321, #773 ) ;
#1033 = EDGE_CURVE ( 'NONE', #453, #1350, #810, .T. ) ;
#1034 = DIRECTION ( 'NONE',  ( -0.000000000000000000, -1.000000000000000000, -0.000000000000000000 ) ) ;
#1035 = CARTESIAN_POINT ( 'NONE',  ( 47.63469024362110815, 62.00000000000000000, 17.60999999999999943 ) ) ;
#1036 = VERTEX_POINT ( 'NONE', #952 ) ;
#1037 = DIRECTION ( 'NONE',  ( 0.000000000000000000, 0.000000000000000000, 1.000000000000000000 ) ) ;
#1038 = VERTEX_POINT ( 'NONE', #1060 ) ;
#1039 = DIRECTION ( 'NONE',  ( 1.000000000000000000, -0.000000000000000000, -0.000000000000000000 ) ) ;
#1040 = VECTOR ( 'NONE', #1368, 1000.000000000000000 ) ;
#1041 = VECTOR ( 'NONE', #725, 1000.000000000000000 ) ;
#1042 = EDGE_CURVE ( 'NONE', #1359, #290, #259, .T. ) ;
#1043 = CARTESIAN_POINT ( 'NONE',  ( 84.34999999999999432, 57.04530975637888446, 18.61000000000000298 ) ) ;
#1044 = DIRECTION ( 'NONE',  ( -1.000000000000000000, -0.000000000000000000, 4.336808689942013299E-16 ) ) ;
#1045 = DIRECTION ( 'NONE',  ( -1.000000000000000000, 0.000000000000000000, 4.336808689942014285E-16 ) ) ;
#1046 = VERTEX_POINT ( 'NONE', #270 ) ;
#1047 = CARTESIAN_POINT ( 'NONE',  ( 0.8500000000000014211, 57.04530975637888446, 18.80999999999999872 ) ) ;
#1048 = VERTEX_POINT ( 'NONE', #1733 ) ;
#1049 = ORIENTED_EDGE ( 'NONE', *, *, #1285, .T. ) ;
#1050 = LINE ( 'NONE', #1749, #523 ) ;
#1051 = CARTESIAN_POINT ( 'NONE',  ( 3.649999999999999911, 62.00000000000000000, 18.61000000000000298 ) ) ;
#1052 = FACE_OUTER_BOUND ( 'NONE', #892, .T. ) ;
#1053 = EDGE_CURVE ( 'NONE', #1122, #1715, #678, .T. ) ;
#1054 = EDGE_CURVE ( 'NONE', #1137, #173, #1220, .T. ) ;
#1055 = ORIENTED_EDGE ( 'NONE', *, *, #1272, .F. ) ;
#1056 = STYLED_ITEM ( 'NONE', ( #1352 ), #605 ) ;
#1057 = VECTOR ( 'NONE', #1718, 1000.000000000000000 ) ;
#1058 = ORIENTED_EDGE ( 'NONE', *, *, #1114, .F. ) ;
#1059 = EDGE_LOOP ( 'NONE', ( #269, #914, #748, #1424 ) ) ;
#1060 = CARTESIAN_POINT ( 'NONE',  ( 50.49999999999999289, 59.50000000000000000, 17.60999999999999943 ) ) ;
#1061 = CARTESIAN_POINT ( 'NONE',  ( 86.00000000000000000, 54.17999999999999972, 17.61000000000000654 ) ) ;
#1062 = ORIENTED_EDGE ( 'NONE', *, *, #1280, .F. ) ;
#1063 = VECTOR ( 'NONE', #1003, 1000.000000000000000 ) ;
#1064 = ORIENTED_EDGE ( 'NONE', *, *, #371, .T. ) ;
#1065 = CARTESIAN_POINT ( 'NONE',  ( 83.49999999999998579, 54.17999999999999972, 17.61000000000000654 ) ) ;
#1066 = ORIENTED_EDGE ( 'NONE', *, *, #1625, .F. ) ;
#1067 = EDGE_CURVE ( 'NONE', #1307, #313, #674, .T. ) ;
#1068 = DIRECTION ( 'NONE',  ( -0.000000000000000000, -0.000000000000000000, -1.000000000000000000 ) ) ;
#1069 = VERTEX_POINT ( 'NONE', #373 ) ;
#1070 = PLANE ( 'NONE',  #1478 ) ;
#1071 = ORIENTED_EDGE ( 'NONE', *, *, #874, .T. ) ;
#1072 = ORIENTED_EDGE ( 'NONE', *, *, #531, .T. ) ;
#1073 = DIRECTION ( 'NONE',  ( -0.000000000000000000, 1.000000000000000000, -0.000000000000000000 ) ) ;
#1074 = CARTESIAN_POINT ( 'NONE',  ( 0.8500000000000014211, 54.17999999999999972, 17.60999999999999943 ) ) ;
#1075 = STYLED_ITEM ( 'NONE', ( #879 ), #1247 ) ;
#1076 = ORIENTED_EDGE ( 'NONE', *, *, #1575, .T. ) ;
#1077 = EDGE_CURVE ( 'NONE', #105, #482, #1336, .T. ) ;
#1078 = DIRECTION ( 'NONE',  ( -1.000000000000000000, -0.000000000000000000, 0.000000000000000000 ) ) ;
#1079 = ORIENTED_EDGE ( 'NONE', *, *, #1525, .F. ) ;
#1080 = ORIENTED_EDGE ( 'NONE', *, *, #1553, .T. ) ;
#1081 = EDGE_CURVE ( 'NONE', #482, #1611, #1442, .T. ) ;
#1082 = FILL_AREA_STYLE ('',( #549 ) ) ;
#1083 = CARTESIAN_POINT ( 'NONE',  ( 82.34999999999999432, 62.00000000000000000, 17.60999999999999943 ) ) ;
#1084 = DIRECTION ( 'NONE',  ( 0.000000000000000000, -0.000000000000000000, -1.000000000000000000 ) ) ;
#1085 = ORIENTED_EDGE ( 'NONE', *, *, #1574, .F. ) ;
#1086 = VECTOR ( 'NONE', #192, 1000.000000000000000 ) ;
#1087 = ORIENTED_EDGE ( 'NONE', *, *, #1696, .F. ) ;
#1088 = DIRECTION ( 'NONE',  ( -0.000000000000000000, -0.000000000000000000, -1.000000000000000000 ) ) ;
#1089 = EDGE_CURVE ( 'NONE', #1752, #778, #1702, .T. ) ;
#1090 = EDGE_CURVE ( 'NONE', #290, #1752, #1465, .T. ) ;
#1091 = ORIENTED_EDGE ( 'NONE', *, *, #1089, .F. ) ;
#1092 = DIRECTION ( 'NONE',  ( 0.000000000000000000, 0.000000000000000000, 1.000000000000000000 ) ) ;
#1093 = PLANE ( 'NONE',  #475 ) ;
#1094 = LINE ( 'NONE', #254, #753 ) ;
#1095 = CARTESIAN_POINT ( 'NONE',  ( 83.49999999999998579, 57.04530975637888446, 17.61000000000000654 ) ) ;
#1096 = PLANE ( 'NONE',  #1472 ) ;
#1097 = PLANE ( 'NONE',  #1153 ) ;
#1098 = EDGE_LOOP ( 'NONE', ( #1649, #1014, #1590, #342 ) ) ;
#1099 = DIRECTION ( 'NONE',  ( -0.000000000000000000, -0.000000000000000000, 1.000000000000000000 ) ) ;
#1100 = PLANE ( 'NONE',  #498 ) ;
#1101 = ORIENTED_EDGE ( 'NONE', *, *, #1583, .T. ) ;
#1102 = ADVANCED_FACE ( 'NONE', ( #89 ), #1326, .F. ) ;
#1103 = CARTESIAN_POINT ( 'NONE',  ( 2.500000000000001332, 7.820000000000000284, 17.60999999999999943 ) ) ;
#1104 = CARTESIAN_POINT ( 'NONE',  ( 1.650000000000000577, 7.820000000000000284, 18.61000000000000298 ) ) ;
#1105 = DIRECTION ( 'NONE',  ( 0.000000000000000000, 0.000000000000000000, -1.000000000000000000 ) ) ;
#1106 = LINE ( 'NONE', #1654, #702 ) ;
#1107 = VECTOR ( 'NONE', #805, 1000.000000000000000 ) ;
#1108 = EDGE_LOOP ( 'NONE', ( #1381, #534, #646, #469, #235, #423, #856, #585, #1055, #520, #887, #395 ) ) ;
#1109 = CARTESIAN_POINT ( 'NONE',  ( 84.34999999999999432, 7.820000000000000284, 17.61000000000000298 ) ) ;
#1110 = VERTEX_POINT ( 'NONE', #358 ) ;
#1111 = ORIENTED_EDGE ( 'NONE', *, *, #1234, .T. ) ;
#1112 = PLANE ( 'NONE',  #230 ) ;
#1113 = CARTESIAN_POINT ( 'NONE',  ( 3.649999999999999023, 60.34999999999999432, 17.41000000000000014 ) ) ;
#1114 = EDGE_CURVE ( 'NONE', #139, #1307, #901, .T. ) ;
#1115 = CARTESIAN_POINT ( 'NONE',  ( 82.34999999999999432, 62.00000000000000000, 17.60999999999999943 ) ) ;
#1116 = FACE_OUTER_BOUND ( 'NONE', #1488, .T. ) ;
#1117 = LINE ( 'NONE', #301, #367 ) ;
#1118 = VERTEX_POINT ( 'NONE', #67 ) ;
#1119 = CARTESIAN_POINT ( 'NONE',  ( 38.36530975637888474, 59.50000000000000000, 17.60999999999998522 ) ) ;
#1120 =( NAMED_UNIT ( * ) SI_UNIT ( $, .STERADIAN. ) SOLID_ANGLE_UNIT ( ) );
#1121 = VECTOR ( 'NONE', #384, 1000.000000000000000 ) ;
#1122 = VERTEX_POINT ( 'NONE', #1021 ) ;
#1123 = VECTOR ( 'NONE', #1133, 1000.000000000000000 ) ;
#1124 = DIRECTION ( 'NONE',  ( 1.000000000000000000, -0.000000000000000000, 0.000000000000000000 ) ) ;
#1125 = FACE_OUTER_BOUND ( 'NONE', #229, .T. ) ;
#1126 = VECTOR ( 'NONE', #546, 1000.000000000000000 ) ;
#1127 = AXIS2_PLACEMENT_3D ( 'NONE', #1495, #559, #691 ) ;
#1128 = EDGE_CURVE ( 'NONE', #116, #1459, #208, .T. ) ;
#1129 = CARTESIAN_POINT ( 'NONE',  ( 86.00000000000000000, 54.17999999999999972, 17.61000000000000654 ) ) ;
#1130 = ORIENTED_EDGE ( 'NONE', *, *, #918, .T. ) ;
#1131 = DIRECTION ( 'NONE',  ( 1.000000000000000000, 0.000000000000000000, -4.336808689942013299E-16 ) ) ;
#1132 = FACE_OUTER_BOUND ( 'NONE', #1609, .T. ) ;
#1133 = DIRECTION ( 'NONE',  ( 1.000000000000000000, 0.000000000000000000, 0.000000000000000000 ) ) ;
#1134 =( LENGTH_UNIT ( ) NAMED_UNIT ( * ) SI_UNIT ( .MILLI., .METRE. ) );
#1135 = DIRECTION ( 'NONE',  ( 0.000000000000000000, -1.000000000000000000, 0.000000000000000000 ) ) ;
#1136 = EDGE_CURVE ( 'NONE', #392, #91, #897, .T. ) ;
#1137 = VERTEX_POINT ( 'NONE', #1155 ) ;
#1138 = DIRECTION ( 'NONE',  ( 0.000000000000000000, 0.000000000000000000, -1.000000000000000000 ) ) ;
#1139 = EDGE_CURVE ( 'NONE', #1048, #1110, #1699, .T. ) ;
#1140 = DIRECTION ( 'NONE',  ( -1.000000000000000000, 1.457750820148577758E-17, 0.000000000000000000 ) ) ;
#1141 = LINE ( 'NONE', #437, #20 ) ;
#1142 = VERTEX_POINT ( 'NONE', #215 ) ;
#1143 = ORIENTED_EDGE ( 'NONE', *, *, #1165, .F. ) ;
#1144 = DIRECTION ( 'NONE',  ( 0.000000000000000000, 0.000000000000000000, -1.000000000000000000 ) ) ;
#1145 = EDGE_CURVE ( 'NONE', #1664, #521, #1296, .T. ) ;
#1146 = ADVANCED_FACE ( 'NONE', ( #87 ), #1562, .F. ) ;
#1147 = DIRECTION ( 'NONE',  ( -1.000000000000000000, -0.000000000000000000, 4.336808689942013299E-16 ) ) ;
#1148 = AXIS2_PLACEMENT_3D ( 'NONE', #176, #1667, #1641 ) ;
#1149 = AXIS2_PLACEMENT_3D ( 'NONE', #484, #1022, #1548 ) ;
#1150 = CARTESIAN_POINT ( 'NONE',  ( 47.63469024362110815, 60.35000000000000142, 17.41000000000000014 ) ) ;
#1151 = VECTOR ( 'NONE', #306, 1000.000000000000000 ) ;
#1152 = VERTEX_POINT ( 'NONE', #757 ) ;
#1153 = AXIS2_PLACEMENT_3D ( 'NONE', #1364, #451, #289 ) ;
#1154 = ORIENTED_EDGE ( 'NONE', *, *, #143, .T. ) ;
#1155 = CARTESIAN_POINT ( 'NONE',  ( 35.50000000000000000, 60.34999999999999432, 17.60999999999999943 ) ) ;
#1156 = LINE ( 'NONE', #739, #589 ) ;
#1157 = EDGE_CURVE ( 'NONE', #152, #504, #884, .T. ) ;
#1158 = CARTESIAN_POINT ( 'NONE',  ( 35.50000000000000000, 61.14999999999999858, 18.60999999999998877 ) ) ;
#1159 = DIRECTION ( 'NONE',  ( -1.457750820148577758E-17, -1.000000000000000000, -0.000000000000000000 ) ) ;
#1160 = VECTOR ( 'NONE', #861, 1000.000000000000000 ) ;
#1161 = CARTESIAN_POINT ( 'NONE',  ( 1.650000000000001243, 54.17999999999999972, 18.61000000000000298 ) ) ;
#1162 = VECTOR ( 'NONE', #338, 1000.000000000000000 ) ;
#1163 = DIRECTION ( 'NONE',  ( 1.000000000000000000, 0.000000000000000000, 4.081702296415999431E-15 ) ) ;
#1164 = EDGE_LOOP ( 'NONE', ( #1235, #1676, #1579, #1547 ) ) ;
#1165 = EDGE_CURVE ( 'NONE', #1439, #1342, #72, .T. ) ;
#1166 = EDGE_CURVE ( 'NONE', #1036, #760, #1555, .T. ) ;
#1167 = MANIFOLD_SOLID_BREP ( 'Lights_Back_Left', #418 ) ;
#1168 = ORIENTED_EDGE ( 'NONE', *, *, #758, .F. ) ;
#1169 = CARTESIAN_POINT ( 'NONE',  ( 85.14999999999999147, 57.04530975637888446, 18.61000000000000298 ) ) ;
#1170 = CARTESIAN_POINT ( 'NONE',  ( 86.00000000000000000, 7.820000000000000284, 17.61000000000000654 ) ) ;
#1171 = CARTESIAN_POINT ( 'NONE',  ( 0.8500000000000014211, 57.04530975637888446, 17.41000000000000014 ) ) ;
#1172 = DIRECTION ( 'NONE',  ( 1.457750820148577758E-17, 1.000000000000000000, 0.000000000000000000 ) ) ;
#1173 = VECTOR ( 'NONE', #294, 1000.000000000000000 ) ;
#1174 = ORIENTED_EDGE ( 'NONE', *, *, #397, .T. ) ;
#1175 = VECTOR ( 'NONE', #1140, 1000.000000000000000 ) ;
#1176 = CLOSED_SHELL ( 'NONE', ( #334, #734, #51, #967, #238, #1753, #692, #634, #553, #276, #103, #1672, #735, #1446 ) ) ;
#1177 = DIRECTION ( 'NONE',  ( -4.336808689942013792E-16, 0.000000000000000000, -1.000000000000000000 ) ) ;
#1178 = EDGE_CURVE ( 'NONE', #1279, #110, #1032, .T. ) ;
#1179 = EDGE_LOOP ( 'NONE', ( #381, #1205, #1080, #1491 ) ) ;
#1180 = CARTESIAN_POINT ( 'NONE',  ( 83.49999999999998579, 7.820000000000000284, 18.61000000000000298 ) ) ;
#1181 = DIRECTION ( 'NONE',  ( 1.000000000000000000, -0.000000000000000000, -0.000000000000000000 ) ) ;
#1182 = ORIENTED_EDGE ( 'NONE', *, *, #1090, .F. ) ;
#1183 = CARTESIAN_POINT ( 'NONE',  ( 50.49999999999999289, 61.14999999999999858, 17.41000000000000014 ) ) ;
#1184 = DIRECTION ( 'NONE',  ( -1.457750820148577758E-17, -1.000000000000000000, -0.000000000000000000 ) ) ;
#1185 = MANIFOLD_SOLID_BREP ( 'Lights_Left', #1176 ) ;
#1186 = EDGE_LOOP ( 'NONE', ( #984, #964, #980, #611 ) ) ;
#1187 = DIRECTION ( 'NONE',  ( -0.000000000000000000, -0.000000000000000000, -1.000000000000000000 ) ) ;
#1188 = DIRECTION ( 'NONE',  ( -1.000000000000000000, -0.000000000000000000, -0.000000000000000000 ) ) ;
#1189 = CARTESIAN_POINT ( 'NONE',  ( 85.14999999999999147, 54.17999999999999972, 17.61000000000000298 ) ) ;
#1190 = VERTEX_POINT ( 'NONE', #1258 ) ;
#1191 = PRODUCT_DEFINITION_CONTEXT ( 'detailed design', #216, 'design' ) ;
#1192 = DIRECTION ( 'NONE',  ( 0.000000000000000000, -1.000000000000000000, 0.000000000000000000 ) ) ;
#1193 = ORIENTED_EDGE ( 'NONE', *, *, #1474, .F. ) ;
#1194 = ORIENTED_EDGE ( 'NONE', *, *, #888, .F. ) ;
#1195 = ORIENTED_EDGE ( 'NONE', *, *, #1435, .T. ) ;
#1196 = VECTOR ( 'NONE', #1105, 1000.000000000000000 ) ;
#1197 = ORIENTED_EDGE ( 'NONE', *, *, #480, .T. ) ;
#1198 = ADVANCED_FACE ( 'NONE', ( #1132 ), #57, .F. ) ;
#1199 = LINE ( 'NONE', #1436, #983 ) ;
#1200 = CARTESIAN_POINT ( 'NONE',  ( 85.14999999999999147, 7.820000000000000284, 18.81000000000000583 ) ) ;
#1201 =( GEOMETRIC_REPRESENTATION_CONTEXT ( 3 ) GLOBAL_UNCERTAINTY_ASSIGNED_CONTEXT ( ( #893 ) ) GLOBAL_UNIT_ASSIGNED_CONTEXT ( ( #1517, #433, #1120 ) ) REPRESENTATION_CONTEXT ( 'NONE', 'WORKASPACE' ) );
#1202 = EDGE_LOOP ( 'NONE', ( #679, #955, #1469, #1570 ) ) ;
#1203 = VECTOR ( 'NONE', #1701, 1000.000000000000000 ) ;
#1204 = VECTOR ( 'NONE', #1147, 1000.000000000000000 ) ;
#1205 = ORIENTED_EDGE ( 'NONE', *, *, #424, .T. ) ;
#1206 = VECTOR ( 'NONE', #120, 1000.000000000000000 ) ;
#1207 = ORIENTED_EDGE ( 'NONE', *, *, #1706, .T. ) ;
#1208 = FACE_OUTER_BOUND ( 'NONE', #1108, .T. ) ;
#1209 = CARTESIAN_POINT ( 'NONE',  ( 86.00000000000000000, 57.04530975637888446, 17.61000000000000654 ) ) ;
#1210 = ORIENTED_EDGE ( 'NONE', *, *, #74, .T. ) ;
#1211 = AXIS2_PLACEMENT_3D ( 'NONE', #1437, #632, #109 ) ;
#1212 = VERTEX_POINT ( 'NONE', #982 ) ;
#1213 = LINE ( 'NONE', #140, #159 ) ;
#1214 = DIRECTION ( 'NONE',  ( 0.000000000000000000, 0.000000000000000000, 1.000000000000000000 ) ) ;
#1215 = EDGE_CURVE ( 'NONE', #392, #393, #443, .T. ) ;
#1216 = ORIENTED_EDGE ( 'NONE', *, *, #685, .T. ) ;
#1217 = EDGE_CURVE ( 'NONE', #772, #1445, #1245, .T. ) ;
#1218 = DIRECTION ( 'NONE',  ( 1.000000000000000000, 0.000000000000000000, -0.000000000000000000 ) ) ;
#1219 = ORIENTED_EDGE ( 'NONE', *, *, #1157, .T. ) ;
#1220 = LINE ( 'NONE', #249, #732 ) ;
#1221 = ORIENTED_EDGE ( 'NONE', *, *, #508, .T. ) ;
#1222 = EDGE_LOOP ( 'NONE', ( #652, #844, #1197, #435 ) ) ;
#1223 = VECTOR ( 'NONE', #255, 1000.000000000000000 ) ;
#1224 = PLANE ( 'NONE',  #953 ) ;
#1225 = LINE ( 'NONE', #10, #667 ) ;
#1226 = EDGE_CURVE ( 'NONE', #272, #1611, #738, .T. ) ;
#1227 = FACE_OUTER_BOUND ( 'NONE', #125, .T. ) ;
#1228 = ORIENTED_EDGE ( 'NONE', *, *, #143, .F. ) ;
#1229 = CARTESIAN_POINT ( 'NONE',  ( 0.8500000000000007550, 7.820000000000000284, 18.80999999999999872 ) ) ;
#1230 = DIRECTION ( 'NONE',  ( -0.000000000000000000, 1.000000000000000000, 0.000000000000000000 ) ) ;
#1231 = LINE ( 'NONE', #1113, #73 ) ;
#1232 = LINE ( 'NONE', #1643, #7 ) ;
#1233 = VECTOR ( 'NONE', #1629, 1000.000000000000000 ) ;
#1234 = EDGE_CURVE ( 'NONE', #1316, #1004, #855, .T. ) ;
#1235 = ORIENTED_EDGE ( 'NONE', *, *, #494, .F. ) ;
#1236 = CARTESIAN_POINT ( 'NONE',  ( 38.36530975637888474, 60.34999999999999432, 17.60999999999998522 ) ) ;
#1237 = AXIS2_PLACEMENT_3D ( 'NONE', #318, #890, #1277 ) ;
#1238 = ORIENTED_EDGE ( 'NONE', *, *, #316, .T. ) ;
#1239 = VECTOR ( 'NONE', #1502, 1000.000000000000000 ) ;
#1240 = LINE ( 'NONE', #425, #1540 ) ;
#1241 = FACE_OUTER_BOUND ( 'NONE', #934, .T. ) ;
#1242 = DIRECTION ( 'NONE',  ( 0.000000000000000000, 0.000000000000000000, 1.000000000000000000 ) ) ;
#1243 = DIRECTION ( 'NONE',  ( -1.000000000000000000, -0.000000000000000000, -0.000000000000000000 ) ) ;
#1244 = VERTEX_POINT ( 'NONE', #565 ) ;
#1245 = LINE ( 'NONE', #1539, #232 ) ;
#1246 = VERTEX_POINT ( 'NONE', #601 ) ;
#1247 = ADVANCED_BREP_SHAPE_REPRESENTATION ( 'Main_box_lights-part', ( #1185, #1167, #605, #1736, #1650 ), #1614 ) ;
#1248 = ORIENTED_EDGE ( 'NONE', *, *, #944, .T. ) ;
#1249 = ADVANCED_FACE ( 'NONE', ( #463 ), #1369, .F. ) ;
#1250 = EDGE_CURVE ( 'NONE', #1402, #904, #455, .T. ) ;
#1251 = DIRECTION ( 'NONE',  ( 1.000000000000000000, -0.000000000000000000, -0.000000000000000000 ) ) ;
#1252 = VECTOR ( 'NONE', #783, 1000.000000000000000 ) ;
#1253 = PLANE ( 'NONE',  #1297 ) ;
#1254 = CARTESIAN_POINT ( 'NONE',  ( 93.49999999999998579, 54.17999999999999972, 0.000000000000000000 ) ) ;
#1255 = LINE ( 'NONE', #312, #1565 ) ;
#1256 = ORIENTED_EDGE ( 'NONE', *, *, #480, .F. ) ;
#1257 = DIRECTION ( 'NONE',  ( -1.000000000000000000, 1.457750820148577758E-17, 0.000000000000000000 ) ) ;
#1258 = CARTESIAN_POINT ( 'NONE',  ( 84.34999999999999432, 54.17999999999999972, 17.41000000000000725 ) ) ;
#1259 = SHAPE_DEFINITION_REPRESENTATION ( #780, #1247 ) ;
#1260 = ORIENTED_EDGE ( 'NONE', *, *, #1438, .T. ) ;
#1261 = FACE_OUTER_BOUND ( 'NONE', #1179, .T. ) ;
#1262 = CARTESIAN_POINT ( 'NONE',  ( 50.49999999999999289, 60.35000000000000142, 17.41000000000000014 ) ) ;
#1263 = EDGE_CURVE ( 'NONE', #1692, #1530, #315, .T. ) ;
#1264 = VECTOR ( 'NONE', #1184, 1000.000000000000000 ) ;
#1265 = ORIENTED_EDGE ( 'NONE', *, *, #376, .T. ) ;
#1266 = DIRECTION ( 'NONE',  ( 1.000000000000000000, -0.000000000000000000, -0.000000000000000000 ) ) ;
#1267 = ORIENTED_EDGE ( 'NONE', *, *, #637, .T. ) ;
#1268 = CARTESIAN_POINT ( 'NONE',  ( 0.8500000000000007550, 7.820000000000000284, 17.60999999999999943 ) ) ;
#1269 = PRESENTATION_LAYER_ASSIGNMENT (  '', '', ( #1056 ) ) ;
#1270 = AXIS2_PLACEMENT_3D ( 'NONE', #204, #1694, #602 ) ;
#1271 = DIRECTION ( 'NONE',  ( -1.000000000000000000, -0.000000000000000000, 4.336808689942013299E-16 ) ) ;
#1272 = EDGE_CURVE ( 'NONE', #789, #1320, #1404, .T. ) ;
#1273 = ADVANCED_FACE ( 'NONE', ( #744 ), #1100, .F. ) ;
#1274 = DIRECTION ( 'NONE',  ( -1.000000000000000000, 0.000000000000000000, 0.000000000000000000 ) ) ;
#1275 = ORIENTED_EDGE ( 'NONE', *, *, #1355, .T. ) ;
#1276 = CARTESIAN_POINT ( 'NONE',  ( 1.650000000000001243, 57.04530975637888446, 17.60999999999999943 ) ) ;
#1277 = DIRECTION ( 'NONE',  ( -1.457750820148577758E-17, -1.000000000000000000, 0.000000000000000000 ) ) ;
#1278 = FACE_OUTER_BOUND ( 'NONE', #566, .T. ) ;
#1279 = VERTEX_POINT ( 'NONE', #36 ) ;
#1280 = EDGE_CURVE ( 'NONE', #1190, #649, #664, .T. ) ;
#1281 = DIRECTION ( 'NONE',  ( -0.000000000000000000, -0.000000000000000000, 1.000000000000000000 ) ) ;
#1282 = DIRECTION ( 'NONE',  ( 1.000000000000000000, 0.000000000000000000, -0.000000000000000000 ) ) ;
#1283 = VERTEX_POINT ( 'NONE', #1479 ) ;
#1284 = ORIENTED_EDGE ( 'NONE', *, *, #1136, .T. ) ;
#1285 = EDGE_CURVE ( 'NONE', #1748, #1692, #408, .T. ) ;
#1286 = AXIS2_PLACEMENT_3D ( 'NONE', #1017, #1023, #740 ) ;
#1287 = CARTESIAN_POINT ( 'NONE',  ( 47.63469024362110815, 62.00000000000000000, 18.61000000000000298 ) ) ;
#1288 = VECTOR ( 'NONE', #62, 1000.000000000000000 ) ;
#1289 = LINE ( 'NONE', #1002, #416 ) ;
#1290 = ORIENTED_EDGE ( 'NONE', *, *, #81, .T. ) ;
#1291 = ORIENTED_EDGE ( 'NONE', *, *, #750, .T. ) ;
#1292 = DIRECTION ( 'NONE',  ( -1.000000000000000000, 0.000000000000000000, 0.000000000000000000 ) ) ;
#1293 = FACE_OUTER_BOUND ( 'NONE', #571, .T. ) ;
#1294 = ORIENTED_EDGE ( 'NONE', *, *, #287, .T. ) ;
#1295 = VERTEX_POINT ( 'NONE', #112 ) ;
#1296 = LINE ( 'NONE', #1708, #221 ) ;
#1297 = AXIS2_PLACEMENT_3D ( 'NONE', #1095, #724, #850 ) ;
#1298 = DIRECTION ( 'NONE',  ( -1.000000000000000000, 0.000000000000000000, -4.081702296415999431E-15 ) ) ;
#1299 = DIRECTION ( 'NONE',  ( -0.000000000000000000, -0.000000000000000000, 1.000000000000000000 ) ) ;
#1300 = EDGE_CURVE ( 'NONE', #662, #521, #932, .T. ) ;
#1301 = ORIENTED_EDGE ( 'NONE', *, *, #355, .T. ) ;
#1302 = FACE_OUTER_BOUND ( 'NONE', #1713, .T. ) ;
#1303 = EDGE_LOOP ( 'NONE', ( #1194, #513, #832, #1377 ) ) ;
#1304 = DIRECTION ( 'NONE',  ( 1.000000000000000000, -1.457750820148577758E-17, 0.000000000000000000 ) ) ;
#1305 = FACE_OUTER_BOUND ( 'NONE', #538, .T. ) ;
#1306 = AXIS2_PLACEMENT_3D ( 'NONE', #865, #417, #959 ) ;
#1307 = VERTEX_POINT ( 'NONE', #278 ) ;
#1308 = VECTOR ( 'NONE', #1214, 1000.000000000000000 ) ;
#1309 = EDGE_CURVE ( 'NONE', #1715, #815, #246, .T. ) ;
#1310 = DIRECTION ( 'NONE',  ( -0.000000000000000000, -0.000000000000000000, 1.000000000000000000 ) ) ;
#1311 = CARTESIAN_POINT ( 'NONE',  ( 35.50000000000000000, 61.14999999999999858, 17.60999999999998522 ) ) ;
#1312 = VERTEX_POINT ( 'NONE', #1743 ) ;
#1313 = CARTESIAN_POINT ( 'NONE',  ( 82.34999999999999432, 60.35000000000000142, 18.80999999999999872 ) ) ;
#1314 = CARTESIAN_POINT ( 'NONE',  ( 1.650000000000001243, 54.17999999999999972, 17.60999999999999943 ) ) ;
#1315 = FACE_OUTER_BOUND ( 'NONE', #1222, .T. ) ;
#1316 = VERTEX_POINT ( 'NONE', #12 ) ;
#1317 = LINE ( 'NONE', #111, #1417 ) ;
#1318 = LINE ( 'NONE', #379, #155 ) ;
#1319 = VERTEX_POINT ( 'NONE', #1348 ) ;
#1320 = VERTEX_POINT ( 'NONE', #1632 ) ;
#1321 = EDGE_CURVE ( 'NONE', #813, #261, #239, .T. ) ;
#1322 = CARTESIAN_POINT ( 'NONE',  ( 85.14999999999999147, 57.04530975637888446, 17.61000000000000298 ) ) ;
#1323 =( GEOMETRIC_REPRESENTATION_CONTEXT ( 3 ) GLOBAL_UNCERTAINTY_ASSIGNED_CONTEXT ( ( #1416 ) ) GLOBAL_UNIT_ASSIGNED_CONTEXT ( ( #26, #275, #100 ) ) REPRESENTATION_CONTEXT ( 'NONE', 'WORKASPACE' ) );
#1324 = VECTOR ( 'NONE', #765, 1000.000000000000000 ) ;
#1325 = DIRECTION ( 'NONE',  ( 1.000000000000000000, 0.000000000000000000, 0.000000000000000000 ) ) ;
#1326 = PLANE ( 'NONE',  #1617 ) ;
#1327 = DIRECTION ( 'NONE',  ( 0.000000000000000000, -1.000000000000000000, 0.000000000000000000 ) ) ;
#1328 = ORIENTED_EDGE ( 'NONE', *, *, #304, .F. ) ;
#1329 = ORIENTED_EDGE ( 'NONE', *, *, #579, .F. ) ;
#1330 = VERTEX_POINT ( 'NONE', #257 ) ;
#1331 = CARTESIAN_POINT ( 'NONE',  ( 0.8500000000000014211, 54.17999999999999972, 17.41000000000000014 ) ) ;
#1332 = CARTESIAN_POINT ( 'NONE',  ( 35.50000000000000000, 60.34999999999999432, 18.60999999999998877 ) ) ;
#1333 = ORIENTED_EDGE ( 'NONE', *, *, #864, .F. ) ;
#1334 = EDGE_CURVE ( 'NONE', #1459, #662, #419, .T. ) ;
#1335 = PLANE ( 'NONE',  #1685 ) ;
#1336 = LINE ( 'NONE', #916, #814 ) ;
#1337 = VECTOR ( 'NONE', #1298, 1000.000000000000000 ) ;
#1338 = LINE ( 'NONE', #1047, #1264 ) ;
#1339 = AXIS2_PLACEMENT_3D ( 'NONE', #736, #1274, #979 ) ;
#1340 = EDGE_LOOP ( 'NONE', ( #388, #1483, #1260, #1467 ) ) ;
#1341 = DIRECTION ( 'NONE',  ( 1.000000000000000000, -0.000000000000000000, 0.000000000000000000 ) ) ;
#1342 = VERTEX_POINT ( 'NONE', #144 ) ;
#1343 = EDGE_LOOP ( 'NONE', ( #25, #1049, #930, #30 ) ) ;
#1344 = CARTESIAN_POINT ( 'NONE',  ( 86.00000000000000000, 57.04530975637888446, 17.61000000000000654 ) ) ;
#1345 = DIRECTION ( 'NONE',  ( -0.000000000000000000, -1.000000000000000000, -0.000000000000000000 ) ) ;
#1346 = ADVANCED_FACE ( 'NONE', ( #686 ), #551, .F. ) ;
#1347 =( LENGTH_UNIT ( ) NAMED_UNIT ( * ) SI_UNIT ( .MILLI., .METRE. ) );
#1348 = CARTESIAN_POINT ( 'NONE',  ( 85.14999999999999147, 54.17999999999999972, 18.81000000000000583 ) ) ;
#1349 = VERTEX_POINT ( 'NONE', #645 ) ;
#1350 = VERTEX_POINT ( 'NONE', #808 ) ;
#1351 = ORIENTED_EDGE ( 'NONE', *, *, #786, .F. ) ;
#1352 = PRESENTATION_STYLE_ASSIGNMENT (( #1372 ) ) ;
#1353 = CARTESIAN_POINT ( 'NONE',  ( 85.14999999999999147, 7.820000000000000284, 18.61000000000000298 ) ) ;
#1354 = AXIS2_PLACEMENT_3D ( 'NONE', #353, #1292, #345 ) ;
#1355 = EDGE_CURVE ( 'NONE', #1734, #789, #123, .T. ) ;
#1356 = LINE ( 'NONE', #713, #1581 ) ;
#1357 = DIRECTION ( 'NONE',  ( 0.000000000000000000, 0.000000000000000000, -1.000000000000000000 ) ) ;
#1358 = ORIENTED_EDGE ( 'NONE', *, *, #1497, .F. ) ;
#1359 = VERTEX_POINT ( 'NONE', #1311 ) ;
#1360 = FACE_OUTER_BOUND ( 'NONE', #406, .T. ) ;
#1361 = CARTESIAN_POINT ( 'NONE',  ( 84.34999999999999432, 54.17999999999999972, 17.61000000000000298 ) ) ;
#1362 =( NAMED_UNIT ( * ) SI_UNIT ( $, .STERADIAN. ) SOLID_ANGLE_UNIT ( ) );
#1363 = LINE ( 'NONE', #160, #868 ) ;
#1364 = CARTESIAN_POINT ( 'NONE',  ( 85.14999999999999147, 57.04530975637888446, 18.61000000000000298 ) ) ;
#1365 = VECTOR ( 'NONE', #578, 1000.000000000000000 ) ;
#1366 = ORIENTED_EDGE ( 'NONE', *, *, #471, .F. ) ;
#1367 = EDGE_CURVE ( 'NONE', #1330, #1152, #1338, .T. ) ;
#1368 = DIRECTION ( 'NONE',  ( -1.000000000000000000, -0.000000000000000000, 4.336808689942013299E-16 ) ) ;
#1369 = PLANE ( 'NONE',  #1633 ) ;
#1370 = VECTOR ( 'NONE', #197, 1000.000000000000000 ) ;
#1371 = ORIENTED_EDGE ( 'NONE', *, *, #262, .T. ) ;
#1372 = SURFACE_STYLE_USAGE ( .BOTH. , #846 ) ;
#1373 = LINE ( 'NONE', #947, #614 ) ;
#1374 = PLANE ( 'NONE',  #187 ) ;
#1375 = DIRECTION ( 'NONE',  ( -1.000000000000000000, 1.457750820148577758E-17, 0.000000000000000000 ) ) ;
#1376 = DIRECTION ( 'NONE',  ( 0.000000000000000000, 0.000000000000000000, 1.000000000000000000 ) ) ;
#1377 = ORIENTED_EDGE ( 'NONE', *, *, #1090, .T. ) ;
#1378 = LINE ( 'NONE', #1109, #859 ) ;
#1379 = APPLICATION_PROTOCOL_DEFINITION ( 'draft international standard', 'automotive_design', 1998, #867 ) ;
#1380 = EDGE_CURVE ( 'NONE', #110, #1118, #1723, .T. ) ;
#1381 = ORIENTED_EDGE ( 'NONE', *, *, #175, .F. ) ;
#1382 = PLANE ( 'NONE',  #1148 ) ;
#1383 = PRESENTATION_LAYER_ASSIGNMENT (  '', '', ( #464 ) ) ;
#1384 = VECTOR ( 'NONE', #791, 1000.000000000000000 ) ;
#1385 = DIRECTION ( 'NONE',  ( -0.000000000000000000, 1.000000000000000000, 0.000000000000000000 ) ) ;
#1386 = DIRECTION ( 'NONE',  ( 1.000000000000000000, -0.000000000000000000, -0.000000000000000000 ) ) ;
#1387 = ORIENTED_EDGE ( 'NONE', *, *, #888, .T. ) ;
#1388 = PLANE ( 'NONE',  #146 ) ;
#1389 = SURFACE_SIDE_STYLE ('',( #998 ) ) ;
#1390 = EDGE_CURVE ( 'NONE', #815, #919, #1318, .T. ) ;
#1391 = DIRECTION ( 'NONE',  ( 0.000000000000000000, 0.000000000000000000, 1.000000000000000000 ) ) ;
#1392 = DIRECTION ( 'NONE',  ( 0.000000000000000000, -1.000000000000000000, 0.000000000000000000 ) ) ;
#1393 = EDGE_CURVE ( 'NONE', #504, #1190, #1610, .T. ) ;
#1394 = DIRECTION ( 'NONE',  ( 1.000000000000000000, -0.000000000000000000, -0.000000000000000000 ) ) ;
#1395 = ORIENTED_EDGE ( 'NONE', *, *, #1583, .F. ) ;
#1396 = VECTOR ( 'NONE', #9, 1000.000000000000000 ) ;
#1397 = LINE ( 'NONE', #1674, #779 ) ;
#1398 = CARTESIAN_POINT ( 'NONE',  ( 85.14999999999999147, 54.17999999999999972, 17.61000000000000298 ) ) ;
#1399 = EDGE_CURVE ( 'NONE', #1611, #1731, #922, .T. ) ;
#1400 = ADVANCED_FACE ( 'NONE', ( #398 ), #519, .F. ) ;
#1401 = CARTESIAN_POINT ( 'NONE',  ( 38.36530975637888474, 60.34999999999999432, 18.60999999999998877 ) ) ;
#1402 = VERTEX_POINT ( 'NONE', #1653 ) ;
#1403 = FILL_AREA_STYLE_COLOUR ( '', #684 ) ;
#1404 = LINE ( 'NONE', #292, #1370 ) ;
#1405 = PLANE ( 'NONE',  #1237 ) ;
#1406 = DIRECTION ( 'NONE',  ( 1.000000000000000000, 0.000000000000000000, -0.000000000000000000 ) ) ;
#1407 = ORIENTED_EDGE ( 'NONE', *, *, #1457, .F. ) ;
#1408 = VECTOR ( 'NONE', #282, 1000.000000000000000 ) ;
#1409 = EDGE_CURVE ( 'NONE', #91, #1734, #1356, .T. ) ;
#1410 =( LENGTH_UNIT ( ) NAMED_UNIT ( * ) SI_UNIT ( .MILLI., .METRE. ) );
#1411 = ORIENTED_EDGE ( 'NONE', *, *, #448, .T. ) ;
#1412 = CARTESIAN_POINT ( 'NONE',  ( 47.63469024362110815, 60.35000000000000142, 17.41000000000000014 ) ) ;
#1413 = CARTESIAN_POINT ( 'NONE',  ( 1.650000000000001243, 54.17999999999999972, 17.41000000000000014 ) ) ;
#1414 = DIRECTION ( 'NONE',  ( -0.000000000000000000, -1.000000000000000000, -0.000000000000000000 ) ) ;
#1415 = ORIENTED_EDGE ( 'NONE', *, *, #250, .F. ) ;
#1416 = UNCERTAINTY_MEASURE_WITH_UNIT (LENGTH_MEASURE( 1.000000000000000082E-05 ), #26, 'distance_accuracy_value', 'NONE');
#1417 = VECTOR ( 'NONE', #635, 1000.000000000000000 ) ;
#1418 = EDGE_CURVE ( 'NONE', #1626, #320, #580, .T. ) ;
#1419 = AXIS2_PLACEMENT_3D ( 'NONE', #205, #76, #1163 ) ;
#1420 = CARTESIAN_POINT ( 'NONE',  ( 3.649999999999999467, 61.14999999999999858, 17.60999999999999943 ) ) ;
#1421 = AXIS2_PLACEMENT_3D ( 'NONE', #1287, #992, #1527 ) ;
#1422 = VECTOR ( 'NONE', #1299, 1000.000000000000000 ) ;
#1423 = FACE_OUTER_BOUND ( 'NONE', #687, .T. ) ;
#1424 = ORIENTED_EDGE ( 'NONE', *, *, #1696, .T. ) ;
#1425 = VECTOR ( 'NONE', #917, 1000.000000000000000 ) ;
#1426 = ORIENTED_EDGE ( 'NONE', *, *, #1409, .F. ) ;
#1427 = EDGE_CURVE ( 'NONE', #38, #486, #1661, .T. ) ;
#1428 = DIRECTION ( 'NONE',  ( 0.000000000000000000, 1.000000000000000000, 0.000000000000000000 ) ) ;
#1429 = CARTESIAN_POINT ( 'NONE',  ( 84.34999999999999432, 57.04530975637888446, 17.61000000000000298 ) ) ;
#1430 = PLANE ( 'NONE',  #134 ) ;
#1431 = ORIENTED_EDGE ( 'NONE', *, *, #1081, .F. ) ;
#1432 = LINE ( 'NONE', #1578, #1722 ) ;
#1433 = ORIENTED_EDGE ( 'NONE', *, *, #343, .F. ) ;
#1434 = ORIENTED_EDGE ( 'NONE', *, *, #68, .T. ) ;
#1435 = EDGE_CURVE ( 'NONE', #1038, #1530, #1498, .T. ) ;
#1436 = CARTESIAN_POINT ( 'NONE',  ( 86.00000000000000000, 54.17999999999999972, 18.61000000000000298 ) ) ;
#1437 = CARTESIAN_POINT ( 'NONE',  ( 38.36530975637888474, 59.50000000000000000, 18.60999999999998877 ) ) ;
#1438 = EDGE_CURVE ( 'NONE', #1244, #1639, #52, .T. ) ;
#1439 = VERTEX_POINT ( 'NONE', #150 ) ;
#1440 = ORIENTED_EDGE ( 'NONE', *, *, #1355, .F. ) ;
#1441 = LINE ( 'NONE', #1737, #777 ) ;
#1442 = LINE ( 'NONE', #530, #54 ) ;
#1443 = FACE_OUTER_BOUND ( 'NONE', #1603, .T. ) ;
#1444 = VECTOR ( 'NONE', #782, 1000.000000000000000 ) ;
#1445 = VERTEX_POINT ( 'NONE', #449 ) ;
#1446 = ADVANCED_FACE ( 'NONE', ( #858 ), #1520, .T. ) ;
#1447 = EDGE_CURVE ( 'NONE', #1639, #1110, #693, .T. ) ;
#1448 = AXIS2_PLACEMENT_3D ( 'NONE', #13, #1725, #552 ) ;
#1449 = CARTESIAN_POINT ( 'NONE',  ( 82.34999999999999432, 59.50000000000000000, 17.60999999999999943 ) ) ;
#1450 = DIRECTION ( 'NONE',  ( -0.000000000000000000, -1.000000000000000000, -0.000000000000000000 ) ) ;
#1451 = ORIENTED_EDGE ( 'NONE', *, *, #1226, .T. ) ;
#1452 = ORIENTED_EDGE ( 'NONE', *, *, #1740, .F. ) ;
#1453 = CARTESIAN_POINT ( 'NONE',  ( 1.650000000000001243, 54.17999999999999972, 18.61000000000000298 ) ) ;
#1454 = CARTESIAN_POINT ( 'NONE',  ( 3.649999999999999467, 62.00000000000000000, 17.60999999999999943 ) ) ;
#1455 = DIRECTION ( 'NONE',  ( 4.336808689942014285E-16, 0.000000000000000000, 1.000000000000000000 ) ) ;
#1456 = ORIENTED_EDGE ( 'NONE', *, *, #1532, .T. ) ;
#1457 = EDGE_CURVE ( 'NONE', #1048, #1244, #1232, .T. ) ;
#1458 = CARTESIAN_POINT ( 'NONE',  ( 84.34999999999999432, 57.04530975637888446, 17.41000000000000725 ) ) ;
#1459 = VERTEX_POINT ( 'NONE', #560 ) ;
#1460 = ORIENTED_EDGE ( 'NONE', *, *, #1145, .F. ) ;
#1461 = DIRECTION ( 'NONE',  ( -1.000000000000000000, -0.000000000000000000, 4.336808689942013299E-16 ) ) ;
#1462 = CARTESIAN_POINT ( 'NONE',  ( 82.34999999999999432, 62.00000000000000000, 18.61000000000000298 ) ) ;
#1463 = ORIENTED_EDGE ( 'NONE', *, *, #1300, .T. ) ;
#1464 = DIRECTION ( 'NONE',  ( 0.000000000000000000, -0.000000000000000000, -1.000000000000000000 ) ) ;
#1465 = LINE ( 'NONE', #1454, #1384 ) ;
#1466 = CARTESIAN_POINT ( 'NONE',  ( 3.649999999999999467, 61.14999999999999858, 17.60999999999999943 ) ) ;
#1467 = ORIENTED_EDGE ( 'NONE', *, *, #1447, .T. ) ;
#1468 = DIRECTION ( 'NONE',  ( -1.457750820148577758E-17, -1.000000000000000000, -0.000000000000000000 ) ) ;
#1469 = ORIENTED_EDGE ( 'NONE', *, *, #817, .T. ) ;
#1470 = PLANE ( 'NONE',  #670 ) ;
#1471 = EDGE_LOOP ( 'NONE', ( #876, #1415, #853, #1636, #563, #1358, #1366, #377, #114, #1193, #1433, #719 ) ) ;
#1472 = AXIS2_PLACEMENT_3D ( 'NONE', #428, #970, #840 ) ;
#1473 = ADVANCED_FACE ( 'NONE', ( #568 ), #1096, .F. ) ;
#1474 = EDGE_CURVE ( 'NONE', #1212, #649, #1363, .T. ) ;
#1475 = CARTESIAN_POINT ( 'NONE',  ( 82.34999999999999432, 60.35000000000000142, 17.41000000000000014 ) ) ;
#1476 =( GEOMETRIC_REPRESENTATION_CONTEXT ( 3 ) GLOBAL_UNCERTAINTY_ASSIGNED_CONTEXT ( ( #612 ) ) GLOBAL_UNIT_ASSIGNED_CONTEXT ( ( #1410, #336, #723 ) ) REPRESENTATION_CONTEXT ( 'NONE', 'WORKASPACE' ) );
#1477 = VECTOR ( 'NONE', #950, 1000.000000000000000 ) ;
#1478 = AXIS2_PLACEMENT_3D ( 'NONE', #126, #1341, #536 ) ;
#1479 = CARTESIAN_POINT ( 'NONE',  ( 1.649092318444901117, 54.17999999999999972, 18.80999999999999872 ) ) ;
#1480 = VECTOR ( 'NONE', #1450, 1000.000000000000000 ) ;
#1481 = ORIENTED_EDGE ( 'NONE', *, *, #1380, .F. ) ;
#1482 = FACE_OUTER_BOUND ( 'NONE', #619, .T. ) ;
#1483 = ORIENTED_EDGE ( 'NONE', *, *, #1457, .T. ) ;
#1484 = EDGE_CURVE ( 'NONE', #1359, #283, #703, .T. ) ;
#1485 = LINE ( 'NONE', #184, #1173 ) ;
#1486 = LINE ( 'NONE', #550, #1742 ) ;
#1487 = DIRECTION ( 'NONE',  ( 1.000000000000000000, -0.000000000000000000, -0.000000000000000000 ) ) ;
#1488 = EDGE_LOOP ( 'NONE', ( #1248, #975, #1503, #671, #491, #94, #1616, #907, #1301, #170, #240, #677 ) ) ;
#1489 = ORIENTED_EDGE ( 'NONE', *, *, #625, .F. ) ;
#1490 = LINE ( 'NONE', #1268, #940 ) ;
#1491 = ORIENTED_EDGE ( 'NONE', *, *, #720, .F. ) ;
#1492 = VECTOR ( 'NONE', #823, 1000.000000000000000 ) ;
#1493 = PLANE ( 'NONE',  #1306 ) ;
#1494 = DIRECTION ( 'NONE',  ( 0.000000000000000000, 1.000000000000000000, 0.000000000000000000 ) ) ;
#1495 = CARTESIAN_POINT ( 'NONE',  ( 84.34999999999999432, 57.04530975637888446, 17.61000000000000298 ) ) ;
#1496 = PRESENTATION_LAYER_ASSIGNMENT (  '', '', ( #833 ) ) ;
#1497 = EDGE_CURVE ( 'NONE', #904, #1707, #350, .T. ) ;
#1498 = LINE ( 'NONE', #288, #968 ) ;
#1499 = CARTESIAN_POINT ( 'NONE',  ( 1.649092318444901117, 57.04530975637888446, 18.80999999999999872 ) ) ;
#1500 = EDGE_LOOP ( 'NONE', ( #251, #1407, #1228, #655, #1168, #1351, #206, #695, #710, #769, #1333, #335 ) ) ;
#1501 = DIRECTION ( 'NONE',  ( -1.457750820148577758E-17, -1.000000000000000000, 0.000000000000000000 ) ) ;
#1502 = DIRECTION ( 'NONE',  ( -1.457750820148577758E-17, -1.000000000000000000, -0.000000000000000000 ) ) ;
#1503 = ORIENTED_EDGE ( 'NONE', *, *, #460, .T. ) ;
#1504 = ORIENTED_EDGE ( 'NONE', *, *, #1321, .F. ) ;
#1505 = CARTESIAN_POINT ( 'NONE',  ( 7.175823566942910832E-16, 57.04530975637888446, 17.60999999999999943 ) ) ;
#1506 = CARTESIAN_POINT ( 'NONE',  ( 0.8500000000000014211, 54.17999999999999972, 18.80999999999999872 ) ) ;
#1507 = DIRECTION ( 'NONE',  ( 0.004538361037101191348, -0.000000000000000000, -0.9999897015865197858 ) ) ;
#1508 = VECTOR ( 'NONE', #1345, 1000.000000000000000 ) ;
#1509 = ADVANCED_FACE ( 'NONE', ( #493 ), #1721, .F. ) ;
#1510 = DIRECTION ( 'NONE',  ( -1.000000000000000000, -0.000000000000000000, 4.336808689942013299E-16 ) ) ;
#1511 = CARTESIAN_POINT ( 'NONE',  ( 3.649999999999999911, 60.34999999999999432, 18.61000000000000298 ) ) ;
#1512 = VECTOR ( 'NONE', #1573, 1000.000000000000000 ) ;
#1513 = DIRECTION ( 'NONE',  ( -1.000000000000000000, -0.000000000000000000, -4.081702296416000219E-15 ) ) ;
#1514 = ORIENTED_EDGE ( 'NONE', *, *, #1334, .T. ) ;
#1515 = CARTESIAN_POINT ( 'NONE',  ( 84.34999999999999432, 7.820000000000000284, 18.61000000000000298 ) ) ;
#1516 = CLOSED_SHELL ( 'NONE', ( #515, #1249, #209, #131, #852, #1198, #1678, #608, #899, #1025, #465, #591, #226, #59 ) ) ;
#1517 =( LENGTH_UNIT ( ) NAMED_UNIT ( * ) SI_UNIT ( .MILLI., .METRE. ) );
#1518 = ORIENTED_EDGE ( 'NONE', *, *, #1300, .F. ) ;
#1519 = CARTESIAN_POINT ( 'NONE',  ( 3.649999999999999911, 60.34999999999999432, 18.80999999999999872 ) ) ;
#1520 = PLANE ( 'NONE',  #543 ) ;
#1521 = EDGE_CURVE ( 'NONE', #283, #1445, #776, .T. ) ;
#1522 = ORIENTED_EDGE ( 'NONE', *, *, #1427, .T. ) ;
#1523 = DIRECTION ( 'NONE',  ( -0.000000000000000000, -0.000000000000000000, 1.000000000000000000 ) ) ;
#1524 = CARTESIAN_POINT ( 'NONE',  ( 47.63469024362110815, 60.35000000000000142, 18.61000000000000298 ) ) ;
#1525 = EDGE_CURVE ( 'NONE', #261, #482, #785, .T. ) ;
#1526 = CARTESIAN_POINT ( 'NONE',  ( 6.758132802208805916E-16, 54.17999999999999972, 18.61000000000000298 ) ) ;
#1527 = DIRECTION ( 'NONE',  ( -1.000000000000000000, 0.000000000000000000, 0.000000000000000000 ) ) ;
#1528 = AXIS2_PLACEMENT_3D ( 'NONE', #1236, #854, #1131 ) ;
#1529 = FACE_OUTER_BOUND ( 'NONE', #421, .T. ) ;
#1530 = VERTEX_POINT ( 'NONE', #1449 ) ;
#1531 = CARTESIAN_POINT ( 'NONE',  ( 2.500000000000002220, 57.04530975637888446, 18.61000000000000298 ) ) ;
#1532 = EDGE_CURVE ( 'NONE', #1602, #1316, #1317, .T. ) ;
#1533 = ADVANCED_FACE ( 'NONE', ( #1302 ), #236, .F. ) ;
#1534 = CARTESIAN_POINT ( 'NONE',  ( 3.649999999999999911, 60.34999999999999432, 18.80999999999999872 ) ) ;
#1535 = PLANE ( 'NONE',  #636 ) ;
#1536 = DIRECTION ( 'NONE',  ( 1.457750820148577758E-17, 1.000000000000000000, 0.000000000000000000 ) ) ;
#1537 = ORIENTED_EDGE ( 'NONE', *, *, #265, .T. ) ;
#1538 = SURFACE_SIDE_STYLE ('',( #1005 ) ) ;
#1539 = CARTESIAN_POINT ( 'NONE',  ( 3.649999999999999023, 61.14999999999999858, 17.41000000000000014 ) ) ;
#1540 = VECTOR ( 'NONE', #557, 1000.000000000000000 ) ;
#1541 = CARTESIAN_POINT ( 'NONE',  ( 6.758132802208805916E-16, 54.17999999999999972, 17.60999999999999943 ) ) ;
#1542 = VECTOR ( 'NONE', #1670, 1000.000000000000000 ) ;
#1543 = EDGE_CURVE ( 'NONE', #1582, #38, #912, .T. ) ;
#1544 = DIRECTION ( 'NONE',  ( 1.000000000000000000, -0.000000000000000000, 0.000000000000000000 ) ) ;
#1545 = ORIENTED_EDGE ( 'NONE', *, *, #161, .T. ) ;
#1546 = UNCERTAINTY_MEASURE_WITH_UNIT (LENGTH_MEASURE( 1.000000000000000082E-05 ), #1347, 'distance_accuracy_value', 'NONE');
#1547 = ORIENTED_EDGE ( 'NONE', *, *, #1250, .F. ) ;
#1548 = DIRECTION ( 'NONE',  ( -1.000000000000000000, 0.000000000000000000, 0.000000000000000000 ) ) ;
#1549 = LINE ( 'NONE', #1158, #1203 ) ;
#1550 = ORIENTED_EDGE ( 'NONE', *, *, #1215, .T. ) ;
#1551 = VECTOR ( 'NONE', #107, 1000.000000000000000 ) ;
#1552 = PRODUCT_DEFINITION ( 'UNKNOWN', '', #4, #1191 ) ;
#1553 = EDGE_CURVE ( 'NONE', #1707, #627, #1432, .T. ) ;
#1554 = VERTEX_POINT ( 'NONE', #1183 ) ;
#1555 = LINE ( 'NONE', #1169, #1162 ) ;
#1556 = CARTESIAN_POINT ( 'NONE',  ( 82.34999999999999432, 61.14999999999999858, 17.60999999999999943 ) ) ;
#1557 = PLANE ( 'NONE',  #1660 ) ;
#1558 = ORIENTED_EDGE ( 'NONE', *, *, #1393, .F. ) ;
#1559 = EDGE_LOOP ( 'NONE', ( #1729, #1290, #1646, #329 ) ) ;
#1560 = ADVANCED_FACE ( 'NONE', ( #905 ), #222, .F. ) ;
#1561 = ORIENTED_EDGE ( 'NONE', *, *, #355, .F. ) ;
#1562 = PLANE ( 'NONE',  #1354 ) ;
#1563 = VECTOR ( 'NONE', #31, 1000.000000000000000 ) ;
#1564 = VECTOR ( 'NONE', #928, 1000.000000000000000 ) ;
#1565 = VECTOR ( 'NONE', #1394, 1000.000000000000000 ) ;
#1566 = DIRECTION ( 'NONE',  ( 0.000000000000000000, 1.000000000000000000, 0.000000000000000000 ) ) ;
#1567 = DIRECTION ( 'NONE',  ( 0.000000000000000000, -0.000000000000000000, 1.000000000000000000 ) ) ;
#1568 = FACE_OUTER_BOUND ( 'NONE', #386, .T. ) ;
#1569 = ORIENTED_EDGE ( 'NONE', *, *, #506, .T. ) ;
#1570 = ORIENTED_EDGE ( 'NONE', *, *, #237, .T. ) ;
#1571 = ORIENTED_EDGE ( 'NONE', *, *, #999, .F. ) ;
#1572 = CARTESIAN_POINT ( 'NONE',  ( 38.36530975637888474, 61.14999999999999858, 18.80999999999998806 ) ) ;
#1573 = DIRECTION ( 'NONE',  ( -1.000000000000000000, -0.000000000000000000, 4.336808689942013299E-16 ) ) ;
#1574 = EDGE_CURVE ( 'NONE', #152, #256, #640, .T. ) ;
#1575 = EDGE_CURVE ( 'NONE', #393, #1635, #412, .T. ) ;
#1576 = FACE_OUTER_BOUND ( 'NONE', #503, .T. ) ;
#1577 = ORIENTED_EDGE ( 'NONE', *, *, #65, .T. ) ;
#1578 = CARTESIAN_POINT ( 'NONE',  ( 84.34999999999999432, 7.820000000000000284, 18.81000000000000583 ) ) ;
#1579 = ORIENTED_EDGE ( 'NONE', *, *, #471, .T. ) ;
#1580 = AXIS2_PLACEMENT_3D ( 'NONE', #768, #93, #800 ) ;
#1581 = VECTOR ( 'NONE', #978, 1000.000000000000000 ) ;
#1582 = VERTEX_POINT ( 'NONE', #1332 ) ;
#1583 = EDGE_CURVE ( 'NONE', #1439, #1748, #507, .T. ) ;
#1584 = CARTESIAN_POINT ( 'NONE',  ( 83.49999999999998579, 54.17999999999999972, 17.61000000000000654 ) ) ;
#1585 = DIRECTION ( 'NONE',  ( 0.000000000000000000, -0.000000000000000000, -1.000000000000000000 ) ) ;
#1586 = EDGE_LOOP ( 'NONE', ( #1571, #801, #362, #86 ) ) ;
#1587 = CARTESIAN_POINT ( 'NONE',  ( 38.36530975637888474, 60.34999999999999432, 18.60999999999998877 ) ) ;
#1588 = EDGE_LOOP ( 'NONE', ( #767, #1216, #675, #138 ) ) ;
#1589 = CARTESIAN_POINT ( 'NONE',  ( 50.49999999999999289, 61.14999999999999858, 17.60999999999999943 ) ) ;
#1590 = ORIENTED_EDGE ( 'NONE', *, *, #11, .T. ) ;
#1591 = ORIENTED_EDGE ( 'NONE', *, *, #1543, .T. ) ;
#1592 = LINE ( 'NONE', #370, #1010 ) ;
#1593 = DIRECTION ( 'NONE',  ( 0.000000000000000000, -0.000000000000000000, 1.000000000000000000 ) ) ;
#1594 = MECHANICAL_DESIGN_GEOMETRIC_PRESENTATION_REPRESENTATION (  '', ( #1709 ), #1201 ) ;
#1595 = LINE ( 'NONE', #539, #1735 ) ;
#1596 = CARTESIAN_POINT ( 'NONE',  ( 35.50000000000000000, 60.34999999999999432, 18.80999999999998806 ) ) ;
#1597 = VECTOR ( 'NONE', #1034, 1000.000000000000000 ) ;
#1598 = EDGE_CURVE ( 'NONE', #1623, #1004, #812, .T. ) ;
#1599 = ORIENTED_EDGE ( 'NONE', *, *, #1427, .F. ) ;
#1600 = VECTOR ( 'NONE', #730, 1000.000000000000000 ) ;
#1601 = DIRECTION ( 'NONE',  ( -0.000000000000000000, 0.000000000000000000, 1.000000000000000000 ) ) ;
#1602 = VERTEX_POINT ( 'NONE', #654 ) ;
#1603 = EDGE_LOOP ( 'NONE', ( #906, #77, #1545, #824 ) ) ;
#1604 = ORIENTED_EDGE ( 'NONE', *, *, #1272, .T. ) ;
#1605 = ORIENTED_EDGE ( 'NONE', *, *, #506, .F. ) ;
#1606 = CARTESIAN_POINT ( 'NONE',  ( 82.34999999999999432, 60.35000000000000142, 18.61000000000000298 ) ) ;
#1607 = CARTESIAN_POINT ( 'NONE',  ( 83.49999999999998579, 7.820000000000000284, 17.61000000000000654 ) ) ;
#1608 = LINE ( 'NONE', #877, #986 ) ;
#1609 = EDGE_LOOP ( 'NONE', ( #737, #1267, #495, #1605 ) ) ;
#1610 = LINE ( 'NONE', #1730, #409 ) ;
#1611 = VERTEX_POINT ( 'NONE', #127 ) ;
#1612 = DIRECTION ( 'NONE',  ( 1.000000000000000000, 0.000000000000000000, -0.000000000000000000 ) ) ;
#1613 = ORIENTED_EDGE ( 'NONE', *, *, #828, .T. ) ;
#1614 =( GEOMETRIC_REPRESENTATION_CONTEXT ( 3 ) GLOBAL_UNCERTAINTY_ASSIGNED_CONTEXT ( ( #1020 ) ) GLOBAL_UNIT_ASSIGNED_CONTEXT ( ( #1134, #903, #870 ) ) REPRESENTATION_CONTEXT ( 'NONE', 'WORKASPACE' ) );
#1615 = VECTOR ( 'NONE', #851, 1000.000000000000000 ) ;
#1616 = ORIENTED_EDGE ( 'NONE', *, *, #600, .T. ) ;
#1617 = AXIS2_PLACEMENT_3D ( 'NONE', #119, #659, #1567 ) ;
#1618 = CARTESIAN_POINT ( 'NONE',  ( 85.14999999999999147, 57.04530975637888446, 18.81000000000000583 ) ) ;
#1619 = LINE ( 'NONE', #405, #1204 ) ;
#1620 = CARTESIAN_POINT ( 'NONE',  ( 83.49999999999998579, 57.04530975637888446, 17.61000000000000654 ) ) ;
#1621 = ORIENTED_EDGE ( 'NONE', *, *, #567, .T. ) ;
#1622 = CARTESIAN_POINT ( 'NONE',  ( 1.650000000000000577, 7.820000000000000284, 17.41000000000000014 ) ) ;
#1623 = VERTEX_POINT ( 'NONE', #1061 ) ;
#1624 = CARTESIAN_POINT ( 'NONE',  ( 84.34999999999999432, 54.17999999999999972, 18.81000000000000583 ) ) ;
#1625 = EDGE_CURVE ( 'NONE', #1152, #162, #668, .T. ) ;
#1626 = VERTEX_POINT ( 'NONE', #1462 ) ;
#1627 = VECTOR ( 'NONE', #1068, 1000.000000000000000 ) ;
#1628 = DIRECTION ( 'NONE',  ( 0.000000000000000000, 0.000000000000000000, -1.000000000000000000 ) ) ;
#1629 = DIRECTION ( 'NONE',  ( -0.000000000000000000, 0.000000000000000000, 1.000000000000000000 ) ) ;
#1630 = AXIS2_PLACEMENT_3D ( 'NONE', #770, #1304, #98 ) ;
#1631 = AXIS2_PLACEMENT_3D ( 'NONE', #943, #522, #3 ) ;
#1632 = CARTESIAN_POINT ( 'NONE',  ( 82.34999999999999432, 61.14999999999999858, 18.61000000000000298 ) ) ;
#1633 = AXIS2_PLACEMENT_3D ( 'NONE', #1673, #1138, #584 ) ;
#1634 = AXIS2_PLACEMENT_3D ( 'NONE', #569, #1536, #1375 ) ;
#1635 = VERTEX_POINT ( 'NONE', #1747 ) ;
#1636 = ORIENTED_EDGE ( 'NONE', *, *, #186, .F. ) ;
#1637 = DIRECTION ( 'NONE',  ( -1.457750820148577758E-17, -1.000000000000000000, -0.000000000000000000 ) ) ;
#1638 = ADVANCED_FACE ( 'NONE', ( #401 ), #180, .F. ) ;
#1639 = VERTEX_POINT ( 'NONE', #562 ) ;
#1640 = EDGE_CURVE ( 'NONE', #1004, #256, #1645, .T. ) ;
#1641 = DIRECTION ( 'NONE',  ( 1.457750820148577758E-17, 1.000000000000000000, 0.000000000000000000 ) ) ;
#1642 = DIRECTION ( 'NONE',  ( -0.000000000000000000, -0.000000000000000000, -1.000000000000000000 ) ) ;
#1643 = CARTESIAN_POINT ( 'NONE',  ( 35.50000000000000000, 61.14999999999999858, 18.80999999999998806 ) ) ;
#1644 = DIRECTION ( 'NONE',  ( 0.000000000000000000, -0.000000000000000000, -1.000000000000000000 ) ) ;
#1645 = LINE ( 'NONE', #440, #794 ) ;
#1646 = ORIENTED_EDGE ( 'NONE', *, *, #999, .T. ) ;
#1647 = CARTESIAN_POINT ( 'NONE',  ( 0.8500000000000014211, 54.17999999999999972, 18.61000000000000298 ) ) ;
#1648 = DIRECTION ( 'NONE',  ( 0.000000000000000000, -1.000000000000000000, 0.000000000000000000 ) ) ;
#1649 = ORIENTED_EDGE ( 'NONE', *, *, #944, .F. ) ;
#1650 = AXIS2_PLACEMENT_3D ( 'NONE', #969, #1242, #663 ) ;
#1651 = CARTESIAN_POINT ( 'NONE',  ( 0.8500000000000007550, 7.820000000000000284, 18.61000000000000298 ) ) ;
#1652 = EDGE_CURVE ( 'NONE', #399, #1137, #1117, .T. ) ;
#1653 = CARTESIAN_POINT ( 'NONE',  ( 83.49999999999998579, 54.17999999999999972, 18.61000000000000298 ) ) ;
#1654 = CARTESIAN_POINT ( 'NONE',  ( 50.49999999999999289, 62.00000000000000000, 18.61000000000000298 ) ) ;
#1655 = ORIENTED_EDGE ( 'NONE', *, *, #1598, .T. ) ;
#1656 = DIRECTION ( 'NONE',  ( -1.000000000000000000, 0.000000000000000000, -0.000000000000000000 ) ) ;
#1657 = ORIENTED_EDGE ( 'NONE', *, *, #316, .F. ) ;
#1658 = CARTESIAN_POINT ( 'NONE',  ( 38.36530975637888474, 60.34999999999999432, 17.40999999999998948 ) ) ;
#1659 = EDGE_CURVE ( 'NONE', #48, #349, #452, .T. ) ;
#1660 = AXIS2_PLACEMENT_3D ( 'NONE', #348, #1566, #218 ) ;
#1661 = LINE ( 'NONE', #178, #1041 ) ;
#1662 = DIRECTION ( 'NONE',  ( 0.000000000000000000, 0.000000000000000000, -1.000000000000000000 ) ) ;
#1663 = VECTOR ( 'NONE', #400, 1000.000000000000000 ) ;
#1664 = VERTEX_POINT ( 'NONE', #1647 ) ;
#1665 = CARTESIAN_POINT ( 'NONE',  ( 3.649999999999999467, 60.34999999999999432, 17.60999999999999943 ) ) ;
#1666 = AXIS2_PLACEMENT_3D ( 'NONE', #771, #1327, #1585 ) ;
#1667 = DIRECTION ( 'NONE',  ( 1.000000000000000000, -1.457750820148577758E-17, 0.000000000000000000 ) ) ;
#1668 = LINE ( 'NONE', #746, #22 ) ;
#1669 = CARTESIAN_POINT ( 'NONE',  ( 38.36530975637888474, 61.14999999999999858, 18.60999999999998877 ) ) ;
#1670 = DIRECTION ( 'NONE',  ( 0.000000000000000000, -1.000000000000000000, 0.000000000000000000 ) ) ;
#1671 = ORIENTED_EDGE ( 'NONE', *, *, #39, .T. ) ;
#1672 = ADVANCED_FACE ( 'NONE', ( #35 ), #1388, .F. ) ;
#1673 = CARTESIAN_POINT ( 'NONE',  ( 0.8500000000000014211, 57.04530975637888446, 18.61000000000000298 ) ) ;
#1674 = CARTESIAN_POINT ( 'NONE',  ( 82.34999999999999432, 60.35000000000000142, 17.60999999999999943 ) ) ;
#1675 = FACE_OUTER_BOUND ( 'NONE', #1745, .T. ) ;
#1676 = ORIENTED_EDGE ( 'NONE', *, *, #304, .T. ) ;
#1677 = CARTESIAN_POINT ( 'NONE',  ( 82.34999999999999432, 59.50000000000000000, 17.60999999999999943 ) ) ;
#1678 = ADVANCED_FACE ( 'NONE', ( #153 ), #454, .F. ) ;
#1679 = CARTESIAN_POINT ( 'NONE',  ( 0.8500000000000007550, 7.820000000000000284, 17.41000000000000014 ) ) ;
#1680 = CARTESIAN_POINT ( 'NONE',  ( 83.49999999999998579, 57.04530975637888446, 18.61000000000000298 ) ) ;
#1681 = AXIS2_PLACEMENT_3D ( 'NONE', #1, #651, #1084 ) ;
#1682 = DIRECTION ( 'NONE',  ( 1.000000000000000000, -1.457750820148577758E-17, 0.000000000000000000 ) ) ;
#1683 = ORIENTED_EDGE ( 'NONE', *, *, #262, .F. ) ;
#1684 = PRESENTATION_LAYER_ASSIGNMENT (  '', '', ( #1709 ) ) ;
#1685 = AXIS2_PLACEMENT_3D ( 'NONE', #1344, #529, #266 ) ;
#1686 = VECTOR ( 'NONE', #285, 1000.000000000000000 ) ;
#1687 = VECTOR ( 'NONE', #595, 1000.000000000000000 ) ;
#1688 = FACE_OUTER_BOUND ( 'NONE', #380, .T. ) ;
#1689 = EDGE_CURVE ( 'NONE', #101, #1142, #182, .T. ) ;
#1690 = EDGE_CURVE ( 'NONE', #486, #48, #432, .T. ) ;
#1691 = LINE ( 'NONE', #1171, #1086 ) ;
#1692 = VERTEX_POINT ( 'NONE', #572 ) ;
#1693 = DIRECTION ( 'NONE',  ( 1.000000000000000000, -0.000000000000000000, -0.000000000000000000 ) ) ;
#1694 = DIRECTION ( 'NONE',  ( -0.9999897015865198968, 1.457735807627880936E-17, -0.004538361037101192215 ) ) ;
#1695 = CARTESIAN_POINT ( 'NONE',  ( 1.650000000000001243, 57.04530975637888446, 18.61000000000000298 ) ) ;
#1696 = EDGE_CURVE ( 'NONE', #1142, #173, #989, .T. ) ;
#1697 = EDGE_LOOP ( 'NONE', ( #638, #1024, #972, #441, #241, #1431, #1079, #1504, #402, #1066, #1256, #1518 ) ) ;
#1698 = VECTOR ( 'NONE', #1088, 1000.000000000000000 ) ;
#1699 = LINE ( 'NONE', #1572, #43 ) ;
#1700 = LINE ( 'NONE', #489, #1512 ) ;
#1701 = DIRECTION ( 'NONE',  ( 0.000000000000000000, 1.000000000000000000, 0.000000000000000000 ) ) ;
#1702 = LINE ( 'NONE', #1051, #1107 ) ;
#1703 = ORIENTED_EDGE ( 'NONE', *, *, #931, .T. ) ;
#1704 = UNCERTAINTY_MEASURE_WITH_UNIT (LENGTH_MEASURE( 1.000000000000000082E-05 ), #478, 'distance_accuracy_value', 'NONE');
#1705 = EDGE_CURVE ( 'NONE', #936, #919, #1490, .T. ) ;
#1706 = EDGE_CURVE ( 'NONE', #1122, #1731, #996, .T. ) ;
#1707 = VERTEX_POINT ( 'NONE', #1515 ) ;
#1708 = CARTESIAN_POINT ( 'NONE',  ( 0.8500000000000014211, 57.04530975637888446, 18.61000000000000298 ) ) ;
#1709 = STYLED_ITEM ( 'NONE', ( #871 ), #1185 ) ;
#1710 = VECTOR ( 'NONE', #1251, 1000.000000000000000 ) ;
#1711 = DIRECTION ( 'NONE',  ( 1.000000000000000000, -1.457750820148577758E-17, 0.000000000000000000 ) ) ;
#1712 = CARTESIAN_POINT ( 'NONE',  ( 1.649092318444900451, 7.820000000000000284, 18.80999999999999872 ) ) ;
#1713 = EDGE_LOOP ( 'NONE', ( #535, #665, #825, #1621 ) ) ;
#1714 = DIRECTION ( 'NONE',  ( -0.000000000000000000, -0.000000000000000000, -1.000000000000000000 ) ) ;
#1715 = VERTEX_POINT ( 'NONE', #163 ) ;
#1716 = EDGE_CURVE ( 'NONE', #1748, #1038, #564, .T. ) ;
#1717 = EDGE_CURVE ( 'NONE', #649, #1307, #1378, .T. ) ;
#1718 = DIRECTION ( 'NONE',  ( 1.000000000000000000, -0.000000000000000000, -0.000000000000000000 ) ) ;
#1719 = LINE ( 'NONE', #1035, #211 ) ;
#1720 = VERTEX_POINT ( 'NONE', #305 ) ;
#1721 = PLANE ( 'NONE',  #690 ) ;
#1722 = VECTOR ( 'NONE', #1310, 1000.000000000000000 ) ;
#1723 = LINE ( 'NONE', #1589, #729 ) ;
#1724 = ORIENTED_EDGE ( 'NONE', *, *, #720, .T. ) ;
#1725 = DIRECTION ( 'NONE',  ( 0.000000000000000000, -1.000000000000000000, 0.000000000000000000 ) ) ;
#1726 = ADVANCED_FACE ( 'NONE', ( #314 ), #594, .F. ) ;
#1727 = DIRECTION ( 'NONE',  ( -1.000000000000000000, 1.457750820148577758E-17, 0.000000000000000000 ) ) ;
#1728 = DIRECTION ( 'NONE',  ( 1.000000000000000000, 0.000000000000000000, -0.000000000000000000 ) ) ;
#1729 = ORIENTED_EDGE ( 'NONE', *, *, #1521, .F. ) ;
#1730 = CARTESIAN_POINT ( 'NONE',  ( 84.34999999999999432, 54.17999999999999972, 17.41000000000000725 ) ) ;
#1731 = VERTEX_POINT ( 'NONE', #171 ) ;
#1732 = LINE ( 'NONE', #420, #926 ) ;
#1733 = CARTESIAN_POINT ( 'NONE',  ( 35.50000000000000000, 61.14999999999999858, 18.80999999999998806 ) ) ;
#1734 = VERTEX_POINT ( 'NONE', #718 ) ;
#1735 = VECTOR ( 'NONE', #1187, 1000.000000000000000 ) ;
#1736 = MANIFOLD_SOLID_BREP ( 'Lights_right', #1516 ) ;
#1737 = CARTESIAN_POINT ( 'NONE',  ( 82.34999999999999432, 62.00000000000000000, 18.61000000000000298 ) ) ;
#1738 = DIRECTION ( 'NONE',  ( -4.336808689942013792E-16, -0.000000000000000000, -1.000000000000000000 ) ) ;
#1739 = EDGE_CURVE ( 'NONE', #1402, #453, #375, .T. ) ;
#1740 = EDGE_CURVE ( 'NONE', #532, #392, #793, .T. ) ;
#1741 = ORIENTED_EDGE ( 'NONE', *, *, #1280, .T. ) ;
#1742 = VECTOR ( 'NONE', #286, 1000.000000000000000 ) ;
#1743 = CARTESIAN_POINT ( 'NONE',  ( 35.50000000000000000, 62.00000000000000000, 17.60999999999998522 ) ) ;
#1744 = ORIENTED_EDGE ( 'NONE', *, *, #1409, .T. ) ;
#1745 = EDGE_LOOP ( 'NONE', ( #1489, #835, #705, #1657 ) ) ;
#1746 = FACE_OUTER_BOUND ( 'NONE', #547, .T. ) ;
#1747 = CARTESIAN_POINT ( 'NONE',  ( 82.34999999999999432, 60.35000000000000142, 18.80999999999999872 ) ) ;
#1748 = VERTEX_POINT ( 'NONE', #311 ) ;
#1749 = CARTESIAN_POINT ( 'NONE',  ( 35.50000000000000000, 60.34999999999999432, 17.60999999999998522 ) ) ;
#1750 = LINE ( 'NONE', #1506, #1233 ) ;
#1751 = CARTESIAN_POINT ( 'NONE',  ( 1.650000000000001243, 54.17999999999999972, 17.60999999999999943 ) ) ;
#1752 = VERTEX_POINT ( 'NONE', #447 ) ;
#1753 = ADVANCED_FACE ( 'NONE', ( #1241 ), #1253, .F. ) ;
ENDSEC;
END-ISO-10303-21;
