ISO-10303-21;
HEADER;
FILE_DESCRIPTION(('KiCad electronic assembly'),'2;1');
FILE_NAME('panel4.step','2026-07-27T01:21:51',('Pcbnew'),('Kicad'),
  'Open CASCADE STEP processor 7.9','KiCad to STEP converter','Unknown'
  );
FILE_SCHEMA(('AUTOMOTIVE_DESIGN { 1 0 10303 214 1 1 1 1 }'));
ENDSEC;
DATA;
#1 = APPLICATION_PROTOCOL_DEFINITION('international standard',
  'automotive_design',2000,#2);
#2 = APPLICATION_CONTEXT(
  'core data for automotive mechanical design processes');
#3 = SHAPE_DEFINITION_REPRESENTATION(#4,#10);
#4 = PRODUCT_DEFINITION_SHAPE('','',#5);
#5 = PRODUCT_DEFINITION('design','',#6,#9);
#6 = PRODUCT_DEFINITION_FORMATION('','',#7);
#7 = PRODUCT('panel4 1','panel4 1','',(#8));
#8 = PRODUCT_CONTEXT('',#2,'mechanical');
#9 = PRODUCT_DEFINITION_CONTEXT('part definition',#2,'design');
#10 = SHAPE_REPRESENTATION('',(#11,#15,#19,#23,#27,#31,#35,#39,#43,#47,
    #51,#55),#59);
#11 = AXIS2_PLACEMENT_3D('',#12,#13,#14);
#12 = CARTESIAN_POINT('',(0.,0.,0.));
#13 = DIRECTION('',(0.,0.,1.));
#14 = DIRECTION('',(1.,0.,-0.));
#15 = AXIS2_PLACEMENT_3D('',#16,#17,#18);
#16 = CARTESIAN_POINT('',(119.95,-106.21,1.595));
#17 = DIRECTION('',(0.,0.,1.));
#18 = DIRECTION('',(1.,0.,0.));
#19 = AXIS2_PLACEMENT_3D('',#20,#21,#22);
#20 = CARTESIAN_POINT('',(167.38,-93.705,-8.5E-02));
#21 = DIRECTION('',(1.224646799147E-16,-1.359631073447E-32,-1.));
#22 = DIRECTION('',(1.110223024625E-16,1.,0.));
#23 = AXIS2_PLACEMENT_3D('',#24,#25,#26);
#24 = CARTESIAN_POINT('',(162.41,-96.86,-8.5E-02));
#25 = DIRECTION('',(1.499759782662E-32,1.224646799147E-16,-1.));
#26 = DIRECTION('',(-1.,1.224646799147E-16,0.));
#27 = AXIS2_PLACEMENT_3D('',#28,#29,#30);
#28 = CARTESIAN_POINT('',(169.38,-93.705,-8.5E-02));
#29 = DIRECTION('',(1.224646799147E-16,-1.359631073447E-32,-1.));
#30 = DIRECTION('',(1.110223024625E-16,1.,0.));
#31 = AXIS2_PLACEMENT_3D('',#32,#33,#34);
#32 = CARTESIAN_POINT('',(162.41,-91.86,-8.5E-02));
#33 = DIRECTION('',(1.499759782662E-32,1.224646799147E-16,-1.));
#34 = DIRECTION('',(-1.,1.224646799147E-16,0.));
#35 = AXIS2_PLACEMENT_3D('',#36,#37,#38);
#36 = CARTESIAN_POINT('',(169.38,-97.155,-8.5E-02));
#37 = DIRECTION('',(-1.224646799147E-16,-1.359631073447E-32,-1.));
#38 = DIRECTION('',(1.110223024625E-16,-1.,0.));
#39 = AXIS2_PLACEMENT_3D('',#40,#41,#42);
#40 = CARTESIAN_POINT('',(162.41,-93.86,-8.5E-02));
#41 = DIRECTION('',(0.,-1.224646799147E-16,-1.));
#42 = DIRECTION('',(1.,0.,0.));
#43 = AXIS2_PLACEMENT_3D('',#44,#45,#46);
#44 = CARTESIAN_POINT('',(125.365,-94.33,-8.5E-02));
#45 = DIRECTION('',(1.,1.110223024625E-16,-2.334869823773E-16));
#46 = DIRECTION('',(1.110223024625E-16,-1.,0.));
#47 = AXIS2_PLACEMENT_3D('',#48,#49,#50);
#48 = CARTESIAN_POINT('',(162.41,-99.86,-8.5E-02));
#49 = DIRECTION('',(0.,-1.224646799147E-16,-1.));
#50 = DIRECTION('',(1.,0.,0.));
#51 = AXIS2_PLACEMENT_3D('',#52,#53,#54);
#52 = CARTESIAN_POINT('',(167.38,-97.155,-8.5E-02));
#53 = DIRECTION('',(-1.224646799147E-16,-1.359631073447E-32,-1.));
#54 = DIRECTION('',(1.110223024625E-16,-1.,0.));
#55 = AXIS2_PLACEMENT_3D('',#56,#57,#58);
#56 = CARTESIAN_POINT('',(0.,0.,0.));
#57 = DIRECTION('',(0.,0.,1.));
#58 = DIRECTION('',(1.,0.,-0.));
#59 = ( GEOMETRIC_REPRESENTATION_CONTEXT(3) 
GLOBAL_UNCERTAINTY_ASSIGNED_CONTEXT((#63)) GLOBAL_UNIT_ASSIGNED_CONTEXT(
(#60,#61,#62)) REPRESENTATION_CONTEXT('Context #1',
  '3D Context with UNIT and UNCERTAINTY') );
#60 = ( LENGTH_UNIT() NAMED_UNIT(*) SI_UNIT(.MILLI.,.METRE.) );
#61 = ( NAMED_UNIT(*) PLANE_ANGLE_UNIT() SI_UNIT($,.RADIAN.) );
#62 = ( NAMED_UNIT(*) SI_UNIT($,.STERADIAN.) SOLID_ANGLE_UNIT() );
#63 = UNCERTAINTY_MEASURE_WITH_UNIT(LENGTH_MEASURE(1.E-07),#60,
  'distance_accuracy_value','confusion accuracy');
#64 = PRODUCT_RELATED_PRODUCT_CATEGORY('part',$,(#7));
#65 = SHAPE_DEFINITION_REPRESENTATION(#66,#72);
#66 = PRODUCT_DEFINITION_SHAPE('','',#67);
#67 = PRODUCT_DEFINITION('design','',#68,#71);
#68 = PRODUCT_DEFINITION_FORMATION('','',#69);
#69 = PRODUCT('disp_panel_NV3007','disp_panel_NV3007','',(#70));
#70 = PRODUCT_CONTEXT('',#2,'mechanical');
#71 = PRODUCT_DEFINITION_CONTEXT('part definition',#2,'design');
#72 = SHAPE_REPRESENTATION('',(#11,#73),#77);
#73 = AXIS2_PLACEMENT_3D('',#74,#75,#76);
#74 = CARTESIAN_POINT('',(0.,0.,0.));
#75 = DIRECTION('',(0.,0.,1.));
#76 = DIRECTION('',(1.,0.,-0.));
#77 = ( GEOMETRIC_REPRESENTATION_CONTEXT(3) 
GLOBAL_UNCERTAINTY_ASSIGNED_CONTEXT((#81)) GLOBAL_UNIT_ASSIGNED_CONTEXT(
(#78,#79,#80)) REPRESENTATION_CONTEXT('Context #1',
  '3D Context with UNIT and UNCERTAINTY') );
#78 = ( LENGTH_UNIT() NAMED_UNIT(*) SI_UNIT(.MILLI.,.METRE.) );
#79 = ( NAMED_UNIT(*) PLANE_ANGLE_UNIT() SI_UNIT($,.RADIAN.) );
#80 = ( NAMED_UNIT(*) SI_UNIT($,.STERADIAN.) SOLID_ANGLE_UNIT() );
#81 = UNCERTAINTY_MEASURE_WITH_UNIT(LENGTH_MEASURE(1.E-07),#78,
  'distance_accuracy_value','confusion accuracy');
#82 = CONTEXT_DEPENDENT_SHAPE_REPRESENTATION(#83,#85);
#83 = ( REPRESENTATION_RELATIONSHIP('','',#72,#10) 
REPRESENTATION_RELATIONSHIP_WITH_TRANSFORMATION(#84) 
SHAPE_REPRESENTATION_RELATIONSHIP() );
#84 = ITEM_DEFINED_TRANSFORMATION('','',#11,#15);
#85 = PRODUCT_DEFINITION_SHAPE('Placement','Placement of an item',#86);
#86 = NEXT_ASSEMBLY_USAGE_OCCURRENCE('2','REF**','',#5,#67,$);
#87 = PRODUCT_RELATED_PRODUCT_CATEGORY('part',$,(#69));
#88 = SHAPE_DEFINITION_REPRESENTATION(#89,#95);
#89 = PRODUCT_DEFINITION_SHAPE('','',#90);
#90 = PRODUCT_DEFINITION('design','',#91,#94);
#91 = PRODUCT_DEFINITION_FORMATION('','',#92);
#92 = PRODUCT('disp_panel','disp_panel','',(#93));
#93 = PRODUCT_CONTEXT('',#2,'mechanical');
#94 = PRODUCT_DEFINITION_CONTEXT('part definition',#2,'design');
#95 = ADVANCED_BREP_SHAPE_REPRESENTATION('',(#11,#96),#388);
#96 = MANIFOLD_SOLID_BREP('',#97);
#97 = CLOSED_SHELL('',(#98,#172,#203,#227,#251,#268,#280,#311,#335,#359,
    #376));
#98 = ADVANCED_FACE('',(#99,#133),#167,.F.);
#99 = FACE_BOUND('',#100,.T.);
#100 = EDGE_LOOP('',(#101,#111,#119,#127));
#101 = ORIENTED_EDGE('',*,*,#102,.T.);
#102 = EDGE_CURVE('',#103,#105,#107,.T.);
#103 = VERTEX_POINT('',#104);
#104 = CARTESIAN_POINT('',(0.,24.38,2.1));
#105 = VERTEX_POINT('',#106);
#106 = CARTESIAN_POINT('',(0.,0.,2.1));
#107 = LINE('',#108,#109);
#108 = CARTESIAN_POINT('',(0.,0.,2.1));
#109 = VECTOR('',#110,1.);
#110 = DIRECTION('',(-0.,-1.,-0.));
#111 = ORIENTED_EDGE('',*,*,#112,.T.);
#112 = EDGE_CURVE('',#105,#113,#115,.T.);
#113 = VERTEX_POINT('',#114);
#114 = CARTESIAN_POINT('',(69.43,0.,2.1));
#115 = LINE('',#116,#117);
#116 = CARTESIAN_POINT('',(0.,0.,2.1));
#117 = VECTOR('',#118,1.);
#118 = DIRECTION('',(1.,0.,0.));
#119 = ORIENTED_EDGE('',*,*,#120,.T.);
#120 = EDGE_CURVE('',#113,#121,#123,.T.);
#121 = VERTEX_POINT('',#122);
#122 = CARTESIAN_POINT('',(69.43,24.38,2.1));
#123 = LINE('',#124,#125);
#124 = CARTESIAN_POINT('',(69.43,0.,2.1));
#125 = VECTOR('',#126,1.);
#126 = DIRECTION('',(0.,1.,0.));
#127 = ORIENTED_EDGE('',*,*,#128,.T.);
#128 = EDGE_CURVE('',#121,#103,#129,.T.);
#129 = LINE('',#130,#131);
#130 = CARTESIAN_POINT('',(0.,24.38,2.1));
#131 = VECTOR('',#132,1.);
#132 = DIRECTION('',(-1.,-0.,-0.));
#133 = FACE_BOUND('',#134,.T.);
#134 = EDGE_LOOP('',(#135,#145,#153,#161));
#135 = ORIENTED_EDGE('',*,*,#136,.T.);
#136 = EDGE_CURVE('',#137,#139,#141,.T.);
#137 = VERTEX_POINT('',#138);
#138 = CARTESIAN_POINT('',(65.54,1.55,2.1));
#139 = VERTEX_POINT('',#140);
#140 = CARTESIAN_POINT('',(1.4,1.55,2.1));
#141 = LINE('',#142,#143);
#142 = CARTESIAN_POINT('',(0.,1.55,2.1));
#143 = VECTOR('',#144,1.);
#144 = DIRECTION('',(-1.,0.,0.));
#145 = ORIENTED_EDGE('',*,*,#146,.F.);
#146 = EDGE_CURVE('',#147,#139,#149,.T.);
#147 = VERTEX_POINT('',#148);
#148 = CARTESIAN_POINT('',(1.4,22.83,2.1));
#149 = LINE('',#150,#151);
#150 = CARTESIAN_POINT('',(1.4,0.,2.1));
#151 = VECTOR('',#152,1.);
#152 = DIRECTION('',(0.,-1.,0.));
#153 = ORIENTED_EDGE('',*,*,#154,.T.);
#154 = EDGE_CURVE('',#147,#155,#157,.T.);
#155 = VERTEX_POINT('',#156);
#156 = CARTESIAN_POINT('',(65.54,22.83,2.1));
#157 = LINE('',#158,#159);
#158 = CARTESIAN_POINT('',(-0.,22.83,2.1));
#159 = VECTOR('',#160,1.);
#160 = DIRECTION('',(1.,0.,0.));
#161 = ORIENTED_EDGE('',*,*,#162,.T.);
#162 = EDGE_CURVE('',#155,#137,#163,.T.);
#163 = LINE('',#164,#165);
#164 = CARTESIAN_POINT('',(65.54,0.,2.1));
#165 = VECTOR('',#166,1.);
#166 = DIRECTION('',(0.,-1.,0.));
#167 = PLANE('',#168);
#168 = AXIS2_PLACEMENT_3D('',#169,#170,#171);
#169 = CARTESIAN_POINT('',(0.,0.,2.1));
#170 = DIRECTION('',(0.,0.,-1.));
#171 = DIRECTION('',(-1.,0.,-0.));
#172 = ADVANCED_FACE('',(#173),#198,.F.);
#173 = FACE_BOUND('',#174,.T.);
#174 = EDGE_LOOP('',(#175,#185,#191,#192));
#175 = ORIENTED_EDGE('',*,*,#176,.T.);
#176 = EDGE_CURVE('',#177,#179,#181,.T.);
#177 = VERTEX_POINT('',#178);
#178 = CARTESIAN_POINT('',(0.,24.38,0.));
#179 = VERTEX_POINT('',#180);
#180 = CARTESIAN_POINT('',(0.,0.,0.));
#181 = LINE('',#182,#183);
#182 = CARTESIAN_POINT('',(0.,0.,0.));
#183 = VECTOR('',#184,1.);
#184 = DIRECTION('',(-0.,-1.,-0.));
#185 = ORIENTED_EDGE('',*,*,#186,.F.);
#186 = EDGE_CURVE('',#105,#179,#187,.T.);
#187 = LINE('',#188,#189);
#188 = CARTESIAN_POINT('',(0.,0.,2.1));
#189 = VECTOR('',#190,1.);
#190 = DIRECTION('',(-0.,-0.,-1.));
#191 = ORIENTED_EDGE('',*,*,#102,.F.);
#192 = ORIENTED_EDGE('',*,*,#193,.T.);
#193 = EDGE_CURVE('',#103,#177,#194,.T.);
#194 = LINE('',#195,#196);
#195 = CARTESIAN_POINT('',(0.,24.38,2.1));
#196 = VECTOR('',#197,1.);
#197 = DIRECTION('',(-0.,-0.,-1.));
#198 = PLANE('',#199);
#199 = AXIS2_PLACEMENT_3D('',#200,#201,#202);
#200 = CARTESIAN_POINT('',(0.,0.,2.1));
#201 = DIRECTION('',(1.,0.,0.));
#202 = DIRECTION('',(0.,0.,-1.));
#203 = ADVANCED_FACE('',(#204),#222,.F.);
#204 = FACE_BOUND('',#205,.T.);
#205 = EDGE_LOOP('',(#206,#214,#220,#221));
#206 = ORIENTED_EDGE('',*,*,#207,.T.);
#207 = EDGE_CURVE('',#179,#208,#210,.T.);
#208 = VERTEX_POINT('',#209);
#209 = CARTESIAN_POINT('',(69.43,0.,0.));
#210 = LINE('',#211,#212);
#211 = CARTESIAN_POINT('',(0.,0.,0.));
#212 = VECTOR('',#213,1.);
#213 = DIRECTION('',(1.,0.,0.));
#214 = ORIENTED_EDGE('',*,*,#215,.F.);
#215 = EDGE_CURVE('',#113,#208,#216,.T.);
#216 = LINE('',#217,#218);
#217 = CARTESIAN_POINT('',(69.43,0.,2.1));
#218 = VECTOR('',#219,1.);
#219 = DIRECTION('',(-0.,-0.,-1.));
#220 = ORIENTED_EDGE('',*,*,#112,.F.);
#221 = ORIENTED_EDGE('',*,*,#186,.T.);
#222 = PLANE('',#223);
#223 = AXIS2_PLACEMENT_3D('',#224,#225,#226);
#224 = CARTESIAN_POINT('',(0.,0.,2.1));
#225 = DIRECTION('',(0.,1.,0.));
#226 = DIRECTION('',(0.,-0.,1.));
#227 = ADVANCED_FACE('',(#228),#246,.F.);
#228 = FACE_BOUND('',#229,.T.);
#229 = EDGE_LOOP('',(#230,#238,#244,#245));
#230 = ORIENTED_EDGE('',*,*,#231,.T.);
#231 = EDGE_CURVE('',#208,#232,#234,.T.);
#232 = VERTEX_POINT('',#233);
#233 = CARTESIAN_POINT('',(69.43,24.38,0.));
#234 = LINE('',#235,#236);
#235 = CARTESIAN_POINT('',(69.43,0.,0.));
#236 = VECTOR('',#237,1.);
#237 = DIRECTION('',(0.,1.,0.));
#238 = ORIENTED_EDGE('',*,*,#239,.F.);
#239 = EDGE_CURVE('',#121,#232,#240,.T.);
#240 = LINE('',#241,#242);
#241 = CARTESIAN_POINT('',(69.43,24.38,2.1));
#242 = VECTOR('',#243,1.);
#243 = DIRECTION('',(-0.,-0.,-1.));
#244 = ORIENTED_EDGE('',*,*,#120,.F.);
#245 = ORIENTED_EDGE('',*,*,#215,.T.);
#246 = PLANE('',#247);
#247 = AXIS2_PLACEMENT_3D('',#248,#249,#250);
#248 = CARTESIAN_POINT('',(69.43,0.,2.1));
#249 = DIRECTION('',(-1.,0.,0.));
#250 = DIRECTION('',(0.,0.,1.));
#251 = ADVANCED_FACE('',(#252),#263,.F.);
#252 = FACE_BOUND('',#253,.T.);
#253 = EDGE_LOOP('',(#254,#260,#261,#262));
#254 = ORIENTED_EDGE('',*,*,#255,.T.);
#255 = EDGE_CURVE('',#232,#177,#256,.T.);
#256 = LINE('',#257,#258);
#257 = CARTESIAN_POINT('',(0.,24.38,0.));
#258 = VECTOR('',#259,1.);
#259 = DIRECTION('',(-1.,-0.,-0.));
#260 = ORIENTED_EDGE('',*,*,#193,.F.);
#261 = ORIENTED_EDGE('',*,*,#128,.F.);
#262 = ORIENTED_EDGE('',*,*,#239,.T.);
#263 = PLANE('',#264);
#264 = AXIS2_PLACEMENT_3D('',#265,#266,#267);
#265 = CARTESIAN_POINT('',(0.,24.38,2.1));
#266 = DIRECTION('',(0.,-1.,0.));
#267 = DIRECTION('',(0.,-0.,-1.));
#268 = ADVANCED_FACE('',(#269),#275,.T.);
#269 = FACE_BOUND('',#270,.T.);
#270 = EDGE_LOOP('',(#271,#272,#273,#274));
#271 = ORIENTED_EDGE('',*,*,#176,.F.);
#272 = ORIENTED_EDGE('',*,*,#255,.F.);
#273 = ORIENTED_EDGE('',*,*,#231,.F.);
#274 = ORIENTED_EDGE('',*,*,#207,.F.);
#275 = PLANE('',#276);
#276 = AXIS2_PLACEMENT_3D('',#277,#278,#279);
#277 = CARTESIAN_POINT('',(0.,0.,0.));
#278 = DIRECTION('',(0.,0.,-1.));
#279 = DIRECTION('',(-1.,0.,-0.));
#280 = ADVANCED_FACE('',(#281),#306,.T.);
#281 = FACE_BOUND('',#282,.T.);
#282 = EDGE_LOOP('',(#283,#284,#292,#300));
#283 = ORIENTED_EDGE('',*,*,#136,.F.);
#284 = ORIENTED_EDGE('',*,*,#285,.F.);
#285 = EDGE_CURVE('',#286,#137,#288,.T.);
#286 = VERTEX_POINT('',#287);
#287 = CARTESIAN_POINT('',(65.54,1.55,2.));
#288 = LINE('',#289,#290);
#289 = CARTESIAN_POINT('',(65.54,1.55,2.));
#290 = VECTOR('',#291,1.);
#291 = DIRECTION('',(-0.,-0.,1.));
#292 = ORIENTED_EDGE('',*,*,#293,.T.);
#293 = EDGE_CURVE('',#286,#294,#296,.T.);
#294 = VERTEX_POINT('',#295);
#295 = CARTESIAN_POINT('',(1.4,1.55,2.));
#296 = LINE('',#297,#298);
#297 = CARTESIAN_POINT('',(0.,1.55,2.));
#298 = VECTOR('',#299,1.);
#299 = DIRECTION('',(-1.,0.,0.));
#300 = ORIENTED_EDGE('',*,*,#301,.T.);
#301 = EDGE_CURVE('',#294,#139,#302,.T.);
#302 = LINE('',#303,#304);
#303 = CARTESIAN_POINT('',(1.4,1.55,2.));
#304 = VECTOR('',#305,1.);
#305 = DIRECTION('',(-0.,-0.,1.));
#306 = PLANE('',#307);
#307 = AXIS2_PLACEMENT_3D('',#308,#309,#310);
#308 = CARTESIAN_POINT('',(0.,1.55,2.));
#309 = DIRECTION('',(0.,1.,0.));
#310 = DIRECTION('',(0.,-0.,1.));
#311 = ADVANCED_FACE('',(#312),#330,.F.);
#312 = FACE_BOUND('',#313,.T.);
#313 = EDGE_LOOP('',(#314,#315,#316,#324));
#314 = ORIENTED_EDGE('',*,*,#146,.T.);
#315 = ORIENTED_EDGE('',*,*,#301,.F.);
#316 = ORIENTED_EDGE('',*,*,#317,.F.);
#317 = EDGE_CURVE('',#318,#294,#320,.T.);
#318 = VERTEX_POINT('',#319);
#319 = CARTESIAN_POINT('',(1.4,22.83,2.));
#320 = LINE('',#321,#322);
#321 = CARTESIAN_POINT('',(1.4,0.,2.));
#322 = VECTOR('',#323,1.);
#323 = DIRECTION('',(0.,-1.,0.));
#324 = ORIENTED_EDGE('',*,*,#325,.T.);
#325 = EDGE_CURVE('',#318,#147,#326,.T.);
#326 = LINE('',#327,#328);
#327 = CARTESIAN_POINT('',(1.4,22.83,2.));
#328 = VECTOR('',#329,1.);
#329 = DIRECTION('',(-0.,-0.,1.));
#330 = PLANE('',#331);
#331 = AXIS2_PLACEMENT_3D('',#332,#333,#334);
#332 = CARTESIAN_POINT('',(1.4,0.,2.));
#333 = DIRECTION('',(-1.,0.,-0.));
#334 = DIRECTION('',(0.,0.,1.));
#335 = ADVANCED_FACE('',(#336),#354,.T.);
#336 = FACE_BOUND('',#337,.T.);
#337 = EDGE_LOOP('',(#338,#339,#340,#348));
#338 = ORIENTED_EDGE('',*,*,#154,.F.);
#339 = ORIENTED_EDGE('',*,*,#325,.F.);
#340 = ORIENTED_EDGE('',*,*,#341,.T.);
#341 = EDGE_CURVE('',#318,#342,#344,.T.);
#342 = VERTEX_POINT('',#343);
#343 = CARTESIAN_POINT('',(65.54,22.83,2.));
#344 = LINE('',#345,#346);
#345 = CARTESIAN_POINT('',(0.,22.83,2.));
#346 = VECTOR('',#347,1.);
#347 = DIRECTION('',(1.,0.,0.));
#348 = ORIENTED_EDGE('',*,*,#349,.T.);
#349 = EDGE_CURVE('',#342,#155,#350,.T.);
#350 = LINE('',#351,#352);
#351 = CARTESIAN_POINT('',(65.54,22.83,2.));
#352 = VECTOR('',#353,1.);
#353 = DIRECTION('',(-0.,-0.,1.));
#354 = PLANE('',#355);
#355 = AXIS2_PLACEMENT_3D('',#356,#357,#358);
#356 = CARTESIAN_POINT('',(0.,22.83,2.));
#357 = DIRECTION('',(0.,-1.,0.));
#358 = DIRECTION('',(0.,-0.,-1.));
#359 = ADVANCED_FACE('',(#360),#371,.T.);
#360 = FACE_BOUND('',#361,.T.);
#361 = EDGE_LOOP('',(#362,#363,#364,#370));
#362 = ORIENTED_EDGE('',*,*,#162,.F.);
#363 = ORIENTED_EDGE('',*,*,#349,.F.);
#364 = ORIENTED_EDGE('',*,*,#365,.T.);
#365 = EDGE_CURVE('',#342,#286,#366,.T.);
#366 = LINE('',#367,#368);
#367 = CARTESIAN_POINT('',(65.54,0.,2.));
#368 = VECTOR('',#369,1.);
#369 = DIRECTION('',(0.,-1.,0.));
#370 = ORIENTED_EDGE('',*,*,#285,.T.);
#371 = PLANE('',#372);
#372 = AXIS2_PLACEMENT_3D('',#373,#374,#375);
#373 = CARTESIAN_POINT('',(65.54,0.,2.));
#374 = DIRECTION('',(-1.,0.,-0.));
#375 = DIRECTION('',(0.,0.,1.));
#376 = ADVANCED_FACE('',(#377),#383,.T.);
#377 = FACE_BOUND('',#378,.T.);
#378 = EDGE_LOOP('',(#379,#380,#381,#382));
#379 = ORIENTED_EDGE('',*,*,#293,.F.);
#380 = ORIENTED_EDGE('',*,*,#365,.F.);
#381 = ORIENTED_EDGE('',*,*,#341,.F.);
#382 = ORIENTED_EDGE('',*,*,#317,.T.);
#383 = PLANE('',#384);
#384 = AXIS2_PLACEMENT_3D('',#385,#386,#387);
#385 = CARTESIAN_POINT('',(0.,0.,2.));
#386 = DIRECTION('',(-0.,0.,1.));
#387 = DIRECTION('',(1.,0.,0.));
#388 = ( GEOMETRIC_REPRESENTATION_CONTEXT(3) 
GLOBAL_UNCERTAINTY_ASSIGNED_CONTEXT((#392)) GLOBAL_UNIT_ASSIGNED_CONTEXT
((#389,#390,#391)) REPRESENTATION_CONTEXT('Context #1',
  '3D Context with UNIT and UNCERTAINTY') );
#389 = ( LENGTH_UNIT() NAMED_UNIT(*) SI_UNIT(.MILLI.,.METRE.) );
#390 = ( NAMED_UNIT(*) PLANE_ANGLE_UNIT() SI_UNIT($,.RADIAN.) );
#391 = ( NAMED_UNIT(*) SI_UNIT($,.STERADIAN.) SOLID_ANGLE_UNIT() );
#392 = UNCERTAINTY_MEASURE_WITH_UNIT(LENGTH_MEASURE(1.E-07),#389,
  'distance_accuracy_value','confusion accuracy');
#393 = CONTEXT_DEPENDENT_SHAPE_REPRESENTATION(#394,#396);
#394 = ( REPRESENTATION_RELATIONSHIP('','',#95,#72) 
REPRESENTATION_RELATIONSHIP_WITH_TRANSFORMATION(#395) 
SHAPE_REPRESENTATION_RELATIONSHIP() );
#395 = ITEM_DEFINED_TRANSFORMATION('','',#11,#73);
#396 = PRODUCT_DEFINITION_SHAPE('Placement','Placement of an item',#397
  );
#397 = NEXT_ASSEMBLY_USAGE_OCCURRENCE('1','=>[0:1:1:3]','',#67,#90,$);
#398 = PRODUCT_RELATED_PRODUCT_CATEGORY('part',$,(#92));
#399 = SHAPE_DEFINITION_REPRESENTATION(#400,#406);
#400 = PRODUCT_DEFINITION_SHAPE('','',#401);
#401 = PRODUCT_DEFINITION('design','',#402,#405);
#402 = PRODUCT_DEFINITION_FORMATION('','',#403);
#403 = PRODUCT('C_0805_2012Metric','C_0805_2012Metric','',(#404));
#404 = PRODUCT_CONTEXT('',#2,'mechanical');
#405 = PRODUCT_DEFINITION_CONTEXT('part definition',#2,'design');
#406 = SHAPE_REPRESENTATION('',(#11,#407),#411);
#407 = AXIS2_PLACEMENT_3D('',#408,#409,#410);
#408 = CARTESIAN_POINT('',(0.,0.,0.));
#409 = DIRECTION('',(0.,0.,1.));
#410 = DIRECTION('',(1.,0.,-0.));
#411 = ( GEOMETRIC_REPRESENTATION_CONTEXT(3) 
GLOBAL_UNCERTAINTY_ASSIGNED_CONTEXT((#415)) GLOBAL_UNIT_ASSIGNED_CONTEXT
((#412,#413,#414)) REPRESENTATION_CONTEXT('Context #1',
  '3D Context with UNIT and UNCERTAINTY') );
#412 = ( LENGTH_UNIT() NAMED_UNIT(*) SI_UNIT(.MILLI.,.METRE.) );
#413 = ( NAMED_UNIT(*) PLANE_ANGLE_UNIT() SI_UNIT($,.RADIAN.) );
#414 = ( NAMED_UNIT(*) SI_UNIT($,.STERADIAN.) SOLID_ANGLE_UNIT() );
#415 = UNCERTAINTY_MEASURE_WITH_UNIT(LENGTH_MEASURE(1.E-07),#412,
  'distance_accuracy_value','confusion accuracy');
#416 = CONTEXT_DEPENDENT_SHAPE_REPRESENTATION(#417,#419);
#417 = ( REPRESENTATION_RELATIONSHIP('','',#406,#10) 
REPRESENTATION_RELATIONSHIP_WITH_TRANSFORMATION(#418) 
SHAPE_REPRESENTATION_RELATIONSHIP() );
#418 = ITEM_DEFINED_TRANSFORMATION('','',#11,#19);
#419 = PRODUCT_DEFINITION_SHAPE('Placement','Placement of an item',#420
  );
#420 = NEXT_ASSEMBLY_USAGE_OCCURRENCE('4','C3','',#5,#401,$);
#421 = PRODUCT_RELATED_PRODUCT_CATEGORY('part',$,(#403));
#422 = SHAPE_DEFINITION_REPRESENTATION(#423,#429);
#423 = PRODUCT_DEFINITION_SHAPE('','',#424);
#424 = PRODUCT_DEFINITION('design','',#425,#428);
#425 = PRODUCT_DEFINITION_FORMATION('','',#426);
#426 = PRODUCT('C_0805_2012Metric','C_0805_2012Metric','',(#427));
#427 = PRODUCT_CONTEXT('',#2,'mechanical');
#428 = PRODUCT_DEFINITION_CONTEXT('part definition',#2,'design');
#429 = ADVANCED_BREP_SHAPE_REPRESENTATION('',(#11,#430),#1284);
#430 = MANIFOLD_SOLID_BREP('',#431);
#431 = CLOSED_SHELL('',(#432,#508,#539,#564,#589,#613,#637,#662,#687,
    #704,#790,#822,#846,#871,#895,#920,#944,#969,#986,#1072,#1103,#1128,
    #1153,#1177,#1201,#1226,#1251,#1268));
#432 = ADVANCED_FACE('',(#433),#503,.F.);
#433 = FACE_BOUND('',#434,.F.);
#434 = EDGE_LOOP('',(#435,#445,#454,#462,#471,#479,#488,#496));
#435 = ORIENTED_EDGE('',*,*,#436,.F.);
#436 = EDGE_CURVE('',#437,#439,#441,.T.);
#437 = VERTEX_POINT('',#438);
#438 = CARTESIAN_POINT('',(-1.,-0.625,4.E-02));
#439 = VERTEX_POINT('',#440);
#440 = CARTESIAN_POINT('',(-1.,-0.625,1.21));
#441 = LINE('',#442,#443);
#442 = CARTESIAN_POINT('',(-1.,-0.625,0.));
#443 = VECTOR('',#444,1.);
#444 = DIRECTION('',(0.,0.,1.));
#445 = ORIENTED_EDGE('',*,*,#446,.T.);
#446 = EDGE_CURVE('',#437,#447,#449,.T.);
#447 = VERTEX_POINT('',#448);
#448 = CARTESIAN_POINT('',(-1.,-0.585,0.));
#449 = CIRCLE('',#450,4.E-02);
#450 = AXIS2_PLACEMENT_3D('',#451,#452,#453);
#451 = CARTESIAN_POINT('',(-1.,-0.585,4.E-02));
#452 = DIRECTION('',(1.,0.,-0.));
#453 = DIRECTION('',(0.,0.,1.));
#454 = ORIENTED_EDGE('',*,*,#455,.T.);
#455 = EDGE_CURVE('',#447,#456,#458,.T.);
#456 = VERTEX_POINT('',#457);
#457 = CARTESIAN_POINT('',(-1.,0.585,0.));
#458 = LINE('',#459,#460);
#459 = CARTESIAN_POINT('',(-1.,-0.625,0.));
#460 = VECTOR('',#461,1.);
#461 = DIRECTION('',(0.,1.,0.));
#462 = ORIENTED_EDGE('',*,*,#463,.F.);
#463 = EDGE_CURVE('',#464,#456,#466,.T.);
#464 = VERTEX_POINT('',#465);
#465 = CARTESIAN_POINT('',(-1.,0.625,4.E-02));
#466 = CIRCLE('',#467,4.E-02);
#467 = AXIS2_PLACEMENT_3D('',#468,#469,#470);
#468 = CARTESIAN_POINT('',(-1.,0.585,4.E-02));
#469 = DIRECTION('',(-1.,0.,0.));
#470 = DIRECTION('',(0.,0.,1.));
#471 = ORIENTED_EDGE('',*,*,#472,.T.);
#472 = EDGE_CURVE('',#464,#473,#475,.T.);
#473 = VERTEX_POINT('',#474);
#474 = CARTESIAN_POINT('',(-1.,0.625,1.21));
#475 = LINE('',#476,#477);
#476 = CARTESIAN_POINT('',(-1.,0.625,0.));
#477 = VECTOR('',#478,1.);
#478 = DIRECTION('',(0.,0.,1.));
#479 = ORIENTED_EDGE('',*,*,#480,.T.);
#480 = EDGE_CURVE('',#473,#481,#483,.T.);
#481 = VERTEX_POINT('',#482);
#482 = CARTESIAN_POINT('',(-1.,0.585,1.25));
#483 = CIRCLE('',#484,4.E-02);
#484 = AXIS2_PLACEMENT_3D('',#485,#486,#487);
#485 = CARTESIAN_POINT('',(-1.,0.585,1.21));
#486 = DIRECTION('',(1.,0.,-0.));
#487 = DIRECTION('',(0.,0.,1.));
#488 = ORIENTED_EDGE('',*,*,#489,.F.);
#489 = EDGE_CURVE('',#490,#481,#492,.T.);
#490 = VERTEX_POINT('',#491);
#491 = CARTESIAN_POINT('',(-1.,-0.585,1.25));
#492 = LINE('',#493,#494);
#493 = CARTESIAN_POINT('',(-1.,-0.625,1.25));
#494 = VECTOR('',#495,1.);
#495 = DIRECTION('',(0.,1.,0.));
#496 = ORIENTED_EDGE('',*,*,#497,.F.);
#497 = EDGE_CURVE('',#439,#490,#498,.T.);
#498 = CIRCLE('',#499,4.E-02);
#499 = AXIS2_PLACEMENT_3D('',#500,#501,#502);
#500 = CARTESIAN_POINT('',(-1.,-0.585,1.21));
#501 = DIRECTION('',(-1.,0.,0.));
#502 = DIRECTION('',(0.,0.,1.));
#503 = PLANE('',#504);
#504 = AXIS2_PLACEMENT_3D('',#505,#506,#507);
#505 = CARTESIAN_POINT('',(-1.,-0.625,0.));
#506 = DIRECTION('',(1.,0.,0.));
#507 = DIRECTION('',(0.,0.,1.));
#508 = ADVANCED_FACE('',(#509),#534,.F.);
#509 = FACE_BOUND('',#510,.F.);
#510 = EDGE_LOOP('',(#511,#521,#527,#528));
#511 = ORIENTED_EDGE('',*,*,#512,.F.);
#512 = EDGE_CURVE('',#513,#515,#517,.T.);
#513 = VERTEX_POINT('',#514);
#514 = CARTESIAN_POINT('',(-0.6,-0.625,4.E-02));
#515 = VERTEX_POINT('',#516);
#516 = CARTESIAN_POINT('',(-0.6,-0.625,1.21));
#517 = LINE('',#518,#519);
#518 = CARTESIAN_POINT('',(-0.6,-0.625,0.));
#519 = VECTOR('',#520,1.);
#520 = DIRECTION('',(0.,0.,1.));
#521 = ORIENTED_EDGE('',*,*,#522,.F.);
#522 = EDGE_CURVE('',#437,#513,#523,.T.);
#523 = LINE('',#524,#525);
#524 = CARTESIAN_POINT('',(-1.,-0.625,4.E-02));
#525 = VECTOR('',#526,1.);
#526 = DIRECTION('',(1.,0.,0.));
#527 = ORIENTED_EDGE('',*,*,#436,.T.);
#528 = ORIENTED_EDGE('',*,*,#529,.T.);
#529 = EDGE_CURVE('',#439,#515,#530,.T.);
#530 = LINE('',#531,#532);
#531 = CARTESIAN_POINT('',(-1.,-0.625,1.21));
#532 = VECTOR('',#533,1.);
#533 = DIRECTION('',(1.,0.,0.));
#534 = PLANE('',#535);
#535 = AXIS2_PLACEMENT_3D('',#536,#537,#538);
#536 = CARTESIAN_POINT('',(-1.,-0.625,0.));
#537 = DIRECTION('',(0.,1.,0.));
#538 = DIRECTION('',(0.,-0.,1.));
#539 = ADVANCED_FACE('',(#540),#559,.T.);
#540 = FACE_BOUND('',#541,.T.);
#541 = EDGE_LOOP('',(#542,#543,#551,#558));
#542 = ORIENTED_EDGE('',*,*,#446,.T.);
#543 = ORIENTED_EDGE('',*,*,#544,.T.);
#544 = EDGE_CURVE('',#447,#545,#547,.T.);
#545 = VERTEX_POINT('',#546);
#546 = CARTESIAN_POINT('',(-0.6,-0.585,0.));
#547 = LINE('',#548,#549);
#548 = CARTESIAN_POINT('',(-1.,-0.585,0.));
#549 = VECTOR('',#550,1.);
#550 = DIRECTION('',(1.,0.,0.));
#551 = ORIENTED_EDGE('',*,*,#552,.F.);
#552 = EDGE_CURVE('',#513,#545,#553,.T.);
#553 = CIRCLE('',#554,4.E-02);
#554 = AXIS2_PLACEMENT_3D('',#555,#556,#557);
#555 = CARTESIAN_POINT('',(-0.6,-0.585,4.E-02));
#556 = DIRECTION('',(1.,0.,-0.));
#557 = DIRECTION('',(0.,0.,1.));
#558 = ORIENTED_EDGE('',*,*,#522,.F.);
#559 = CYLINDRICAL_SURFACE('',#560,4.E-02);
#560 = AXIS2_PLACEMENT_3D('',#561,#562,#563);
#561 = CARTESIAN_POINT('',(-1.,-0.585,4.E-02));
#562 = DIRECTION('',(1.,0.,0.));
#563 = DIRECTION('',(0.,-1.,0.));
#564 = ADVANCED_FACE('',(#565),#584,.T.);
#565 = FACE_BOUND('',#566,.T.);
#566 = EDGE_LOOP('',(#567,#568,#577,#583));
#567 = ORIENTED_EDGE('',*,*,#529,.T.);
#568 = ORIENTED_EDGE('',*,*,#569,.T.);
#569 = EDGE_CURVE('',#515,#570,#572,.T.);
#570 = VERTEX_POINT('',#571);
#571 = CARTESIAN_POINT('',(-0.6,-0.585,1.25));
#572 = CIRCLE('',#573,4.E-02);
#573 = AXIS2_PLACEMENT_3D('',#574,#575,#576);
#574 = CARTESIAN_POINT('',(-0.6,-0.585,1.21));
#575 = DIRECTION('',(-1.,0.,0.));
#576 = DIRECTION('',(0.,0.,1.));
#577 = ORIENTED_EDGE('',*,*,#578,.F.);
#578 = EDGE_CURVE('',#490,#570,#579,.T.);
#579 = LINE('',#580,#581);
#580 = CARTESIAN_POINT('',(-1.,-0.585,1.25));
#581 = VECTOR('',#582,1.);
#582 = DIRECTION('',(1.,0.,0.));
#583 = ORIENTED_EDGE('',*,*,#497,.F.);
#584 = CYLINDRICAL_SURFACE('',#585,4.E-02);
#585 = AXIS2_PLACEMENT_3D('',#586,#587,#588);
#586 = CARTESIAN_POINT('',(-1.,-0.585,1.21));
#587 = DIRECTION('',(1.,0.,0.));
#588 = DIRECTION('',(0.,-1.,0.));
#589 = ADVANCED_FACE('',(#590),#608,.F.);
#590 = FACE_BOUND('',#591,.F.);
#591 = EDGE_LOOP('',(#592,#593,#594,#602));
#592 = ORIENTED_EDGE('',*,*,#455,.F.);
#593 = ORIENTED_EDGE('',*,*,#544,.T.);
#594 = ORIENTED_EDGE('',*,*,#595,.T.);
#595 = EDGE_CURVE('',#545,#596,#598,.T.);
#596 = VERTEX_POINT('',#597);
#597 = CARTESIAN_POINT('',(-0.6,0.585,0.));
#598 = LINE('',#599,#600);
#599 = CARTESIAN_POINT('',(-0.6,-0.625,0.));
#600 = VECTOR('',#601,1.);
#601 = DIRECTION('',(0.,1.,0.));
#602 = ORIENTED_EDGE('',*,*,#603,.F.);
#603 = EDGE_CURVE('',#456,#596,#604,.T.);
#604 = LINE('',#605,#606);
#605 = CARTESIAN_POINT('',(-1.,0.585,0.));
#606 = VECTOR('',#607,1.);
#607 = DIRECTION('',(1.,0.,0.));
#608 = PLANE('',#609);
#609 = AXIS2_PLACEMENT_3D('',#610,#611,#612);
#610 = CARTESIAN_POINT('',(-1.,-0.625,0.));
#611 = DIRECTION('',(0.,0.,1.));
#612 = DIRECTION('',(1.,0.,-0.));
#613 = ADVANCED_FACE('',(#614),#632,.T.);
#614 = FACE_BOUND('',#615,.T.);
#615 = EDGE_LOOP('',(#616,#617,#618,#626));
#616 = ORIENTED_EDGE('',*,*,#489,.F.);
#617 = ORIENTED_EDGE('',*,*,#578,.T.);
#618 = ORIENTED_EDGE('',*,*,#619,.T.);
#619 = EDGE_CURVE('',#570,#620,#622,.T.);
#620 = VERTEX_POINT('',#621);
#621 = CARTESIAN_POINT('',(-0.6,0.585,1.25));
#622 = LINE('',#623,#624);
#623 = CARTESIAN_POINT('',(-0.6,-0.625,1.25));
#624 = VECTOR('',#625,1.);
#625 = DIRECTION('',(0.,1.,0.));
#626 = ORIENTED_EDGE('',*,*,#627,.F.);
#627 = EDGE_CURVE('',#481,#620,#628,.T.);
#628 = LINE('',#629,#630);
#629 = CARTESIAN_POINT('',(-1.,0.585,1.25));
#630 = VECTOR('',#631,1.);
#631 = DIRECTION('',(1.,0.,0.));
#632 = PLANE('',#633);
#633 = AXIS2_PLACEMENT_3D('',#634,#635,#636);
#634 = CARTESIAN_POINT('',(-1.,-0.625,1.25));
#635 = DIRECTION('',(0.,0.,1.));
#636 = DIRECTION('',(1.,0.,-0.));
#637 = ADVANCED_FACE('',(#638),#657,.T.);
#638 = FACE_BOUND('',#639,.T.);
#639 = EDGE_LOOP('',(#640,#648,#655,#656));
#640 = ORIENTED_EDGE('',*,*,#641,.T.);
#641 = EDGE_CURVE('',#464,#642,#644,.T.);
#642 = VERTEX_POINT('',#643);
#643 = CARTESIAN_POINT('',(-0.6,0.625,4.E-02));
#644 = LINE('',#645,#646);
#645 = CARTESIAN_POINT('',(-1.,0.625,4.E-02));
#646 = VECTOR('',#647,1.);
#647 = DIRECTION('',(1.,0.,0.));
#648 = ORIENTED_EDGE('',*,*,#649,.T.);
#649 = EDGE_CURVE('',#642,#596,#650,.T.);
#650 = CIRCLE('',#651,4.E-02);
#651 = AXIS2_PLACEMENT_3D('',#652,#653,#654);
#652 = CARTESIAN_POINT('',(-0.6,0.585,4.E-02));
#653 = DIRECTION('',(-1.,0.,0.));
#654 = DIRECTION('',(0.,0.,1.));
#655 = ORIENTED_EDGE('',*,*,#603,.F.);
#656 = ORIENTED_EDGE('',*,*,#463,.F.);
#657 = CYLINDRICAL_SURFACE('',#658,4.E-02);
#658 = AXIS2_PLACEMENT_3D('',#659,#660,#661);
#659 = CARTESIAN_POINT('',(-1.,0.585,4.E-02));
#660 = DIRECTION('',(1.,0.,0.));
#661 = DIRECTION('',(-0.,1.,0.));
#662 = ADVANCED_FACE('',(#663),#682,.T.);
#663 = FACE_BOUND('',#664,.T.);
#664 = EDGE_LOOP('',(#665,#666,#667,#676));
#665 = ORIENTED_EDGE('',*,*,#480,.T.);
#666 = ORIENTED_EDGE('',*,*,#627,.T.);
#667 = ORIENTED_EDGE('',*,*,#668,.F.);
#668 = EDGE_CURVE('',#669,#620,#671,.T.);
#669 = VERTEX_POINT('',#670);
#670 = CARTESIAN_POINT('',(-0.6,0.625,1.21));
#671 = CIRCLE('',#672,4.E-02);
#672 = AXIS2_PLACEMENT_3D('',#673,#674,#675);
#673 = CARTESIAN_POINT('',(-0.6,0.585,1.21));
#674 = DIRECTION('',(1.,0.,-0.));
#675 = DIRECTION('',(0.,0.,1.));
#676 = ORIENTED_EDGE('',*,*,#677,.F.);
#677 = EDGE_CURVE('',#473,#669,#678,.T.);
#678 = LINE('',#679,#680);
#679 = CARTESIAN_POINT('',(-1.,0.625,1.21));
#680 = VECTOR('',#681,1.);
#681 = DIRECTION('',(1.,0.,0.));
#682 = CYLINDRICAL_SURFACE('',#683,4.E-02);
#683 = AXIS2_PLACEMENT_3D('',#684,#685,#686);
#684 = CARTESIAN_POINT('',(-1.,0.585,1.21));
#685 = DIRECTION('',(1.,0.,0.));
#686 = DIRECTION('',(-0.,1.,0.));
#687 = ADVANCED_FACE('',(#688),#699,.T.);
#688 = FACE_BOUND('',#689,.T.);
#689 = EDGE_LOOP('',(#690,#696,#697,#698));
#690 = ORIENTED_EDGE('',*,*,#691,.F.);
#691 = EDGE_CURVE('',#642,#669,#692,.T.);
#692 = LINE('',#693,#694);
#693 = CARTESIAN_POINT('',(-0.6,0.625,0.));
#694 = VECTOR('',#695,1.);
#695 = DIRECTION('',(0.,0.,1.));
#696 = ORIENTED_EDGE('',*,*,#641,.F.);
#697 = ORIENTED_EDGE('',*,*,#472,.T.);
#698 = ORIENTED_EDGE('',*,*,#677,.T.);
#699 = PLANE('',#700);
#700 = AXIS2_PLACEMENT_3D('',#701,#702,#703);
#701 = CARTESIAN_POINT('',(-1.,0.625,0.));
#702 = DIRECTION('',(0.,1.,0.));
#703 = DIRECTION('',(0.,-0.,1.));
#704 = ADVANCED_FACE('',(#705,#715),#785,.T.);
#705 = FACE_BOUND('',#706,.T.);
#706 = EDGE_LOOP('',(#707,#708,#709,#710,#711,#712,#713,#714));
#707 = ORIENTED_EDGE('',*,*,#512,.F.);
#708 = ORIENTED_EDGE('',*,*,#552,.T.);
#709 = ORIENTED_EDGE('',*,*,#595,.T.);
#710 = ORIENTED_EDGE('',*,*,#649,.F.);
#711 = ORIENTED_EDGE('',*,*,#691,.T.);
#712 = ORIENTED_EDGE('',*,*,#668,.T.);
#713 = ORIENTED_EDGE('',*,*,#619,.F.);
#714 = ORIENTED_EDGE('',*,*,#569,.F.);
#715 = FACE_BOUND('',#716,.T.);
#716 = EDGE_LOOP('',(#717,#728,#736,#745,#753,#762,#770,#779));
#717 = ORIENTED_EDGE('',*,*,#718,.F.);
#718 = EDGE_CURVE('',#719,#721,#723,.T.);
#719 = VERTEX_POINT('',#720);
#720 = CARTESIAN_POINT('',(-0.6,-0.585,8.E-02));
#721 = VERTEX_POINT('',#722);
#722 = CARTESIAN_POINT('',(-0.6,-0.545,4.E-02));
#723 = CIRCLE('',#724,4.E-02);
#724 = AXIS2_PLACEMENT_3D('',#725,#726,#727);
#725 = CARTESIAN_POINT('',(-0.6,-0.545,8.E-02));
#726 = DIRECTION('',(1.,0.,-0.));
#727 = DIRECTION('',(0.,0.,1.));
#728 = ORIENTED_EDGE('',*,*,#729,.T.);
#729 = EDGE_CURVE('',#719,#730,#732,.T.);
#730 = VERTEX_POINT('',#731);
#731 = CARTESIAN_POINT('',(-0.6,-0.585,1.17));
#732 = LINE('',#733,#734);
#733 = CARTESIAN_POINT('',(-0.6,-0.585,4.E-02));
#734 = VECTOR('',#735,1.);
#735 = DIRECTION('',(0.,0.,1.));
#736 = ORIENTED_EDGE('',*,*,#737,.T.);
#737 = EDGE_CURVE('',#730,#738,#740,.T.);
#738 = VERTEX_POINT('',#739);
#739 = CARTESIAN_POINT('',(-0.6,-0.545,1.21));
#740 = CIRCLE('',#741,4.E-02);
#741 = AXIS2_PLACEMENT_3D('',#742,#743,#744);
#742 = CARTESIAN_POINT('',(-0.6,-0.545,1.17));
#743 = DIRECTION('',(-1.,0.,0.));
#744 = DIRECTION('',(0.,0.,1.));
#745 = ORIENTED_EDGE('',*,*,#746,.T.);
#746 = EDGE_CURVE('',#738,#747,#749,.T.);
#747 = VERTEX_POINT('',#748);
#748 = CARTESIAN_POINT('',(-0.6,0.545,1.21));
#749 = LINE('',#750,#751);
#750 = CARTESIAN_POINT('',(-0.6,-0.585,1.21));
#751 = VECTOR('',#752,1.);
#752 = DIRECTION('',(0.,1.,0.));
#753 = ORIENTED_EDGE('',*,*,#754,.F.);
#754 = EDGE_CURVE('',#755,#747,#757,.T.);
#755 = VERTEX_POINT('',#756);
#756 = CARTESIAN_POINT('',(-0.6,0.585,1.17));
#757 = CIRCLE('',#758,4.E-02);
#758 = AXIS2_PLACEMENT_3D('',#759,#760,#761);
#759 = CARTESIAN_POINT('',(-0.6,0.545,1.17));
#760 = DIRECTION('',(1.,0.,-0.));
#761 = DIRECTION('',(0.,0.,1.));
#762 = ORIENTED_EDGE('',*,*,#763,.F.);
#763 = EDGE_CURVE('',#764,#755,#766,.T.);
#764 = VERTEX_POINT('',#765);
#765 = CARTESIAN_POINT('',(-0.6,0.585,8.E-02));
#766 = LINE('',#767,#768);
#767 = CARTESIAN_POINT('',(-0.6,0.585,4.E-02));
#768 = VECTOR('',#769,1.);
#769 = DIRECTION('',(0.,0.,1.));
#770 = ORIENTED_EDGE('',*,*,#771,.T.);
#771 = EDGE_CURVE('',#764,#772,#774,.T.);
#772 = VERTEX_POINT('',#773);
#773 = CARTESIAN_POINT('',(-0.6,0.545,4.E-02));
#774 = CIRCLE('',#775,4.E-02);
#775 = AXIS2_PLACEMENT_3D('',#776,#777,#778);
#776 = CARTESIAN_POINT('',(-0.6,0.545,8.E-02));
#777 = DIRECTION('',(-1.,0.,0.));
#778 = DIRECTION('',(0.,0.,1.));
#779 = ORIENTED_EDGE('',*,*,#780,.F.);
#780 = EDGE_CURVE('',#721,#772,#781,.T.);
#781 = LINE('',#782,#783);
#782 = CARTESIAN_POINT('',(-0.6,-0.585,4.E-02));
#783 = VECTOR('',#784,1.);
#784 = DIRECTION('',(0.,1.,0.));
#785 = PLANE('',#786);
#786 = AXIS2_PLACEMENT_3D('',#787,#788,#789);
#787 = CARTESIAN_POINT('',(-0.6,-0.625,0.));
#788 = DIRECTION('',(1.,0.,0.));
#789 = DIRECTION('',(0.,0.,1.));
#790 = ADVANCED_FACE('',(#791),#817,.T.);
#791 = FACE_BOUND('',#792,.T.);
#792 = EDGE_LOOP('',(#793,#794,#802,#811));
#793 = ORIENTED_EDGE('',*,*,#718,.T.);
#794 = ORIENTED_EDGE('',*,*,#795,.T.);
#795 = EDGE_CURVE('',#721,#796,#798,.T.);
#796 = VERTEX_POINT('',#797);
#797 = CARTESIAN_POINT('',(0.6,-0.545,4.E-02));
#798 = LINE('',#799,#800);
#799 = CARTESIAN_POINT('',(-0.6,-0.545,4.E-02));
#800 = VECTOR('',#801,1.);
#801 = DIRECTION('',(1.,0.,0.));
#802 = ORIENTED_EDGE('',*,*,#803,.F.);
#803 = EDGE_CURVE('',#804,#796,#806,.T.);
#804 = VERTEX_POINT('',#805);
#805 = CARTESIAN_POINT('',(0.6,-0.585,8.E-02));
#806 = CIRCLE('',#807,4.E-02);
#807 = AXIS2_PLACEMENT_3D('',#808,#809,#810);
#808 = CARTESIAN_POINT('',(0.6,-0.545,8.E-02));
#809 = DIRECTION('',(1.,0.,-0.));
#810 = DIRECTION('',(0.,0.,1.));
#811 = ORIENTED_EDGE('',*,*,#812,.F.);
#812 = EDGE_CURVE('',#719,#804,#813,.T.);
#813 = LINE('',#814,#815);
#814 = CARTESIAN_POINT('',(-0.6,-0.585,8.E-02));
#815 = VECTOR('',#816,1.);
#816 = DIRECTION('',(1.,0.,0.));
#817 = CYLINDRICAL_SURFACE('',#818,4.E-02);
#818 = AXIS2_PLACEMENT_3D('',#819,#820,#821);
#819 = CARTESIAN_POINT('',(-0.6,-0.545,8.E-02));
#820 = DIRECTION('',(1.,0.,0.));
#821 = DIRECTION('',(0.,-1.,0.));
#822 = ADVANCED_FACE('',(#823),#841,.F.);
#823 = FACE_BOUND('',#824,.F.);
#824 = EDGE_LOOP('',(#825,#826,#827,#835));
#825 = ORIENTED_EDGE('',*,*,#780,.F.);
#826 = ORIENTED_EDGE('',*,*,#795,.T.);
#827 = ORIENTED_EDGE('',*,*,#828,.T.);
#828 = EDGE_CURVE('',#796,#829,#831,.T.);
#829 = VERTEX_POINT('',#830);
#830 = CARTESIAN_POINT('',(0.6,0.545,4.E-02));
#831 = LINE('',#832,#833);
#832 = CARTESIAN_POINT('',(0.6,-0.585,4.E-02));
#833 = VECTOR('',#834,1.);
#834 = DIRECTION('',(0.,1.,0.));
#835 = ORIENTED_EDGE('',*,*,#836,.F.);
#836 = EDGE_CURVE('',#772,#829,#837,.T.);
#837 = LINE('',#838,#839);
#838 = CARTESIAN_POINT('',(-0.6,0.545,4.E-02));
#839 = VECTOR('',#840,1.);
#840 = DIRECTION('',(1.,0.,0.));
#841 = PLANE('',#842);
#842 = AXIS2_PLACEMENT_3D('',#843,#844,#845);
#843 = CARTESIAN_POINT('',(-0.6,-0.585,4.E-02));
#844 = DIRECTION('',(0.,0.,1.));
#845 = DIRECTION('',(1.,0.,-0.));
#846 = ADVANCED_FACE('',(#847),#866,.T.);
#847 = FACE_BOUND('',#848,.T.);
#848 = EDGE_LOOP('',(#849,#857,#864,#865));
#849 = ORIENTED_EDGE('',*,*,#850,.T.);
#850 = EDGE_CURVE('',#764,#851,#853,.T.);
#851 = VERTEX_POINT('',#852);
#852 = CARTESIAN_POINT('',(0.6,0.585,8.E-02));
#853 = LINE('',#854,#855);
#854 = CARTESIAN_POINT('',(-0.6,0.585,8.E-02));
#855 = VECTOR('',#856,1.);
#856 = DIRECTION('',(1.,0.,0.));
#857 = ORIENTED_EDGE('',*,*,#858,.T.);
#858 = EDGE_CURVE('',#851,#829,#859,.T.);
#859 = CIRCLE('',#860,4.E-02);
#860 = AXIS2_PLACEMENT_3D('',#861,#862,#863);
#861 = CARTESIAN_POINT('',(0.6,0.545,8.E-02));
#862 = DIRECTION('',(-1.,0.,0.));
#863 = DIRECTION('',(0.,0.,1.));
#864 = ORIENTED_EDGE('',*,*,#836,.F.);
#865 = ORIENTED_EDGE('',*,*,#771,.F.);
#866 = CYLINDRICAL_SURFACE('',#867,4.E-02);
#867 = AXIS2_PLACEMENT_3D('',#868,#869,#870);
#868 = CARTESIAN_POINT('',(-0.6,0.545,8.E-02));
#869 = DIRECTION('',(1.,0.,0.));
#870 = DIRECTION('',(-0.,1.,0.));
#871 = ADVANCED_FACE('',(#872),#890,.T.);
#872 = FACE_BOUND('',#873,.T.);
#873 = EDGE_LOOP('',(#874,#882,#883,#884));
#874 = ORIENTED_EDGE('',*,*,#875,.F.);
#875 = EDGE_CURVE('',#851,#876,#878,.T.);
#876 = VERTEX_POINT('',#877);
#877 = CARTESIAN_POINT('',(0.6,0.585,1.17));
#878 = LINE('',#879,#880);
#879 = CARTESIAN_POINT('',(0.6,0.585,4.E-02));
#880 = VECTOR('',#881,1.);
#881 = DIRECTION('',(0.,0.,1.));
#882 = ORIENTED_EDGE('',*,*,#850,.F.);
#883 = ORIENTED_EDGE('',*,*,#763,.T.);
#884 = ORIENTED_EDGE('',*,*,#885,.T.);
#885 = EDGE_CURVE('',#755,#876,#886,.T.);
#886 = LINE('',#887,#888);
#887 = CARTESIAN_POINT('',(-0.6,0.585,1.17));
#888 = VECTOR('',#889,1.);
#889 = DIRECTION('',(1.,0.,0.));
#890 = PLANE('',#891);
#891 = AXIS2_PLACEMENT_3D('',#892,#893,#894);
#892 = CARTESIAN_POINT('',(-0.6,0.585,4.E-02));
#893 = DIRECTION('',(0.,1.,0.));
#894 = DIRECTION('',(0.,-0.,1.));
#895 = ADVANCED_FACE('',(#896),#915,.T.);
#896 = FACE_BOUND('',#897,.T.);
#897 = EDGE_LOOP('',(#898,#899,#907,#914));
#898 = ORIENTED_EDGE('',*,*,#754,.T.);
#899 = ORIENTED_EDGE('',*,*,#900,.T.);
#900 = EDGE_CURVE('',#747,#901,#903,.T.);
#901 = VERTEX_POINT('',#902);
#902 = CARTESIAN_POINT('',(0.6,0.545,1.21));
#903 = LINE('',#904,#905);
#904 = CARTESIAN_POINT('',(-0.6,0.545,1.21));
#905 = VECTOR('',#906,1.);
#906 = DIRECTION('',(1.,0.,0.));
#907 = ORIENTED_EDGE('',*,*,#908,.F.);
#908 = EDGE_CURVE('',#876,#901,#909,.T.);
#909 = CIRCLE('',#910,4.E-02);
#910 = AXIS2_PLACEMENT_3D('',#911,#912,#913);
#911 = CARTESIAN_POINT('',(0.6,0.545,1.17));
#912 = DIRECTION('',(1.,0.,-0.));
#913 = DIRECTION('',(0.,0.,1.));
#914 = ORIENTED_EDGE('',*,*,#885,.F.);
#915 = CYLINDRICAL_SURFACE('',#916,4.E-02);
#916 = AXIS2_PLACEMENT_3D('',#917,#918,#919);
#917 = CARTESIAN_POINT('',(-0.6,0.545,1.17));
#918 = DIRECTION('',(1.,0.,0.));
#919 = DIRECTION('',(-0.,1.,0.));
#920 = ADVANCED_FACE('',(#921),#939,.T.);
#921 = FACE_BOUND('',#922,.T.);
#922 = EDGE_LOOP('',(#923,#924,#932,#938));
#923 = ORIENTED_EDGE('',*,*,#746,.F.);
#924 = ORIENTED_EDGE('',*,*,#925,.T.);
#925 = EDGE_CURVE('',#738,#926,#928,.T.);
#926 = VERTEX_POINT('',#927);
#927 = CARTESIAN_POINT('',(0.6,-0.545,1.21));
#928 = LINE('',#929,#930);
#929 = CARTESIAN_POINT('',(-0.6,-0.545,1.21));
#930 = VECTOR('',#931,1.);
#931 = DIRECTION('',(1.,0.,0.));
#932 = ORIENTED_EDGE('',*,*,#933,.T.);
#933 = EDGE_CURVE('',#926,#901,#934,.T.);
#934 = LINE('',#935,#936);
#935 = CARTESIAN_POINT('',(0.6,-0.585,1.21));
#936 = VECTOR('',#937,1.);
#937 = DIRECTION('',(0.,1.,0.));
#938 = ORIENTED_EDGE('',*,*,#900,.F.);
#939 = PLANE('',#940);
#940 = AXIS2_PLACEMENT_3D('',#941,#942,#943);
#941 = CARTESIAN_POINT('',(-0.6,-0.585,1.21));
#942 = DIRECTION('',(0.,0.,1.));
#943 = DIRECTION('',(1.,0.,-0.));
#944 = ADVANCED_FACE('',(#945),#964,.T.);
#945 = FACE_BOUND('',#946,.T.);
#946 = EDGE_LOOP('',(#947,#955,#962,#963));
#947 = ORIENTED_EDGE('',*,*,#948,.T.);
#948 = EDGE_CURVE('',#730,#949,#951,.T.);
#949 = VERTEX_POINT('',#950);
#950 = CARTESIAN_POINT('',(0.6,-0.585,1.17));
#951 = LINE('',#952,#953);
#952 = CARTESIAN_POINT('',(-0.6,-0.585,1.17));
#953 = VECTOR('',#954,1.);
#954 = DIRECTION('',(1.,0.,0.));
#955 = ORIENTED_EDGE('',*,*,#956,.T.);
#956 = EDGE_CURVE('',#949,#926,#957,.T.);
#957 = CIRCLE('',#958,4.E-02);
#958 = AXIS2_PLACEMENT_3D('',#959,#960,#961);
#959 = CARTESIAN_POINT('',(0.6,-0.545,1.17));
#960 = DIRECTION('',(-1.,0.,0.));
#961 = DIRECTION('',(0.,0.,1.));
#962 = ORIENTED_EDGE('',*,*,#925,.F.);
#963 = ORIENTED_EDGE('',*,*,#737,.F.);
#964 = CYLINDRICAL_SURFACE('',#965,4.E-02);
#965 = AXIS2_PLACEMENT_3D('',#966,#967,#968);
#966 = CARTESIAN_POINT('',(-0.6,-0.545,1.17));
#967 = DIRECTION('',(1.,0.,0.));
#968 = DIRECTION('',(0.,-1.,0.));
#969 = ADVANCED_FACE('',(#970),#981,.F.);
#970 = FACE_BOUND('',#971,.F.);
#971 = EDGE_LOOP('',(#972,#978,#979,#980));
#972 = ORIENTED_EDGE('',*,*,#973,.F.);
#973 = EDGE_CURVE('',#804,#949,#974,.T.);
#974 = LINE('',#975,#976);
#975 = CARTESIAN_POINT('',(0.6,-0.585,4.E-02));
#976 = VECTOR('',#977,1.);
#977 = DIRECTION('',(0.,0.,1.));
#978 = ORIENTED_EDGE('',*,*,#812,.F.);
#979 = ORIENTED_EDGE('',*,*,#729,.T.);
#980 = ORIENTED_EDGE('',*,*,#948,.T.);
#981 = PLANE('',#982);
#982 = AXIS2_PLACEMENT_3D('',#983,#984,#985);
#983 = CARTESIAN_POINT('',(-0.6,-0.585,4.E-02));
#984 = DIRECTION('',(0.,1.,0.));
#985 = DIRECTION('',(0.,-0.,1.));
#986 = ADVANCED_FACE('',(#987,#1057),#1067,.F.);
#987 = FACE_BOUND('',#988,.F.);
#988 = EDGE_LOOP('',(#989,#999,#1008,#1016,#1025,#1033,#1042,#1050));
#989 = ORIENTED_EDGE('',*,*,#990,.F.);
#990 = EDGE_CURVE('',#991,#993,#995,.T.);
#991 = VERTEX_POINT('',#992);
#992 = CARTESIAN_POINT('',(0.6,-0.625,4.E-02));
#993 = VERTEX_POINT('',#994);
#994 = CARTESIAN_POINT('',(0.6,-0.625,1.21));
#995 = LINE('',#996,#997);
#996 = CARTESIAN_POINT('',(0.6,-0.625,0.));
#997 = VECTOR('',#998,1.);
#998 = DIRECTION('',(0.,0.,1.));
#999 = ORIENTED_EDGE('',*,*,#1000,.T.);
#1000 = EDGE_CURVE('',#991,#1001,#1003,.T.);
#1001 = VERTEX_POINT('',#1002);
#1002 = CARTESIAN_POINT('',(0.6,-0.585,0.));
#1003 = CIRCLE('',#1004,4.E-02);
#1004 = AXIS2_PLACEMENT_3D('',#1005,#1006,#1007);
#1005 = CARTESIAN_POINT('',(0.6,-0.585,4.E-02));
#1006 = DIRECTION('',(1.,0.,-0.));
#1007 = DIRECTION('',(0.,0.,1.));
#1008 = ORIENTED_EDGE('',*,*,#1009,.T.);
#1009 = EDGE_CURVE('',#1001,#1010,#1012,.T.);
#1010 = VERTEX_POINT('',#1011);
#1011 = CARTESIAN_POINT('',(0.6,0.585,0.));
#1012 = LINE('',#1013,#1014);
#1013 = CARTESIAN_POINT('',(0.6,-0.625,0.));
#1014 = VECTOR('',#1015,1.);
#1015 = DIRECTION('',(0.,1.,0.));
#1016 = ORIENTED_EDGE('',*,*,#1017,.F.);
#1017 = EDGE_CURVE('',#1018,#1010,#1020,.T.);
#1018 = VERTEX_POINT('',#1019);
#1019 = CARTESIAN_POINT('',(0.6,0.625,4.E-02));
#1020 = CIRCLE('',#1021,4.E-02);
#1021 = AXIS2_PLACEMENT_3D('',#1022,#1023,#1024);
#1022 = CARTESIAN_POINT('',(0.6,0.585,4.E-02));
#1023 = DIRECTION('',(-1.,0.,0.));
#1024 = DIRECTION('',(0.,0.,1.));
#1025 = ORIENTED_EDGE('',*,*,#1026,.T.);
#1026 = EDGE_CURVE('',#1018,#1027,#1029,.T.);
#1027 = VERTEX_POINT('',#1028);
#1028 = CARTESIAN_POINT('',(0.6,0.625,1.21));
#1029 = LINE('',#1030,#1031);
#1030 = CARTESIAN_POINT('',(0.6,0.625,0.));
#1031 = VECTOR('',#1032,1.);
#1032 = DIRECTION('',(0.,0.,1.));
#1033 = ORIENTED_EDGE('',*,*,#1034,.T.);
#1034 = EDGE_CURVE('',#1027,#1035,#1037,.T.);
#1035 = VERTEX_POINT('',#1036);
#1036 = CARTESIAN_POINT('',(0.6,0.585,1.25));
#1037 = CIRCLE('',#1038,4.E-02);
#1038 = AXIS2_PLACEMENT_3D('',#1039,#1040,#1041);
#1039 = CARTESIAN_POINT('',(0.6,0.585,1.21));
#1040 = DIRECTION('',(1.,0.,-0.));
#1041 = DIRECTION('',(0.,0.,1.));
#1042 = ORIENTED_EDGE('',*,*,#1043,.F.);
#1043 = EDGE_CURVE('',#1044,#1035,#1046,.T.);
#1044 = VERTEX_POINT('',#1045);
#1045 = CARTESIAN_POINT('',(0.6,-0.585,1.25));
#1046 = LINE('',#1047,#1048);
#1047 = CARTESIAN_POINT('',(0.6,-0.625,1.25));
#1048 = VECTOR('',#1049,1.);
#1049 = DIRECTION('',(0.,1.,0.));
#1050 = ORIENTED_EDGE('',*,*,#1051,.F.);
#1051 = EDGE_CURVE('',#993,#1044,#1052,.T.);
#1052 = CIRCLE('',#1053,4.E-02);
#1053 = AXIS2_PLACEMENT_3D('',#1054,#1055,#1056);
#1054 = CARTESIAN_POINT('',(0.6,-0.585,1.21));
#1055 = DIRECTION('',(-1.,0.,0.));
#1056 = DIRECTION('',(0.,0.,1.));
#1057 = FACE_BOUND('',#1058,.F.);
#1058 = EDGE_LOOP('',(#1059,#1060,#1061,#1062,#1063,#1064,#1065,#1066));
#1059 = ORIENTED_EDGE('',*,*,#803,.F.);
#1060 = ORIENTED_EDGE('',*,*,#973,.T.);
#1061 = ORIENTED_EDGE('',*,*,#956,.T.);
#1062 = ORIENTED_EDGE('',*,*,#933,.T.);
#1063 = ORIENTED_EDGE('',*,*,#908,.F.);
#1064 = ORIENTED_EDGE('',*,*,#875,.F.);
#1065 = ORIENTED_EDGE('',*,*,#858,.T.);
#1066 = ORIENTED_EDGE('',*,*,#828,.F.);
#1067 = PLANE('',#1068);
#1068 = AXIS2_PLACEMENT_3D('',#1069,#1070,#1071);
#1069 = CARTESIAN_POINT('',(0.6,-0.625,0.));
#1070 = DIRECTION('',(1.,0.,0.));
#1071 = DIRECTION('',(0.,0.,1.));
#1072 = ADVANCED_FACE('',(#1073),#1098,.F.);
#1073 = FACE_BOUND('',#1074,.F.);
#1074 = EDGE_LOOP('',(#1075,#1085,#1091,#1092));
#1075 = ORIENTED_EDGE('',*,*,#1076,.F.);
#1076 = EDGE_CURVE('',#1077,#1079,#1081,.T.);
#1077 = VERTEX_POINT('',#1078);
#1078 = CARTESIAN_POINT('',(1.,-0.625,4.E-02));
#1079 = VERTEX_POINT('',#1080);
#1080 = CARTESIAN_POINT('',(1.,-0.625,1.21));
#1081 = LINE('',#1082,#1083);
#1082 = CARTESIAN_POINT('',(1.,-0.625,0.));
#1083 = VECTOR('',#1084,1.);
#1084 = DIRECTION('',(0.,0.,1.));
#1085 = ORIENTED_EDGE('',*,*,#1086,.F.);
#1086 = EDGE_CURVE('',#991,#1077,#1087,.T.);
#1087 = LINE('',#1088,#1089);
#1088 = CARTESIAN_POINT('',(0.6,-0.625,4.E-02));
#1089 = VECTOR('',#1090,1.);
#1090 = DIRECTION('',(1.,0.,0.));
#1091 = ORIENTED_EDGE('',*,*,#990,.T.);
#1092 = ORIENTED_EDGE('',*,*,#1093,.T.);
#1093 = EDGE_CURVE('',#993,#1079,#1094,.T.);
#1094 = LINE('',#1095,#1096);
#1095 = CARTESIAN_POINT('',(0.6,-0.625,1.21));
#1096 = VECTOR('',#1097,1.);
#1097 = DIRECTION('',(1.,0.,0.));
#1098 = PLANE('',#1099);
#1099 = AXIS2_PLACEMENT_3D('',#1100,#1101,#1102);
#1100 = CARTESIAN_POINT('',(0.6,-0.625,0.));
#1101 = DIRECTION('',(0.,1.,0.));
#1102 = DIRECTION('',(0.,-0.,1.));
#1103 = ADVANCED_FACE('',(#1104),#1123,.T.);
#1104 = FACE_BOUND('',#1105,.T.);
#1105 = EDGE_LOOP('',(#1106,#1107,#1115,#1122));
#1106 = ORIENTED_EDGE('',*,*,#1000,.T.);
#1107 = ORIENTED_EDGE('',*,*,#1108,.T.);
#1108 = EDGE_CURVE('',#1001,#1109,#1111,.T.);
#1109 = VERTEX_POINT('',#1110);
#1110 = CARTESIAN_POINT('',(1.,-0.585,0.));
#1111 = LINE('',#1112,#1113);
#1112 = CARTESIAN_POINT('',(0.6,-0.585,0.));
#1113 = VECTOR('',#1114,1.);
#1114 = DIRECTION('',(1.,0.,0.));
#1115 = ORIENTED_EDGE('',*,*,#1116,.F.);
#1116 = EDGE_CURVE('',#1077,#1109,#1117,.T.);
#1117 = CIRCLE('',#1118,4.E-02);
#1118 = AXIS2_PLACEMENT_3D('',#1119,#1120,#1121);
#1119 = CARTESIAN_POINT('',(1.,-0.585,4.E-02));
#1120 = DIRECTION('',(1.,0.,-0.));
#1121 = DIRECTION('',(0.,0.,1.));
#1122 = ORIENTED_EDGE('',*,*,#1086,.F.);
#1123 = CYLINDRICAL_SURFACE('',#1124,4.E-02);
#1124 = AXIS2_PLACEMENT_3D('',#1125,#1126,#1127);
#1125 = CARTESIAN_POINT('',(0.6,-0.585,4.E-02));
#1126 = DIRECTION('',(1.,0.,0.));
#1127 = DIRECTION('',(0.,-1.,0.));
#1128 = ADVANCED_FACE('',(#1129),#1148,.T.);
#1129 = FACE_BOUND('',#1130,.T.);
#1130 = EDGE_LOOP('',(#1131,#1132,#1141,#1147));
#1131 = ORIENTED_EDGE('',*,*,#1093,.T.);
#1132 = ORIENTED_EDGE('',*,*,#1133,.T.);
#1133 = EDGE_CURVE('',#1079,#1134,#1136,.T.);
#1134 = VERTEX_POINT('',#1135);
#1135 = CARTESIAN_POINT('',(1.,-0.585,1.25));
#1136 = CIRCLE('',#1137,4.E-02);
#1137 = AXIS2_PLACEMENT_3D('',#1138,#1139,#1140);
#1138 = CARTESIAN_POINT('',(1.,-0.585,1.21));
#1139 = DIRECTION('',(-1.,0.,0.));
#1140 = DIRECTION('',(0.,0.,1.));
#1141 = ORIENTED_EDGE('',*,*,#1142,.F.);
#1142 = EDGE_CURVE('',#1044,#1134,#1143,.T.);
#1143 = LINE('',#1144,#1145);
#1144 = CARTESIAN_POINT('',(0.6,-0.585,1.25));
#1145 = VECTOR('',#1146,1.);
#1146 = DIRECTION('',(1.,0.,0.));
#1147 = ORIENTED_EDGE('',*,*,#1051,.F.);
#1148 = CYLINDRICAL_SURFACE('',#1149,4.E-02);
#1149 = AXIS2_PLACEMENT_3D('',#1150,#1151,#1152);
#1150 = CARTESIAN_POINT('',(0.6,-0.585,1.21));
#1151 = DIRECTION('',(1.,0.,0.));
#1152 = DIRECTION('',(0.,-1.,0.));
#1153 = ADVANCED_FACE('',(#1154),#1172,.F.);
#1154 = FACE_BOUND('',#1155,.F.);
#1155 = EDGE_LOOP('',(#1156,#1157,#1158,#1166));
#1156 = ORIENTED_EDGE('',*,*,#1009,.F.);
#1157 = ORIENTED_EDGE('',*,*,#1108,.T.);
#1158 = ORIENTED_EDGE('',*,*,#1159,.T.);
#1159 = EDGE_CURVE('',#1109,#1160,#1162,.T.);
#1160 = VERTEX_POINT('',#1161);
#1161 = CARTESIAN_POINT('',(1.,0.585,0.));
#1162 = LINE('',#1163,#1164);
#1163 = CARTESIAN_POINT('',(1.,-0.625,0.));
#1164 = VECTOR('',#1165,1.);
#1165 = DIRECTION('',(0.,1.,0.));
#1166 = ORIENTED_EDGE('',*,*,#1167,.F.);
#1167 = EDGE_CURVE('',#1010,#1160,#1168,.T.);
#1168 = LINE('',#1169,#1170);
#1169 = CARTESIAN_POINT('',(0.6,0.585,0.));
#1170 = VECTOR('',#1171,1.);
#1171 = DIRECTION('',(1.,0.,0.));
#1172 = PLANE('',#1173);
#1173 = AXIS2_PLACEMENT_3D('',#1174,#1175,#1176);
#1174 = CARTESIAN_POINT('',(0.6,-0.625,0.));
#1175 = DIRECTION('',(0.,0.,1.));
#1176 = DIRECTION('',(1.,0.,-0.));
#1177 = ADVANCED_FACE('',(#1178),#1196,.T.);
#1178 = FACE_BOUND('',#1179,.T.);
#1179 = EDGE_LOOP('',(#1180,#1181,#1182,#1190));
#1180 = ORIENTED_EDGE('',*,*,#1043,.F.);
#1181 = ORIENTED_EDGE('',*,*,#1142,.T.);
#1182 = ORIENTED_EDGE('',*,*,#1183,.T.);
#1183 = EDGE_CURVE('',#1134,#1184,#1186,.T.);
#1184 = VERTEX_POINT('',#1185);
#1185 = CARTESIAN_POINT('',(1.,0.585,1.25));
#1186 = LINE('',#1187,#1188);
#1187 = CARTESIAN_POINT('',(1.,-0.625,1.25));
#1188 = VECTOR('',#1189,1.);
#1189 = DIRECTION('',(0.,1.,0.));
#1190 = ORIENTED_EDGE('',*,*,#1191,.F.);
#1191 = EDGE_CURVE('',#1035,#1184,#1192,.T.);
#1192 = LINE('',#1193,#1194);
#1193 = CARTESIAN_POINT('',(0.6,0.585,1.25));
#1194 = VECTOR('',#1195,1.);
#1195 = DIRECTION('',(1.,0.,0.));
#1196 = PLANE('',#1197);
#1197 = AXIS2_PLACEMENT_3D('',#1198,#1199,#1200);
#1198 = CARTESIAN_POINT('',(0.6,-0.625,1.25));
#1199 = DIRECTION('',(0.,0.,1.));
#1200 = DIRECTION('',(1.,0.,-0.));
#1201 = ADVANCED_FACE('',(#1202),#1221,.T.);
#1202 = FACE_BOUND('',#1203,.T.);
#1203 = EDGE_LOOP('',(#1204,#1212,#1219,#1220));
#1204 = ORIENTED_EDGE('',*,*,#1205,.T.);
#1205 = EDGE_CURVE('',#1018,#1206,#1208,.T.);
#1206 = VERTEX_POINT('',#1207);
#1207 = CARTESIAN_POINT('',(1.,0.625,4.E-02));
#1208 = LINE('',#1209,#1210);
#1209 = CARTESIAN_POINT('',(0.6,0.625,4.E-02));
#1210 = VECTOR('',#1211,1.);
#1211 = DIRECTION('',(1.,0.,0.));
#1212 = ORIENTED_EDGE('',*,*,#1213,.T.);
#1213 = EDGE_CURVE('',#1206,#1160,#1214,.T.);
#1214 = CIRCLE('',#1215,4.E-02);
#1215 = AXIS2_PLACEMENT_3D('',#1216,#1217,#1218);
#1216 = CARTESIAN_POINT('',(1.,0.585,4.E-02));
#1217 = DIRECTION('',(-1.,0.,0.));
#1218 = DIRECTION('',(0.,0.,1.));
#1219 = ORIENTED_EDGE('',*,*,#1167,.F.);
#1220 = ORIENTED_EDGE('',*,*,#1017,.F.);
#1221 = CYLINDRICAL_SURFACE('',#1222,4.E-02);
#1222 = AXIS2_PLACEMENT_3D('',#1223,#1224,#1225);
#1223 = CARTESIAN_POINT('',(0.6,0.585,4.E-02));
#1224 = DIRECTION('',(1.,0.,0.));
#1225 = DIRECTION('',(-0.,1.,0.));
#1226 = ADVANCED_FACE('',(#1227),#1246,.T.);
#1227 = FACE_BOUND('',#1228,.T.);
#1228 = EDGE_LOOP('',(#1229,#1230,#1231,#1240));
#1229 = ORIENTED_EDGE('',*,*,#1034,.T.);
#1230 = ORIENTED_EDGE('',*,*,#1191,.T.);
#1231 = ORIENTED_EDGE('',*,*,#1232,.F.);
#1232 = EDGE_CURVE('',#1233,#1184,#1235,.T.);
#1233 = VERTEX_POINT('',#1234);
#1234 = CARTESIAN_POINT('',(1.,0.625,1.21));
#1235 = CIRCLE('',#1236,4.E-02);
#1236 = AXIS2_PLACEMENT_3D('',#1237,#1238,#1239);
#1237 = CARTESIAN_POINT('',(1.,0.585,1.21));
#1238 = DIRECTION('',(1.,0.,-0.));
#1239 = DIRECTION('',(0.,0.,1.));
#1240 = ORIENTED_EDGE('',*,*,#1241,.F.);
#1241 = EDGE_CURVE('',#1027,#1233,#1242,.T.);
#1242 = LINE('',#1243,#1244);
#1243 = CARTESIAN_POINT('',(0.6,0.625,1.21));
#1244 = VECTOR('',#1245,1.);
#1245 = DIRECTION('',(1.,0.,0.));
#1246 = CYLINDRICAL_SURFACE('',#1247,4.E-02);
#1247 = AXIS2_PLACEMENT_3D('',#1248,#1249,#1250);
#1248 = CARTESIAN_POINT('',(0.6,0.585,1.21));
#1249 = DIRECTION('',(1.,0.,0.));
#1250 = DIRECTION('',(-0.,1.,0.));
#1251 = ADVANCED_FACE('',(#1252),#1263,.T.);
#1252 = FACE_BOUND('',#1253,.T.);
#1253 = EDGE_LOOP('',(#1254,#1260,#1261,#1262));
#1254 = ORIENTED_EDGE('',*,*,#1255,.F.);
#1255 = EDGE_CURVE('',#1206,#1233,#1256,.T.);
#1256 = LINE('',#1257,#1258);
#1257 = CARTESIAN_POINT('',(1.,0.625,0.));
#1258 = VECTOR('',#1259,1.);
#1259 = DIRECTION('',(0.,0.,1.));
#1260 = ORIENTED_EDGE('',*,*,#1205,.F.);
#1261 = ORIENTED_EDGE('',*,*,#1026,.T.);
#1262 = ORIENTED_EDGE('',*,*,#1241,.T.);
#1263 = PLANE('',#1264);
#1264 = AXIS2_PLACEMENT_3D('',#1265,#1266,#1267);
#1265 = CARTESIAN_POINT('',(0.6,0.625,0.));
#1266 = DIRECTION('',(0.,1.,0.));
#1267 = DIRECTION('',(0.,-0.,1.));
#1268 = ADVANCED_FACE('',(#1269),#1279,.T.);
#1269 = FACE_BOUND('',#1270,.T.);
#1270 = EDGE_LOOP('',(#1271,#1272,#1273,#1274,#1275,#1276,#1277,#1278));
#1271 = ORIENTED_EDGE('',*,*,#1076,.F.);
#1272 = ORIENTED_EDGE('',*,*,#1116,.T.);
#1273 = ORIENTED_EDGE('',*,*,#1159,.T.);
#1274 = ORIENTED_EDGE('',*,*,#1213,.F.);
#1275 = ORIENTED_EDGE('',*,*,#1255,.T.);
#1276 = ORIENTED_EDGE('',*,*,#1232,.T.);
#1277 = ORIENTED_EDGE('',*,*,#1183,.F.);
#1278 = ORIENTED_EDGE('',*,*,#1133,.F.);
#1279 = PLANE('',#1280);
#1280 = AXIS2_PLACEMENT_3D('',#1281,#1282,#1283);
#1281 = CARTESIAN_POINT('',(1.,-0.625,0.));
#1282 = DIRECTION('',(1.,0.,0.));
#1283 = DIRECTION('',(0.,0.,1.));
#1284 = ( GEOMETRIC_REPRESENTATION_CONTEXT(3) 
GLOBAL_UNCERTAINTY_ASSIGNED_CONTEXT((#1288)) 
GLOBAL_UNIT_ASSIGNED_CONTEXT((#1285,#1286,#1287)) REPRESENTATION_CONTEXT
('Context #1','3D Context with UNIT and UNCERTAINTY') );
#1285 = ( LENGTH_UNIT() NAMED_UNIT(*) SI_UNIT(.MILLI.,.METRE.) );
#1286 = ( NAMED_UNIT(*) PLANE_ANGLE_UNIT() SI_UNIT($,.RADIAN.) );
#1287 = ( NAMED_UNIT(*) SI_UNIT($,.STERADIAN.) SOLID_ANGLE_UNIT() );
#1288 = UNCERTAINTY_MEASURE_WITH_UNIT(LENGTH_MEASURE(1.E-07),#1285,
  'distance_accuracy_value','confusion accuracy');
#1289 = CONTEXT_DEPENDENT_SHAPE_REPRESENTATION(#1290,#1292);
#1290 = ( REPRESENTATION_RELATIONSHIP('','',#429,#406) 
REPRESENTATION_RELATIONSHIP_WITH_TRANSFORMATION(#1291) 
SHAPE_REPRESENTATION_RELATIONSHIP() );
#1291 = ITEM_DEFINED_TRANSFORMATION('','',#11,#407);
#1292 = PRODUCT_DEFINITION_SHAPE('Placement','Placement of an item',
  #1293);
#1293 = NEXT_ASSEMBLY_USAGE_OCCURRENCE('3','=>[0:1:1:5]','',#401,#424,$
  );
#1294 = PRODUCT_RELATED_PRODUCT_CATEGORY('part',$,(#426));
#1295 = SHAPE_DEFINITION_REPRESENTATION(#1296,#1302);
#1296 = PRODUCT_DEFINITION_SHAPE('','',#1297);
#1297 = PRODUCT_DEFINITION('design','',#1298,#1301);
#1298 = PRODUCT_DEFINITION_FORMATION('','',#1299);
#1299 = PRODUCT('SOT-23','SOT-23','',(#1300));
#1300 = PRODUCT_CONTEXT('',#2,'mechanical');
#1301 = PRODUCT_DEFINITION_CONTEXT('part definition',#2,'design');
#1302 = SHAPE_REPRESENTATION('',(#11,#1303),#1307);
#1303 = AXIS2_PLACEMENT_3D('',#1304,#1305,#1306);
#1304 = CARTESIAN_POINT('',(0.,0.,0.));
#1305 = DIRECTION('',(0.,0.,1.));
#1306 = DIRECTION('',(1.,0.,-0.));
#1307 = ( GEOMETRIC_REPRESENTATION_CONTEXT(3) 
GLOBAL_UNCERTAINTY_ASSIGNED_CONTEXT((#1311)) 
GLOBAL_UNIT_ASSIGNED_CONTEXT((#1308,#1309,#1310)) REPRESENTATION_CONTEXT
('Context #1','3D Context with UNIT and UNCERTAINTY') );
#1308 = ( LENGTH_UNIT() NAMED_UNIT(*) SI_UNIT(.MILLI.,.METRE.) );
#1309 = ( NAMED_UNIT(*) PLANE_ANGLE_UNIT() SI_UNIT($,.RADIAN.) );
#1310 = ( NAMED_UNIT(*) SI_UNIT($,.STERADIAN.) SOLID_ANGLE_UNIT() );
#1311 = UNCERTAINTY_MEASURE_WITH_UNIT(LENGTH_MEASURE(1.E-07),#1308,
  'distance_accuracy_value','confusion accuracy');
#1312 = CONTEXT_DEPENDENT_SHAPE_REPRESENTATION(#1313,#1315);
#1313 = ( REPRESENTATION_RELATIONSHIP('','',#1302,#10) 
REPRESENTATION_RELATIONSHIP_WITH_TRANSFORMATION(#1314) 
SHAPE_REPRESENTATION_RELATIONSHIP() );
#1314 = ITEM_DEFINED_TRANSFORMATION('','',#11,#23);
#1315 = PRODUCT_DEFINITION_SHAPE('Placement','Placement of an item',
  #1316);
#1316 = NEXT_ASSEMBLY_USAGE_OCCURRENCE('6','Q1','',#5,#1297,$);
#1317 = PRODUCT_RELATED_PRODUCT_CATEGORY('part',$,(#1299));
#1318 = SHAPE_DEFINITION_REPRESENTATION(#1319,#1325);
#1319 = PRODUCT_DEFINITION_SHAPE('','',#1320);
#1320 = PRODUCT_DEFINITION('design','',#1321,#1324);
#1321 = PRODUCT_DEFINITION_FORMATION('','',#1322);
#1322 = PRODUCT('SOT-23','SOT-23','',(#1323));
#1323 = PRODUCT_CONTEXT('',#2,'mechanical');
#1324 = PRODUCT_DEFINITION_CONTEXT('part definition',#2,'design');
#1325 = ADVANCED_BREP_SHAPE_REPRESENTATION('',(#11,#1326),#3308);
#1326 = MANIFOLD_SOLID_BREP('',#1327);
#1327 = CLOSED_SHELL('',(#1328,#1366,#1429,#1452,#1481,#1504,#1559,#1598
    ,#1621,#1644,#1661,#1684,#1772,#1788,#1818,#1851,#1882,#1915,#1932,
    #1949,#1982,#2012,#2035,#2058,#2075,#2104,#2158,#2181,#2204,#2227,
    #2266,#2288,#2332,#2407,#2431,#2499,#2516,#2591,#2615,#2683,#2758,
    #2782,#2850,#2867,#2884,#2930,#2946,#2962,#2979,#2991,#3008,#3025,
    #3042,#3059,#3076,#3093,#3105,#3122,#3139,#3156,#3173,#3190,#3202,
    #3219,#3236,#3253,#3270,#3287,#3299));
#1328 = ADVANCED_FACE('',(#1329),#1361,.F.);
#1329 = FACE_BOUND('',#1330,.F.);
#1330 = EDGE_LOOP('',(#1331,#1341,#1348,#1356));
#1331 = ORIENTED_EDGE('',*,*,#1332,.T.);
#1332 = EDGE_CURVE('',#1333,#1335,#1337,.T.);
#1333 = VERTEX_POINT('',#1334);
#1334 = CARTESIAN_POINT('',(-0.571621551758,1.433243103516,0.1));
#1335 = VERTEX_POINT('',#1336);
#1336 = CARTESIAN_POINT('',(0.571621551758,1.433243103516,0.1));
#1337 = LINE('',#1338,#1339);
#1338 = CARTESIAN_POINT('',(-0.571621551758,1.433243103516,0.1));
#1339 = VECTOR('',#1340,1.);
#1340 = DIRECTION('',(1.,1.110223024625E-16,0.));
#1341 = ORIENTED_EDGE('',*,*,#1342,.T.);
#1342 = EDGE_CURVE('',#1335,#1343,#1345,.T.);
#1343 = VERTEX_POINT('',#1344);
#1344 = CARTESIAN_POINT('',(0.605,1.5,0.575));
#1345 = B_SPLINE_CURVE_WITH_KNOTS('',1,(#1346,#1347),.UNSPECIFIED.,.F.,
  .F.,(2,2),(0.,1.),.PIECEWISE_BEZIER_KNOTS.);
#1346 = CARTESIAN_POINT('',(0.571621551758,1.433243103516,0.1));
#1347 = CARTESIAN_POINT('',(0.605,1.5,0.575));
#1348 = ORIENTED_EDGE('',*,*,#1349,.F.);
#1349 = EDGE_CURVE('',#1350,#1343,#1352,.T.);
#1350 = VERTEX_POINT('',#1351);
#1351 = CARTESIAN_POINT('',(-0.605,1.5,0.575));
#1352 = LINE('',#1353,#1354);
#1353 = CARTESIAN_POINT('',(-0.605,1.5,0.575));
#1354 = VECTOR('',#1355,1.);
#1355 = DIRECTION('',(1.,1.110223024625E-16,0.));
#1356 = ORIENTED_EDGE('',*,*,#1357,.F.);
#1357 = EDGE_CURVE('',#1333,#1350,#1358,.T.);
#1358 = B_SPLINE_CURVE_WITH_KNOTS('',1,(#1359,#1360),.UNSPECIFIED.,.F.,
  .F.,(2,2),(0.,1.),.PIECEWISE_BEZIER_KNOTS.);
#1359 = CARTESIAN_POINT('',(-0.571621551758,1.433243103516,0.1));
#1360 = CARTESIAN_POINT('',(-0.605,1.5,0.575));
#1361 = B_SPLINE_SURFACE_WITH_KNOTS('',1,1,(
    (#1362,#1363)
    ,(#1364,#1365
    )),.UNSPECIFIED.,.F.,.F.,.F.,(2,2),(2,2),(0.,1.21),(0.,1.),
  .PIECEWISE_BEZIER_KNOTS.);
#1362 = CARTESIAN_POINT('',(-0.571621551758,1.433243103516,0.1));
#1363 = CARTESIAN_POINT('',(-0.605,1.5,0.575));
#1364 = CARTESIAN_POINT('',(0.571621551758,1.433243103516,0.1));
#1365 = CARTESIAN_POINT('',(0.605,1.5,0.575));
#1366 = ADVANCED_FACE('',(#1367),#1424,.T.);
#1367 = FACE_BOUND('',#1368,.T.);
#1368 = EDGE_LOOP('',(#1369,#1370,#1378,#1386,#1394,#1402,#1410,#1418));
#1369 = ORIENTED_EDGE('',*,*,#1332,.T.);
#1370 = ORIENTED_EDGE('',*,*,#1371,.T.);
#1371 = EDGE_CURVE('',#1335,#1372,#1374,.T.);
#1372 = VERTEX_POINT('',#1373);
#1373 = CARTESIAN_POINT('',(0.633243103516,1.371621551758,0.1));
#1374 = LINE('',#1375,#1376);
#1375 = CARTESIAN_POINT('',(0.571621551758,1.433243103516,0.1));
#1376 = VECTOR('',#1377,1.);
#1377 = DIRECTION('',(0.707106781187,-0.707106781187,0.));
#1378 = ORIENTED_EDGE('',*,*,#1379,.T.);
#1379 = EDGE_CURVE('',#1372,#1380,#1382,.T.);
#1380 = VERTEX_POINT('',#1381);
#1381 = CARTESIAN_POINT('',(0.633243103516,-1.371621551758,0.1));
#1382 = LINE('',#1383,#1384);
#1383 = CARTESIAN_POINT('',(0.633243103516,1.371621551758,0.1));
#1384 = VECTOR('',#1385,1.);
#1385 = DIRECTION('',(1.110223024625E-16,-1.,0.));
#1386 = ORIENTED_EDGE('',*,*,#1387,.T.);
#1387 = EDGE_CURVE('',#1380,#1388,#1390,.T.);
#1388 = VERTEX_POINT('',#1389);
#1389 = CARTESIAN_POINT('',(0.571621551758,-1.433243103516,0.1));
#1390 = LINE('',#1391,#1392);
#1391 = CARTESIAN_POINT('',(0.633243103516,-1.371621551758,0.1));
#1392 = VECTOR('',#1393,1.);
#1393 = DIRECTION('',(-0.707106781187,-0.707106781187,0.));
#1394 = ORIENTED_EDGE('',*,*,#1395,.T.);
#1395 = EDGE_CURVE('',#1388,#1396,#1398,.T.);
#1396 = VERTEX_POINT('',#1397);
#1397 = CARTESIAN_POINT('',(-0.571621551758,-1.433243103516,0.1));
#1398 = LINE('',#1399,#1400);
#1399 = CARTESIAN_POINT('',(0.571621551758,-1.433243103516,0.1));
#1400 = VECTOR('',#1401,1.);
#1401 = DIRECTION('',(-1.,-1.110223024625E-16,0.));
#1402 = ORIENTED_EDGE('',*,*,#1403,.T.);
#1403 = EDGE_CURVE('',#1396,#1404,#1406,.T.);
#1404 = VERTEX_POINT('',#1405);
#1405 = CARTESIAN_POINT('',(-0.633243103516,-1.371621551758,0.1));
#1406 = LINE('',#1407,#1408);
#1407 = CARTESIAN_POINT('',(-0.571621551758,-1.433243103516,0.1));
#1408 = VECTOR('',#1409,1.);
#1409 = DIRECTION('',(-0.707106781187,0.707106781187,0.));
#1410 = ORIENTED_EDGE('',*,*,#1411,.T.);
#1411 = EDGE_CURVE('',#1404,#1412,#1414,.T.);
#1412 = VERTEX_POINT('',#1413);
#1413 = CARTESIAN_POINT('',(-0.633243103516,1.371621551758,0.1));
#1414 = LINE('',#1415,#1416);
#1415 = CARTESIAN_POINT('',(-0.633243103516,-1.371621551758,0.1));
#1416 = VECTOR('',#1417,1.);
#1417 = DIRECTION('',(-1.110223024625E-16,1.,0.));
#1418 = ORIENTED_EDGE('',*,*,#1419,.T.);
#1419 = EDGE_CURVE('',#1412,#1333,#1420,.T.);
#1420 = LINE('',#1421,#1422);
#1421 = CARTESIAN_POINT('',(-0.633243103516,1.371621551758,0.1));
#1422 = VECTOR('',#1423,1.);
#1423 = DIRECTION('',(0.707106781187,0.707106781187,0.));
#1424 = PLANE('',#1425);
#1425 = AXIS2_PLACEMENT_3D('',#1426,#1427,#1428);
#1426 = CARTESIAN_POINT('',(-0.571621551758,1.433243103516,0.1));
#1427 = DIRECTION('',(0.,0.,-1.));
#1428 = DIRECTION('',(0.370454302632,-0.928850692879,0.));
#1429 = ADVANCED_FACE('',(#1430),#1447,.F.);
#1430 = FACE_BOUND('',#1431,.F.);
#1431 = EDGE_LOOP('',(#1432,#1433,#1440,#1446));
#1432 = ORIENTED_EDGE('',*,*,#1371,.T.);
#1433 = ORIENTED_EDGE('',*,*,#1434,.T.);
#1434 = EDGE_CURVE('',#1372,#1435,#1437,.T.);
#1435 = VERTEX_POINT('',#1436);
#1436 = CARTESIAN_POINT('',(0.7,1.405,0.575));
#1437 = B_SPLINE_CURVE_WITH_KNOTS('',1,(#1438,#1439),.UNSPECIFIED.,.F.,
  .F.,(2,2),(0.,1.),.PIECEWISE_BEZIER_KNOTS.);
#1438 = CARTESIAN_POINT('',(0.633243103516,1.371621551758,0.1));
#1439 = CARTESIAN_POINT('',(0.7,1.405,0.575));
#1440 = ORIENTED_EDGE('',*,*,#1441,.F.);
#1441 = EDGE_CURVE('',#1343,#1435,#1442,.T.);
#1442 = LINE('',#1443,#1444);
#1443 = CARTESIAN_POINT('',(0.605,1.5,0.575));
#1444 = VECTOR('',#1445,1.);
#1445 = DIRECTION('',(0.707106781187,-0.707106781187,0.));
#1446 = ORIENTED_EDGE('',*,*,#1342,.F.);
#1447 = B_SPLINE_SURFACE_WITH_KNOTS('',1,1,(
    (#1448,#1449)
    ,(#1450,#1451
    )),.UNSPECIFIED.,.F.,.F.,.F.,(2,2),(2,2),(0.,0.134350288425),(0.,1.)
  ,.PIECEWISE_BEZIER_KNOTS.);
#1448 = CARTESIAN_POINT('',(0.571621551758,1.433243103516,0.1));
#1449 = CARTESIAN_POINT('',(0.605,1.5,0.575));
#1450 = CARTESIAN_POINT('',(0.633243103516,1.371621551758,0.1));
#1451 = CARTESIAN_POINT('',(0.7,1.405,0.575));
#1452 = ADVANCED_FACE('',(#1453),#1476,.F.);
#1453 = FACE_BOUND('',#1454,.F.);
#1454 = EDGE_LOOP('',(#1455,#1456,#1463,#1471));
#1455 = ORIENTED_EDGE('',*,*,#1349,.T.);
#1456 = ORIENTED_EDGE('',*,*,#1457,.T.);
#1457 = EDGE_CURVE('',#1343,#1458,#1460,.T.);
#1458 = VERTEX_POINT('',#1459);
#1459 = CARTESIAN_POINT('',(0.605,1.5,0.725));
#1460 = B_SPLINE_CURVE_WITH_KNOTS('',1,(#1461,#1462),.UNSPECIFIED.,.F.,
  .F.,(2,2),(0.,1.),.PIECEWISE_BEZIER_KNOTS.);
#1461 = CARTESIAN_POINT('',(0.605,1.5,0.575));
#1462 = CARTESIAN_POINT('',(0.605,1.5,0.725));
#1463 = ORIENTED_EDGE('',*,*,#1464,.F.);
#1464 = EDGE_CURVE('',#1465,#1458,#1467,.T.);
#1465 = VERTEX_POINT('',#1466);
#1466 = CARTESIAN_POINT('',(-0.605,1.5,0.725));
#1467 = LINE('',#1468,#1469);
#1468 = CARTESIAN_POINT('',(-0.605,1.5,0.725));
#1469 = VECTOR('',#1470,1.);
#1470 = DIRECTION('',(1.,1.110223024625E-16,0.));
#1471 = ORIENTED_EDGE('',*,*,#1472,.F.);
#1472 = EDGE_CURVE('',#1350,#1465,#1473,.T.);
#1473 = B_SPLINE_CURVE_WITH_KNOTS('',1,(#1474,#1475),.UNSPECIFIED.,.F.,
  .F.,(2,2),(0.,1.),.PIECEWISE_BEZIER_KNOTS.);
#1474 = CARTESIAN_POINT('',(-0.605,1.5,0.575));
#1475 = CARTESIAN_POINT('',(-0.605,1.5,0.725));
#1476 = PLANE('',#1477);
#1477 = AXIS2_PLACEMENT_3D('',#1478,#1479,#1480);
#1478 = CARTESIAN_POINT('',(-0.605,1.5,0.725));
#1479 = DIRECTION('',(1.110223024625E-16,-1.,0.));
#1480 = DIRECTION('',(1.,1.110223024625E-16,0.));
#1481 = ADVANCED_FACE('',(#1482),#1499,.F.);
#1482 = FACE_BOUND('',#1483,.F.);
#1483 = EDGE_LOOP('',(#1484,#1485,#1486,#1494));
#1484 = ORIENTED_EDGE('',*,*,#1419,.T.);
#1485 = ORIENTED_EDGE('',*,*,#1357,.T.);
#1486 = ORIENTED_EDGE('',*,*,#1487,.F.);
#1487 = EDGE_CURVE('',#1488,#1350,#1490,.T.);
#1488 = VERTEX_POINT('',#1489);
#1489 = CARTESIAN_POINT('',(-0.7,1.405,0.575));
#1490 = LINE('',#1491,#1492);
#1491 = CARTESIAN_POINT('',(-0.7,1.405,0.575));
#1492 = VECTOR('',#1493,1.);
#1493 = DIRECTION('',(0.707106781187,0.707106781187,0.));
#1494 = ORIENTED_EDGE('',*,*,#1495,.F.);
#1495 = EDGE_CURVE('',#1412,#1488,#1496,.T.);
#1496 = B_SPLINE_CURVE_WITH_KNOTS('',1,(#1497,#1498),.UNSPECIFIED.,.F.,
  .F.,(2,2),(0.,1.),.PIECEWISE_BEZIER_KNOTS.);
#1497 = CARTESIAN_POINT('',(-0.633243103516,1.371621551758,0.1));
#1498 = CARTESIAN_POINT('',(-0.7,1.405,0.575));
#1499 = B_SPLINE_SURFACE_WITH_KNOTS('',1,1,(
    (#1500,#1501)
    ,(#1502,#1503
    )),.UNSPECIFIED.,.F.,.F.,.F.,(2,2),(2,2),(0.,0.134350288425),(0.,1.)
  ,.PIECEWISE_BEZIER_KNOTS.);
#1500 = CARTESIAN_POINT('',(-0.633243103516,1.371621551758,0.1));
#1501 = CARTESIAN_POINT('',(-0.7,1.405,0.575));
#1502 = CARTESIAN_POINT('',(-0.571621551758,1.433243103516,0.1));
#1503 = CARTESIAN_POINT('',(-0.605,1.5,0.575));
#1504 = ADVANCED_FACE('',(#1505),#1554,.F.);
#1505 = FACE_BOUND('',#1506,.F.);
#1506 = EDGE_LOOP('',(#1507,#1508,#1509,#1517,#1525,#1533,#1541,#1549));
#1507 = ORIENTED_EDGE('',*,*,#1411,.T.);
#1508 = ORIENTED_EDGE('',*,*,#1495,.T.);
#1509 = ORIENTED_EDGE('',*,*,#1510,.F.);
#1510 = EDGE_CURVE('',#1511,#1488,#1513,.T.);
#1511 = VERTEX_POINT('',#1512);
#1512 = CARTESIAN_POINT('',(-0.7,1.15,0.575));
#1513 = LINE('',#1514,#1515);
#1514 = CARTESIAN_POINT('',(-0.7,-1.405,0.575));
#1515 = VECTOR('',#1516,1.);
#1516 = DIRECTION('',(-1.110223024625E-16,1.,0.));
#1517 = ORIENTED_EDGE('',*,*,#1518,.F.);
#1518 = EDGE_CURVE('',#1519,#1511,#1521,.T.);
#1519 = VERTEX_POINT('',#1520);
#1520 = CARTESIAN_POINT('',(-0.7,0.75,0.575));
#1521 = LINE('',#1522,#1523);
#1522 = CARTESIAN_POINT('',(-0.7,0.75,0.575));
#1523 = VECTOR('',#1524,1.);
#1524 = DIRECTION('',(1.144237745222E-17,1.,0.));
#1525 = ORIENTED_EDGE('',*,*,#1526,.F.);
#1526 = EDGE_CURVE('',#1527,#1519,#1529,.T.);
#1527 = VERTEX_POINT('',#1528);
#1528 = CARTESIAN_POINT('',(-0.7,-0.75,0.575));
#1529 = LINE('',#1530,#1531);
#1530 = CARTESIAN_POINT('',(-0.7,-1.405,0.575));
#1531 = VECTOR('',#1532,1.);
#1532 = DIRECTION('',(-1.110223024625E-16,1.,0.));
#1533 = ORIENTED_EDGE('',*,*,#1534,.F.);
#1534 = EDGE_CURVE('',#1535,#1527,#1537,.T.);
#1535 = VERTEX_POINT('',#1536);
#1536 = CARTESIAN_POINT('',(-0.7,-1.15,0.575));
#1537 = LINE('',#1538,#1539);
#1538 = CARTESIAN_POINT('',(-0.7,-1.15,0.575));
#1539 = VECTOR('',#1540,1.);
#1540 = DIRECTION('',(1.144237745222E-17,1.,0.));
#1541 = ORIENTED_EDGE('',*,*,#1542,.F.);
#1542 = EDGE_CURVE('',#1543,#1535,#1545,.T.);
#1543 = VERTEX_POINT('',#1544);
#1544 = CARTESIAN_POINT('',(-0.7,-1.405,0.575));
#1545 = LINE('',#1546,#1547);
#1546 = CARTESIAN_POINT('',(-0.7,-1.405,0.575));
#1547 = VECTOR('',#1548,1.);
#1548 = DIRECTION('',(-1.110223024625E-16,1.,0.));
#1549 = ORIENTED_EDGE('',*,*,#1550,.F.);
#1550 = EDGE_CURVE('',#1404,#1543,#1551,.T.);
#1551 = B_SPLINE_CURVE_WITH_KNOTS('',1,(#1552,#1553),.UNSPECIFIED.,.F.,
  .F.,(2,2),(0.,1.),.PIECEWISE_BEZIER_KNOTS.);
#1552 = CARTESIAN_POINT('',(-0.633243103516,-1.371621551758,0.1));
#1553 = CARTESIAN_POINT('',(-0.7,-1.405,0.575));
#1554 = B_SPLINE_SURFACE_WITH_KNOTS('',1,1,(
    (#1555,#1556)
    ,(#1557,#1558
    )),.UNSPECIFIED.,.F.,.F.,.F.,(2,2),(2,2),(0.,2.81),(0.,1.),
  .PIECEWISE_BEZIER_KNOTS.);
#1555 = CARTESIAN_POINT('',(-0.633243103516,-1.371621551758,0.1));
#1556 = CARTESIAN_POINT('',(-0.7,-1.405,0.575));
#1557 = CARTESIAN_POINT('',(-0.633243103516,1.371621551758,0.1));
#1558 = CARTESIAN_POINT('',(-0.7,1.405,0.575));
#1559 = ADVANCED_FACE('',(#1560),#1593,.F.);
#1560 = FACE_BOUND('',#1561,.F.);
#1561 = EDGE_LOOP('',(#1562,#1563,#1570,#1578,#1586,#1592));
#1562 = ORIENTED_EDGE('',*,*,#1379,.T.);
#1563 = ORIENTED_EDGE('',*,*,#1564,.T.);
#1564 = EDGE_CURVE('',#1380,#1565,#1567,.T.);
#1565 = VERTEX_POINT('',#1566);
#1566 = CARTESIAN_POINT('',(0.7,-1.405,0.575));
#1567 = B_SPLINE_CURVE_WITH_KNOTS('',1,(#1568,#1569),.UNSPECIFIED.,.F.,
  .F.,(2,2),(0.,1.),.PIECEWISE_BEZIER_KNOTS.);
#1568 = CARTESIAN_POINT('',(0.633243103516,-1.371621551758,0.1));
#1569 = CARTESIAN_POINT('',(0.7,-1.405,0.575));
#1570 = ORIENTED_EDGE('',*,*,#1571,.F.);
#1571 = EDGE_CURVE('',#1572,#1565,#1574,.T.);
#1572 = VERTEX_POINT('',#1573);
#1573 = CARTESIAN_POINT('',(0.7,-0.2,0.575));
#1574 = LINE('',#1575,#1576);
#1575 = CARTESIAN_POINT('',(0.7,1.405,0.575));
#1576 = VECTOR('',#1577,1.);
#1577 = DIRECTION('',(1.110223024625E-16,-1.,0.));
#1578 = ORIENTED_EDGE('',*,*,#1579,.F.);
#1579 = EDGE_CURVE('',#1580,#1572,#1582,.T.);
#1580 = VERTEX_POINT('',#1581);
#1581 = CARTESIAN_POINT('',(0.7,0.2,0.575));
#1582 = LINE('',#1583,#1584);
#1583 = CARTESIAN_POINT('',(0.7,0.2,0.575));
#1584 = VECTOR('',#1585,1.);
#1585 = DIRECTION('',(1.110223024625E-16,-1.,0.));
#1586 = ORIENTED_EDGE('',*,*,#1587,.F.);
#1587 = EDGE_CURVE('',#1435,#1580,#1588,.T.);
#1588 = LINE('',#1589,#1590);
#1589 = CARTESIAN_POINT('',(0.7,1.405,0.575));
#1590 = VECTOR('',#1591,1.);
#1591 = DIRECTION('',(1.110223024625E-16,-1.,0.));
#1592 = ORIENTED_EDGE('',*,*,#1434,.F.);
#1593 = B_SPLINE_SURFACE_WITH_KNOTS('',1,1,(
    (#1594,#1595)
    ,(#1596,#1597
    )),.UNSPECIFIED.,.F.,.F.,.F.,(2,2),(2,2),(0.,2.81),(0.,1.),
  .PIECEWISE_BEZIER_KNOTS.);
#1594 = CARTESIAN_POINT('',(0.633243103516,1.371621551758,0.1));
#1595 = CARTESIAN_POINT('',(0.7,1.405,0.575));
#1596 = CARTESIAN_POINT('',(0.633243103516,-1.371621551758,0.1));
#1597 = CARTESIAN_POINT('',(0.7,-1.405,0.575));
#1598 = ADVANCED_FACE('',(#1599),#1616,.F.);
#1599 = FACE_BOUND('',#1600,.F.);
#1600 = EDGE_LOOP('',(#1601,#1602,#1603,#1611));
#1601 = ORIENTED_EDGE('',*,*,#1403,.T.);
#1602 = ORIENTED_EDGE('',*,*,#1550,.T.);
#1603 = ORIENTED_EDGE('',*,*,#1604,.F.);
#1604 = EDGE_CURVE('',#1605,#1543,#1607,.T.);
#1605 = VERTEX_POINT('',#1606);
#1606 = CARTESIAN_POINT('',(-0.605,-1.5,0.575));
#1607 = LINE('',#1608,#1609);
#1608 = CARTESIAN_POINT('',(-0.605,-1.5,0.575));
#1609 = VECTOR('',#1610,1.);
#1610 = DIRECTION('',(-0.707106781187,0.707106781187,0.));
#1611 = ORIENTED_EDGE('',*,*,#1612,.F.);
#1612 = EDGE_CURVE('',#1396,#1605,#1613,.T.);
#1613 = B_SPLINE_CURVE_WITH_KNOTS('',1,(#1614,#1615),.UNSPECIFIED.,.F.,
  .F.,(2,2),(0.,1.),.PIECEWISE_BEZIER_KNOTS.);
#1614 = CARTESIAN_POINT('',(-0.571621551758,-1.433243103516,0.1));
#1615 = CARTESIAN_POINT('',(-0.605,-1.5,0.575));
#1616 = B_SPLINE_SURFACE_WITH_KNOTS('',1,1,(
    (#1617,#1618)
    ,(#1619,#1620
    )),.UNSPECIFIED.,.F.,.F.,.F.,(2,2),(2,2),(0.,0.134350288425),(0.,1.)
  ,.PIECEWISE_BEZIER_KNOTS.);
#1617 = CARTESIAN_POINT('',(-0.571621551758,-1.433243103516,0.1));
#1618 = CARTESIAN_POINT('',(-0.605,-1.5,0.575));
#1619 = CARTESIAN_POINT('',(-0.633243103516,-1.371621551758,0.1));
#1620 = CARTESIAN_POINT('',(-0.7,-1.405,0.575));
#1621 = ADVANCED_FACE('',(#1622),#1639,.F.);
#1622 = FACE_BOUND('',#1623,.F.);
#1623 = EDGE_LOOP('',(#1624,#1625,#1632,#1638));
#1624 = ORIENTED_EDGE('',*,*,#1387,.T.);
#1625 = ORIENTED_EDGE('',*,*,#1626,.T.);
#1626 = EDGE_CURVE('',#1388,#1627,#1629,.T.);
#1627 = VERTEX_POINT('',#1628);
#1628 = CARTESIAN_POINT('',(0.605,-1.5,0.575));
#1629 = B_SPLINE_CURVE_WITH_KNOTS('',1,(#1630,#1631),.UNSPECIFIED.,.F.,
  .F.,(2,2),(0.,1.),.PIECEWISE_BEZIER_KNOTS.);
#1630 = CARTESIAN_POINT('',(0.571621551758,-1.433243103516,0.1));
#1631 = CARTESIAN_POINT('',(0.605,-1.5,0.575));
#1632 = ORIENTED_EDGE('',*,*,#1633,.F.);
#1633 = EDGE_CURVE('',#1565,#1627,#1634,.T.);
#1634 = LINE('',#1635,#1636);
#1635 = CARTESIAN_POINT('',(0.7,-1.405,0.575));
#1636 = VECTOR('',#1637,1.);
#1637 = DIRECTION('',(-0.707106781187,-0.707106781187,0.));
#1638 = ORIENTED_EDGE('',*,*,#1564,.F.);
#1639 = B_SPLINE_SURFACE_WITH_KNOTS('',1,1,(
    (#1640,#1641)
    ,(#1642,#1643
    )),.UNSPECIFIED.,.F.,.F.,.F.,(2,2),(2,2),(0.,0.134350288425),(0.,1.)
  ,.PIECEWISE_BEZIER_KNOTS.);
#1640 = CARTESIAN_POINT('',(0.633243103516,-1.371621551758,0.1));
#1641 = CARTESIAN_POINT('',(0.7,-1.405,0.575));
#1642 = CARTESIAN_POINT('',(0.571621551758,-1.433243103516,0.1));
#1643 = CARTESIAN_POINT('',(0.605,-1.5,0.575));
#1644 = ADVANCED_FACE('',(#1645),#1656,.F.);
#1645 = FACE_BOUND('',#1646,.F.);
#1646 = EDGE_LOOP('',(#1647,#1648,#1649,#1655));
#1647 = ORIENTED_EDGE('',*,*,#1395,.T.);
#1648 = ORIENTED_EDGE('',*,*,#1612,.T.);
#1649 = ORIENTED_EDGE('',*,*,#1650,.F.);
#1650 = EDGE_CURVE('',#1627,#1605,#1651,.T.);
#1651 = LINE('',#1652,#1653);
#1652 = CARTESIAN_POINT('',(0.605,-1.5,0.575));
#1653 = VECTOR('',#1654,1.);
#1654 = DIRECTION('',(-1.,-1.110223024625E-16,0.));
#1655 = ORIENTED_EDGE('',*,*,#1626,.F.);
#1656 = B_SPLINE_SURFACE_WITH_KNOTS('',1,1,(
    (#1657,#1658)
    ,(#1659,#1660
    )),.UNSPECIFIED.,.F.,.F.,.F.,(2,2),(2,2),(0.,1.21),(0.,1.),
  .PIECEWISE_BEZIER_KNOTS.);
#1657 = CARTESIAN_POINT('',(0.571621551758,-1.433243103516,0.1));
#1658 = CARTESIAN_POINT('',(0.605,-1.5,0.575));
#1659 = CARTESIAN_POINT('',(-0.571621551758,-1.433243103516,0.1));
#1660 = CARTESIAN_POINT('',(-0.605,-1.5,0.575));
#1661 = ADVANCED_FACE('',(#1662),#1679,.F.);
#1662 = FACE_BOUND('',#1663,.F.);
#1663 = EDGE_LOOP('',(#1664,#1665,#1672,#1678));
#1664 = ORIENTED_EDGE('',*,*,#1441,.T.);
#1665 = ORIENTED_EDGE('',*,*,#1666,.T.);
#1666 = EDGE_CURVE('',#1435,#1667,#1669,.T.);
#1667 = VERTEX_POINT('',#1668);
#1668 = CARTESIAN_POINT('',(0.7,1.405,0.725));
#1669 = B_SPLINE_CURVE_WITH_KNOTS('',1,(#1670,#1671),.UNSPECIFIED.,.F.,
  .F.,(2,2),(0.,1.),.PIECEWISE_BEZIER_KNOTS.);
#1670 = CARTESIAN_POINT('',(0.7,1.405,0.575));
#1671 = CARTESIAN_POINT('',(0.7,1.405,0.725));
#1672 = ORIENTED_EDGE('',*,*,#1673,.F.);
#1673 = EDGE_CURVE('',#1458,#1667,#1674,.T.);
#1674 = LINE('',#1675,#1676);
#1675 = CARTESIAN_POINT('',(0.605,1.5,0.725));
#1676 = VECTOR('',#1677,1.);
#1677 = DIRECTION('',(0.707106781187,-0.707106781187,0.));
#1678 = ORIENTED_EDGE('',*,*,#1457,.F.);
#1679 = PLANE('',#1680);
#1680 = AXIS2_PLACEMENT_3D('',#1681,#1682,#1683);
#1681 = CARTESIAN_POINT('',(0.605,1.5,0.725));
#1682 = DIRECTION('',(-0.707106781187,-0.707106781187,0.));
#1683 = DIRECTION('',(0.707106781187,-0.707106781187,0.));
#1684 = ADVANCED_FACE('',(#1685),#1767,.F.);
#1685 = FACE_BOUND('',#1686,.F.);
#1686 = EDGE_LOOP('',(#1687,#1695,#1696,#1697,#1705,#1713,#1721,#1729,
    #1737,#1745,#1753,#1761));
#1687 = ORIENTED_EDGE('',*,*,#1688,.T.);
#1688 = EDGE_CURVE('',#1689,#1465,#1691,.T.);
#1689 = VERTEX_POINT('',#1690);
#1690 = CARTESIAN_POINT('',(-0.7,1.405,0.725));
#1691 = LINE('',#1692,#1693);
#1692 = CARTESIAN_POINT('',(-0.7,1.405,0.725));
#1693 = VECTOR('',#1694,1.);
#1694 = DIRECTION('',(0.707106781187,0.707106781187,0.));
#1695 = ORIENTED_EDGE('',*,*,#1464,.T.);
#1696 = ORIENTED_EDGE('',*,*,#1673,.T.);
#1697 = ORIENTED_EDGE('',*,*,#1698,.T.);
#1698 = EDGE_CURVE('',#1667,#1699,#1701,.T.);
#1699 = VERTEX_POINT('',#1700);
#1700 = CARTESIAN_POINT('',(0.7,0.2,0.725));
#1701 = LINE('',#1702,#1703);
#1702 = CARTESIAN_POINT('',(0.7,1.405,0.725));
#1703 = VECTOR('',#1704,1.);
#1704 = DIRECTION('',(1.110223024625E-16,-1.,0.));
#1705 = ORIENTED_EDGE('',*,*,#1706,.T.);
#1706 = EDGE_CURVE('',#1699,#1707,#1709,.T.);
#1707 = VERTEX_POINT('',#1708);
#1708 = CARTESIAN_POINT('',(0.675,0.2,0.725));
#1709 = LINE('',#1710,#1711);
#1710 = CARTESIAN_POINT('',(0.7,0.2,0.725));
#1711 = VECTOR('',#1712,1.);
#1712 = DIRECTION('',(-1.,-1.110223024625E-16,0.));
#1713 = ORIENTED_EDGE('',*,*,#1714,.F.);
#1714 = EDGE_CURVE('',#1715,#1707,#1717,.T.);
#1715 = VERTEX_POINT('',#1716);
#1716 = CARTESIAN_POINT('',(0.675,1.3925,0.725));
#1717 = LINE('',#1718,#1719);
#1718 = CARTESIAN_POINT('',(0.675,1.3925,0.725));
#1719 = VECTOR('',#1720,1.);
#1720 = DIRECTION('',(1.110223024625E-16,-1.,0.));
#1721 = ORIENTED_EDGE('',*,*,#1722,.F.);
#1722 = EDGE_CURVE('',#1723,#1715,#1725,.T.);
#1723 = VERTEX_POINT('',#1724);
#1724 = CARTESIAN_POINT('',(0.5925,1.475,0.725));
#1725 = LINE('',#1726,#1727);
#1726 = CARTESIAN_POINT('',(0.5925,1.475,0.725));
#1727 = VECTOR('',#1728,1.);
#1728 = DIRECTION('',(0.707106781187,-0.707106781187,0.));
#1729 = ORIENTED_EDGE('',*,*,#1730,.F.);
#1730 = EDGE_CURVE('',#1731,#1723,#1733,.T.);
#1731 = VERTEX_POINT('',#1732);
#1732 = CARTESIAN_POINT('',(-0.5925,1.475,0.725));
#1733 = LINE('',#1734,#1735);
#1734 = CARTESIAN_POINT('',(-0.5925,1.475,0.725));
#1735 = VECTOR('',#1736,1.);
#1736 = DIRECTION('',(1.,1.110223024625E-16,0.));
#1737 = ORIENTED_EDGE('',*,*,#1738,.F.);
#1738 = EDGE_CURVE('',#1739,#1731,#1741,.T.);
#1739 = VERTEX_POINT('',#1740);
#1740 = CARTESIAN_POINT('',(-0.675,1.3925,0.725));
#1741 = LINE('',#1742,#1743);
#1742 = CARTESIAN_POINT('',(-0.675,1.3925,0.725));
#1743 = VECTOR('',#1744,1.);
#1744 = DIRECTION('',(0.707106781187,0.707106781187,0.));
#1745 = ORIENTED_EDGE('',*,*,#1746,.F.);
#1746 = EDGE_CURVE('',#1747,#1739,#1749,.T.);
#1747 = VERTEX_POINT('',#1748);
#1748 = CARTESIAN_POINT('',(-0.675,1.15,0.725));
#1749 = LINE('',#1750,#1751);
#1750 = CARTESIAN_POINT('',(-0.675,-1.3925,0.725));
#1751 = VECTOR('',#1752,1.);
#1752 = DIRECTION('',(-1.110223024625E-16,1.,0.));
#1753 = ORIENTED_EDGE('',*,*,#1754,.F.);
#1754 = EDGE_CURVE('',#1755,#1747,#1757,.T.);
#1755 = VERTEX_POINT('',#1756);
#1756 = CARTESIAN_POINT('',(-0.7,1.15,0.725));
#1757 = LINE('',#1758,#1759);
#1758 = CARTESIAN_POINT('',(-0.7,1.15,0.725));
#1759 = VECTOR('',#1760,1.);
#1760 = DIRECTION('',(1.,-1.144237745222E-17,0.));
#1761 = ORIENTED_EDGE('',*,*,#1762,.T.);
#1762 = EDGE_CURVE('',#1755,#1689,#1763,.T.);
#1763 = LINE('',#1764,#1765);
#1764 = CARTESIAN_POINT('',(-0.7,-1.405,0.725));
#1765 = VECTOR('',#1766,1.);
#1766 = DIRECTION('',(-1.110223024625E-16,1.,0.));
#1767 = PLANE('',#1768);
#1768 = AXIS2_PLACEMENT_3D('',#1769,#1770,#1771);
#1769 = CARTESIAN_POINT('',(-1.486299604971E-16,1.4875,0.725));
#1770 = DIRECTION('',(1.022886882533E-31,-6.310887241768E-27,-1.));
#1771 = DIRECTION('',(1.,1.217738924546E-16,1.022886882525E-31));
#1772 = ADVANCED_FACE('',(#1773),#1783,.F.);
#1773 = FACE_BOUND('',#1774,.F.);
#1774 = EDGE_LOOP('',(#1775,#1776,#1777,#1778));
#1775 = ORIENTED_EDGE('',*,*,#1487,.T.);
#1776 = ORIENTED_EDGE('',*,*,#1472,.T.);
#1777 = ORIENTED_EDGE('',*,*,#1688,.F.);
#1778 = ORIENTED_EDGE('',*,*,#1779,.F.);
#1779 = EDGE_CURVE('',#1488,#1689,#1780,.T.);
#1780 = B_SPLINE_CURVE_WITH_KNOTS('',1,(#1781,#1782),.UNSPECIFIED.,.F.,
  .F.,(2,2),(0.,1.),.PIECEWISE_BEZIER_KNOTS.);
#1781 = CARTESIAN_POINT('',(-0.7,1.405,0.575));
#1782 = CARTESIAN_POINT('',(-0.7,1.405,0.725));
#1783 = PLANE('',#1784);
#1784 = AXIS2_PLACEMENT_3D('',#1785,#1786,#1787);
#1785 = CARTESIAN_POINT('',(-0.7,1.405,0.725));
#1786 = DIRECTION('',(0.707106781187,-0.707106781187,0.));
#1787 = DIRECTION('',(0.707106781187,0.707106781187,0.));
#1788 = ADVANCED_FACE('',(#1789),#1813,.F.);
#1789 = FACE_BOUND('',#1790,.F.);
#1790 = EDGE_LOOP('',(#1791,#1798,#1799,#1807));
#1791 = ORIENTED_EDGE('',*,*,#1792,.F.);
#1792 = EDGE_CURVE('',#1543,#1793,#1795,.T.);
#1793 = VERTEX_POINT('',#1794);
#1794 = CARTESIAN_POINT('',(-0.7,-1.405,0.725));
#1795 = B_SPLINE_CURVE_WITH_KNOTS('',1,(#1796,#1797),.UNSPECIFIED.,.F.,
  .F.,(2,2),(0.,1.),.PIECEWISE_BEZIER_KNOTS.);
#1796 = CARTESIAN_POINT('',(-0.7,-1.405,0.575));
#1797 = CARTESIAN_POINT('',(-0.7,-1.405,0.725));
#1798 = ORIENTED_EDGE('',*,*,#1542,.T.);
#1799 = ORIENTED_EDGE('',*,*,#1800,.T.);
#1800 = EDGE_CURVE('',#1535,#1801,#1803,.T.);
#1801 = VERTEX_POINT('',#1802);
#1802 = CARTESIAN_POINT('',(-0.7,-1.15,0.725));
#1803 = LINE('',#1804,#1805);
#1804 = CARTESIAN_POINT('',(-0.7,-1.15,0.529763586955));
#1805 = VECTOR('',#1806,1.);
#1806 = DIRECTION('',(0.,0.,1.));
#1807 = ORIENTED_EDGE('',*,*,#1808,.F.);
#1808 = EDGE_CURVE('',#1793,#1801,#1809,.T.);
#1809 = LINE('',#1810,#1811);
#1810 = CARTESIAN_POINT('',(-0.7,-1.405,0.725));
#1811 = VECTOR('',#1812,1.);
#1812 = DIRECTION('',(-1.110223024625E-16,1.,0.));
#1813 = PLANE('',#1814);
#1814 = AXIS2_PLACEMENT_3D('',#1815,#1816,#1817);
#1815 = CARTESIAN_POINT('',(-0.7,-1.405,0.725));
#1816 = DIRECTION('',(1.,1.110223024625E-16,0.));
#1817 = DIRECTION('',(-1.110223024625E-16,1.,0.));
#1818 = ADVANCED_FACE('',(#1819),#1846,.F.);
#1819 = FACE_BOUND('',#1820,.F.);
#1820 = EDGE_LOOP('',(#1821,#1822,#1831,#1839));
#1821 = ORIENTED_EDGE('',*,*,#1534,.T.);
#1822 = ORIENTED_EDGE('',*,*,#1823,.T.);
#1823 = EDGE_CURVE('',#1527,#1824,#1826,.T.);
#1824 = VERTEX_POINT('',#1825);
#1825 = CARTESIAN_POINT('',(-0.798480775301,-0.75,0.492364817767));
#1826 = CIRCLE('',#1827,0.1);
#1827 = AXIS2_PLACEMENT_3D('',#1828,#1829,#1830);
#1828 = CARTESIAN_POINT('',(-0.7,-0.75,0.475));
#1829 = DIRECTION('',(-1.144237745222E-17,-1.,-5.473822126269E-48));
#1830 = DIRECTION('',(2.22044604925E-15,-2.540718180781E-32,1.));
#1831 = ORIENTED_EDGE('',*,*,#1832,.F.);
#1832 = EDGE_CURVE('',#1833,#1824,#1835,.T.);
#1833 = VERTEX_POINT('',#1834);
#1834 = CARTESIAN_POINT('',(-0.798480775301,-1.15,0.492364817767));
#1835 = LINE('',#1836,#1837);
#1836 = CARTESIAN_POINT('',(-0.798480775301,-1.15,0.492364817767));
#1837 = VECTOR('',#1838,1.);
#1838 = DIRECTION('',(1.144237745222E-17,1.,0.));
#1839 = ORIENTED_EDGE('',*,*,#1840,.F.);
#1840 = EDGE_CURVE('',#1535,#1833,#1841,.T.);
#1841 = CIRCLE('',#1842,0.1);
#1842 = AXIS2_PLACEMENT_3D('',#1843,#1844,#1845);
#1843 = CARTESIAN_POINT('',(-0.7,-1.15,0.475));
#1844 = DIRECTION('',(-1.144237745222E-17,-1.,-5.473822126269E-48));
#1845 = DIRECTION('',(2.22044604925E-15,-2.540718180781E-32,1.));
#1846 = CYLINDRICAL_SURFACE('',#1847,0.1);
#1847 = AXIS2_PLACEMENT_3D('',#1848,#1849,#1850);
#1848 = CARTESIAN_POINT('',(-0.7,-1.15,0.475));
#1849 = DIRECTION('',(-1.144237745222E-17,-1.,0.));
#1850 = DIRECTION('',(2.22044604925E-15,-2.540718180781E-32,1.));
#1851 = ADVANCED_FACE('',(#1852),#1877,.F.);
#1852 = FACE_BOUND('',#1853,.F.);
#1853 = EDGE_LOOP('',(#1854,#1862,#1863,#1871));
#1854 = ORIENTED_EDGE('',*,*,#1855,.F.);
#1855 = EDGE_CURVE('',#1527,#1856,#1858,.T.);
#1856 = VERTEX_POINT('',#1857);
#1857 = CARTESIAN_POINT('',(-0.7,-0.75,0.725));
#1858 = LINE('',#1859,#1860);
#1859 = CARTESIAN_POINT('',(-0.7,-0.75,0.529763586955));
#1860 = VECTOR('',#1861,1.);
#1861 = DIRECTION('',(0.,0.,1.));
#1862 = ORIENTED_EDGE('',*,*,#1526,.T.);
#1863 = ORIENTED_EDGE('',*,*,#1864,.T.);
#1864 = EDGE_CURVE('',#1519,#1865,#1867,.T.);
#1865 = VERTEX_POINT('',#1866);
#1866 = CARTESIAN_POINT('',(-0.7,0.75,0.725));
#1867 = LINE('',#1868,#1869);
#1868 = CARTESIAN_POINT('',(-0.7,0.75,0.529763586955));
#1869 = VECTOR('',#1870,1.);
#1870 = DIRECTION('',(0.,0.,1.));
#1871 = ORIENTED_EDGE('',*,*,#1872,.F.);
#1872 = EDGE_CURVE('',#1856,#1865,#1873,.T.);
#1873 = LINE('',#1874,#1875);
#1874 = CARTESIAN_POINT('',(-0.7,-1.405,0.725));
#1875 = VECTOR('',#1876,1.);
#1876 = DIRECTION('',(-1.110223024625E-16,1.,0.));
#1877 = PLANE('',#1878);
#1878 = AXIS2_PLACEMENT_3D('',#1879,#1880,#1881);
#1879 = CARTESIAN_POINT('',(-0.7,-1.405,0.725));
#1880 = DIRECTION('',(1.,1.110223024625E-16,0.));
#1881 = DIRECTION('',(-1.110223024625E-16,1.,0.));
#1882 = ADVANCED_FACE('',(#1883),#1910,.F.);
#1883 = FACE_BOUND('',#1884,.F.);
#1884 = EDGE_LOOP('',(#1885,#1886,#1895,#1903));
#1885 = ORIENTED_EDGE('',*,*,#1518,.T.);
#1886 = ORIENTED_EDGE('',*,*,#1887,.T.);
#1887 = EDGE_CURVE('',#1511,#1888,#1890,.T.);
#1888 = VERTEX_POINT('',#1889);
#1889 = CARTESIAN_POINT('',(-0.798480775301,1.15,0.492364817767));
#1890 = CIRCLE('',#1891,0.1);
#1891 = AXIS2_PLACEMENT_3D('',#1892,#1893,#1894);
#1892 = CARTESIAN_POINT('',(-0.7,1.15,0.475));
#1893 = DIRECTION('',(-1.144237745222E-17,-1.,-5.473822126269E-48));
#1894 = DIRECTION('',(2.22044604925E-15,-2.540718180781E-32,1.));
#1895 = ORIENTED_EDGE('',*,*,#1896,.F.);
#1896 = EDGE_CURVE('',#1897,#1888,#1899,.T.);
#1897 = VERTEX_POINT('',#1898);
#1898 = CARTESIAN_POINT('',(-0.798480775301,0.75,0.492364817767));
#1899 = LINE('',#1900,#1901);
#1900 = CARTESIAN_POINT('',(-0.798480775301,0.75,0.492364817767));
#1901 = VECTOR('',#1902,1.);
#1902 = DIRECTION('',(1.144237745222E-17,1.,0.));
#1903 = ORIENTED_EDGE('',*,*,#1904,.F.);
#1904 = EDGE_CURVE('',#1519,#1897,#1905,.T.);
#1905 = CIRCLE('',#1906,0.1);
#1906 = AXIS2_PLACEMENT_3D('',#1907,#1908,#1909);
#1907 = CARTESIAN_POINT('',(-0.7,0.75,0.475));
#1908 = DIRECTION('',(-1.144237745222E-17,-1.,-5.473822126269E-48));
#1909 = DIRECTION('',(2.22044604925E-15,-2.540718180781E-32,1.));
#1910 = CYLINDRICAL_SURFACE('',#1911,0.1);
#1911 = AXIS2_PLACEMENT_3D('',#1912,#1913,#1914);
#1912 = CARTESIAN_POINT('',(-0.7,0.75,0.475));
#1913 = DIRECTION('',(-1.144237745222E-17,-1.,0.));
#1914 = DIRECTION('',(2.22044604925E-15,-2.540718180781E-32,1.));
#1915 = ADVANCED_FACE('',(#1916),#1927,.F.);
#1916 = FACE_BOUND('',#1917,.F.);
#1917 = EDGE_LOOP('',(#1918,#1924,#1925,#1926));
#1918 = ORIENTED_EDGE('',*,*,#1919,.F.);
#1919 = EDGE_CURVE('',#1511,#1755,#1920,.T.);
#1920 = LINE('',#1921,#1922);
#1921 = CARTESIAN_POINT('',(-0.7,1.15,0.529763586955));
#1922 = VECTOR('',#1923,1.);
#1923 = DIRECTION('',(0.,0.,1.));
#1924 = ORIENTED_EDGE('',*,*,#1510,.T.);
#1925 = ORIENTED_EDGE('',*,*,#1779,.T.);
#1926 = ORIENTED_EDGE('',*,*,#1762,.F.);
#1927 = PLANE('',#1928);
#1928 = AXIS2_PLACEMENT_3D('',#1929,#1930,#1931);
#1929 = CARTESIAN_POINT('',(-0.7,-1.405,0.725));
#1930 = DIRECTION('',(1.,1.110223024625E-16,0.));
#1931 = DIRECTION('',(-1.110223024625E-16,1.,0.));
#1932 = ADVANCED_FACE('',(#1933),#1944,.F.);
#1933 = FACE_BOUND('',#1934,.F.);
#1934 = EDGE_LOOP('',(#1935,#1936,#1937,#1943));
#1935 = ORIENTED_EDGE('',*,*,#1666,.F.);
#1936 = ORIENTED_EDGE('',*,*,#1587,.T.);
#1937 = ORIENTED_EDGE('',*,*,#1938,.T.);
#1938 = EDGE_CURVE('',#1580,#1699,#1939,.T.);
#1939 = LINE('',#1940,#1941);
#1940 = CARTESIAN_POINT('',(0.7,0.2,0.529763586955));
#1941 = VECTOR('',#1942,1.);
#1942 = DIRECTION('',(0.,0.,1.));
#1943 = ORIENTED_EDGE('',*,*,#1698,.F.);
#1944 = PLANE('',#1945);
#1945 = AXIS2_PLACEMENT_3D('',#1946,#1947,#1948);
#1946 = CARTESIAN_POINT('',(0.7,1.405,0.725));
#1947 = DIRECTION('',(-1.,-1.110223024625E-16,0.));
#1948 = DIRECTION('',(1.110223024625E-16,-1.,0.));
#1949 = ADVANCED_FACE('',(#1950),#1977,.F.);
#1950 = FACE_BOUND('',#1951,.F.);
#1951 = EDGE_LOOP('',(#1952,#1953,#1962,#1970));
#1952 = ORIENTED_EDGE('',*,*,#1579,.T.);
#1953 = ORIENTED_EDGE('',*,*,#1954,.T.);
#1954 = EDGE_CURVE('',#1572,#1955,#1957,.T.);
#1955 = VERTEX_POINT('',#1956);
#1956 = CARTESIAN_POINT('',(0.798480775301,-0.2,0.492364817767));
#1957 = CIRCLE('',#1958,0.1);
#1958 = AXIS2_PLACEMENT_3D('',#1959,#1960,#1961);
#1959 = CARTESIAN_POINT('',(0.7,-0.2,0.475));
#1960 = DIRECTION('',(-1.110223024625E-16,1.,0.));
#1961 = DIRECTION('',(-2.22044604925E-15,-2.465190328815E-31,1.));
#1962 = ORIENTED_EDGE('',*,*,#1963,.F.);
#1963 = EDGE_CURVE('',#1964,#1955,#1966,.T.);
#1964 = VERTEX_POINT('',#1965);
#1965 = CARTESIAN_POINT('',(0.798480775301,0.2,0.492364817767));
#1966 = LINE('',#1967,#1968);
#1967 = CARTESIAN_POINT('',(0.798480775301,0.2,0.492364817767));
#1968 = VECTOR('',#1969,1.);
#1969 = DIRECTION('',(1.110223024625E-16,-1.,0.));
#1970 = ORIENTED_EDGE('',*,*,#1971,.F.);
#1971 = EDGE_CURVE('',#1580,#1964,#1972,.T.);
#1972 = CIRCLE('',#1973,0.1);
#1973 = AXIS2_PLACEMENT_3D('',#1974,#1975,#1976);
#1974 = CARTESIAN_POINT('',(0.7,0.2,0.475));
#1975 = DIRECTION('',(-1.110223024625E-16,1.,0.));
#1976 = DIRECTION('',(-2.22044604925E-15,-2.465190328815E-31,1.));
#1977 = CYLINDRICAL_SURFACE('',#1978,0.1);
#1978 = AXIS2_PLACEMENT_3D('',#1979,#1980,#1981);
#1979 = CARTESIAN_POINT('',(0.7,0.2,0.475));
#1980 = DIRECTION('',(-1.110223024625E-16,1.,0.));
#1981 = DIRECTION('',(-2.22044604925E-15,-2.465190328815E-31,1.));
#1982 = ADVANCED_FACE('',(#1983),#2007,.F.);
#1983 = FACE_BOUND('',#1984,.F.);
#1984 = EDGE_LOOP('',(#1985,#1993,#1994,#2001));
#1985 = ORIENTED_EDGE('',*,*,#1986,.F.);
#1986 = EDGE_CURVE('',#1572,#1987,#1989,.T.);
#1987 = VERTEX_POINT('',#1988);
#1988 = CARTESIAN_POINT('',(0.7,-0.2,0.725));
#1989 = LINE('',#1990,#1991);
#1990 = CARTESIAN_POINT('',(0.7,-0.2,0.529763586955));
#1991 = VECTOR('',#1992,1.);
#1992 = DIRECTION('',(0.,0.,1.));
#1993 = ORIENTED_EDGE('',*,*,#1571,.T.);
#1994 = ORIENTED_EDGE('',*,*,#1995,.T.);
#1995 = EDGE_CURVE('',#1565,#1996,#1998,.T.);
#1996 = VERTEX_POINT('',#1997);
#1997 = CARTESIAN_POINT('',(0.7,-1.405,0.725));
#1998 = B_SPLINE_CURVE_WITH_KNOTS('',1,(#1999,#2000),.UNSPECIFIED.,.F.,
  .F.,(2,2),(0.,1.),.PIECEWISE_BEZIER_KNOTS.);
#1999 = CARTESIAN_POINT('',(0.7,-1.405,0.575));
#2000 = CARTESIAN_POINT('',(0.7,-1.405,0.725));
#2001 = ORIENTED_EDGE('',*,*,#2002,.F.);
#2002 = EDGE_CURVE('',#1987,#1996,#2003,.T.);
#2003 = LINE('',#2004,#2005);
#2004 = CARTESIAN_POINT('',(0.7,1.405,0.725));
#2005 = VECTOR('',#2006,1.);
#2006 = DIRECTION('',(1.110223024625E-16,-1.,0.));
#2007 = PLANE('',#2008);
#2008 = AXIS2_PLACEMENT_3D('',#2009,#2010,#2011);
#2009 = CARTESIAN_POINT('',(0.7,1.405,0.725));
#2010 = DIRECTION('',(-1.,-1.110223024625E-16,0.));
#2011 = DIRECTION('',(1.110223024625E-16,-1.,0.));
#2012 = ADVANCED_FACE('',(#2013),#2030,.F.);
#2013 = FACE_BOUND('',#2014,.F.);
#2014 = EDGE_LOOP('',(#2015,#2016,#2017,#2025));
#2015 = ORIENTED_EDGE('',*,*,#1604,.T.);
#2016 = ORIENTED_EDGE('',*,*,#1792,.T.);
#2017 = ORIENTED_EDGE('',*,*,#2018,.F.);
#2018 = EDGE_CURVE('',#2019,#1793,#2021,.T.);
#2019 = VERTEX_POINT('',#2020);
#2020 = CARTESIAN_POINT('',(-0.605,-1.5,0.725));
#2021 = LINE('',#2022,#2023);
#2022 = CARTESIAN_POINT('',(-0.605,-1.5,0.725));
#2023 = VECTOR('',#2024,1.);
#2024 = DIRECTION('',(-0.707106781187,0.707106781187,0.));
#2025 = ORIENTED_EDGE('',*,*,#2026,.F.);
#2026 = EDGE_CURVE('',#1605,#2019,#2027,.T.);
#2027 = B_SPLINE_CURVE_WITH_KNOTS('',1,(#2028,#2029),.UNSPECIFIED.,.F.,
  .F.,(2,2),(0.,1.),.PIECEWISE_BEZIER_KNOTS.);
#2028 = CARTESIAN_POINT('',(-0.605,-1.5,0.575));
#2029 = CARTESIAN_POINT('',(-0.605,-1.5,0.725));
#2030 = PLANE('',#2031);
#2031 = AXIS2_PLACEMENT_3D('',#2032,#2033,#2034);
#2032 = CARTESIAN_POINT('',(-0.605,-1.5,0.725));
#2033 = DIRECTION('',(0.707106781187,0.707106781187,0.));
#2034 = DIRECTION('',(-0.707106781187,0.707106781187,0.));
#2035 = ADVANCED_FACE('',(#2036),#2053,.F.);
#2036 = FACE_BOUND('',#2037,.F.);
#2037 = EDGE_LOOP('',(#2038,#2039,#2046,#2052));
#2038 = ORIENTED_EDGE('',*,*,#1633,.T.);
#2039 = ORIENTED_EDGE('',*,*,#2040,.T.);
#2040 = EDGE_CURVE('',#1627,#2041,#2043,.T.);
#2041 = VERTEX_POINT('',#2042);
#2042 = CARTESIAN_POINT('',(0.605,-1.5,0.725));
#2043 = B_SPLINE_CURVE_WITH_KNOTS('',1,(#2044,#2045),.UNSPECIFIED.,.F.,
  .F.,(2,2),(0.,1.),.PIECEWISE_BEZIER_KNOTS.);
#2044 = CARTESIAN_POINT('',(0.605,-1.5,0.575));
#2045 = CARTESIAN_POINT('',(0.605,-1.5,0.725));
#2046 = ORIENTED_EDGE('',*,*,#2047,.F.);
#2047 = EDGE_CURVE('',#1996,#2041,#2048,.T.);
#2048 = LINE('',#2049,#2050);
#2049 = CARTESIAN_POINT('',(0.7,-1.405,0.725));
#2050 = VECTOR('',#2051,1.);
#2051 = DIRECTION('',(-0.707106781187,-0.707106781187,0.));
#2052 = ORIENTED_EDGE('',*,*,#1995,.F.);
#2053 = PLANE('',#2054);
#2054 = AXIS2_PLACEMENT_3D('',#2055,#2056,#2057);
#2055 = CARTESIAN_POINT('',(0.7,-1.405,0.725));
#2056 = DIRECTION('',(-0.707106781187,0.707106781187,0.));
#2057 = DIRECTION('',(-0.707106781187,-0.707106781187,0.));
#2058 = ADVANCED_FACE('',(#2059),#2070,.F.);
#2059 = FACE_BOUND('',#2060,.F.);
#2060 = EDGE_LOOP('',(#2061,#2062,#2063,#2069));
#2061 = ORIENTED_EDGE('',*,*,#1650,.T.);
#2062 = ORIENTED_EDGE('',*,*,#2026,.T.);
#2063 = ORIENTED_EDGE('',*,*,#2064,.F.);
#2064 = EDGE_CURVE('',#2041,#2019,#2065,.T.);
#2065 = LINE('',#2066,#2067);
#2066 = CARTESIAN_POINT('',(0.605,-1.5,0.725));
#2067 = VECTOR('',#2068,1.);
#2068 = DIRECTION('',(-1.,-1.110223024625E-16,0.));
#2069 = ORIENTED_EDGE('',*,*,#2040,.F.);
#2070 = PLANE('',#2071);
#2071 = AXIS2_PLACEMENT_3D('',#2072,#2073,#2074);
#2072 = CARTESIAN_POINT('',(0.605,-1.5,0.725));
#2073 = DIRECTION('',(-1.110223024625E-16,1.,0.));
#2074 = DIRECTION('',(-1.,-1.110223024625E-16,0.));
#2075 = ADVANCED_FACE('',(#2076),#2099,.F.);
#2076 = FACE_BOUND('',#2077,.F.);
#2077 = EDGE_LOOP('',(#2078,#2086,#2092,#2093));
#2078 = ORIENTED_EDGE('',*,*,#2079,.F.);
#2079 = EDGE_CURVE('',#1865,#2080,#2082,.T.);
#2080 = VERTEX_POINT('',#2081);
#2081 = CARTESIAN_POINT('',(-0.675,0.75,0.725));
#2082 = LINE('',#2083,#2084);
#2083 = CARTESIAN_POINT('',(-0.7,0.75,0.725));
#2084 = VECTOR('',#2085,1.);
#2085 = DIRECTION('',(1.,-1.144237745222E-17,0.));
#2086 = ORIENTED_EDGE('',*,*,#2087,.T.);
#2087 = EDGE_CURVE('',#1865,#1755,#2088,.T.);
#2088 = LINE('',#2089,#2090);
#2089 = CARTESIAN_POINT('',(-0.7,0.75,0.725));
#2090 = VECTOR('',#2091,1.);
#2091 = DIRECTION('',(1.144237745222E-17,1.,0.));
#2092 = ORIENTED_EDGE('',*,*,#1754,.T.);
#2093 = ORIENTED_EDGE('',*,*,#2094,.F.);
#2094 = EDGE_CURVE('',#2080,#1747,#2095,.T.);
#2095 = LINE('',#2096,#2097);
#2096 = CARTESIAN_POINT('',(-0.675,-1.3925,0.725));
#2097 = VECTOR('',#2098,1.);
#2098 = DIRECTION('',(-1.110223024625E-16,1.,0.));
#2099 = PLANE('',#2100);
#2100 = AXIS2_PLACEMENT_3D('',#2101,#2102,#2103);
#2101 = CARTESIAN_POINT('',(-0.7,0.75,0.725));
#2102 = DIRECTION('',(0.,0.,-1.));
#2103 = DIRECTION('',(1.,-1.144237745222E-17,0.));
#2104 = ADVANCED_FACE('',(#2105),#2153,.F.);
#2105 = FACE_BOUND('',#2106,.F.);
#2106 = EDGE_LOOP('',(#2107,#2117,#2125,#2131,#2132,#2133,#2140,#2148));
#2107 = ORIENTED_EDGE('',*,*,#2108,.T.);
#2108 = EDGE_CURVE('',#2109,#2111,#2113,.T.);
#2109 = VERTEX_POINT('',#2110);
#2110 = CARTESIAN_POINT('',(-0.675,-1.3925,0.725));
#2111 = VERTEX_POINT('',#2112);
#2112 = CARTESIAN_POINT('',(-0.675,-1.15,0.725));
#2113 = LINE('',#2114,#2115);
#2114 = CARTESIAN_POINT('',(-0.675,-1.3925,0.725));
#2115 = VECTOR('',#2116,1.);
#2116 = DIRECTION('',(-1.110223024625E-16,1.,0.));
#2117 = ORIENTED_EDGE('',*,*,#2118,.T.);
#2118 = EDGE_CURVE('',#2111,#2119,#2121,.T.);
#2119 = VERTEX_POINT('',#2120);
#2120 = CARTESIAN_POINT('',(-0.675,-0.75,0.725));
#2121 = LINE('',#2122,#2123);
#2122 = CARTESIAN_POINT('',(-0.675,-1.3925,0.725));
#2123 = VECTOR('',#2124,1.);
#2124 = DIRECTION('',(-1.110223024625E-16,1.,0.));
#2125 = ORIENTED_EDGE('',*,*,#2126,.T.);
#2126 = EDGE_CURVE('',#2119,#2080,#2127,.T.);
#2127 = LINE('',#2128,#2129);
#2128 = CARTESIAN_POINT('',(-0.675,-1.3925,0.725));
#2129 = VECTOR('',#2130,1.);
#2130 = DIRECTION('',(-1.110223024625E-16,1.,0.));
#2131 = ORIENTED_EDGE('',*,*,#2094,.T.);
#2132 = ORIENTED_EDGE('',*,*,#1746,.T.);
#2133 = ORIENTED_EDGE('',*,*,#2134,.T.);
#2134 = EDGE_CURVE('',#1739,#2135,#2137,.T.);
#2135 = VERTEX_POINT('',#2136);
#2136 = CARTESIAN_POINT('',(-0.608243103516,1.359121551758,1.2));
#2137 = B_SPLINE_CURVE_WITH_KNOTS('',1,(#2138,#2139),.UNSPECIFIED.,.F.,
  .F.,(2,2),(0.,1.),.PIECEWISE_BEZIER_KNOTS.);
#2138 = CARTESIAN_POINT('',(-0.675,1.3925,0.725));
#2139 = CARTESIAN_POINT('',(-0.608243103516,1.359121551758,1.2));
#2140 = ORIENTED_EDGE('',*,*,#2141,.F.);
#2141 = EDGE_CURVE('',#2142,#2135,#2144,.T.);
#2142 = VERTEX_POINT('',#2143);
#2143 = CARTESIAN_POINT('',(-0.608243103516,-1.359121551758,1.2));
#2144 = LINE('',#2145,#2146);
#2145 = CARTESIAN_POINT('',(-0.608243103516,-1.359121551758,1.2));
#2146 = VECTOR('',#2147,1.);
#2147 = DIRECTION('',(-1.110223024625E-16,1.,0.));
#2148 = ORIENTED_EDGE('',*,*,#2149,.F.);
#2149 = EDGE_CURVE('',#2109,#2142,#2150,.T.);
#2150 = B_SPLINE_CURVE_WITH_KNOTS('',1,(#2151,#2152),.UNSPECIFIED.,.F.,
  .F.,(2,2),(0.,1.),.PIECEWISE_BEZIER_KNOTS.);
#2151 = CARTESIAN_POINT('',(-0.675,-1.3925,0.725));
#2152 = CARTESIAN_POINT('',(-0.608243103516,-1.359121551758,1.2));
#2153 = B_SPLINE_SURFACE_WITH_KNOTS('',1,1,(
    (#2154,#2155)
    ,(#2156,#2157
    )),.UNSPECIFIED.,.F.,.F.,.F.,(2,2),(2,2),(0.,2.785),(0.,1.),
  .PIECEWISE_BEZIER_KNOTS.);
#2154 = CARTESIAN_POINT('',(-0.675,-1.3925,0.725));
#2155 = CARTESIAN_POINT('',(-0.608243103516,-1.359121551758,1.2));
#2156 = CARTESIAN_POINT('',(-0.675,1.3925,0.725));
#2157 = CARTESIAN_POINT('',(-0.608243103516,1.359121551758,1.2));
#2158 = ADVANCED_FACE('',(#2159),#2176,.F.);
#2159 = FACE_BOUND('',#2160,.F.);
#2160 = EDGE_LOOP('',(#2161,#2162,#2169,#2175));
#2161 = ORIENTED_EDGE('',*,*,#1738,.T.);
#2162 = ORIENTED_EDGE('',*,*,#2163,.T.);
#2163 = EDGE_CURVE('',#1731,#2164,#2166,.T.);
#2164 = VERTEX_POINT('',#2165);
#2165 = CARTESIAN_POINT('',(-0.559121551758,1.408243103516,1.2));
#2166 = B_SPLINE_CURVE_WITH_KNOTS('',1,(#2167,#2168),.UNSPECIFIED.,.F.,
  .F.,(2,2),(0.,1.),.PIECEWISE_BEZIER_KNOTS.);
#2167 = CARTESIAN_POINT('',(-0.5925,1.475,0.725));
#2168 = CARTESIAN_POINT('',(-0.559121551758,1.408243103516,1.2));
#2169 = ORIENTED_EDGE('',*,*,#2170,.F.);
#2170 = EDGE_CURVE('',#2135,#2164,#2171,.T.);
#2171 = LINE('',#2172,#2173);
#2172 = CARTESIAN_POINT('',(-0.608243103516,1.359121551758,1.2));
#2173 = VECTOR('',#2174,1.);
#2174 = DIRECTION('',(0.707106781187,0.707106781187,0.));
#2175 = ORIENTED_EDGE('',*,*,#2134,.F.);
#2176 = B_SPLINE_SURFACE_WITH_KNOTS('',1,1,(
    (#2177,#2178)
    ,(#2179,#2180
    )),.UNSPECIFIED.,.F.,.F.,.F.,(2,2),(2,2),(0.,0.116672618896),(0.,1.)
  ,.PIECEWISE_BEZIER_KNOTS.);
#2177 = CARTESIAN_POINT('',(-0.675,1.3925,0.725));
#2178 = CARTESIAN_POINT('',(-0.608243103516,1.359121551758,1.2));
#2179 = CARTESIAN_POINT('',(-0.5925,1.475,0.725));
#2180 = CARTESIAN_POINT('',(-0.559121551758,1.408243103516,1.2));
#2181 = ADVANCED_FACE('',(#2182),#2199,.F.);
#2182 = FACE_BOUND('',#2183,.F.);
#2183 = EDGE_LOOP('',(#2184,#2185,#2192,#2198));
#2184 = ORIENTED_EDGE('',*,*,#1730,.T.);
#2185 = ORIENTED_EDGE('',*,*,#2186,.T.);
#2186 = EDGE_CURVE('',#1723,#2187,#2189,.T.);
#2187 = VERTEX_POINT('',#2188);
#2188 = CARTESIAN_POINT('',(0.559121551758,1.408243103516,1.2));
#2189 = B_SPLINE_CURVE_WITH_KNOTS('',1,(#2190,#2191),.UNSPECIFIED.,.F.,
  .F.,(2,2),(0.,1.),.PIECEWISE_BEZIER_KNOTS.);
#2190 = CARTESIAN_POINT('',(0.5925,1.475,0.725));
#2191 = CARTESIAN_POINT('',(0.559121551758,1.408243103516,1.2));
#2192 = ORIENTED_EDGE('',*,*,#2193,.F.);
#2193 = EDGE_CURVE('',#2164,#2187,#2194,.T.);
#2194 = LINE('',#2195,#2196);
#2195 = CARTESIAN_POINT('',(-0.559121551758,1.408243103516,1.2));
#2196 = VECTOR('',#2197,1.);
#2197 = DIRECTION('',(1.,1.110223024625E-16,0.));
#2198 = ORIENTED_EDGE('',*,*,#2163,.F.);
#2199 = B_SPLINE_SURFACE_WITH_KNOTS('',1,1,(
    (#2200,#2201)
    ,(#2202,#2203
    )),.UNSPECIFIED.,.F.,.F.,.F.,(2,2),(2,2),(0.,1.185),(0.,1.),
  .PIECEWISE_BEZIER_KNOTS.);
#2200 = CARTESIAN_POINT('',(-0.5925,1.475,0.725));
#2201 = CARTESIAN_POINT('',(-0.559121551758,1.408243103516,1.2));
#2202 = CARTESIAN_POINT('',(0.5925,1.475,0.725));
#2203 = CARTESIAN_POINT('',(0.559121551758,1.408243103516,1.2));
#2204 = ADVANCED_FACE('',(#2205),#2222,.F.);
#2205 = FACE_BOUND('',#2206,.F.);
#2206 = EDGE_LOOP('',(#2207,#2208,#2215,#2221));
#2207 = ORIENTED_EDGE('',*,*,#1722,.T.);
#2208 = ORIENTED_EDGE('',*,*,#2209,.T.);
#2209 = EDGE_CURVE('',#1715,#2210,#2212,.T.);
#2210 = VERTEX_POINT('',#2211);
#2211 = CARTESIAN_POINT('',(0.608243103516,1.359121551758,1.2));
#2212 = B_SPLINE_CURVE_WITH_KNOTS('',1,(#2213,#2214),.UNSPECIFIED.,.F.,
  .F.,(2,2),(0.,1.),.PIECEWISE_BEZIER_KNOTS.);
#2213 = CARTESIAN_POINT('',(0.675,1.3925,0.725));
#2214 = CARTESIAN_POINT('',(0.608243103516,1.359121551758,1.2));
#2215 = ORIENTED_EDGE('',*,*,#2216,.F.);
#2216 = EDGE_CURVE('',#2187,#2210,#2217,.T.);
#2217 = LINE('',#2218,#2219);
#2218 = CARTESIAN_POINT('',(0.559121551758,1.408243103516,1.2));
#2219 = VECTOR('',#2220,1.);
#2220 = DIRECTION('',(0.707106781187,-0.707106781187,0.));
#2221 = ORIENTED_EDGE('',*,*,#2186,.F.);
#2222 = B_SPLINE_SURFACE_WITH_KNOTS('',1,1,(
    (#2223,#2224)
    ,(#2225,#2226
    )),.UNSPECIFIED.,.F.,.F.,.F.,(2,2),(2,2),(0.,0.116672618896),(0.,1.)
  ,.PIECEWISE_BEZIER_KNOTS.);
#2223 = CARTESIAN_POINT('',(0.5925,1.475,0.725));
#2224 = CARTESIAN_POINT('',(0.559121551758,1.408243103516,1.2));
#2225 = CARTESIAN_POINT('',(0.675,1.3925,0.725));
#2226 = CARTESIAN_POINT('',(0.608243103516,1.359121551758,1.2));
#2227 = ADVANCED_FACE('',(#2228),#2261,.F.);
#2228 = FACE_BOUND('',#2229,.F.);
#2229 = EDGE_LOOP('',(#2230,#2231,#2239,#2247,#2254,#2260));
#2230 = ORIENTED_EDGE('',*,*,#1714,.T.);
#2231 = ORIENTED_EDGE('',*,*,#2232,.T.);
#2232 = EDGE_CURVE('',#1707,#2233,#2235,.T.);
#2233 = VERTEX_POINT('',#2234);
#2234 = CARTESIAN_POINT('',(0.675,-0.2,0.725));
#2235 = LINE('',#2236,#2237);
#2236 = CARTESIAN_POINT('',(0.675,1.3925,0.725));
#2237 = VECTOR('',#2238,1.);
#2238 = DIRECTION('',(1.110223024625E-16,-1.,0.));
#2239 = ORIENTED_EDGE('',*,*,#2240,.T.);
#2240 = EDGE_CURVE('',#2233,#2241,#2243,.T.);
#2241 = VERTEX_POINT('',#2242);
#2242 = CARTESIAN_POINT('',(0.675,-1.3925,0.725));
#2243 = LINE('',#2244,#2245);
#2244 = CARTESIAN_POINT('',(0.675,1.3925,0.725));
#2245 = VECTOR('',#2246,1.);
#2246 = DIRECTION('',(1.110223024625E-16,-1.,0.));
#2247 = ORIENTED_EDGE('',*,*,#2248,.T.);
#2248 = EDGE_CURVE('',#2241,#2249,#2251,.T.);
#2249 = VERTEX_POINT('',#2250);
#2250 = CARTESIAN_POINT('',(0.608243103516,-1.359121551758,1.2));
#2251 = B_SPLINE_CURVE_WITH_KNOTS('',1,(#2252,#2253),.UNSPECIFIED.,.F.,
  .F.,(2,2),(0.,1.),.PIECEWISE_BEZIER_KNOTS.);
#2252 = CARTESIAN_POINT('',(0.675,-1.3925,0.725));
#2253 = CARTESIAN_POINT('',(0.608243103516,-1.359121551758,1.2));
#2254 = ORIENTED_EDGE('',*,*,#2255,.F.);
#2255 = EDGE_CURVE('',#2210,#2249,#2256,.T.);
#2256 = LINE('',#2257,#2258);
#2257 = CARTESIAN_POINT('',(0.608243103516,1.359121551758,1.2));
#2258 = VECTOR('',#2259,1.);
#2259 = DIRECTION('',(1.110223024625E-16,-1.,0.));
#2260 = ORIENTED_EDGE('',*,*,#2209,.F.);
#2261 = B_SPLINE_SURFACE_WITH_KNOTS('',1,1,(
    (#2262,#2263)
    ,(#2264,#2265
    )),.UNSPECIFIED.,.F.,.F.,.F.,(2,2),(2,2),(0.,2.785),(0.,1.),
  .PIECEWISE_BEZIER_KNOTS.);
#2262 = CARTESIAN_POINT('',(0.675,1.3925,0.725));
#2263 = CARTESIAN_POINT('',(0.608243103516,1.359121551758,1.2));
#2264 = CARTESIAN_POINT('',(0.675,-1.3925,0.725));
#2265 = CARTESIAN_POINT('',(0.608243103516,-1.359121551758,1.2));
#2266 = ADVANCED_FACE('',(#2267),#2283,.F.);
#2267 = FACE_BOUND('',#2268,.F.);
#2268 = EDGE_LOOP('',(#2269,#2270,#2276,#2282));
#2269 = ORIENTED_EDGE('',*,*,#1706,.F.);
#2270 = ORIENTED_EDGE('',*,*,#2271,.T.);
#2271 = EDGE_CURVE('',#1699,#1987,#2272,.T.);
#2272 = LINE('',#2273,#2274);
#2273 = CARTESIAN_POINT('',(0.7,0.2,0.725));
#2274 = VECTOR('',#2275,1.);
#2275 = DIRECTION('',(1.110223024625E-16,-1.,0.));
#2276 = ORIENTED_EDGE('',*,*,#2277,.T.);
#2277 = EDGE_CURVE('',#1987,#2233,#2278,.T.);
#2278 = LINE('',#2279,#2280);
#2279 = CARTESIAN_POINT('',(0.7,-0.2,0.725));
#2280 = VECTOR('',#2281,1.);
#2281 = DIRECTION('',(-1.,-1.110223024625E-16,0.));
#2282 = ORIENTED_EDGE('',*,*,#2232,.F.);
#2283 = PLANE('',#2284);
#2284 = AXIS2_PLACEMENT_3D('',#2285,#2286,#2287);
#2285 = CARTESIAN_POINT('',(0.7,0.2,0.725));
#2286 = DIRECTION('',(0.,0.,-1.));
#2287 = DIRECTION('',(-1.,-1.110223024625E-16,-0.));
#2288 = ADVANCED_FACE('',(#2289),#2327,.F.);
#2289 = FACE_BOUND('',#2290,.F.);
#2290 = EDGE_LOOP('',(#2291,#2292,#2293,#2294,#2295,#2296,#2297,#2303,
    #2304,#2312,#2320,#2326));
#2291 = ORIENTED_EDGE('',*,*,#2277,.F.);
#2292 = ORIENTED_EDGE('',*,*,#2002,.T.);
#2293 = ORIENTED_EDGE('',*,*,#2047,.T.);
#2294 = ORIENTED_EDGE('',*,*,#2064,.T.);
#2295 = ORIENTED_EDGE('',*,*,#2018,.T.);
#2296 = ORIENTED_EDGE('',*,*,#1808,.T.);
#2297 = ORIENTED_EDGE('',*,*,#2298,.T.);
#2298 = EDGE_CURVE('',#1801,#2111,#2299,.T.);
#2299 = LINE('',#2300,#2301);
#2300 = CARTESIAN_POINT('',(-0.7,-1.15,0.725));
#2301 = VECTOR('',#2302,1.);
#2302 = DIRECTION('',(1.,-1.144237745222E-17,0.));
#2303 = ORIENTED_EDGE('',*,*,#2108,.F.);
#2304 = ORIENTED_EDGE('',*,*,#2305,.F.);
#2305 = EDGE_CURVE('',#2306,#2109,#2308,.T.);
#2306 = VERTEX_POINT('',#2307);
#2307 = CARTESIAN_POINT('',(-0.5925,-1.475,0.725));
#2308 = LINE('',#2309,#2310);
#2309 = CARTESIAN_POINT('',(-0.5925,-1.475,0.725));
#2310 = VECTOR('',#2311,1.);
#2311 = DIRECTION('',(-0.707106781187,0.707106781187,0.));
#2312 = ORIENTED_EDGE('',*,*,#2313,.F.);
#2313 = EDGE_CURVE('',#2314,#2306,#2316,.T.);
#2314 = VERTEX_POINT('',#2315);
#2315 = CARTESIAN_POINT('',(0.5925,-1.475,0.725));
#2316 = LINE('',#2317,#2318);
#2317 = CARTESIAN_POINT('',(0.5925,-1.475,0.725));
#2318 = VECTOR('',#2319,1.);
#2319 = DIRECTION('',(-1.,-1.110223024625E-16,0.));
#2320 = ORIENTED_EDGE('',*,*,#2321,.F.);
#2321 = EDGE_CURVE('',#2241,#2314,#2322,.T.);
#2322 = LINE('',#2323,#2324);
#2323 = CARTESIAN_POINT('',(0.675,-1.3925,0.725));
#2324 = VECTOR('',#2325,1.);
#2325 = DIRECTION('',(-0.707106781187,-0.707106781187,0.));
#2326 = ORIENTED_EDGE('',*,*,#2240,.F.);
#2327 = PLANE('',#2328);
#2328 = AXIS2_PLACEMENT_3D('',#2329,#2330,#2331);
#2329 = CARTESIAN_POINT('',(-1.486299604971E-16,1.4875,0.725));
#2330 = DIRECTION('',(1.022886882533E-31,-6.310887241768E-27,-1.));
#2331 = DIRECTION('',(1.,1.217738924546E-16,1.022886882525E-31));
#2332 = ADVANCED_FACE('',(#2333),#2402,.F.);
#2333 = FACE_BOUND('',#2334,.F.);
#2334 = EDGE_LOOP('',(#2335,#2336,#2337,#2345,#2354,#2362,#2370,#2378,
    #2387,#2395));
#2335 = ORIENTED_EDGE('',*,*,#1800,.F.);
#2336 = ORIENTED_EDGE('',*,*,#1840,.T.);
#2337 = ORIENTED_EDGE('',*,*,#2338,.T.);
#2338 = EDGE_CURVE('',#1833,#2339,#2341,.T.);
#2339 = VERTEX_POINT('',#2340);
#2340 = CARTESIAN_POINT('',(-0.843471632406,-1.15,0.206587955583));
#2341 = LINE('',#2342,#2343);
#2342 = CARTESIAN_POINT('',(-0.798480775301,-1.15,0.492364817767));
#2343 = VECTOR('',#2344,1.);
#2344 = DIRECTION('',(-0.155518033909,1.779496044609E-18,-0.987833053268
    ));
#2345 = ORIENTED_EDGE('',*,*,#2346,.T.);
#2346 = EDGE_CURVE('',#2339,#2347,#2349,.T.);
#2347 = VERTEX_POINT('',#2348);
#2348 = CARTESIAN_POINT('',(-1.089673570659,-1.15,5.551115123126E-17));
#2349 = CIRCLE('',#2350,0.25);
#2350 = AXIS2_PLACEMENT_3D('',#2351,#2352,#2353);
#2351 = CARTESIAN_POINT('',(-1.089673570659,-1.15,0.25));
#2352 = DIRECTION('',(1.144237745222E-17,1.,3.851859888774E-34));
#2353 = DIRECTION('',(0.984807753012,-1.126854202784E-17,-0.173648177667
    ));
#2354 = ORIENTED_EDGE('',*,*,#2355,.T.);
#2355 = EDGE_CURVE('',#2347,#2356,#2358,.T.);
#2356 = VERTEX_POINT('',#2357);
#2357 = CARTESIAN_POINT('',(-1.25,-1.15,5.551115123126E-17));
#2358 = LINE('',#2359,#2360);
#2359 = CARTESIAN_POINT('',(-1.089673570659,-1.15,5.551115123126E-17));
#2360 = VECTOR('',#2361,1.);
#2361 = DIRECTION('',(-1.,1.144237745222E-17,0.));
#2362 = ORIENTED_EDGE('',*,*,#2363,.T.);
#2363 = EDGE_CURVE('',#2356,#2364,#2366,.T.);
#2364 = VERTEX_POINT('',#2365);
#2365 = CARTESIAN_POINT('',(-1.25,-1.15,0.15));
#2366 = LINE('',#2367,#2368);
#2367 = CARTESIAN_POINT('',(-1.25,-1.15,5.551115123126E-17));
#2368 = VECTOR('',#2369,1.);
#2369 = DIRECTION('',(0.,0.,1.));
#2370 = ORIENTED_EDGE('',*,*,#2371,.T.);
#2371 = EDGE_CURVE('',#2364,#2372,#2374,.T.);
#2372 = VERTEX_POINT('',#2373);
#2373 = CARTESIAN_POINT('',(-1.089673570659,-1.15,0.15));
#2374 = LINE('',#2375,#2376);
#2375 = CARTESIAN_POINT('',(-1.25,-1.15,0.15));
#2376 = VECTOR('',#2377,1.);
#2377 = DIRECTION('',(1.,-1.144237745222E-17,0.));
#2378 = ORIENTED_EDGE('',*,*,#2379,.T.);
#2379 = EDGE_CURVE('',#2372,#2380,#2382,.T.);
#2380 = VERTEX_POINT('',#2381);
#2381 = CARTESIAN_POINT('',(-0.991192795358,-1.15,0.232635182233));
#2382 = CIRCLE('',#2383,0.1);
#2383 = AXIS2_PLACEMENT_3D('',#2384,#2385,#2386);
#2384 = CARTESIAN_POINT('',(-1.089673570659,-1.15,0.25));
#2385 = DIRECTION('',(-1.144237745222E-17,-1.,1.094764425254E-47));
#2386 = DIRECTION('',(-2.22044604925E-15,2.540718180781E-32,-1.));
#2387 = ORIENTED_EDGE('',*,*,#2388,.T.);
#2388 = EDGE_CURVE('',#2380,#2389,#2391,.T.);
#2389 = VERTEX_POINT('',#2390);
#2390 = CARTESIAN_POINT('',(-0.946201938253,-1.15,0.518412044417));
#2391 = LINE('',#2392,#2393);
#2392 = CARTESIAN_POINT('',(-0.991192795358,-1.15,0.232635182233));
#2393 = VECTOR('',#2394,1.);
#2394 = DIRECTION('',(0.155518033909,-1.779496044609E-18,0.987833053268)
  );
#2395 = ORIENTED_EDGE('',*,*,#2396,.T.);
#2396 = EDGE_CURVE('',#2389,#1801,#2397,.T.);
#2397 = CIRCLE('',#2398,0.25);
#2398 = AXIS2_PLACEMENT_3D('',#2399,#2400,#2401);
#2399 = CARTESIAN_POINT('',(-0.7,-1.15,0.475));
#2400 = DIRECTION('',(1.144237745222E-17,1.,0.));
#2401 = DIRECTION('',(-0.984807753012,1.126854202784E-17,0.173648177667)
  );
#2402 = PLANE('',#2403);
#2403 = AXIS2_PLACEMENT_3D('',#2404,#2405,#2406);
#2404 = CARTESIAN_POINT('',(-0.931323080229,-1.15,0.33452717391));
#2405 = DIRECTION('',(1.144237745222E-17,1.,0.));
#2406 = DIRECTION('',(0.,-0.,1.));
#2407 = ADVANCED_FACE('',(#2408),#2426,.F.);
#2408 = FACE_BOUND('',#2409,.F.);
#2409 = EDGE_LOOP('',(#2410,#2411,#2419,#2425));
#2410 = ORIENTED_EDGE('',*,*,#1832,.T.);
#2411 = ORIENTED_EDGE('',*,*,#2412,.T.);
#2412 = EDGE_CURVE('',#1824,#2413,#2415,.T.);
#2413 = VERTEX_POINT('',#2414);
#2414 = CARTESIAN_POINT('',(-0.843471632406,-0.75,0.206587955583));
#2415 = LINE('',#2416,#2417);
#2416 = CARTESIAN_POINT('',(-0.798480775301,-0.75,0.492364817767));
#2417 = VECTOR('',#2418,1.);
#2418 = DIRECTION('',(-0.155518033909,1.779496044609E-18,-0.987833053268
    ));
#2419 = ORIENTED_EDGE('',*,*,#2420,.F.);
#2420 = EDGE_CURVE('',#2339,#2413,#2421,.T.);
#2421 = LINE('',#2422,#2423);
#2422 = CARTESIAN_POINT('',(-0.843471632406,-1.15,0.206587955583));
#2423 = VECTOR('',#2424,1.);
#2424 = DIRECTION('',(1.144237745222E-17,1.,0.));
#2425 = ORIENTED_EDGE('',*,*,#2338,.F.);
#2426 = PLANE('',#2427);
#2427 = AXIS2_PLACEMENT_3D('',#2428,#2429,#2430);
#2428 = CARTESIAN_POINT('',(-0.798480775301,-1.15,0.492364817767));
#2429 = DIRECTION('',(-0.987833053268,1.130315865527E-17,0.155518033909)
  );
#2430 = DIRECTION('',(-0.155518033909,1.779496044609E-18,-0.987833053268
    ));
#2431 = ADVANCED_FACE('',(#2432),#2494,.T.);
#2432 = FACE_BOUND('',#2433,.T.);
#2433 = EDGE_LOOP('',(#2434,#2435,#2436,#2437,#2446,#2454,#2462,#2470,
    #2479,#2487));
#2434 = ORIENTED_EDGE('',*,*,#1855,.F.);
#2435 = ORIENTED_EDGE('',*,*,#1823,.T.);
#2436 = ORIENTED_EDGE('',*,*,#2412,.T.);
#2437 = ORIENTED_EDGE('',*,*,#2438,.T.);
#2438 = EDGE_CURVE('',#2413,#2439,#2441,.T.);
#2439 = VERTEX_POINT('',#2440);
#2440 = CARTESIAN_POINT('',(-1.089673570659,-0.75,5.551115123126E-17));
#2441 = CIRCLE('',#2442,0.25);
#2442 = AXIS2_PLACEMENT_3D('',#2443,#2444,#2445);
#2443 = CARTESIAN_POINT('',(-1.089673570659,-0.75,0.25));
#2444 = DIRECTION('',(1.144237745222E-17,1.,3.851859888774E-34));
#2445 = DIRECTION('',(0.984807753012,-1.126854202784E-17,-0.173648177667
    ));
#2446 = ORIENTED_EDGE('',*,*,#2447,.T.);
#2447 = EDGE_CURVE('',#2439,#2448,#2450,.T.);
#2448 = VERTEX_POINT('',#2449);
#2449 = CARTESIAN_POINT('',(-1.25,-0.75,5.551115123126E-17));
#2450 = LINE('',#2451,#2452);
#2451 = CARTESIAN_POINT('',(-1.089673570659,-0.75,5.551115123126E-17));
#2452 = VECTOR('',#2453,1.);
#2453 = DIRECTION('',(-1.,1.144237745222E-17,0.));
#2454 = ORIENTED_EDGE('',*,*,#2455,.T.);
#2455 = EDGE_CURVE('',#2448,#2456,#2458,.T.);
#2456 = VERTEX_POINT('',#2457);
#2457 = CARTESIAN_POINT('',(-1.25,-0.75,0.15));
#2458 = LINE('',#2459,#2460);
#2459 = CARTESIAN_POINT('',(-1.25,-0.75,5.551115123126E-17));
#2460 = VECTOR('',#2461,1.);
#2461 = DIRECTION('',(0.,0.,1.));
#2462 = ORIENTED_EDGE('',*,*,#2463,.T.);
#2463 = EDGE_CURVE('',#2456,#2464,#2466,.T.);
#2464 = VERTEX_POINT('',#2465);
#2465 = CARTESIAN_POINT('',(-1.089673570659,-0.75,0.15));
#2466 = LINE('',#2467,#2468);
#2467 = CARTESIAN_POINT('',(-1.25,-0.75,0.15));
#2468 = VECTOR('',#2469,1.);
#2469 = DIRECTION('',(1.,-1.144237745222E-17,0.));
#2470 = ORIENTED_EDGE('',*,*,#2471,.T.);
#2471 = EDGE_CURVE('',#2464,#2472,#2474,.T.);
#2472 = VERTEX_POINT('',#2473);
#2473 = CARTESIAN_POINT('',(-0.991192795358,-0.75,0.232635182233));
#2474 = CIRCLE('',#2475,0.1);
#2475 = AXIS2_PLACEMENT_3D('',#2476,#2477,#2478);
#2476 = CARTESIAN_POINT('',(-1.089673570659,-0.75,0.25));
#2477 = DIRECTION('',(-1.144237745222E-17,-1.,1.094764425254E-47));
#2478 = DIRECTION('',(-2.22044604925E-15,2.540718180781E-32,-1.));
#2479 = ORIENTED_EDGE('',*,*,#2480,.T.);
#2480 = EDGE_CURVE('',#2472,#2481,#2483,.T.);
#2481 = VERTEX_POINT('',#2482);
#2482 = CARTESIAN_POINT('',(-0.946201938253,-0.75,0.518412044417));
#2483 = LINE('',#2484,#2485);
#2484 = CARTESIAN_POINT('',(-0.991192795358,-0.75,0.232635182233));
#2485 = VECTOR('',#2486,1.);
#2486 = DIRECTION('',(0.155518033909,-1.779496044609E-18,0.987833053268)
  );
#2487 = ORIENTED_EDGE('',*,*,#2488,.T.);
#2488 = EDGE_CURVE('',#2481,#1856,#2489,.T.);
#2489 = CIRCLE('',#2490,0.25);
#2490 = AXIS2_PLACEMENT_3D('',#2491,#2492,#2493);
#2491 = CARTESIAN_POINT('',(-0.7,-0.75,0.475));
#2492 = DIRECTION('',(1.144237745222E-17,1.,0.));
#2493 = DIRECTION('',(-0.984807753012,1.126854202784E-17,0.173648177667)
  );
#2494 = PLANE('',#2495);
#2495 = AXIS2_PLACEMENT_3D('',#2496,#2497,#2498);
#2496 = CARTESIAN_POINT('',(-0.931323080229,-0.75,0.33452717391));
#2497 = DIRECTION('',(1.144237745222E-17,1.,0.));
#2498 = DIRECTION('',(0.,-0.,1.));
#2499 = ADVANCED_FACE('',(#2500),#2511,.F.);
#2500 = FACE_BOUND('',#2501,.F.);
#2501 = EDGE_LOOP('',(#2502,#2503,#2504,#2505));
#2502 = ORIENTED_EDGE('',*,*,#1872,.T.);
#2503 = ORIENTED_EDGE('',*,*,#2079,.T.);
#2504 = ORIENTED_EDGE('',*,*,#2126,.F.);
#2505 = ORIENTED_EDGE('',*,*,#2506,.F.);
#2506 = EDGE_CURVE('',#1856,#2119,#2507,.T.);
#2507 = LINE('',#2508,#2509);
#2508 = CARTESIAN_POINT('',(-0.7,-0.75,0.725));
#2509 = VECTOR('',#2510,1.);
#2510 = DIRECTION('',(1.,-1.144237745222E-17,0.));
#2511 = PLANE('',#2512);
#2512 = AXIS2_PLACEMENT_3D('',#2513,#2514,#2515);
#2513 = CARTESIAN_POINT('',(-1.486299604971E-16,1.4875,0.725));
#2514 = DIRECTION('',(1.022886882533E-31,-6.310887241768E-27,-1.));
#2515 = DIRECTION('',(1.,1.217738924546E-16,1.022886882525E-31));
#2516 = ADVANCED_FACE('',(#2517),#2586,.F.);
#2517 = FACE_BOUND('',#2518,.F.);
#2518 = EDGE_LOOP('',(#2519,#2520,#2521,#2529,#2538,#2546,#2554,#2562,
    #2571,#2579));
#2519 = ORIENTED_EDGE('',*,*,#1864,.F.);
#2520 = ORIENTED_EDGE('',*,*,#1904,.T.);
#2521 = ORIENTED_EDGE('',*,*,#2522,.T.);
#2522 = EDGE_CURVE('',#1897,#2523,#2525,.T.);
#2523 = VERTEX_POINT('',#2524);
#2524 = CARTESIAN_POINT('',(-0.843471632406,0.75,0.206587955583));
#2525 = LINE('',#2526,#2527);
#2526 = CARTESIAN_POINT('',(-0.798480775301,0.75,0.492364817767));
#2527 = VECTOR('',#2528,1.);
#2528 = DIRECTION('',(-0.155518033909,1.779496044609E-18,-0.987833053268
    ));
#2529 = ORIENTED_EDGE('',*,*,#2530,.T.);
#2530 = EDGE_CURVE('',#2523,#2531,#2533,.T.);
#2531 = VERTEX_POINT('',#2532);
#2532 = CARTESIAN_POINT('',(-1.089673570659,0.75,5.551115123126E-17));
#2533 = CIRCLE('',#2534,0.25);
#2534 = AXIS2_PLACEMENT_3D('',#2535,#2536,#2537);
#2535 = CARTESIAN_POINT('',(-1.089673570659,0.75,0.25));
#2536 = DIRECTION('',(1.144237745222E-17,1.,3.851859888774E-34));
#2537 = DIRECTION('',(0.984807753012,-1.126854202784E-17,-0.173648177667
    ));
#2538 = ORIENTED_EDGE('',*,*,#2539,.T.);
#2539 = EDGE_CURVE('',#2531,#2540,#2542,.T.);
#2540 = VERTEX_POINT('',#2541);
#2541 = CARTESIAN_POINT('',(-1.25,0.75,5.551115123126E-17));
#2542 = LINE('',#2543,#2544);
#2543 = CARTESIAN_POINT('',(-1.089673570659,0.75,5.551115123126E-17));
#2544 = VECTOR('',#2545,1.);
#2545 = DIRECTION('',(-1.,1.144237745222E-17,0.));
#2546 = ORIENTED_EDGE('',*,*,#2547,.T.);
#2547 = EDGE_CURVE('',#2540,#2548,#2550,.T.);
#2548 = VERTEX_POINT('',#2549);
#2549 = CARTESIAN_POINT('',(-1.25,0.75,0.15));
#2550 = LINE('',#2551,#2552);
#2551 = CARTESIAN_POINT('',(-1.25,0.75,5.551115123126E-17));
#2552 = VECTOR('',#2553,1.);
#2553 = DIRECTION('',(0.,0.,1.));
#2554 = ORIENTED_EDGE('',*,*,#2555,.T.);
#2555 = EDGE_CURVE('',#2548,#2556,#2558,.T.);
#2556 = VERTEX_POINT('',#2557);
#2557 = CARTESIAN_POINT('',(-1.089673570659,0.75,0.15));
#2558 = LINE('',#2559,#2560);
#2559 = CARTESIAN_POINT('',(-1.25,0.75,0.15));
#2560 = VECTOR('',#2561,1.);
#2561 = DIRECTION('',(1.,-1.144237745222E-17,0.));
#2562 = ORIENTED_EDGE('',*,*,#2563,.T.);
#2563 = EDGE_CURVE('',#2556,#2564,#2566,.T.);
#2564 = VERTEX_POINT('',#2565);
#2565 = CARTESIAN_POINT('',(-0.991192795358,0.75,0.232635182233));
#2566 = CIRCLE('',#2567,0.1);
#2567 = AXIS2_PLACEMENT_3D('',#2568,#2569,#2570);
#2568 = CARTESIAN_POINT('',(-1.089673570659,0.75,0.25));
#2569 = DIRECTION('',(-1.144237745222E-17,-1.,1.094764425254E-47));
#2570 = DIRECTION('',(-2.22044604925E-15,2.540718180781E-32,-1.));
#2571 = ORIENTED_EDGE('',*,*,#2572,.T.);
#2572 = EDGE_CURVE('',#2564,#2573,#2575,.T.);
#2573 = VERTEX_POINT('',#2574);
#2574 = CARTESIAN_POINT('',(-0.946201938253,0.75,0.518412044417));
#2575 = LINE('',#2576,#2577);
#2576 = CARTESIAN_POINT('',(-0.991192795358,0.75,0.232635182233));
#2577 = VECTOR('',#2578,1.);
#2578 = DIRECTION('',(0.155518033909,-1.779496044609E-18,0.987833053268)
  );
#2579 = ORIENTED_EDGE('',*,*,#2580,.T.);
#2580 = EDGE_CURVE('',#2573,#1865,#2581,.T.);
#2581 = CIRCLE('',#2582,0.25);
#2582 = AXIS2_PLACEMENT_3D('',#2583,#2584,#2585);
#2583 = CARTESIAN_POINT('',(-0.7,0.75,0.475));
#2584 = DIRECTION('',(1.144237745222E-17,1.,0.));
#2585 = DIRECTION('',(-0.984807753012,1.126854202784E-17,0.173648177667)
  );
#2586 = PLANE('',#2587);
#2587 = AXIS2_PLACEMENT_3D('',#2588,#2589,#2590);
#2588 = CARTESIAN_POINT('',(-0.931323080229,0.75,0.33452717391));
#2589 = DIRECTION('',(1.144237745222E-17,1.,0.));
#2590 = DIRECTION('',(0.,-0.,1.));
#2591 = ADVANCED_FACE('',(#2592),#2610,.F.);
#2592 = FACE_BOUND('',#2593,.F.);
#2593 = EDGE_LOOP('',(#2594,#2595,#2603,#2609));
#2594 = ORIENTED_EDGE('',*,*,#1896,.T.);
#2595 = ORIENTED_EDGE('',*,*,#2596,.T.);
#2596 = EDGE_CURVE('',#1888,#2597,#2599,.T.);
#2597 = VERTEX_POINT('',#2598);
#2598 = CARTESIAN_POINT('',(-0.843471632406,1.15,0.206587955583));
#2599 = LINE('',#2600,#2601);
#2600 = CARTESIAN_POINT('',(-0.798480775301,1.15,0.492364817767));
#2601 = VECTOR('',#2602,1.);
#2602 = DIRECTION('',(-0.155518033909,1.779496044609E-18,-0.987833053268
    ));
#2603 = ORIENTED_EDGE('',*,*,#2604,.F.);
#2604 = EDGE_CURVE('',#2523,#2597,#2605,.T.);
#2605 = LINE('',#2606,#2607);
#2606 = CARTESIAN_POINT('',(-0.843471632406,0.75,0.206587955583));
#2607 = VECTOR('',#2608,1.);
#2608 = DIRECTION('',(1.144237745222E-17,1.,0.));
#2609 = ORIENTED_EDGE('',*,*,#2522,.F.);
#2610 = PLANE('',#2611);
#2611 = AXIS2_PLACEMENT_3D('',#2612,#2613,#2614);
#2612 = CARTESIAN_POINT('',(-0.798480775301,0.75,0.492364817767));
#2613 = DIRECTION('',(-0.987833053268,1.130315865527E-17,0.155518033909)
  );
#2614 = DIRECTION('',(-0.155518033909,1.779496044609E-18,-0.987833053268
    ));
#2615 = ADVANCED_FACE('',(#2616),#2678,.T.);
#2616 = FACE_BOUND('',#2617,.T.);
#2617 = EDGE_LOOP('',(#2618,#2619,#2620,#2621,#2630,#2638,#2646,#2654,
    #2663,#2671));
#2618 = ORIENTED_EDGE('',*,*,#1919,.F.);
#2619 = ORIENTED_EDGE('',*,*,#1887,.T.);
#2620 = ORIENTED_EDGE('',*,*,#2596,.T.);
#2621 = ORIENTED_EDGE('',*,*,#2622,.T.);
#2622 = EDGE_CURVE('',#2597,#2623,#2625,.T.);
#2623 = VERTEX_POINT('',#2624);
#2624 = CARTESIAN_POINT('',(-1.089673570659,1.15,5.551115123126E-17));
#2625 = CIRCLE('',#2626,0.25);
#2626 = AXIS2_PLACEMENT_3D('',#2627,#2628,#2629);
#2627 = CARTESIAN_POINT('',(-1.089673570659,1.15,0.25));
#2628 = DIRECTION('',(1.144237745222E-17,1.,3.851859888774E-34));
#2629 = DIRECTION('',(0.984807753012,-1.126854202784E-17,-0.173648177667
    ));
#2630 = ORIENTED_EDGE('',*,*,#2631,.T.);
#2631 = EDGE_CURVE('',#2623,#2632,#2634,.T.);
#2632 = VERTEX_POINT('',#2633);
#2633 = CARTESIAN_POINT('',(-1.25,1.15,5.551115123126E-17));
#2634 = LINE('',#2635,#2636);
#2635 = CARTESIAN_POINT('',(-1.089673570659,1.15,5.551115123126E-17));
#2636 = VECTOR('',#2637,1.);
#2637 = DIRECTION('',(-1.,1.144237745222E-17,0.));
#2638 = ORIENTED_EDGE('',*,*,#2639,.T.);
#2639 = EDGE_CURVE('',#2632,#2640,#2642,.T.);
#2640 = VERTEX_POINT('',#2641);
#2641 = CARTESIAN_POINT('',(-1.25,1.15,0.15));
#2642 = LINE('',#2643,#2644);
#2643 = CARTESIAN_POINT('',(-1.25,1.15,5.551115123126E-17));
#2644 = VECTOR('',#2645,1.);
#2645 = DIRECTION('',(0.,0.,1.));
#2646 = ORIENTED_EDGE('',*,*,#2647,.T.);
#2647 = EDGE_CURVE('',#2640,#2648,#2650,.T.);
#2648 = VERTEX_POINT('',#2649);
#2649 = CARTESIAN_POINT('',(-1.089673570659,1.15,0.15));
#2650 = LINE('',#2651,#2652);
#2651 = CARTESIAN_POINT('',(-1.25,1.15,0.15));
#2652 = VECTOR('',#2653,1.);
#2653 = DIRECTION('',(1.,-1.144237745222E-17,0.));
#2654 = ORIENTED_EDGE('',*,*,#2655,.T.);
#2655 = EDGE_CURVE('',#2648,#2656,#2658,.T.);
#2656 = VERTEX_POINT('',#2657);
#2657 = CARTESIAN_POINT('',(-0.991192795358,1.15,0.232635182233));
#2658 = CIRCLE('',#2659,0.1);
#2659 = AXIS2_PLACEMENT_3D('',#2660,#2661,#2662);
#2660 = CARTESIAN_POINT('',(-1.089673570659,1.15,0.25));
#2661 = DIRECTION('',(-1.144237745222E-17,-1.,1.094764425254E-47));
#2662 = DIRECTION('',(-2.22044604925E-15,2.540718180781E-32,-1.));
#2663 = ORIENTED_EDGE('',*,*,#2664,.T.);
#2664 = EDGE_CURVE('',#2656,#2665,#2667,.T.);
#2665 = VERTEX_POINT('',#2666);
#2666 = CARTESIAN_POINT('',(-0.946201938253,1.15,0.518412044417));
#2667 = LINE('',#2668,#2669);
#2668 = CARTESIAN_POINT('',(-0.991192795358,1.15,0.232635182233));
#2669 = VECTOR('',#2670,1.);
#2670 = DIRECTION('',(0.155518033909,-1.779496044609E-18,0.987833053268)
  );
#2671 = ORIENTED_EDGE('',*,*,#2672,.T.);
#2672 = EDGE_CURVE('',#2665,#1755,#2673,.T.);
#2673 = CIRCLE('',#2674,0.25);
#2674 = AXIS2_PLACEMENT_3D('',#2675,#2676,#2677);
#2675 = CARTESIAN_POINT('',(-0.7,1.15,0.475));
#2676 = DIRECTION('',(1.144237745222E-17,1.,0.));
#2677 = DIRECTION('',(-0.984807753012,1.126854202784E-17,0.173648177667)
  );
#2678 = PLANE('',#2679);
#2679 = AXIS2_PLACEMENT_3D('',#2680,#2681,#2682);
#2680 = CARTESIAN_POINT('',(-0.931323080229,1.15,0.33452717391));
#2681 = DIRECTION('',(1.144237745222E-17,1.,0.));
#2682 = DIRECTION('',(0.,-0.,1.));
#2683 = ADVANCED_FACE('',(#2684),#2753,.F.);
#2684 = FACE_BOUND('',#2685,.F.);
#2685 = EDGE_LOOP('',(#2686,#2687,#2688,#2696,#2705,#2713,#2721,#2729,
    #2738,#2746));
#2686 = ORIENTED_EDGE('',*,*,#1938,.F.);
#2687 = ORIENTED_EDGE('',*,*,#1971,.T.);
#2688 = ORIENTED_EDGE('',*,*,#2689,.T.);
#2689 = EDGE_CURVE('',#1964,#2690,#2692,.T.);
#2690 = VERTEX_POINT('',#2691);
#2691 = CARTESIAN_POINT('',(0.843471632406,0.2,0.206587955583));
#2692 = LINE('',#2693,#2694);
#2693 = CARTESIAN_POINT('',(0.798480775301,0.2,0.492364817767));
#2694 = VECTOR('',#2695,1.);
#2695 = DIRECTION('',(0.155518033909,1.726597019897E-17,-0.987833053268)
  );
#2696 = ORIENTED_EDGE('',*,*,#2697,.T.);
#2697 = EDGE_CURVE('',#2690,#2698,#2700,.T.);
#2698 = VERTEX_POINT('',#2699);
#2699 = CARTESIAN_POINT('',(1.089673570659,0.2,5.551115123126E-17));
#2700 = CIRCLE('',#2701,0.25);
#2701 = AXIS2_PLACEMENT_3D('',#2702,#2703,#2704);
#2702 = CARTESIAN_POINT('',(1.089673570659,0.2,0.25));
#2703 = DIRECTION('',(1.110223024625E-16,-1.,0.));
#2704 = DIRECTION('',(-0.984807753012,-1.093356242223E-16,
    -0.173648177667));
#2705 = ORIENTED_EDGE('',*,*,#2706,.T.);
#2706 = EDGE_CURVE('',#2698,#2707,#2709,.T.);
#2707 = VERTEX_POINT('',#2708);
#2708 = CARTESIAN_POINT('',(1.25,0.2,5.551115123126E-17));
#2709 = LINE('',#2710,#2711);
#2710 = CARTESIAN_POINT('',(1.089673570659,0.2,5.551115123126E-17));
#2711 = VECTOR('',#2712,1.);
#2712 = DIRECTION('',(1.,1.110223024625E-16,0.));
#2713 = ORIENTED_EDGE('',*,*,#2714,.T.);
#2714 = EDGE_CURVE('',#2707,#2715,#2717,.T.);
#2715 = VERTEX_POINT('',#2716);
#2716 = CARTESIAN_POINT('',(1.25,0.2,0.15));
#2717 = LINE('',#2718,#2719);
#2718 = CARTESIAN_POINT('',(1.25,0.2,5.551115123126E-17));
#2719 = VECTOR('',#2720,1.);
#2720 = DIRECTION('',(0.,0.,1.));
#2721 = ORIENTED_EDGE('',*,*,#2722,.T.);
#2722 = EDGE_CURVE('',#2715,#2723,#2725,.T.);
#2723 = VERTEX_POINT('',#2724);
#2724 = CARTESIAN_POINT('',(1.089673570659,0.2,0.15));
#2725 = LINE('',#2726,#2727);
#2726 = CARTESIAN_POINT('',(1.25,0.2,0.15));
#2727 = VECTOR('',#2728,1.);
#2728 = DIRECTION('',(-1.,-1.110223024625E-16,0.));
#2729 = ORIENTED_EDGE('',*,*,#2730,.T.);
#2730 = EDGE_CURVE('',#2723,#2731,#2733,.T.);
#2731 = VERTEX_POINT('',#2732);
#2732 = CARTESIAN_POINT('',(0.991192795358,0.2,0.232635182233));
#2733 = CIRCLE('',#2734,0.1);
#2734 = AXIS2_PLACEMENT_3D('',#2735,#2736,#2737);
#2735 = CARTESIAN_POINT('',(1.089673570659,0.2,0.25));
#2736 = DIRECTION('',(-1.110223024625E-16,1.,0.));
#2737 = DIRECTION('',(2.22044604925E-15,2.465190328815E-31,-1.));
#2738 = ORIENTED_EDGE('',*,*,#2739,.T.);
#2739 = EDGE_CURVE('',#2731,#2740,#2742,.T.);
#2740 = VERTEX_POINT('',#2741);
#2741 = CARTESIAN_POINT('',(0.946201938253,0.2,0.518412044417));
#2742 = LINE('',#2743,#2744);
#2743 = CARTESIAN_POINT('',(0.991192795358,0.2,0.232635182233));
#2744 = VECTOR('',#2745,1.);
#2745 = DIRECTION('',(-0.155518033909,-1.726597019897E-17,0.987833053268
    ));
#2746 = ORIENTED_EDGE('',*,*,#2747,.T.);
#2747 = EDGE_CURVE('',#2740,#1699,#2748,.T.);
#2748 = CIRCLE('',#2749,0.25);
#2749 = AXIS2_PLACEMENT_3D('',#2750,#2751,#2752);
#2750 = CARTESIAN_POINT('',(0.7,0.2,0.475));
#2751 = DIRECTION('',(1.110223024625E-16,-1.,0.));
#2752 = DIRECTION('',(0.984807753012,1.093356242223E-16,0.173648177667)
  );
#2753 = PLANE('',#2754);
#2754 = AXIS2_PLACEMENT_3D('',#2755,#2756,#2757);
#2755 = CARTESIAN_POINT('',(0.931323080229,0.2,0.33452717391));
#2756 = DIRECTION('',(1.110223024625E-16,-1.,0.));
#2757 = DIRECTION('',(0.,0.,1.));
#2758 = ADVANCED_FACE('',(#2759),#2777,.F.);
#2759 = FACE_BOUND('',#2760,.F.);
#2760 = EDGE_LOOP('',(#2761,#2762,#2770,#2776));
#2761 = ORIENTED_EDGE('',*,*,#1963,.T.);
#2762 = ORIENTED_EDGE('',*,*,#2763,.T.);
#2763 = EDGE_CURVE('',#1955,#2764,#2766,.T.);
#2764 = VERTEX_POINT('',#2765);
#2765 = CARTESIAN_POINT('',(0.843471632406,-0.2,0.206587955583));
#2766 = LINE('',#2767,#2768);
#2767 = CARTESIAN_POINT('',(0.798480775301,-0.2,0.492364817767));
#2768 = VECTOR('',#2769,1.);
#2769 = DIRECTION('',(0.155518033909,1.726597019897E-17,-0.987833053268)
  );
#2770 = ORIENTED_EDGE('',*,*,#2771,.F.);
#2771 = EDGE_CURVE('',#2690,#2764,#2772,.T.);
#2772 = LINE('',#2773,#2774);
#2773 = CARTESIAN_POINT('',(0.843471632406,0.2,0.206587955583));
#2774 = VECTOR('',#2775,1.);
#2775 = DIRECTION('',(1.110223024625E-16,-1.,0.));
#2776 = ORIENTED_EDGE('',*,*,#2689,.F.);
#2777 = PLANE('',#2778);
#2778 = AXIS2_PLACEMENT_3D('',#2779,#2780,#2781);
#2779 = CARTESIAN_POINT('',(0.798480775301,0.2,0.492364817767));
#2780 = DIRECTION('',(0.987833053268,1.096715000224E-16,0.155518033909)
  );
#2781 = DIRECTION('',(0.155518033909,1.726597019897E-17,-0.987833053268)
  );
#2782 = ADVANCED_FACE('',(#2783),#2845,.T.);
#2783 = FACE_BOUND('',#2784,.T.);
#2784 = EDGE_LOOP('',(#2785,#2786,#2787,#2788,#2797,#2805,#2813,#2821,
    #2830,#2838));
#2785 = ORIENTED_EDGE('',*,*,#1986,.F.);
#2786 = ORIENTED_EDGE('',*,*,#1954,.T.);
#2787 = ORIENTED_EDGE('',*,*,#2763,.T.);
#2788 = ORIENTED_EDGE('',*,*,#2789,.T.);
#2789 = EDGE_CURVE('',#2764,#2790,#2792,.T.);
#2790 = VERTEX_POINT('',#2791);
#2791 = CARTESIAN_POINT('',(1.089673570659,-0.2,5.551115123126E-17));
#2792 = CIRCLE('',#2793,0.25);
#2793 = AXIS2_PLACEMENT_3D('',#2794,#2795,#2796);
#2794 = CARTESIAN_POINT('',(1.089673570659,-0.2,0.25));
#2795 = DIRECTION('',(1.110223024625E-16,-1.,0.));
#2796 = DIRECTION('',(-0.984807753012,-1.093356242223E-16,
    -0.173648177667));
#2797 = ORIENTED_EDGE('',*,*,#2798,.T.);
#2798 = EDGE_CURVE('',#2790,#2799,#2801,.T.);
#2799 = VERTEX_POINT('',#2800);
#2800 = CARTESIAN_POINT('',(1.25,-0.2,5.551115123126E-17));
#2801 = LINE('',#2802,#2803);
#2802 = CARTESIAN_POINT('',(1.089673570659,-0.2,5.551115123126E-17));
#2803 = VECTOR('',#2804,1.);
#2804 = DIRECTION('',(1.,1.110223024625E-16,0.));
#2805 = ORIENTED_EDGE('',*,*,#2806,.T.);
#2806 = EDGE_CURVE('',#2799,#2807,#2809,.T.);
#2807 = VERTEX_POINT('',#2808);
#2808 = CARTESIAN_POINT('',(1.25,-0.2,0.15));
#2809 = LINE('',#2810,#2811);
#2810 = CARTESIAN_POINT('',(1.25,-0.2,5.551115123126E-17));
#2811 = VECTOR('',#2812,1.);
#2812 = DIRECTION('',(0.,0.,1.));
#2813 = ORIENTED_EDGE('',*,*,#2814,.T.);
#2814 = EDGE_CURVE('',#2807,#2815,#2817,.T.);
#2815 = VERTEX_POINT('',#2816);
#2816 = CARTESIAN_POINT('',(1.089673570659,-0.2,0.15));
#2817 = LINE('',#2818,#2819);
#2818 = CARTESIAN_POINT('',(1.25,-0.2,0.15));
#2819 = VECTOR('',#2820,1.);
#2820 = DIRECTION('',(-1.,-1.110223024625E-16,0.));
#2821 = ORIENTED_EDGE('',*,*,#2822,.T.);
#2822 = EDGE_CURVE('',#2815,#2823,#2825,.T.);
#2823 = VERTEX_POINT('',#2824);
#2824 = CARTESIAN_POINT('',(0.991192795358,-0.2,0.232635182233));
#2825 = CIRCLE('',#2826,0.1);
#2826 = AXIS2_PLACEMENT_3D('',#2827,#2828,#2829);
#2827 = CARTESIAN_POINT('',(1.089673570659,-0.2,0.25));
#2828 = DIRECTION('',(-1.110223024625E-16,1.,0.));
#2829 = DIRECTION('',(2.22044604925E-15,2.465190328815E-31,-1.));
#2830 = ORIENTED_EDGE('',*,*,#2831,.T.);
#2831 = EDGE_CURVE('',#2823,#2832,#2834,.T.);
#2832 = VERTEX_POINT('',#2833);
#2833 = CARTESIAN_POINT('',(0.946201938253,-0.2,0.518412044417));
#2834 = LINE('',#2835,#2836);
#2835 = CARTESIAN_POINT('',(0.991192795358,-0.2,0.232635182233));
#2836 = VECTOR('',#2837,1.);
#2837 = DIRECTION('',(-0.155518033909,-1.726597019897E-17,0.987833053268
    ));
#2838 = ORIENTED_EDGE('',*,*,#2839,.T.);
#2839 = EDGE_CURVE('',#2832,#1987,#2840,.T.);
#2840 = CIRCLE('',#2841,0.25);
#2841 = AXIS2_PLACEMENT_3D('',#2842,#2843,#2844);
#2842 = CARTESIAN_POINT('',(0.7,-0.2,0.475));
#2843 = DIRECTION('',(1.110223024625E-16,-1.,0.));
#2844 = DIRECTION('',(0.984807753012,1.093356242223E-16,0.173648177667)
  );
#2845 = PLANE('',#2846);
#2846 = AXIS2_PLACEMENT_3D('',#2847,#2848,#2849);
#2847 = CARTESIAN_POINT('',(0.931323080229,-0.2,0.33452717391));
#2848 = DIRECTION('',(1.110223024625E-16,-1.,0.));
#2849 = DIRECTION('',(0.,0.,1.));
#2850 = ADVANCED_FACE('',(#2851),#2862,.T.);
#2851 = FACE_BOUND('',#2852,.T.);
#2852 = EDGE_LOOP('',(#2853,#2854,#2855,#2856));
#2853 = ORIENTED_EDGE('',*,*,#2580,.T.);
#2854 = ORIENTED_EDGE('',*,*,#2087,.T.);
#2855 = ORIENTED_EDGE('',*,*,#2672,.F.);
#2856 = ORIENTED_EDGE('',*,*,#2857,.F.);
#2857 = EDGE_CURVE('',#2573,#2665,#2858,.T.);
#2858 = LINE('',#2859,#2860);
#2859 = CARTESIAN_POINT('',(-0.946201938253,0.75,0.518412044417));
#2860 = VECTOR('',#2861,1.);
#2861 = DIRECTION('',(1.144237745222E-17,1.,0.));
#2862 = CYLINDRICAL_SURFACE('',#2863,0.25);
#2863 = AXIS2_PLACEMENT_3D('',#2864,#2865,#2866);
#2864 = CARTESIAN_POINT('',(-0.7,0.75,0.475));
#2865 = DIRECTION('',(-1.144237745222E-17,-1.,0.));
#2866 = DIRECTION('',(-0.984807753012,1.126854202784E-17,0.173648177667)
  );
#2867 = ADVANCED_FACE('',(#2868),#2879,.F.);
#2868 = FACE_BOUND('',#2869,.F.);
#2869 = EDGE_LOOP('',(#2870,#2871,#2877,#2878));
#2870 = ORIENTED_EDGE('',*,*,#2298,.F.);
#2871 = ORIENTED_EDGE('',*,*,#2872,.T.);
#2872 = EDGE_CURVE('',#1801,#1856,#2873,.T.);
#2873 = LINE('',#2874,#2875);
#2874 = CARTESIAN_POINT('',(-0.7,-1.15,0.725));
#2875 = VECTOR('',#2876,1.);
#2876 = DIRECTION('',(1.144237745222E-17,1.,0.));
#2877 = ORIENTED_EDGE('',*,*,#2506,.T.);
#2878 = ORIENTED_EDGE('',*,*,#2118,.F.);
#2879 = PLANE('',#2880);
#2880 = AXIS2_PLACEMENT_3D('',#2881,#2882,#2883);
#2881 = CARTESIAN_POINT('',(-0.7,-1.15,0.725));
#2882 = DIRECTION('',(0.,0.,-1.));
#2883 = DIRECTION('',(1.,-1.144237745222E-17,0.));
#2884 = ADVANCED_FACE('',(#2885,#2914),#2925,.T.);
#2885 = FACE_BOUND('',#2886,.T.);
#2886 = EDGE_LOOP('',(#2887,#2888,#2889,#2890,#2898,#2906,#2912,#2913));
#2887 = ORIENTED_EDGE('',*,*,#2193,.F.);
#2888 = ORIENTED_EDGE('',*,*,#2170,.F.);
#2889 = ORIENTED_EDGE('',*,*,#2141,.F.);
#2890 = ORIENTED_EDGE('',*,*,#2891,.F.);
#2891 = EDGE_CURVE('',#2892,#2142,#2894,.T.);
#2892 = VERTEX_POINT('',#2893);
#2893 = CARTESIAN_POINT('',(-0.559121551758,-1.408243103516,1.2));
#2894 = LINE('',#2895,#2896);
#2895 = CARTESIAN_POINT('',(-0.559121551758,-1.408243103516,1.2));
#2896 = VECTOR('',#2897,1.);
#2897 = DIRECTION('',(-0.707106781187,0.707106781187,0.));
#2898 = ORIENTED_EDGE('',*,*,#2899,.F.);
#2899 = EDGE_CURVE('',#2900,#2892,#2902,.T.);
#2900 = VERTEX_POINT('',#2901);
#2901 = CARTESIAN_POINT('',(0.559121551758,-1.408243103516,1.2));
#2902 = LINE('',#2903,#2904);
#2903 = CARTESIAN_POINT('',(0.559121551758,-1.408243103516,1.2));
#2904 = VECTOR('',#2905,1.);
#2905 = DIRECTION('',(-1.,-1.110223024625E-16,0.));
#2906 = ORIENTED_EDGE('',*,*,#2907,.F.);
#2907 = EDGE_CURVE('',#2249,#2900,#2908,.T.);
#2908 = LINE('',#2909,#2910);
#2909 = CARTESIAN_POINT('',(0.608243103516,-1.359121551758,1.2));
#2910 = VECTOR('',#2911,1.);
#2911 = DIRECTION('',(-0.707106781187,-0.707106781187,0.));
#2912 = ORIENTED_EDGE('',*,*,#2255,.F.);
#2913 = ORIENTED_EDGE('',*,*,#2216,.F.);
#2914 = FACE_BOUND('',#2915,.T.);
#2915 = EDGE_LOOP('',(#2916));
#2916 = ORIENTED_EDGE('',*,*,#2917,.T.);
#2917 = EDGE_CURVE('',#2918,#2918,#2920,.T.);
#2918 = VERTEX_POINT('',#2919);
#2919 = CARTESIAN_POINT('',(-0.428243103516,1.178243103516,1.2));
#2920 = CIRCLE('',#2921,5.E-02);
#2921 = AXIS2_PLACEMENT_3D('',#2922,#2923,#2924);
#2922 = CARTESIAN_POINT('',(-0.428243103516,1.228243103516,1.2));
#2923 = DIRECTION('',(0.,-0.,-1.));
#2924 = DIRECTION('',(1.110223024625E-16,-1.,0.));
#2925 = PLANE('',#2926);
#2926 = AXIS2_PLACEMENT_3D('',#2927,#2928,#2929);
#2927 = CARTESIAN_POINT('',(-0.559121551758,1.408243103516,1.2));
#2928 = DIRECTION('',(0.,0.,1.));
#2929 = DIRECTION('',(0.369013679242,-0.929423963825,0.));
#2930 = ADVANCED_FACE('',(#2931),#2941,.F.);
#2931 = FACE_BOUND('',#2932,.F.);
#2932 = EDGE_LOOP('',(#2933,#2934,#2935,#2936));
#2933 = ORIENTED_EDGE('',*,*,#2305,.T.);
#2934 = ORIENTED_EDGE('',*,*,#2149,.T.);
#2935 = ORIENTED_EDGE('',*,*,#2891,.F.);
#2936 = ORIENTED_EDGE('',*,*,#2937,.F.);
#2937 = EDGE_CURVE('',#2306,#2892,#2938,.T.);
#2938 = B_SPLINE_CURVE_WITH_KNOTS('',1,(#2939,#2940),.UNSPECIFIED.,.F.,
  .F.,(2,2),(0.,1.),.PIECEWISE_BEZIER_KNOTS.);
#2939 = CARTESIAN_POINT('',(-0.5925,-1.475,0.725));
#2940 = CARTESIAN_POINT('',(-0.559121551758,-1.408243103516,1.2));
#2941 = B_SPLINE_SURFACE_WITH_KNOTS('',1,1,(
    (#2942,#2943)
    ,(#2944,#2945
    )),.UNSPECIFIED.,.F.,.F.,.F.,(2,2),(2,2),(0.,0.116672618896),(0.,1.)
  ,.PIECEWISE_BEZIER_KNOTS.);
#2942 = CARTESIAN_POINT('',(-0.5925,-1.475,0.725));
#2943 = CARTESIAN_POINT('',(-0.559121551758,-1.408243103516,1.2));
#2944 = CARTESIAN_POINT('',(-0.675,-1.3925,0.725));
#2945 = CARTESIAN_POINT('',(-0.608243103516,-1.359121551758,1.2));
#2946 = ADVANCED_FACE('',(#2947),#2957,.F.);
#2947 = FACE_BOUND('',#2948,.F.);
#2948 = EDGE_LOOP('',(#2949,#2950,#2955,#2956));
#2949 = ORIENTED_EDGE('',*,*,#2321,.T.);
#2950 = ORIENTED_EDGE('',*,*,#2951,.T.);
#2951 = EDGE_CURVE('',#2314,#2900,#2952,.T.);
#2952 = B_SPLINE_CURVE_WITH_KNOTS('',1,(#2953,#2954),.UNSPECIFIED.,.F.,
  .F.,(2,2),(0.,1.),.PIECEWISE_BEZIER_KNOTS.);
#2953 = CARTESIAN_POINT('',(0.5925,-1.475,0.725));
#2954 = CARTESIAN_POINT('',(0.559121551758,-1.408243103516,1.2));
#2955 = ORIENTED_EDGE('',*,*,#2907,.F.);
#2956 = ORIENTED_EDGE('',*,*,#2248,.F.);
#2957 = B_SPLINE_SURFACE_WITH_KNOTS('',1,1,(
    (#2958,#2959)
    ,(#2960,#2961
    )),.UNSPECIFIED.,.F.,.F.,.F.,(2,2),(2,2),(0.,0.116672618896),(0.,1.)
  ,.PIECEWISE_BEZIER_KNOTS.);
#2958 = CARTESIAN_POINT('',(0.675,-1.3925,0.725));
#2959 = CARTESIAN_POINT('',(0.608243103516,-1.359121551758,1.2));
#2960 = CARTESIAN_POINT('',(0.5925,-1.475,0.725));
#2961 = CARTESIAN_POINT('',(0.559121551758,-1.408243103516,1.2));
#2962 = ADVANCED_FACE('',(#2963),#2974,.T.);
#2963 = FACE_BOUND('',#2964,.T.);
#2964 = EDGE_LOOP('',(#2965,#2966,#2967,#2968));
#2965 = ORIENTED_EDGE('',*,*,#2747,.T.);
#2966 = ORIENTED_EDGE('',*,*,#2271,.T.);
#2967 = ORIENTED_EDGE('',*,*,#2839,.F.);
#2968 = ORIENTED_EDGE('',*,*,#2969,.F.);
#2969 = EDGE_CURVE('',#2740,#2832,#2970,.T.);
#2970 = LINE('',#2971,#2972);
#2971 = CARTESIAN_POINT('',(0.946201938253,0.2,0.518412044417));
#2972 = VECTOR('',#2973,1.);
#2973 = DIRECTION('',(1.110223024625E-16,-1.,0.));
#2974 = CYLINDRICAL_SURFACE('',#2975,0.25);
#2975 = AXIS2_PLACEMENT_3D('',#2976,#2977,#2978);
#2976 = CARTESIAN_POINT('',(0.7,0.2,0.475));
#2977 = DIRECTION('',(-1.110223024625E-16,1.,0.));
#2978 = DIRECTION('',(0.984807753012,1.093356242223E-16,0.173648177667)
  );
#2979 = ADVANCED_FACE('',(#2980),#2986,.F.);
#2980 = FACE_BOUND('',#2981,.F.);
#2981 = EDGE_LOOP('',(#2982,#2983,#2984,#2985));
#2982 = ORIENTED_EDGE('',*,*,#2313,.T.);
#2983 = ORIENTED_EDGE('',*,*,#2937,.T.);
#2984 = ORIENTED_EDGE('',*,*,#2899,.F.);
#2985 = ORIENTED_EDGE('',*,*,#2951,.F.);
#2986 = B_SPLINE_SURFACE_WITH_KNOTS('',1,1,(
    (#2987,#2988)
    ,(#2989,#2990
    )),.UNSPECIFIED.,.F.,.F.,.F.,(2,2),(2,2),(0.,1.185),(0.,1.),
  .PIECEWISE_BEZIER_KNOTS.);
#2987 = CARTESIAN_POINT('',(0.5925,-1.475,0.725));
#2988 = CARTESIAN_POINT('',(0.559121551758,-1.408243103516,1.2));
#2989 = CARTESIAN_POINT('',(-0.5925,-1.475,0.725));
#2990 = CARTESIAN_POINT('',(-0.559121551758,-1.408243103516,1.2));
#2991 = ADVANCED_FACE('',(#2992),#3003,.T.);
#2992 = FACE_BOUND('',#2993,.T.);
#2993 = EDGE_LOOP('',(#2994,#2995,#2996,#2997));
#2994 = ORIENTED_EDGE('',*,*,#2396,.T.);
#2995 = ORIENTED_EDGE('',*,*,#2872,.T.);
#2996 = ORIENTED_EDGE('',*,*,#2488,.F.);
#2997 = ORIENTED_EDGE('',*,*,#2998,.F.);
#2998 = EDGE_CURVE('',#2389,#2481,#2999,.T.);
#2999 = LINE('',#3000,#3001);
#3000 = CARTESIAN_POINT('',(-0.946201938253,-1.15,0.518412044417));
#3001 = VECTOR('',#3002,1.);
#3002 = DIRECTION('',(1.144237745222E-17,1.,0.));
#3003 = CYLINDRICAL_SURFACE('',#3004,0.25);
#3004 = AXIS2_PLACEMENT_3D('',#3005,#3006,#3007);
#3005 = CARTESIAN_POINT('',(-0.7,-1.15,0.475));
#3006 = DIRECTION('',(-1.144237745222E-17,-1.,0.));
#3007 = DIRECTION('',(-0.984807753012,1.126854202784E-17,0.173648177667)
  );
#3008 = ADVANCED_FACE('',(#3009),#3020,.F.);
#3009 = FACE_BOUND('',#3010,.F.);
#3010 = EDGE_LOOP('',(#3011,#3017,#3018,#3019));
#3011 = ORIENTED_EDGE('',*,*,#3012,.T.);
#3012 = EDGE_CURVE('',#2380,#2472,#3013,.T.);
#3013 = LINE('',#3014,#3015);
#3014 = CARTESIAN_POINT('',(-0.991192795358,-1.15,0.232635182233));
#3015 = VECTOR('',#3016,1.);
#3016 = DIRECTION('',(1.144237745222E-17,1.,0.));
#3017 = ORIENTED_EDGE('',*,*,#2480,.T.);
#3018 = ORIENTED_EDGE('',*,*,#2998,.F.);
#3019 = ORIENTED_EDGE('',*,*,#2388,.F.);
#3020 = PLANE('',#3021);
#3021 = AXIS2_PLACEMENT_3D('',#3022,#3023,#3024);
#3022 = CARTESIAN_POINT('',(-0.991192795358,-1.15,0.232635182233));
#3023 = DIRECTION('',(0.987833053268,-1.130315865527E-17,-0.155518033909
    ));
#3024 = DIRECTION('',(0.155518033909,-1.779496044609E-18,0.987833053268)
  );
#3025 = ADVANCED_FACE('',(#3026),#3037,.F.);
#3026 = FACE_BOUND('',#3027,.F.);
#3027 = EDGE_LOOP('',(#3028,#3034,#3035,#3036));
#3028 = ORIENTED_EDGE('',*,*,#3029,.T.);
#3029 = EDGE_CURVE('',#2372,#2464,#3030,.T.);
#3030 = LINE('',#3031,#3032);
#3031 = CARTESIAN_POINT('',(-1.089673570659,-1.15,0.15));
#3032 = VECTOR('',#3033,1.);
#3033 = DIRECTION('',(1.144237745222E-17,1.,0.));
#3034 = ORIENTED_EDGE('',*,*,#2471,.T.);
#3035 = ORIENTED_EDGE('',*,*,#3012,.F.);
#3036 = ORIENTED_EDGE('',*,*,#2379,.F.);
#3037 = CYLINDRICAL_SURFACE('',#3038,0.1);
#3038 = AXIS2_PLACEMENT_3D('',#3039,#3040,#3041);
#3039 = CARTESIAN_POINT('',(-1.089673570659,-1.15,0.25));
#3040 = DIRECTION('',(-1.144237745222E-17,-1.,0.));
#3041 = DIRECTION('',(-2.22044604925E-15,2.540718180781E-32,-1.));
#3042 = ADVANCED_FACE('',(#3043),#3054,.F.);
#3043 = FACE_BOUND('',#3044,.F.);
#3044 = EDGE_LOOP('',(#3045,#3051,#3052,#3053));
#3045 = ORIENTED_EDGE('',*,*,#3046,.T.);
#3046 = EDGE_CURVE('',#2364,#2456,#3047,.T.);
#3047 = LINE('',#3048,#3049);
#3048 = CARTESIAN_POINT('',(-1.25,-1.15,0.15));
#3049 = VECTOR('',#3050,1.);
#3050 = DIRECTION('',(1.144237745222E-17,1.,0.));
#3051 = ORIENTED_EDGE('',*,*,#2463,.T.);
#3052 = ORIENTED_EDGE('',*,*,#3029,.F.);
#3053 = ORIENTED_EDGE('',*,*,#2371,.F.);
#3054 = PLANE('',#3055);
#3055 = AXIS2_PLACEMENT_3D('',#3056,#3057,#3058);
#3056 = CARTESIAN_POINT('',(-1.25,-1.15,0.15));
#3057 = DIRECTION('',(0.,0.,-1.));
#3058 = DIRECTION('',(1.,-1.144237745222E-17,0.));
#3059 = ADVANCED_FACE('',(#3060),#3071,.F.);
#3060 = FACE_BOUND('',#3061,.F.);
#3061 = EDGE_LOOP('',(#3062,#3068,#3069,#3070));
#3062 = ORIENTED_EDGE('',*,*,#3063,.T.);
#3063 = EDGE_CURVE('',#2356,#2448,#3064,.T.);
#3064 = LINE('',#3065,#3066);
#3065 = CARTESIAN_POINT('',(-1.25,-1.15,5.551115123126E-17));
#3066 = VECTOR('',#3067,1.);
#3067 = DIRECTION('',(1.144237745222E-17,1.,0.));
#3068 = ORIENTED_EDGE('',*,*,#2455,.T.);
#3069 = ORIENTED_EDGE('',*,*,#3046,.F.);
#3070 = ORIENTED_EDGE('',*,*,#2363,.F.);
#3071 = PLANE('',#3072);
#3072 = AXIS2_PLACEMENT_3D('',#3073,#3074,#3075);
#3073 = CARTESIAN_POINT('',(-1.25,-1.15,5.551115123126E-17));
#3074 = DIRECTION('',(1.,-1.144237745222E-17,0.));
#3075 = DIRECTION('',(0.,0.,1.));
#3076 = ADVANCED_FACE('',(#3077),#3088,.F.);
#3077 = FACE_BOUND('',#3078,.F.);
#3078 = EDGE_LOOP('',(#3079,#3085,#3086,#3087));
#3079 = ORIENTED_EDGE('',*,*,#3080,.T.);
#3080 = EDGE_CURVE('',#2347,#2439,#3081,.T.);
#3081 = LINE('',#3082,#3083);
#3082 = CARTESIAN_POINT('',(-1.089673570659,-1.15,5.551115123126E-17));
#3083 = VECTOR('',#3084,1.);
#3084 = DIRECTION('',(1.144237745222E-17,1.,0.));
#3085 = ORIENTED_EDGE('',*,*,#2447,.T.);
#3086 = ORIENTED_EDGE('',*,*,#3063,.F.);
#3087 = ORIENTED_EDGE('',*,*,#2355,.F.);
#3088 = PLANE('',#3089);
#3089 = AXIS2_PLACEMENT_3D('',#3090,#3091,#3092);
#3090 = CARTESIAN_POINT('',(-1.089673570659,-1.15,5.551115123126E-17));
#3091 = DIRECTION('',(0.,0.,1.));
#3092 = DIRECTION('',(-1.,1.144237745222E-17,0.));
#3093 = ADVANCED_FACE('',(#3094),#3100,.T.);
#3094 = FACE_BOUND('',#3095,.T.);
#3095 = EDGE_LOOP('',(#3096,#3097,#3098,#3099));
#3096 = ORIENTED_EDGE('',*,*,#2346,.T.);
#3097 = ORIENTED_EDGE('',*,*,#3080,.T.);
#3098 = ORIENTED_EDGE('',*,*,#2438,.F.);
#3099 = ORIENTED_EDGE('',*,*,#2420,.F.);
#3100 = CYLINDRICAL_SURFACE('',#3101,0.25);
#3101 = AXIS2_PLACEMENT_3D('',#3102,#3103,#3104);
#3102 = CARTESIAN_POINT('',(-1.089673570659,-1.15,0.25));
#3103 = DIRECTION('',(-1.144237745222E-17,-1.,0.));
#3104 = DIRECTION('',(0.984807753012,-1.126854202784E-17,-0.173648177667
    ));
#3105 = ADVANCED_FACE('',(#3106),#3117,.F.);
#3106 = FACE_BOUND('',#3107,.F.);
#3107 = EDGE_LOOP('',(#3108,#3114,#3115,#3116));
#3108 = ORIENTED_EDGE('',*,*,#3109,.T.);
#3109 = EDGE_CURVE('',#2564,#2656,#3110,.T.);
#3110 = LINE('',#3111,#3112);
#3111 = CARTESIAN_POINT('',(-0.991192795358,0.75,0.232635182233));
#3112 = VECTOR('',#3113,1.);
#3113 = DIRECTION('',(1.144237745222E-17,1.,0.));
#3114 = ORIENTED_EDGE('',*,*,#2664,.T.);
#3115 = ORIENTED_EDGE('',*,*,#2857,.F.);
#3116 = ORIENTED_EDGE('',*,*,#2572,.F.);
#3117 = PLANE('',#3118);
#3118 = AXIS2_PLACEMENT_3D('',#3119,#3120,#3121);
#3119 = CARTESIAN_POINT('',(-0.991192795358,0.75,0.232635182233));
#3120 = DIRECTION('',(0.987833053268,-1.130315865527E-17,-0.155518033909
    ));
#3121 = DIRECTION('',(0.155518033909,-1.779496044609E-18,0.987833053268)
  );
#3122 = ADVANCED_FACE('',(#3123),#3134,.F.);
#3123 = FACE_BOUND('',#3124,.F.);
#3124 = EDGE_LOOP('',(#3125,#3131,#3132,#3133));
#3125 = ORIENTED_EDGE('',*,*,#3126,.T.);
#3126 = EDGE_CURVE('',#2556,#2648,#3127,.T.);
#3127 = LINE('',#3128,#3129);
#3128 = CARTESIAN_POINT('',(-1.089673570659,0.75,0.15));
#3129 = VECTOR('',#3130,1.);
#3130 = DIRECTION('',(1.144237745222E-17,1.,0.));
#3131 = ORIENTED_EDGE('',*,*,#2655,.T.);
#3132 = ORIENTED_EDGE('',*,*,#3109,.F.);
#3133 = ORIENTED_EDGE('',*,*,#2563,.F.);
#3134 = CYLINDRICAL_SURFACE('',#3135,0.1);
#3135 = AXIS2_PLACEMENT_3D('',#3136,#3137,#3138);
#3136 = CARTESIAN_POINT('',(-1.089673570659,0.75,0.25));
#3137 = DIRECTION('',(-1.144237745222E-17,-1.,0.));
#3138 = DIRECTION('',(-2.22044604925E-15,2.540718180781E-32,-1.));
#3139 = ADVANCED_FACE('',(#3140),#3151,.F.);
#3140 = FACE_BOUND('',#3141,.F.);
#3141 = EDGE_LOOP('',(#3142,#3148,#3149,#3150));
#3142 = ORIENTED_EDGE('',*,*,#3143,.T.);
#3143 = EDGE_CURVE('',#2548,#2640,#3144,.T.);
#3144 = LINE('',#3145,#3146);
#3145 = CARTESIAN_POINT('',(-1.25,0.75,0.15));
#3146 = VECTOR('',#3147,1.);
#3147 = DIRECTION('',(1.144237745222E-17,1.,0.));
#3148 = ORIENTED_EDGE('',*,*,#2647,.T.);
#3149 = ORIENTED_EDGE('',*,*,#3126,.F.);
#3150 = ORIENTED_EDGE('',*,*,#2555,.F.);
#3151 = PLANE('',#3152);
#3152 = AXIS2_PLACEMENT_3D('',#3153,#3154,#3155);
#3153 = CARTESIAN_POINT('',(-1.25,0.75,0.15));
#3154 = DIRECTION('',(0.,0.,-1.));
#3155 = DIRECTION('',(1.,-1.144237745222E-17,0.));
#3156 = ADVANCED_FACE('',(#3157),#3168,.F.);
#3157 = FACE_BOUND('',#3158,.F.);
#3158 = EDGE_LOOP('',(#3159,#3165,#3166,#3167));
#3159 = ORIENTED_EDGE('',*,*,#3160,.T.);
#3160 = EDGE_CURVE('',#2540,#2632,#3161,.T.);
#3161 = LINE('',#3162,#3163);
#3162 = CARTESIAN_POINT('',(-1.25,0.75,5.551115123126E-17));
#3163 = VECTOR('',#3164,1.);
#3164 = DIRECTION('',(1.144237745222E-17,1.,0.));
#3165 = ORIENTED_EDGE('',*,*,#2639,.T.);
#3166 = ORIENTED_EDGE('',*,*,#3143,.F.);
#3167 = ORIENTED_EDGE('',*,*,#2547,.F.);
#3168 = PLANE('',#3169);
#3169 = AXIS2_PLACEMENT_3D('',#3170,#3171,#3172);
#3170 = CARTESIAN_POINT('',(-1.25,0.75,5.551115123126E-17));
#3171 = DIRECTION('',(1.,-1.144237745222E-17,0.));
#3172 = DIRECTION('',(0.,0.,1.));
#3173 = ADVANCED_FACE('',(#3174),#3185,.F.);
#3174 = FACE_BOUND('',#3175,.F.);
#3175 = EDGE_LOOP('',(#3176,#3182,#3183,#3184));
#3176 = ORIENTED_EDGE('',*,*,#3177,.T.);
#3177 = EDGE_CURVE('',#2531,#2623,#3178,.T.);
#3178 = LINE('',#3179,#3180);
#3179 = CARTESIAN_POINT('',(-1.089673570659,0.75,5.551115123126E-17));
#3180 = VECTOR('',#3181,1.);
#3181 = DIRECTION('',(1.144237745222E-17,1.,0.));
#3182 = ORIENTED_EDGE('',*,*,#2631,.T.);
#3183 = ORIENTED_EDGE('',*,*,#3160,.F.);
#3184 = ORIENTED_EDGE('',*,*,#2539,.F.);
#3185 = PLANE('',#3186);
#3186 = AXIS2_PLACEMENT_3D('',#3187,#3188,#3189);
#3187 = CARTESIAN_POINT('',(-1.089673570659,0.75,5.551115123126E-17));
#3188 = DIRECTION('',(0.,0.,1.));
#3189 = DIRECTION('',(-1.,1.144237745222E-17,0.));
#3190 = ADVANCED_FACE('',(#3191),#3197,.T.);
#3191 = FACE_BOUND('',#3192,.T.);
#3192 = EDGE_LOOP('',(#3193,#3194,#3195,#3196));
#3193 = ORIENTED_EDGE('',*,*,#2530,.T.);
#3194 = ORIENTED_EDGE('',*,*,#3177,.T.);
#3195 = ORIENTED_EDGE('',*,*,#2622,.F.);
#3196 = ORIENTED_EDGE('',*,*,#2604,.F.);
#3197 = CYLINDRICAL_SURFACE('',#3198,0.25);
#3198 = AXIS2_PLACEMENT_3D('',#3199,#3200,#3201);
#3199 = CARTESIAN_POINT('',(-1.089673570659,0.75,0.25));
#3200 = DIRECTION('',(-1.144237745222E-17,-1.,0.));
#3201 = DIRECTION('',(0.984807753012,-1.126854202784E-17,-0.173648177667
    ));
#3202 = ADVANCED_FACE('',(#3203),#3214,.F.);
#3203 = FACE_BOUND('',#3204,.F.);
#3204 = EDGE_LOOP('',(#3205,#3211,#3212,#3213));
#3205 = ORIENTED_EDGE('',*,*,#3206,.T.);
#3206 = EDGE_CURVE('',#2731,#2823,#3207,.T.);
#3207 = LINE('',#3208,#3209);
#3208 = CARTESIAN_POINT('',(0.991192795358,0.2,0.232635182233));
#3209 = VECTOR('',#3210,1.);
#3210 = DIRECTION('',(1.110223024625E-16,-1.,0.));
#3211 = ORIENTED_EDGE('',*,*,#2831,.T.);
#3212 = ORIENTED_EDGE('',*,*,#2969,.F.);
#3213 = ORIENTED_EDGE('',*,*,#2739,.F.);
#3214 = PLANE('',#3215);
#3215 = AXIS2_PLACEMENT_3D('',#3216,#3217,#3218);
#3216 = CARTESIAN_POINT('',(0.991192795358,0.2,0.232635182233));
#3217 = DIRECTION('',(-0.987833053268,-1.096715000224E-16,
    -0.155518033909));
#3218 = DIRECTION('',(-0.155518033909,-1.726597019897E-17,0.987833053268
    ));
#3219 = ADVANCED_FACE('',(#3220),#3231,.F.);
#3220 = FACE_BOUND('',#3221,.F.);
#3221 = EDGE_LOOP('',(#3222,#3228,#3229,#3230));
#3222 = ORIENTED_EDGE('',*,*,#3223,.T.);
#3223 = EDGE_CURVE('',#2723,#2815,#3224,.T.);
#3224 = LINE('',#3225,#3226);
#3225 = CARTESIAN_POINT('',(1.089673570659,0.2,0.15));
#3226 = VECTOR('',#3227,1.);
#3227 = DIRECTION('',(1.110223024625E-16,-1.,0.));
#3228 = ORIENTED_EDGE('',*,*,#2822,.T.);
#3229 = ORIENTED_EDGE('',*,*,#3206,.F.);
#3230 = ORIENTED_EDGE('',*,*,#2730,.F.);
#3231 = CYLINDRICAL_SURFACE('',#3232,0.1);
#3232 = AXIS2_PLACEMENT_3D('',#3233,#3234,#3235);
#3233 = CARTESIAN_POINT('',(1.089673570659,0.2,0.25));
#3234 = DIRECTION('',(-1.110223024625E-16,1.,0.));
#3235 = DIRECTION('',(2.22044604925E-15,2.465190328815E-31,-1.));
#3236 = ADVANCED_FACE('',(#3237),#3248,.F.);
#3237 = FACE_BOUND('',#3238,.F.);
#3238 = EDGE_LOOP('',(#3239,#3245,#3246,#3247));
#3239 = ORIENTED_EDGE('',*,*,#3240,.T.);
#3240 = EDGE_CURVE('',#2715,#2807,#3241,.T.);
#3241 = LINE('',#3242,#3243);
#3242 = CARTESIAN_POINT('',(1.25,0.2,0.15));
#3243 = VECTOR('',#3244,1.);
#3244 = DIRECTION('',(1.110223024625E-16,-1.,0.));
#3245 = ORIENTED_EDGE('',*,*,#2814,.T.);
#3246 = ORIENTED_EDGE('',*,*,#3223,.F.);
#3247 = ORIENTED_EDGE('',*,*,#2722,.F.);
#3248 = PLANE('',#3249);
#3249 = AXIS2_PLACEMENT_3D('',#3250,#3251,#3252);
#3250 = CARTESIAN_POINT('',(1.25,0.2,0.15));
#3251 = DIRECTION('',(0.,0.,-1.));
#3252 = DIRECTION('',(-1.,-1.110223024625E-16,-0.));
#3253 = ADVANCED_FACE('',(#3254),#3265,.F.);
#3254 = FACE_BOUND('',#3255,.F.);
#3255 = EDGE_LOOP('',(#3256,#3262,#3263,#3264));
#3256 = ORIENTED_EDGE('',*,*,#3257,.T.);
#3257 = EDGE_CURVE('',#2707,#2799,#3258,.T.);
#3258 = LINE('',#3259,#3260);
#3259 = CARTESIAN_POINT('',(1.25,0.2,5.551115123126E-17));
#3260 = VECTOR('',#3261,1.);
#3261 = DIRECTION('',(1.110223024625E-16,-1.,0.));
#3262 = ORIENTED_EDGE('',*,*,#2806,.T.);
#3263 = ORIENTED_EDGE('',*,*,#3240,.F.);
#3264 = ORIENTED_EDGE('',*,*,#2714,.F.);
#3265 = PLANE('',#3266);
#3266 = AXIS2_PLACEMENT_3D('',#3267,#3268,#3269);
#3267 = CARTESIAN_POINT('',(1.25,0.2,5.551115123126E-17));
#3268 = DIRECTION('',(-1.,-1.110223024625E-16,0.));
#3269 = DIRECTION('',(0.,0.,1.));
#3270 = ADVANCED_FACE('',(#3271),#3282,.F.);
#3271 = FACE_BOUND('',#3272,.F.);
#3272 = EDGE_LOOP('',(#3273,#3279,#3280,#3281));
#3273 = ORIENTED_EDGE('',*,*,#3274,.T.);
#3274 = EDGE_CURVE('',#2698,#2790,#3275,.T.);
#3275 = LINE('',#3276,#3277);
#3276 = CARTESIAN_POINT('',(1.089673570659,0.2,5.551115123126E-17));
#3277 = VECTOR('',#3278,1.);
#3278 = DIRECTION('',(1.110223024625E-16,-1.,0.));
#3279 = ORIENTED_EDGE('',*,*,#2798,.T.);
#3280 = ORIENTED_EDGE('',*,*,#3257,.F.);
#3281 = ORIENTED_EDGE('',*,*,#2706,.F.);
#3282 = PLANE('',#3283);
#3283 = AXIS2_PLACEMENT_3D('',#3284,#3285,#3286);
#3284 = CARTESIAN_POINT('',(1.089673570659,0.2,5.551115123126E-17));
#3285 = DIRECTION('',(0.,0.,1.));
#3286 = DIRECTION('',(1.,1.110223024625E-16,-0.));
#3287 = ADVANCED_FACE('',(#3288),#3294,.T.);
#3288 = FACE_BOUND('',#3289,.T.);
#3289 = EDGE_LOOP('',(#3290,#3291,#3292,#3293));
#3290 = ORIENTED_EDGE('',*,*,#2697,.T.);
#3291 = ORIENTED_EDGE('',*,*,#3274,.T.);
#3292 = ORIENTED_EDGE('',*,*,#2789,.F.);
#3293 = ORIENTED_EDGE('',*,*,#2771,.F.);
#3294 = CYLINDRICAL_SURFACE('',#3295,0.25);
#3295 = AXIS2_PLACEMENT_3D('',#3296,#3297,#3298);
#3296 = CARTESIAN_POINT('',(1.089673570659,0.2,0.25));
#3297 = DIRECTION('',(-1.110223024625E-16,1.,0.));
#3298 = DIRECTION('',(-0.984807753012,-1.093356242223E-16,
    -0.173648177667));
#3299 = ADVANCED_FACE('',(#3300),#3303,.F.);
#3300 = FACE_BOUND('',#3301,.T.);
#3301 = EDGE_LOOP('',(#3302));
#3302 = ORIENTED_EDGE('',*,*,#2917,.F.);
#3303 = PLANE('',#3304);
#3304 = AXIS2_PLACEMENT_3D('',#3305,#3306,#3307);
#3305 = CARTESIAN_POINT('',(-0.428243103516,1.228243103516,1.2));
#3306 = DIRECTION('',(0.,0.,-1.));
#3307 = DIRECTION('',(1.110223024625E-16,-1.,0.));
#3308 = ( GEOMETRIC_REPRESENTATION_CONTEXT(3) 
GLOBAL_UNCERTAINTY_ASSIGNED_CONTEXT((#3312)) 
GLOBAL_UNIT_ASSIGNED_CONTEXT((#3309,#3310,#3311)) REPRESENTATION_CONTEXT
('Context #1','3D Context with UNIT and UNCERTAINTY') );
#3309 = ( LENGTH_UNIT() NAMED_UNIT(*) SI_UNIT(.MILLI.,.METRE.) );
#3310 = ( NAMED_UNIT(*) PLANE_ANGLE_UNIT() SI_UNIT($,.RADIAN.) );
#3311 = ( NAMED_UNIT(*) SI_UNIT($,.STERADIAN.) SOLID_ANGLE_UNIT() );
#3312 = UNCERTAINTY_MEASURE_WITH_UNIT(LENGTH_MEASURE(1.E-07),#3309,
  'distance_accuracy_value','confusion accuracy');
#3313 = CONTEXT_DEPENDENT_SHAPE_REPRESENTATION(#3314,#3316);
#3314 = ( REPRESENTATION_RELATIONSHIP('','',#1325,#1302) 
REPRESENTATION_RELATIONSHIP_WITH_TRANSFORMATION(#3315) 
SHAPE_REPRESENTATION_RELATIONSHIP() );
#3315 = ITEM_DEFINED_TRANSFORMATION('','',#11,#1303);
#3316 = PRODUCT_DEFINITION_SHAPE('Placement','Placement of an item',
  #3317);
#3317 = NEXT_ASSEMBLY_USAGE_OCCURRENCE('5','=>[0:1:1:7]','',#1297,#1320,
  $);
#3318 = PRODUCT_RELATED_PRODUCT_CATEGORY('part',$,(#1322));
#3319 = CONTEXT_DEPENDENT_SHAPE_REPRESENTATION(#3320,#3322);
#3320 = ( REPRESENTATION_RELATIONSHIP('','',#406,#10) 
REPRESENTATION_RELATIONSHIP_WITH_TRANSFORMATION(#3321) 
SHAPE_REPRESENTATION_RELATIONSHIP() );
#3321 = ITEM_DEFINED_TRANSFORMATION('','',#11,#27);
#3322 = PRODUCT_DEFINITION_SHAPE('Placement','Placement of an item',
  #3323);
#3323 = NEXT_ASSEMBLY_USAGE_OCCURRENCE('7','C2','',#5,#401,$);
#3324 = SHAPE_DEFINITION_REPRESENTATION(#3325,#3331);
#3325 = PRODUCT_DEFINITION_SHAPE('','',#3326);
#3326 = PRODUCT_DEFINITION('design','',#3327,#3330);
#3327 = PRODUCT_DEFINITION_FORMATION('','',#3328);
#3328 = PRODUCT('R_0805_2012Metric','R_0805_2012Metric','',(#3329));
#3329 = PRODUCT_CONTEXT('',#2,'mechanical');
#3330 = PRODUCT_DEFINITION_CONTEXT('part definition',#2,'design');
#3331 = SHAPE_REPRESENTATION('',(#11,#3332),#3336);
#3332 = AXIS2_PLACEMENT_3D('',#3333,#3334,#3335);
#3333 = CARTESIAN_POINT('',(0.,0.,0.));
#3334 = DIRECTION('',(0.,0.,1.));
#3335 = DIRECTION('',(1.,0.,-0.));
#3336 = ( GEOMETRIC_REPRESENTATION_CONTEXT(3) 
GLOBAL_UNCERTAINTY_ASSIGNED_CONTEXT((#3340)) 
GLOBAL_UNIT_ASSIGNED_CONTEXT((#3337,#3338,#3339)) REPRESENTATION_CONTEXT
('Context #1','3D Context with UNIT and UNCERTAINTY') );
#3337 = ( LENGTH_UNIT() NAMED_UNIT(*) SI_UNIT(.MILLI.,.METRE.) );
#3338 = ( NAMED_UNIT(*) PLANE_ANGLE_UNIT() SI_UNIT($,.RADIAN.) );
#3339 = ( NAMED_UNIT(*) SI_UNIT($,.STERADIAN.) SOLID_ANGLE_UNIT() );
#3340 = UNCERTAINTY_MEASURE_WITH_UNIT(LENGTH_MEASURE(1.E-07),#3337,
  'distance_accuracy_value','confusion accuracy');
#3341 = CONTEXT_DEPENDENT_SHAPE_REPRESENTATION(#3342,#3344);
#3342 = ( REPRESENTATION_RELATIONSHIP('','',#3331,#10) 
REPRESENTATION_RELATIONSHIP_WITH_TRANSFORMATION(#3343) 
SHAPE_REPRESENTATION_RELATIONSHIP() );
#3343 = ITEM_DEFINED_TRANSFORMATION('','',#11,#31);
#3344 = PRODUCT_DEFINITION_SHAPE('Placement','Placement of an item',
  #3345);
#3345 = NEXT_ASSEMBLY_USAGE_OCCURRENCE('9','R3','',#5,#3326,$);
#3346 = PRODUCT_RELATED_PRODUCT_CATEGORY('part',$,(#3328));
#3347 = SHAPE_DEFINITION_REPRESENTATION(#3348,#3354);
#3348 = PRODUCT_DEFINITION_SHAPE('','',#3349);
#3349 = PRODUCT_DEFINITION('design','',#3350,#3353);
#3350 = PRODUCT_DEFINITION_FORMATION('','',#3351);
#3351 = PRODUCT('R_0805_2012Metric','R_0805_2012Metric','',(#3352));
#3352 = PRODUCT_CONTEXT('',#2,'mechanical');
#3353 = PRODUCT_DEFINITION_CONTEXT('part definition',#2,'design');
#3354 = ADVANCED_BREP_SHAPE_REPRESENTATION('',(#11,#3355),#4145);
#3355 = MANIFOLD_SOLID_BREP('',#3356);
#3356 = CLOSED_SHELL('',(#3357,#3397,#3480,#3505,#3530,#3597,#3614,#3631
    ,#3680,#3697,#3714,#3763,#3780,#3849,#3880,#3904,#3973,#3997,#4014,
    #4031,#4048,#4065,#4082,#4099,#4116,#4133));
#3357 = ADVANCED_FACE('',(#3358),#3392,.F.);
#3358 = FACE_BOUND('',#3359,.F.);
#3359 = EDGE_LOOP('',(#3360,#3370,#3378,#3386));
#3360 = ORIENTED_EDGE('',*,*,#3361,.F.);
#3361 = EDGE_CURVE('',#3362,#3364,#3366,.T.);
#3362 = VERTEX_POINT('',#3363);
#3363 = CARTESIAN_POINT('',(-1.,-0.6,4.5E-02));
#3364 = VERTEX_POINT('',#3365);
#3365 = CARTESIAN_POINT('',(-1.,-0.6,0.405));
#3366 = LINE('',#3367,#3368);
#3367 = CARTESIAN_POINT('',(-1.,-0.6,0.));
#3368 = VECTOR('',#3369,1.);
#3369 = DIRECTION('',(0.,0.,1.));
#3370 = ORIENTED_EDGE('',*,*,#3371,.T.);
#3371 = EDGE_CURVE('',#3362,#3372,#3374,.T.);
#3372 = VERTEX_POINT('',#3373);
#3373 = CARTESIAN_POINT('',(-1.,0.6,4.5E-02));
#3374 = LINE('',#3375,#3376);
#3375 = CARTESIAN_POINT('',(-1.,-0.6,4.5E-02));
#3376 = VECTOR('',#3377,1.);
#3377 = DIRECTION('',(0.,1.,0.));
#3378 = ORIENTED_EDGE('',*,*,#3379,.T.);
#3379 = EDGE_CURVE('',#3372,#3380,#3382,.T.);
#3380 = VERTEX_POINT('',#3381);
#3381 = CARTESIAN_POINT('',(-1.,0.6,0.405));
#3382 = LINE('',#3383,#3384);
#3383 = CARTESIAN_POINT('',(-1.,0.6,0.));
#3384 = VECTOR('',#3385,1.);
#3385 = DIRECTION('',(0.,0.,1.));
#3386 = ORIENTED_EDGE('',*,*,#3387,.F.);
#3387 = EDGE_CURVE('',#3364,#3380,#3388,.T.);
#3388 = LINE('',#3389,#3390);
#3389 = CARTESIAN_POINT('',(-1.,-0.6,0.405));
#3390 = VECTOR('',#3391,1.);
#3391 = DIRECTION('',(0.,1.,0.));
#3392 = PLANE('',#3393);
#3393 = AXIS2_PLACEMENT_3D('',#3394,#3395,#3396);
#3394 = CARTESIAN_POINT('',(-1.,-0.6,0.));
#3395 = DIRECTION('',(1.,0.,0.));
#3396 = DIRECTION('',(0.,0.,1.));
#3397 = ADVANCED_FACE('',(#3398),#3475,.F.);
#3398 = FACE_BOUND('',#3399,.F.);
#3399 = EDGE_LOOP('',(#3400,#3410,#3417,#3418,#3427,#3435,#3444,#3452,
    #3460,#3468));
#3400 = ORIENTED_EDGE('',*,*,#3401,.F.);
#3401 = EDGE_CURVE('',#3402,#3404,#3406,.T.);
#3402 = VERTEX_POINT('',#3403);
#3403 = CARTESIAN_POINT('',(-0.955,-0.6,-2.775557561563E-17));
#3404 = VERTEX_POINT('',#3405);
#3405 = CARTESIAN_POINT('',(-0.745,-0.6,-2.775557561563E-17));
#3406 = LINE('',#3407,#3408);
#3407 = CARTESIAN_POINT('',(-1.,-0.6,0.));
#3408 = VECTOR('',#3409,1.);
#3409 = DIRECTION('',(1.,0.,0.));
#3410 = ORIENTED_EDGE('',*,*,#3411,.F.);
#3411 = EDGE_CURVE('',#3362,#3402,#3412,.T.);
#3412 = CIRCLE('',#3413,4.5E-02);
#3413 = AXIS2_PLACEMENT_3D('',#3414,#3415,#3416);
#3414 = CARTESIAN_POINT('',(-0.955,-0.6,4.5E-02));
#3415 = DIRECTION('',(0.,-1.,0.));
#3416 = DIRECTION('',(0.,0.,1.));
#3417 = ORIENTED_EDGE('',*,*,#3361,.T.);
#3418 = ORIENTED_EDGE('',*,*,#3419,.T.);
#3419 = EDGE_CURVE('',#3364,#3420,#3422,.T.);
#3420 = VERTEX_POINT('',#3421);
#3421 = CARTESIAN_POINT('',(-0.955,-0.6,0.45));
#3422 = CIRCLE('',#3423,4.5E-02);
#3423 = AXIS2_PLACEMENT_3D('',#3424,#3425,#3426);
#3424 = CARTESIAN_POINT('',(-0.955,-0.6,0.405));
#3425 = DIRECTION('',(0.,1.,0.));
#3426 = DIRECTION('',(0.,-0.,1.));
#3427 = ORIENTED_EDGE('',*,*,#3428,.T.);
#3428 = EDGE_CURVE('',#3420,#3429,#3431,.T.);
#3429 = VERTEX_POINT('',#3430);
#3430 = CARTESIAN_POINT('',(-0.745,-0.6,0.45));
#3431 = LINE('',#3432,#3433);
#3432 = CARTESIAN_POINT('',(-1.,-0.6,0.45));
#3433 = VECTOR('',#3434,1.);
#3434 = DIRECTION('',(1.,0.,0.));
#3435 = ORIENTED_EDGE('',*,*,#3436,.F.);
#3436 = EDGE_CURVE('',#3437,#3429,#3439,.T.);
#3437 = VERTEX_POINT('',#3438);
#3438 = CARTESIAN_POINT('',(-0.7,-0.6,0.405));
#3439 = CIRCLE('',#3440,4.5E-02);
#3440 = AXIS2_PLACEMENT_3D('',#3441,#3442,#3443);
#3441 = CARTESIAN_POINT('',(-0.745,-0.6,0.405));
#3442 = DIRECTION('',(0.,-1.,0.));
#3443 = DIRECTION('',(0.,0.,1.));
#3444 = ORIENTED_EDGE('',*,*,#3445,.F.);
#3445 = EDGE_CURVE('',#3446,#3437,#3448,.T.);
#3446 = VERTEX_POINT('',#3447);
#3447 = CARTESIAN_POINT('',(-0.955,-0.6,0.405));
#3448 = LINE('',#3449,#3450);
#3449 = CARTESIAN_POINT('',(-0.955,-0.6,0.405));
#3450 = VECTOR('',#3451,1.);
#3451 = DIRECTION('',(1.,0.,0.));
#3452 = ORIENTED_EDGE('',*,*,#3453,.F.);
#3453 = EDGE_CURVE('',#3454,#3446,#3456,.T.);
#3454 = VERTEX_POINT('',#3455);
#3455 = CARTESIAN_POINT('',(-0.955,-0.6,4.5E-02));
#3456 = LINE('',#3457,#3458);
#3457 = CARTESIAN_POINT('',(-0.955,-0.6,4.5E-02));
#3458 = VECTOR('',#3459,1.);
#3459 = DIRECTION('',(0.,0.,1.));
#3460 = ORIENTED_EDGE('',*,*,#3461,.T.);
#3461 = EDGE_CURVE('',#3454,#3462,#3464,.T.);
#3462 = VERTEX_POINT('',#3463);
#3463 = CARTESIAN_POINT('',(-0.7,-0.6,4.5E-02));
#3464 = LINE('',#3465,#3466);
#3465 = CARTESIAN_POINT('',(-0.955,-0.6,4.5E-02));
#3466 = VECTOR('',#3467,1.);
#3467 = DIRECTION('',(1.,0.,0.));
#3468 = ORIENTED_EDGE('',*,*,#3469,.T.);
#3469 = EDGE_CURVE('',#3462,#3404,#3470,.T.);
#3470 = CIRCLE('',#3471,4.5E-02);
#3471 = AXIS2_PLACEMENT_3D('',#3472,#3473,#3474);
#3472 = CARTESIAN_POINT('',(-0.745,-0.6,4.5E-02));
#3473 = DIRECTION('',(0.,1.,0.));
#3474 = DIRECTION('',(0.,-0.,1.));
#3475 = PLANE('',#3476);
#3476 = AXIS2_PLACEMENT_3D('',#3477,#3478,#3479);
#3477 = CARTESIAN_POINT('',(-1.,-0.6,0.));
#3478 = DIRECTION('',(0.,1.,0.));
#3479 = DIRECTION('',(0.,-0.,1.));
#3480 = ADVANCED_FACE('',(#3481),#3500,.T.);
#3481 = FACE_BOUND('',#3482,.T.);
#3482 = EDGE_LOOP('',(#3483,#3484,#3493,#3499));
#3483 = ORIENTED_EDGE('',*,*,#3371,.T.);
#3484 = ORIENTED_EDGE('',*,*,#3485,.T.);
#3485 = EDGE_CURVE('',#3372,#3486,#3488,.T.);
#3486 = VERTEX_POINT('',#3487);
#3487 = CARTESIAN_POINT('',(-0.955,0.6,-2.775557561563E-17));
#3488 = CIRCLE('',#3489,4.5E-02);
#3489 = AXIS2_PLACEMENT_3D('',#3490,#3491,#3492);
#3490 = CARTESIAN_POINT('',(-0.955,0.6,4.5E-02));
#3491 = DIRECTION('',(0.,-1.,0.));
#3492 = DIRECTION('',(0.,0.,1.));
#3493 = ORIENTED_EDGE('',*,*,#3494,.F.);
#3494 = EDGE_CURVE('',#3402,#3486,#3495,.T.);
#3495 = LINE('',#3496,#3497);
#3496 = CARTESIAN_POINT('',(-0.955,-0.6,-2.775557561563E-17));
#3497 = VECTOR('',#3498,1.);
#3498 = DIRECTION('',(0.,1.,0.));
#3499 = ORIENTED_EDGE('',*,*,#3411,.F.);
#3500 = CYLINDRICAL_SURFACE('',#3501,4.5E-02);
#3501 = AXIS2_PLACEMENT_3D('',#3502,#3503,#3504);
#3502 = CARTESIAN_POINT('',(-0.955,-0.6,4.5E-02));
#3503 = DIRECTION('',(0.,1.,0.));
#3504 = DIRECTION('',(-1.,0.,0.));
#3505 = ADVANCED_FACE('',(#3506),#3525,.T.);
#3506 = FACE_BOUND('',#3507,.T.);
#3507 = EDGE_LOOP('',(#3508,#3509,#3517,#3524));
#3508 = ORIENTED_EDGE('',*,*,#3419,.T.);
#3509 = ORIENTED_EDGE('',*,*,#3510,.T.);
#3510 = EDGE_CURVE('',#3420,#3511,#3513,.T.);
#3511 = VERTEX_POINT('',#3512);
#3512 = CARTESIAN_POINT('',(-0.955,0.6,0.45));
#3513 = LINE('',#3514,#3515);
#3514 = CARTESIAN_POINT('',(-0.955,-0.6,0.45));
#3515 = VECTOR('',#3516,1.);
#3516 = DIRECTION('',(0.,1.,0.));
#3517 = ORIENTED_EDGE('',*,*,#3518,.F.);
#3518 = EDGE_CURVE('',#3380,#3511,#3519,.T.);
#3519 = CIRCLE('',#3520,4.5E-02);
#3520 = AXIS2_PLACEMENT_3D('',#3521,#3522,#3523);
#3521 = CARTESIAN_POINT('',(-0.955,0.6,0.405));
#3522 = DIRECTION('',(0.,1.,0.));
#3523 = DIRECTION('',(0.,-0.,1.));
#3524 = ORIENTED_EDGE('',*,*,#3387,.F.);
#3525 = CYLINDRICAL_SURFACE('',#3526,4.5E-02);
#3526 = AXIS2_PLACEMENT_3D('',#3527,#3528,#3529);
#3527 = CARTESIAN_POINT('',(-0.955,-0.6,0.405));
#3528 = DIRECTION('',(0.,1.,0.));
#3529 = DIRECTION('',(-1.,0.,0.));
#3530 = ADVANCED_FACE('',(#3531),#3592,.T.);
#3531 = FACE_BOUND('',#3532,.T.);
#3532 = EDGE_LOOP('',(#3533,#3541,#3542,#3543,#3544,#3552,#3561,#3569,
    #3577,#3585));
#3533 = ORIENTED_EDGE('',*,*,#3534,.F.);
#3534 = EDGE_CURVE('',#3486,#3535,#3537,.T.);
#3535 = VERTEX_POINT('',#3536);
#3536 = CARTESIAN_POINT('',(-0.745,0.6,-2.775557561563E-17));
#3537 = LINE('',#3538,#3539);
#3538 = CARTESIAN_POINT('',(-1.,0.6,0.));
#3539 = VECTOR('',#3540,1.);
#3540 = DIRECTION('',(1.,0.,0.));
#3541 = ORIENTED_EDGE('',*,*,#3485,.F.);
#3542 = ORIENTED_EDGE('',*,*,#3379,.T.);
#3543 = ORIENTED_EDGE('',*,*,#3518,.T.);
#3544 = ORIENTED_EDGE('',*,*,#3545,.T.);
#3545 = EDGE_CURVE('',#3511,#3546,#3548,.T.);
#3546 = VERTEX_POINT('',#3547);
#3547 = CARTESIAN_POINT('',(-0.745,0.6,0.45));
#3548 = LINE('',#3549,#3550);
#3549 = CARTESIAN_POINT('',(-1.,0.6,0.45));
#3550 = VECTOR('',#3551,1.);
#3551 = DIRECTION('',(1.,0.,0.));
#3552 = ORIENTED_EDGE('',*,*,#3553,.F.);
#3553 = EDGE_CURVE('',#3554,#3546,#3556,.T.);
#3554 = VERTEX_POINT('',#3555);
#3555 = CARTESIAN_POINT('',(-0.7,0.6,0.405));
#3556 = CIRCLE('',#3557,4.5E-02);
#3557 = AXIS2_PLACEMENT_3D('',#3558,#3559,#3560);
#3558 = CARTESIAN_POINT('',(-0.745,0.6,0.405));
#3559 = DIRECTION('',(0.,-1.,0.));
#3560 = DIRECTION('',(0.,0.,1.));
#3561 = ORIENTED_EDGE('',*,*,#3562,.F.);
#3562 = EDGE_CURVE('',#3563,#3554,#3565,.T.);
#3563 = VERTEX_POINT('',#3564);
#3564 = CARTESIAN_POINT('',(-0.955,0.6,0.405));
#3565 = LINE('',#3566,#3567);
#3566 = CARTESIAN_POINT('',(-0.955,0.6,0.405));
#3567 = VECTOR('',#3568,1.);
#3568 = DIRECTION('',(1.,0.,0.));
#3569 = ORIENTED_EDGE('',*,*,#3570,.F.);
#3570 = EDGE_CURVE('',#3571,#3563,#3573,.T.);
#3571 = VERTEX_POINT('',#3572);
#3572 = CARTESIAN_POINT('',(-0.955,0.6,4.5E-02));
#3573 = LINE('',#3574,#3575);
#3574 = CARTESIAN_POINT('',(-0.955,0.6,4.5E-02));
#3575 = VECTOR('',#3576,1.);
#3576 = DIRECTION('',(0.,0.,1.));
#3577 = ORIENTED_EDGE('',*,*,#3578,.T.);
#3578 = EDGE_CURVE('',#3571,#3579,#3581,.T.);
#3579 = VERTEX_POINT('',#3580);
#3580 = CARTESIAN_POINT('',(-0.7,0.6,4.5E-02));
#3581 = LINE('',#3582,#3583);
#3582 = CARTESIAN_POINT('',(-0.955,0.6,4.5E-02));
#3583 = VECTOR('',#3584,1.);
#3584 = DIRECTION('',(1.,0.,0.));
#3585 = ORIENTED_EDGE('',*,*,#3586,.T.);
#3586 = EDGE_CURVE('',#3579,#3535,#3587,.T.);
#3587 = CIRCLE('',#3588,4.5E-02);
#3588 = AXIS2_PLACEMENT_3D('',#3589,#3590,#3591);
#3589 = CARTESIAN_POINT('',(-0.745,0.6,4.5E-02));
#3590 = DIRECTION('',(0.,1.,0.));
#3591 = DIRECTION('',(0.,-0.,1.));
#3592 = PLANE('',#3593);
#3593 = AXIS2_PLACEMENT_3D('',#3594,#3595,#3596);
#3594 = CARTESIAN_POINT('',(-1.,0.6,0.));
#3595 = DIRECTION('',(0.,1.,0.));
#3596 = DIRECTION('',(0.,-0.,1.));
#3597 = ADVANCED_FACE('',(#3598),#3609,.F.);
#3598 = FACE_BOUND('',#3599,.F.);
#3599 = EDGE_LOOP('',(#3600,#3601,#3602,#3603));
#3600 = ORIENTED_EDGE('',*,*,#3534,.F.);
#3601 = ORIENTED_EDGE('',*,*,#3494,.F.);
#3602 = ORIENTED_EDGE('',*,*,#3401,.T.);
#3603 = ORIENTED_EDGE('',*,*,#3604,.T.);
#3604 = EDGE_CURVE('',#3404,#3535,#3605,.T.);
#3605 = LINE('',#3606,#3607);
#3606 = CARTESIAN_POINT('',(-0.745,-0.6,-2.775557561563E-17));
#3607 = VECTOR('',#3608,1.);
#3608 = DIRECTION('',(0.,1.,0.));
#3609 = PLANE('',#3610);
#3610 = AXIS2_PLACEMENT_3D('',#3611,#3612,#3613);
#3611 = CARTESIAN_POINT('',(-1.,-0.6,0.));
#3612 = DIRECTION('',(0.,0.,1.));
#3613 = DIRECTION('',(1.,0.,-0.));
#3614 = ADVANCED_FACE('',(#3615),#3626,.T.);
#3615 = FACE_BOUND('',#3616,.T.);
#3616 = EDGE_LOOP('',(#3617,#3618,#3619,#3620));
#3617 = ORIENTED_EDGE('',*,*,#3469,.T.);
#3618 = ORIENTED_EDGE('',*,*,#3604,.T.);
#3619 = ORIENTED_EDGE('',*,*,#3586,.F.);
#3620 = ORIENTED_EDGE('',*,*,#3621,.F.);
#3621 = EDGE_CURVE('',#3462,#3579,#3622,.T.);
#3622 = LINE('',#3623,#3624);
#3623 = CARTESIAN_POINT('',(-0.7,-0.6,4.5E-02));
#3624 = VECTOR('',#3625,1.);
#3625 = DIRECTION('',(0.,1.,0.));
#3626 = CYLINDRICAL_SURFACE('',#3627,4.5E-02);
#3627 = AXIS2_PLACEMENT_3D('',#3628,#3629,#3630);
#3628 = CARTESIAN_POINT('',(-0.745,-0.6,4.5E-02));
#3629 = DIRECTION('',(0.,1.,0.));
#3630 = DIRECTION('',(1.,0.,0.));
#3631 = ADVANCED_FACE('',(#3632),#3675,.F.);
#3632 = FACE_BOUND('',#3633,.F.);
#3633 = EDGE_LOOP('',(#3634,#3635,#3636,#3637,#3645,#3653,#3661,#3669));
#3634 = ORIENTED_EDGE('',*,*,#3461,.F.);
#3635 = ORIENTED_EDGE('',*,*,#3453,.T.);
#3636 = ORIENTED_EDGE('',*,*,#3445,.T.);
#3637 = ORIENTED_EDGE('',*,*,#3638,.T.);
#3638 = EDGE_CURVE('',#3437,#3639,#3641,.T.);
#3639 = VERTEX_POINT('',#3640);
#3640 = CARTESIAN_POINT('',(0.7,-0.6,0.405));
#3641 = LINE('',#3642,#3643);
#3642 = CARTESIAN_POINT('',(-0.7,-0.6,0.405));
#3643 = VECTOR('',#3644,1.);
#3644 = DIRECTION('',(1.,0.,0.));
#3645 = ORIENTED_EDGE('',*,*,#3646,.T.);
#3646 = EDGE_CURVE('',#3639,#3647,#3649,.T.);
#3647 = VERTEX_POINT('',#3648);
#3648 = CARTESIAN_POINT('',(0.955,-0.6,0.405));
#3649 = LINE('',#3650,#3651);
#3650 = CARTESIAN_POINT('',(-0.955,-0.6,0.405));
#3651 = VECTOR('',#3652,1.);
#3652 = DIRECTION('',(1.,0.,0.));
#3653 = ORIENTED_EDGE('',*,*,#3654,.F.);
#3654 = EDGE_CURVE('',#3655,#3647,#3657,.T.);
#3655 = VERTEX_POINT('',#3656);
#3656 = CARTESIAN_POINT('',(0.955,-0.6,4.5E-02));
#3657 = LINE('',#3658,#3659);
#3658 = CARTESIAN_POINT('',(0.955,-0.6,4.5E-02));
#3659 = VECTOR('',#3660,1.);
#3660 = DIRECTION('',(0.,0.,1.));
#3661 = ORIENTED_EDGE('',*,*,#3662,.F.);
#3662 = EDGE_CURVE('',#3663,#3655,#3665,.T.);
#3663 = VERTEX_POINT('',#3664);
#3664 = CARTESIAN_POINT('',(0.7,-0.6,4.5E-02));
#3665 = LINE('',#3666,#3667);
#3666 = CARTESIAN_POINT('',(-0.955,-0.6,4.5E-02));
#3667 = VECTOR('',#3668,1.);
#3668 = DIRECTION('',(1.,0.,0.));
#3669 = ORIENTED_EDGE('',*,*,#3670,.F.);
#3670 = EDGE_CURVE('',#3462,#3663,#3671,.T.);
#3671 = LINE('',#3672,#3673);
#3672 = CARTESIAN_POINT('',(-0.955,-0.6,4.5E-02));
#3673 = VECTOR('',#3674,1.);
#3674 = DIRECTION('',(1.,0.,0.));
#3675 = PLANE('',#3676);
#3676 = AXIS2_PLACEMENT_3D('',#3677,#3678,#3679);
#3677 = CARTESIAN_POINT('',(-0.955,-0.6,4.5E-02));
#3678 = DIRECTION('',(0.,1.,0.));
#3679 = DIRECTION('',(0.,-0.,1.));
#3680 = ADVANCED_FACE('',(#3681),#3692,.T.);
#3681 = FACE_BOUND('',#3682,.T.);
#3682 = EDGE_LOOP('',(#3683,#3684,#3685,#3686));
#3683 = ORIENTED_EDGE('',*,*,#3545,.F.);
#3684 = ORIENTED_EDGE('',*,*,#3510,.F.);
#3685 = ORIENTED_EDGE('',*,*,#3428,.T.);
#3686 = ORIENTED_EDGE('',*,*,#3687,.T.);
#3687 = EDGE_CURVE('',#3429,#3546,#3688,.T.);
#3688 = LINE('',#3689,#3690);
#3689 = CARTESIAN_POINT('',(-0.745,-0.6,0.45));
#3690 = VECTOR('',#3691,1.);
#3691 = DIRECTION('',(0.,1.,0.));
#3692 = PLANE('',#3693);
#3693 = AXIS2_PLACEMENT_3D('',#3694,#3695,#3696);
#3694 = CARTESIAN_POINT('',(-1.,-0.6,0.45));
#3695 = DIRECTION('',(0.,0.,1.));
#3696 = DIRECTION('',(1.,0.,-0.));
#3697 = ADVANCED_FACE('',(#3698),#3709,.T.);
#3698 = FACE_BOUND('',#3699,.T.);
#3699 = EDGE_LOOP('',(#3700,#3706,#3707,#3708));
#3700 = ORIENTED_EDGE('',*,*,#3701,.T.);
#3701 = EDGE_CURVE('',#3437,#3554,#3702,.T.);
#3702 = LINE('',#3703,#3704);
#3703 = CARTESIAN_POINT('',(-0.7,-0.6,0.405));
#3704 = VECTOR('',#3705,1.);
#3705 = DIRECTION('',(0.,1.,0.));
#3706 = ORIENTED_EDGE('',*,*,#3553,.T.);
#3707 = ORIENTED_EDGE('',*,*,#3687,.F.);
#3708 = ORIENTED_EDGE('',*,*,#3436,.F.);
#3709 = CYLINDRICAL_SURFACE('',#3710,4.5E-02);
#3710 = AXIS2_PLACEMENT_3D('',#3711,#3712,#3713);
#3711 = CARTESIAN_POINT('',(-0.745,-0.6,0.405));
#3712 = DIRECTION('',(0.,1.,0.));
#3713 = DIRECTION('',(1.,0.,0.));
#3714 = ADVANCED_FACE('',(#3715),#3758,.T.);
#3715 = FACE_BOUND('',#3716,.T.);
#3716 = EDGE_LOOP('',(#3717,#3718,#3719,#3720,#3728,#3736,#3744,#3752));
#3717 = ORIENTED_EDGE('',*,*,#3578,.F.);
#3718 = ORIENTED_EDGE('',*,*,#3570,.T.);
#3719 = ORIENTED_EDGE('',*,*,#3562,.T.);
#3720 = ORIENTED_EDGE('',*,*,#3721,.T.);
#3721 = EDGE_CURVE('',#3554,#3722,#3724,.T.);
#3722 = VERTEX_POINT('',#3723);
#3723 = CARTESIAN_POINT('',(0.7,0.6,0.405));
#3724 = LINE('',#3725,#3726);
#3725 = CARTESIAN_POINT('',(-0.7,0.6,0.405));
#3726 = VECTOR('',#3727,1.);
#3727 = DIRECTION('',(1.,0.,0.));
#3728 = ORIENTED_EDGE('',*,*,#3729,.T.);
#3729 = EDGE_CURVE('',#3722,#3730,#3732,.T.);
#3730 = VERTEX_POINT('',#3731);
#3731 = CARTESIAN_POINT('',(0.955,0.6,0.405));
#3732 = LINE('',#3733,#3734);
#3733 = CARTESIAN_POINT('',(-0.955,0.6,0.405));
#3734 = VECTOR('',#3735,1.);
#3735 = DIRECTION('',(1.,0.,0.));
#3736 = ORIENTED_EDGE('',*,*,#3737,.F.);
#3737 = EDGE_CURVE('',#3738,#3730,#3740,.T.);
#3738 = VERTEX_POINT('',#3739);
#3739 = CARTESIAN_POINT('',(0.955,0.6,4.5E-02));
#3740 = LINE('',#3741,#3742);
#3741 = CARTESIAN_POINT('',(0.955,0.6,4.5E-02));
#3742 = VECTOR('',#3743,1.);
#3743 = DIRECTION('',(0.,0.,1.));
#3744 = ORIENTED_EDGE('',*,*,#3745,.F.);
#3745 = EDGE_CURVE('',#3746,#3738,#3748,.T.);
#3746 = VERTEX_POINT('',#3747);
#3747 = CARTESIAN_POINT('',(0.7,0.6,4.5E-02));
#3748 = LINE('',#3749,#3750);
#3749 = CARTESIAN_POINT('',(-0.955,0.6,4.5E-02));
#3750 = VECTOR('',#3751,1.);
#3751 = DIRECTION('',(1.,0.,0.));
#3752 = ORIENTED_EDGE('',*,*,#3753,.F.);
#3753 = EDGE_CURVE('',#3579,#3746,#3754,.T.);
#3754 = LINE('',#3755,#3756);
#3755 = CARTESIAN_POINT('',(-0.955,0.6,4.5E-02));
#3756 = VECTOR('',#3757,1.);
#3757 = DIRECTION('',(1.,0.,0.));
#3758 = PLANE('',#3759);
#3759 = AXIS2_PLACEMENT_3D('',#3760,#3761,#3762);
#3760 = CARTESIAN_POINT('',(-0.955,0.6,4.5E-02));
#3761 = DIRECTION('',(0.,1.,0.));
#3762 = DIRECTION('',(0.,-0.,1.));
#3763 = ADVANCED_FACE('',(#3764),#3775,.F.);
#3764 = FACE_BOUND('',#3765,.F.);
#3765 = EDGE_LOOP('',(#3766,#3767,#3768,#3774));
#3766 = ORIENTED_EDGE('',*,*,#3621,.F.);
#3767 = ORIENTED_EDGE('',*,*,#3670,.T.);
#3768 = ORIENTED_EDGE('',*,*,#3769,.T.);
#3769 = EDGE_CURVE('',#3663,#3746,#3770,.T.);
#3770 = LINE('',#3771,#3772);
#3771 = CARTESIAN_POINT('',(0.7,-0.6,4.5E-02));
#3772 = VECTOR('',#3773,1.);
#3773 = DIRECTION('',(0.,1.,0.));
#3774 = ORIENTED_EDGE('',*,*,#3753,.F.);
#3775 = PLANE('',#3776);
#3776 = AXIS2_PLACEMENT_3D('',#3777,#3778,#3779);
#3777 = CARTESIAN_POINT('',(-0.955,-0.6,4.5E-02));
#3778 = DIRECTION('',(0.,0.,1.));
#3779 = DIRECTION('',(1.,0.,-0.));
#3780 = ADVANCED_FACE('',(#3781),#3844,.F.);
#3781 = FACE_BOUND('',#3782,.F.);
#3782 = EDGE_LOOP('',(#3783,#3793,#3800,#3801,#3802,#3803,#3812,#3820,
    #3829,#3837));
#3783 = ORIENTED_EDGE('',*,*,#3784,.F.);
#3784 = EDGE_CURVE('',#3785,#3787,#3789,.T.);
#3785 = VERTEX_POINT('',#3786);
#3786 = CARTESIAN_POINT('',(0.745,-0.6,-2.775557561563E-17));
#3787 = VERTEX_POINT('',#3788);
#3788 = CARTESIAN_POINT('',(0.955,-0.6,-2.775557561563E-17));
#3789 = LINE('',#3790,#3791);
#3790 = CARTESIAN_POINT('',(0.7,-0.6,0.));
#3791 = VECTOR('',#3792,1.);
#3792 = DIRECTION('',(1.,0.,0.));
#3793 = ORIENTED_EDGE('',*,*,#3794,.F.);
#3794 = EDGE_CURVE('',#3663,#3785,#3795,.T.);
#3795 = CIRCLE('',#3796,4.5E-02);
#3796 = AXIS2_PLACEMENT_3D('',#3797,#3798,#3799);
#3797 = CARTESIAN_POINT('',(0.745,-0.6,4.5E-02));
#3798 = DIRECTION('',(0.,-1.,0.));
#3799 = DIRECTION('',(0.,0.,1.));
#3800 = ORIENTED_EDGE('',*,*,#3662,.T.);
#3801 = ORIENTED_EDGE('',*,*,#3654,.T.);
#3802 = ORIENTED_EDGE('',*,*,#3646,.F.);
#3803 = ORIENTED_EDGE('',*,*,#3804,.T.);
#3804 = EDGE_CURVE('',#3639,#3805,#3807,.T.);
#3805 = VERTEX_POINT('',#3806);
#3806 = CARTESIAN_POINT('',(0.745,-0.6,0.45));
#3807 = CIRCLE('',#3808,4.5E-02);
#3808 = AXIS2_PLACEMENT_3D('',#3809,#3810,#3811);
#3809 = CARTESIAN_POINT('',(0.745,-0.6,0.405));
#3810 = DIRECTION('',(0.,1.,0.));
#3811 = DIRECTION('',(0.,-0.,1.));
#3812 = ORIENTED_EDGE('',*,*,#3813,.T.);
#3813 = EDGE_CURVE('',#3805,#3814,#3816,.T.);
#3814 = VERTEX_POINT('',#3815);
#3815 = CARTESIAN_POINT('',(0.955,-0.6,0.45));
#3816 = LINE('',#3817,#3818);
#3817 = CARTESIAN_POINT('',(0.7,-0.6,0.45));
#3818 = VECTOR('',#3819,1.);
#3819 = DIRECTION('',(1.,0.,0.));
#3820 = ORIENTED_EDGE('',*,*,#3821,.F.);
#3821 = EDGE_CURVE('',#3822,#3814,#3824,.T.);
#3822 = VERTEX_POINT('',#3823);
#3823 = CARTESIAN_POINT('',(1.,-0.6,0.405));
#3824 = CIRCLE('',#3825,4.5E-02);
#3825 = AXIS2_PLACEMENT_3D('',#3826,#3827,#3828);
#3826 = CARTESIAN_POINT('',(0.955,-0.6,0.405));
#3827 = DIRECTION('',(0.,-1.,0.));
#3828 = DIRECTION('',(0.,0.,1.));
#3829 = ORIENTED_EDGE('',*,*,#3830,.F.);
#3830 = EDGE_CURVE('',#3831,#3822,#3833,.T.);
#3831 = VERTEX_POINT('',#3832);
#3832 = CARTESIAN_POINT('',(1.,-0.6,4.5E-02));
#3833 = LINE('',#3834,#3835);
#3834 = CARTESIAN_POINT('',(1.,-0.6,0.));
#3835 = VECTOR('',#3836,1.);
#3836 = DIRECTION('',(0.,0.,1.));
#3837 = ORIENTED_EDGE('',*,*,#3838,.T.);
#3838 = EDGE_CURVE('',#3831,#3787,#3839,.T.);
#3839 = CIRCLE('',#3840,4.5E-02);
#3840 = AXIS2_PLACEMENT_3D('',#3841,#3842,#3843);
#3841 = CARTESIAN_POINT('',(0.955,-0.6,4.5E-02));
#3842 = DIRECTION('',(0.,1.,0.));
#3843 = DIRECTION('',(0.,-0.,1.));
#3844 = PLANE('',#3845);
#3845 = AXIS2_PLACEMENT_3D('',#3846,#3847,#3848);
#3846 = CARTESIAN_POINT('',(0.7,-0.6,0.));
#3847 = DIRECTION('',(0.,1.,0.));
#3848 = DIRECTION('',(0.,-0.,1.));
#3849 = ADVANCED_FACE('',(#3850),#3875,.F.);
#3850 = FACE_BOUND('',#3851,.F.);
#3851 = EDGE_LOOP('',(#3852,#3853,#3861,#3869));
#3852 = ORIENTED_EDGE('',*,*,#3638,.F.);
#3853 = ORIENTED_EDGE('',*,*,#3854,.T.);
#3854 = EDGE_CURVE('',#3437,#3855,#3857,.T.);
#3855 = VERTEX_POINT('',#3856);
#3856 = CARTESIAN_POINT('',(-0.7,-0.6,0.45));
#3857 = LINE('',#3858,#3859);
#3858 = CARTESIAN_POINT('',(-0.7,-0.6,0.405));
#3859 = VECTOR('',#3860,1.);
#3860 = DIRECTION('',(0.,0.,1.));
#3861 = ORIENTED_EDGE('',*,*,#3862,.T.);
#3862 = EDGE_CURVE('',#3855,#3863,#3865,.T.);
#3863 = VERTEX_POINT('',#3864);
#3864 = CARTESIAN_POINT('',(0.7,-0.6,0.45));
#3865 = LINE('',#3866,#3867);
#3866 = CARTESIAN_POINT('',(-0.7,-0.6,0.45));
#3867 = VECTOR('',#3868,1.);
#3868 = DIRECTION('',(1.,0.,0.));
#3869 = ORIENTED_EDGE('',*,*,#3870,.F.);
#3870 = EDGE_CURVE('',#3639,#3863,#3871,.T.);
#3871 = LINE('',#3872,#3873);
#3872 = CARTESIAN_POINT('',(0.7,-0.6,0.405));
#3873 = VECTOR('',#3874,1.);
#3874 = DIRECTION('',(0.,0.,1.));
#3875 = PLANE('',#3876);
#3876 = AXIS2_PLACEMENT_3D('',#3877,#3878,#3879);
#3877 = CARTESIAN_POINT('',(-0.7,-0.6,0.405));
#3878 = DIRECTION('',(0.,1.,0.));
#3879 = DIRECTION('',(0.,-0.,1.));
#3880 = ADVANCED_FACE('',(#3881),#3899,.F.);
#3881 = FACE_BOUND('',#3882,.F.);
#3882 = EDGE_LOOP('',(#3883,#3884,#3885,#3893));
#3883 = ORIENTED_EDGE('',*,*,#3854,.F.);
#3884 = ORIENTED_EDGE('',*,*,#3701,.T.);
#3885 = ORIENTED_EDGE('',*,*,#3886,.T.);
#3886 = EDGE_CURVE('',#3554,#3887,#3889,.T.);
#3887 = VERTEX_POINT('',#3888);
#3888 = CARTESIAN_POINT('',(-0.7,0.6,0.45));
#3889 = LINE('',#3890,#3891);
#3890 = CARTESIAN_POINT('',(-0.7,0.6,0.405));
#3891 = VECTOR('',#3892,1.);
#3892 = DIRECTION('',(0.,0.,1.));
#3893 = ORIENTED_EDGE('',*,*,#3894,.F.);
#3894 = EDGE_CURVE('',#3855,#3887,#3895,.T.);
#3895 = LINE('',#3896,#3897);
#3896 = CARTESIAN_POINT('',(-0.7,-0.6,0.45));
#3897 = VECTOR('',#3898,1.);
#3898 = DIRECTION('',(0.,1.,0.));
#3899 = PLANE('',#3900);
#3900 = AXIS2_PLACEMENT_3D('',#3901,#3902,#3903);
#3901 = CARTESIAN_POINT('',(-0.7,-0.6,0.405));
#3902 = DIRECTION('',(1.,0.,0.));
#3903 = DIRECTION('',(0.,0.,1.));
#3904 = ADVANCED_FACE('',(#3905),#3968,.T.);
#3905 = FACE_BOUND('',#3906,.T.);
#3906 = EDGE_LOOP('',(#3907,#3917,#3924,#3925,#3926,#3927,#3936,#3944,
    #3953,#3961));
#3907 = ORIENTED_EDGE('',*,*,#3908,.F.);
#3908 = EDGE_CURVE('',#3909,#3911,#3913,.T.);
#3909 = VERTEX_POINT('',#3910);
#3910 = CARTESIAN_POINT('',(0.745,0.6,-2.775557561563E-17));
#3911 = VERTEX_POINT('',#3912);
#3912 = CARTESIAN_POINT('',(0.955,0.6,-2.775557561563E-17));
#3913 = LINE('',#3914,#3915);
#3914 = CARTESIAN_POINT('',(0.7,0.6,0.));
#3915 = VECTOR('',#3916,1.);
#3916 = DIRECTION('',(1.,0.,0.));
#3917 = ORIENTED_EDGE('',*,*,#3918,.F.);
#3918 = EDGE_CURVE('',#3746,#3909,#3919,.T.);
#3919 = CIRCLE('',#3920,4.5E-02);
#3920 = AXIS2_PLACEMENT_3D('',#3921,#3922,#3923);
#3921 = CARTESIAN_POINT('',(0.745,0.6,4.5E-02));
#3922 = DIRECTION('',(0.,-1.,0.));
#3923 = DIRECTION('',(0.,0.,1.));
#3924 = ORIENTED_EDGE('',*,*,#3745,.T.);
#3925 = ORIENTED_EDGE('',*,*,#3737,.T.);
#3926 = ORIENTED_EDGE('',*,*,#3729,.F.);
#3927 = ORIENTED_EDGE('',*,*,#3928,.T.);
#3928 = EDGE_CURVE('',#3722,#3929,#3931,.T.);
#3929 = VERTEX_POINT('',#3930);
#3930 = CARTESIAN_POINT('',(0.745,0.6,0.45));
#3931 = CIRCLE('',#3932,4.5E-02);
#3932 = AXIS2_PLACEMENT_3D('',#3933,#3934,#3935);
#3933 = CARTESIAN_POINT('',(0.745,0.6,0.405));
#3934 = DIRECTION('',(0.,1.,0.));
#3935 = DIRECTION('',(0.,-0.,1.));
#3936 = ORIENTED_EDGE('',*,*,#3937,.T.);
#3937 = EDGE_CURVE('',#3929,#3938,#3940,.T.);
#3938 = VERTEX_POINT('',#3939);
#3939 = CARTESIAN_POINT('',(0.955,0.6,0.45));
#3940 = LINE('',#3941,#3942);
#3941 = CARTESIAN_POINT('',(0.7,0.6,0.45));
#3942 = VECTOR('',#3943,1.);
#3943 = DIRECTION('',(1.,0.,0.));
#3944 = ORIENTED_EDGE('',*,*,#3945,.F.);
#3945 = EDGE_CURVE('',#3946,#3938,#3948,.T.);
#3946 = VERTEX_POINT('',#3947);
#3947 = CARTESIAN_POINT('',(1.,0.6,0.405));
#3948 = CIRCLE('',#3949,4.5E-02);
#3949 = AXIS2_PLACEMENT_3D('',#3950,#3951,#3952);
#3950 = CARTESIAN_POINT('',(0.955,0.6,0.405));
#3951 = DIRECTION('',(0.,-1.,0.));
#3952 = DIRECTION('',(0.,0.,1.));
#3953 = ORIENTED_EDGE('',*,*,#3954,.F.);
#3954 = EDGE_CURVE('',#3955,#3946,#3957,.T.);
#3955 = VERTEX_POINT('',#3956);
#3956 = CARTESIAN_POINT('',(1.,0.6,4.5E-02));
#3957 = LINE('',#3958,#3959);
#3958 = CARTESIAN_POINT('',(1.,0.6,0.));
#3959 = VECTOR('',#3960,1.);
#3960 = DIRECTION('',(0.,0.,1.));
#3961 = ORIENTED_EDGE('',*,*,#3962,.T.);
#3962 = EDGE_CURVE('',#3955,#3911,#3963,.T.);
#3963 = CIRCLE('',#3964,4.5E-02);
#3964 = AXIS2_PLACEMENT_3D('',#3965,#3966,#3967);
#3965 = CARTESIAN_POINT('',(0.955,0.6,4.5E-02));
#3966 = DIRECTION('',(0.,1.,0.));
#3967 = DIRECTION('',(0.,-0.,1.));
#3968 = PLANE('',#3969);
#3969 = AXIS2_PLACEMENT_3D('',#3970,#3971,#3972);
#3970 = CARTESIAN_POINT('',(0.7,0.6,0.));
#3971 = DIRECTION('',(0.,1.,0.));
#3972 = DIRECTION('',(0.,-0.,1.));
#3973 = ADVANCED_FACE('',(#3974),#3992,.T.);
#3974 = FACE_BOUND('',#3975,.T.);
#3975 = EDGE_LOOP('',(#3976,#3977,#3978,#3986));
#3976 = ORIENTED_EDGE('',*,*,#3721,.F.);
#3977 = ORIENTED_EDGE('',*,*,#3886,.T.);
#3978 = ORIENTED_EDGE('',*,*,#3979,.T.);
#3979 = EDGE_CURVE('',#3887,#3980,#3982,.T.);
#3980 = VERTEX_POINT('',#3981);
#3981 = CARTESIAN_POINT('',(0.7,0.6,0.45));
#3982 = LINE('',#3983,#3984);
#3983 = CARTESIAN_POINT('',(-0.7,0.6,0.45));
#3984 = VECTOR('',#3985,1.);
#3985 = DIRECTION('',(1.,0.,0.));
#3986 = ORIENTED_EDGE('',*,*,#3987,.F.);
#3987 = EDGE_CURVE('',#3722,#3980,#3988,.T.);
#3988 = LINE('',#3989,#3990);
#3989 = CARTESIAN_POINT('',(0.7,0.6,0.405));
#3990 = VECTOR('',#3991,1.);
#3991 = DIRECTION('',(0.,0.,1.));
#3992 = PLANE('',#3993);
#3993 = AXIS2_PLACEMENT_3D('',#3994,#3995,#3996);
#3994 = CARTESIAN_POINT('',(-0.7,0.6,0.405));
#3995 = DIRECTION('',(0.,1.,0.));
#3996 = DIRECTION('',(0.,-0.,1.));
#3997 = ADVANCED_FACE('',(#3998),#4009,.T.);
#3998 = FACE_BOUND('',#3999,.T.);
#3999 = EDGE_LOOP('',(#4000,#4001,#4002,#4008));
#4000 = ORIENTED_EDGE('',*,*,#3769,.T.);
#4001 = ORIENTED_EDGE('',*,*,#3918,.T.);
#4002 = ORIENTED_EDGE('',*,*,#4003,.F.);
#4003 = EDGE_CURVE('',#3785,#3909,#4004,.T.);
#4004 = LINE('',#4005,#4006);
#4005 = CARTESIAN_POINT('',(0.745,-0.6,-2.775557561563E-17));
#4006 = VECTOR('',#4007,1.);
#4007 = DIRECTION('',(0.,1.,0.));
#4008 = ORIENTED_EDGE('',*,*,#3794,.F.);
#4009 = CYLINDRICAL_SURFACE('',#4010,4.5E-02);
#4010 = AXIS2_PLACEMENT_3D('',#4011,#4012,#4013);
#4011 = CARTESIAN_POINT('',(0.745,-0.6,4.5E-02));
#4012 = DIRECTION('',(0.,1.,0.));
#4013 = DIRECTION('',(-1.,0.,0.));
#4014 = ADVANCED_FACE('',(#4015),#4026,.F.);
#4015 = FACE_BOUND('',#4016,.F.);
#4016 = EDGE_LOOP('',(#4017,#4018,#4019,#4020));
#4017 = ORIENTED_EDGE('',*,*,#3908,.F.);
#4018 = ORIENTED_EDGE('',*,*,#4003,.F.);
#4019 = ORIENTED_EDGE('',*,*,#3784,.T.);
#4020 = ORIENTED_EDGE('',*,*,#4021,.T.);
#4021 = EDGE_CURVE('',#3787,#3911,#4022,.T.);
#4022 = LINE('',#4023,#4024);
#4023 = CARTESIAN_POINT('',(0.955,-0.6,-2.775557561563E-17));
#4024 = VECTOR('',#4025,1.);
#4025 = DIRECTION('',(0.,1.,0.));
#4026 = PLANE('',#4027);
#4027 = AXIS2_PLACEMENT_3D('',#4028,#4029,#4030);
#4028 = CARTESIAN_POINT('',(0.7,-0.6,0.));
#4029 = DIRECTION('',(0.,0.,1.));
#4030 = DIRECTION('',(1.,0.,-0.));
#4031 = ADVANCED_FACE('',(#4032),#4043,.T.);
#4032 = FACE_BOUND('',#4033,.T.);
#4033 = EDGE_LOOP('',(#4034,#4035,#4036,#4037));
#4034 = ORIENTED_EDGE('',*,*,#3838,.T.);
#4035 = ORIENTED_EDGE('',*,*,#4021,.T.);
#4036 = ORIENTED_EDGE('',*,*,#3962,.F.);
#4037 = ORIENTED_EDGE('',*,*,#4038,.F.);
#4038 = EDGE_CURVE('',#3831,#3955,#4039,.T.);
#4039 = LINE('',#4040,#4041);
#4040 = CARTESIAN_POINT('',(1.,-0.6,4.5E-02));
#4041 = VECTOR('',#4042,1.);
#4042 = DIRECTION('',(0.,1.,0.));
#4043 = CYLINDRICAL_SURFACE('',#4044,4.5E-02);
#4044 = AXIS2_PLACEMENT_3D('',#4045,#4046,#4047);
#4045 = CARTESIAN_POINT('',(0.955,-0.6,4.5E-02));
#4046 = DIRECTION('',(0.,1.,0.));
#4047 = DIRECTION('',(1.,0.,0.));
#4048 = ADVANCED_FACE('',(#4049),#4060,.T.);
#4049 = FACE_BOUND('',#4050,.T.);
#4050 = EDGE_LOOP('',(#4051,#4052,#4053,#4054));
#4051 = ORIENTED_EDGE('',*,*,#3830,.F.);
#4052 = ORIENTED_EDGE('',*,*,#4038,.T.);
#4053 = ORIENTED_EDGE('',*,*,#3954,.T.);
#4054 = ORIENTED_EDGE('',*,*,#4055,.F.);
#4055 = EDGE_CURVE('',#3822,#3946,#4056,.T.);
#4056 = LINE('',#4057,#4058);
#4057 = CARTESIAN_POINT('',(1.,-0.6,0.405));
#4058 = VECTOR('',#4059,1.);
#4059 = DIRECTION('',(0.,1.,0.));
#4060 = PLANE('',#4061);
#4061 = AXIS2_PLACEMENT_3D('',#4062,#4063,#4064);
#4062 = CARTESIAN_POINT('',(1.,-0.6,0.));
#4063 = DIRECTION('',(1.,0.,0.));
#4064 = DIRECTION('',(0.,0.,1.));
#4065 = ADVANCED_FACE('',(#4066),#4077,.T.);
#4066 = FACE_BOUND('',#4067,.T.);
#4067 = EDGE_LOOP('',(#4068,#4069,#4070,#4076));
#4068 = ORIENTED_EDGE('',*,*,#4055,.T.);
#4069 = ORIENTED_EDGE('',*,*,#3945,.T.);
#4070 = ORIENTED_EDGE('',*,*,#4071,.F.);
#4071 = EDGE_CURVE('',#3814,#3938,#4072,.T.);
#4072 = LINE('',#4073,#4074);
#4073 = CARTESIAN_POINT('',(0.955,-0.6,0.45));
#4074 = VECTOR('',#4075,1.);
#4075 = DIRECTION('',(0.,1.,0.));
#4076 = ORIENTED_EDGE('',*,*,#3821,.F.);
#4077 = CYLINDRICAL_SURFACE('',#4078,4.5E-02);
#4078 = AXIS2_PLACEMENT_3D('',#4079,#4080,#4081);
#4079 = CARTESIAN_POINT('',(0.955,-0.6,0.405));
#4080 = DIRECTION('',(0.,1.,0.));
#4081 = DIRECTION('',(1.,0.,0.));
#4082 = ADVANCED_FACE('',(#4083),#4094,.T.);
#4083 = FACE_BOUND('',#4084,.T.);
#4084 = EDGE_LOOP('',(#4085,#4086,#4092,#4093));
#4085 = ORIENTED_EDGE('',*,*,#3937,.F.);
#4086 = ORIENTED_EDGE('',*,*,#4087,.F.);
#4087 = EDGE_CURVE('',#3805,#3929,#4088,.T.);
#4088 = LINE('',#4089,#4090);
#4089 = CARTESIAN_POINT('',(0.745,-0.6,0.45));
#4090 = VECTOR('',#4091,1.);
#4091 = DIRECTION('',(0.,1.,0.));
#4092 = ORIENTED_EDGE('',*,*,#3813,.T.);
#4093 = ORIENTED_EDGE('',*,*,#4071,.T.);
#4094 = PLANE('',#4095);
#4095 = AXIS2_PLACEMENT_3D('',#4096,#4097,#4098);
#4096 = CARTESIAN_POINT('',(0.7,-0.6,0.45));
#4097 = DIRECTION('',(0.,0.,1.));
#4098 = DIRECTION('',(1.,0.,-0.));
#4099 = ADVANCED_FACE('',(#4100),#4111,.T.);
#4100 = FACE_BOUND('',#4101,.T.);
#4101 = EDGE_LOOP('',(#4102,#4103,#4104,#4105));
#4102 = ORIENTED_EDGE('',*,*,#3804,.T.);
#4103 = ORIENTED_EDGE('',*,*,#4087,.T.);
#4104 = ORIENTED_EDGE('',*,*,#3928,.F.);
#4105 = ORIENTED_EDGE('',*,*,#4106,.F.);
#4106 = EDGE_CURVE('',#3639,#3722,#4107,.T.);
#4107 = LINE('',#4108,#4109);
#4108 = CARTESIAN_POINT('',(0.7,-0.6,0.405));
#4109 = VECTOR('',#4110,1.);
#4110 = DIRECTION('',(0.,1.,0.));
#4111 = CYLINDRICAL_SURFACE('',#4112,4.5E-02);
#4112 = AXIS2_PLACEMENT_3D('',#4113,#4114,#4115);
#4113 = CARTESIAN_POINT('',(0.745,-0.6,0.405));
#4114 = DIRECTION('',(0.,1.,0.));
#4115 = DIRECTION('',(-1.,0.,0.));
#4116 = ADVANCED_FACE('',(#4117),#4128,.T.);
#4117 = FACE_BOUND('',#4118,.T.);
#4118 = EDGE_LOOP('',(#4119,#4120,#4121,#4122));
#4119 = ORIENTED_EDGE('',*,*,#3870,.F.);
#4120 = ORIENTED_EDGE('',*,*,#4106,.T.);
#4121 = ORIENTED_EDGE('',*,*,#3987,.T.);
#4122 = ORIENTED_EDGE('',*,*,#4123,.F.);
#4123 = EDGE_CURVE('',#3863,#3980,#4124,.T.);
#4124 = LINE('',#4125,#4126);
#4125 = CARTESIAN_POINT('',(0.7,-0.6,0.45));
#4126 = VECTOR('',#4127,1.);
#4127 = DIRECTION('',(0.,1.,0.));
#4128 = PLANE('',#4129);
#4129 = AXIS2_PLACEMENT_3D('',#4130,#4131,#4132);
#4130 = CARTESIAN_POINT('',(0.7,-0.6,0.405));
#4131 = DIRECTION('',(1.,0.,0.));
#4132 = DIRECTION('',(0.,0.,1.));
#4133 = ADVANCED_FACE('',(#4134),#4140,.T.);
#4134 = FACE_BOUND('',#4135,.T.);
#4135 = EDGE_LOOP('',(#4136,#4137,#4138,#4139));
#4136 = ORIENTED_EDGE('',*,*,#3894,.F.);
#4137 = ORIENTED_EDGE('',*,*,#3862,.T.);
#4138 = ORIENTED_EDGE('',*,*,#4123,.T.);
#4139 = ORIENTED_EDGE('',*,*,#3979,.F.);
#4140 = PLANE('',#4141);
#4141 = AXIS2_PLACEMENT_3D('',#4142,#4143,#4144);
#4142 = CARTESIAN_POINT('',(-0.7,-0.6,0.45));
#4143 = DIRECTION('',(0.,0.,1.));
#4144 = DIRECTION('',(1.,0.,-0.));
#4145 = ( GEOMETRIC_REPRESENTATION_CONTEXT(3) 
GLOBAL_UNCERTAINTY_ASSIGNED_CONTEXT((#4149)) 
GLOBAL_UNIT_ASSIGNED_CONTEXT((#4146,#4147,#4148)) REPRESENTATION_CONTEXT
('Context #1','3D Context with UNIT and UNCERTAINTY') );
#4146 = ( LENGTH_UNIT() NAMED_UNIT(*) SI_UNIT(.MILLI.,.METRE.) );
#4147 = ( NAMED_UNIT(*) PLANE_ANGLE_UNIT() SI_UNIT($,.RADIAN.) );
#4148 = ( NAMED_UNIT(*) SI_UNIT($,.STERADIAN.) SOLID_ANGLE_UNIT() );
#4149 = UNCERTAINTY_MEASURE_WITH_UNIT(LENGTH_MEASURE(1.E-07),#4146,
  'distance_accuracy_value','confusion accuracy');
#4150 = CONTEXT_DEPENDENT_SHAPE_REPRESENTATION(#4151,#4153);
#4151 = ( REPRESENTATION_RELATIONSHIP('','',#3354,#3331) 
REPRESENTATION_RELATIONSHIP_WITH_TRANSFORMATION(#4152) 
SHAPE_REPRESENTATION_RELATIONSHIP() );
#4152 = ITEM_DEFINED_TRANSFORMATION('','',#11,#3332);
#4153 = PRODUCT_DEFINITION_SHAPE('Placement','Placement of an item',
  #4154);
#4154 = NEXT_ASSEMBLY_USAGE_OCCURRENCE('8','=>[0:1:1:9]','',#3326,#3349,
  $);
#4155 = PRODUCT_RELATED_PRODUCT_CATEGORY('part',$,(#3351));
#4156 = CONTEXT_DEPENDENT_SHAPE_REPRESENTATION(#4157,#4159);
#4157 = ( REPRESENTATION_RELATIONSHIP('','',#406,#10) 
REPRESENTATION_RELATIONSHIP_WITH_TRANSFORMATION(#4158) 
SHAPE_REPRESENTATION_RELATIONSHIP() );
#4158 = ITEM_DEFINED_TRANSFORMATION('','',#11,#35);
#4159 = PRODUCT_DEFINITION_SHAPE('Placement','Placement of an item',
  #4160);
#4160 = NEXT_ASSEMBLY_USAGE_OCCURRENCE('10','C4','',#5,#401,$);
#4161 = CONTEXT_DEPENDENT_SHAPE_REPRESENTATION(#4162,#4164);
#4162 = ( REPRESENTATION_RELATIONSHIP('','',#3331,#10) 
REPRESENTATION_RELATIONSHIP_WITH_TRANSFORMATION(#4163) 
SHAPE_REPRESENTATION_RELATIONSHIP() );
#4163 = ITEM_DEFINED_TRANSFORMATION('','',#11,#39);
#4164 = PRODUCT_DEFINITION_SHAPE('Placement','Placement of an item',
  #4165);
#4165 = NEXT_ASSEMBLY_USAGE_OCCURRENCE('11','R2','',#5,#3326,$);
#4166 = SHAPE_DEFINITION_REPRESENTATION(#4167,#4173);
#4167 = PRODUCT_DEFINITION_SHAPE('','',#4168);
#4168 = PRODUCT_DEFINITION('design','',#4169,#4172);
#4169 = PRODUCT_DEFINITION_FORMATION('','',#4170);
#4170 = PRODUCT('S8B-PH-SM4-TB','S8B-PH-SM4-TB','',(#4171));
#4171 = PRODUCT_CONTEXT('',#2,'mechanical');
#4172 = PRODUCT_DEFINITION_CONTEXT('part definition',#2,'design');
#4173 = SHAPE_REPRESENTATION('',(#11,#4174),#4178);
#4174 = AXIS2_PLACEMENT_3D('',#4175,#4176,#4177);
#4175 = CARTESIAN_POINT('',(0.,0.,0.));
#4176 = DIRECTION('',(0.,0.,1.));
#4177 = DIRECTION('',(1.,0.,-0.));
#4178 = ( GEOMETRIC_REPRESENTATION_CONTEXT(3) 
GLOBAL_UNCERTAINTY_ASSIGNED_CONTEXT((#4182)) 
GLOBAL_UNIT_ASSIGNED_CONTEXT((#4179,#4180,#4181)) REPRESENTATION_CONTEXT
('Context #1','3D Context with UNIT and UNCERTAINTY') );
#4179 = ( LENGTH_UNIT() NAMED_UNIT(*) SI_UNIT(.MILLI.,.METRE.) );
#4180 = ( NAMED_UNIT(*) PLANE_ANGLE_UNIT() SI_UNIT($,.RADIAN.) );
#4181 = ( NAMED_UNIT(*) SI_UNIT($,.STERADIAN.) SOLID_ANGLE_UNIT() );
#4182 = UNCERTAINTY_MEASURE_WITH_UNIT(LENGTH_MEASURE(1.E-07),#4179,
  'distance_accuracy_value','confusion accuracy');
#4183 = CONTEXT_DEPENDENT_SHAPE_REPRESENTATION(#4184,#4186);
#4184 = ( REPRESENTATION_RELATIONSHIP('','',#4173,#10) 
REPRESENTATION_RELATIONSHIP_WITH_TRANSFORMATION(#4185) 
SHAPE_REPRESENTATION_RELATIONSHIP() );
#4185 = ITEM_DEFINED_TRANSFORMATION('','',#11,#43);
#4186 = PRODUCT_DEFINITION_SHAPE('Placement','Placement of an item',
  #4187);
#4187 = NEXT_ASSEMBLY_USAGE_OCCURRENCE('14','J1','',#5,#4168,$);
#4188 = PRODUCT_RELATED_PRODUCT_CATEGORY('part',$,(#4170));
#4189 = SHAPE_DEFINITION_REPRESENTATION(#4190,#4196);
#4190 = PRODUCT_DEFINITION_SHAPE('','',#4191);
#4191 = PRODUCT_DEFINITION('design','',#4192,#4195);
#4192 = PRODUCT_DEFINITION_FORMATION('','',#4193);
#4193 = PRODUCT('SxBwhite8','SxBwhite8','',(#4194));
#4194 = PRODUCT_CONTEXT('',#2,'mechanical');
#4195 = PRODUCT_DEFINITION_CONTEXT('part definition',#2,'design');
#4196 = SHAPE_REPRESENTATION('',(#11,#4197),#4201);
#4197 = AXIS2_PLACEMENT_3D('',#4198,#4199,#4200);
#4198 = CARTESIAN_POINT('',(-6.,0.,4.3));
#4199 = DIRECTION('',(0.,0.,1.));
#4200 = DIRECTION('',(1.,0.,0.));
#4201 = ( GEOMETRIC_REPRESENTATION_CONTEXT(3) 
GLOBAL_UNCERTAINTY_ASSIGNED_CONTEXT((#4205)) 
GLOBAL_UNIT_ASSIGNED_CONTEXT((#4202,#4203,#4204)) REPRESENTATION_CONTEXT
('Context #1','3D Context with UNIT and UNCERTAINTY') );
#4202 = ( LENGTH_UNIT() NAMED_UNIT(*) SI_UNIT(.MILLI.,.METRE.) );
#4203 = ( NAMED_UNIT(*) PLANE_ANGLE_UNIT() SI_UNIT($,.RADIAN.) );
#4204 = ( NAMED_UNIT(*) SI_UNIT($,.STERADIAN.) SOLID_ANGLE_UNIT() );
#4205 = UNCERTAINTY_MEASURE_WITH_UNIT(LENGTH_MEASURE(1.E-07),#4202,
  'distance_accuracy_value','confusion accuracy');
#4206 = CONTEXT_DEPENDENT_SHAPE_REPRESENTATION(#4207,#4209);
#4207 = ( REPRESENTATION_RELATIONSHIP('','',#4196,#4173) 
REPRESENTATION_RELATIONSHIP_WITH_TRANSFORMATION(#4208) 
SHAPE_REPRESENTATION_RELATIONSHIP() );
#4208 = ITEM_DEFINED_TRANSFORMATION('','',#11,#4174);
#4209 = PRODUCT_DEFINITION_SHAPE('Placement','Placement of an item',
  #4210);
#4210 = NEXT_ASSEMBLY_USAGE_OCCURRENCE('13','=>[0:1:1:11]','',#4168,
  #4191,$);
#4211 = PRODUCT_RELATED_PRODUCT_CATEGORY('part',$,(#4193));
#4212 = SHAPE_DEFINITION_REPRESENTATION(#4213,#4219);
#4213 = PRODUCT_DEFINITION_SHAPE('','',#4214);
#4214 = PRODUCT_DEFINITION('design','',#4215,#4218);
#4215 = PRODUCT_DEFINITION_FORMATION('','',#4216);
#4216 = PRODUCT('SxB-PH-SM4-TB white_8','SxB-PH-SM4-TB white_8','',(
    #4217));
#4217 = PRODUCT_CONTEXT('',#2,'mechanical');
#4218 = PRODUCT_DEFINITION_CONTEXT('part definition',#2,'design');
#4219 = SHAPE_REPRESENTATION('',(#11,#4220,#4799,#5279,#5759,#6338,#6917
    ,#7496,#8075,#8654,#9233,#9812),#13714);
#4220 = MANIFOLD_SOLID_BREP('',#4221);
#4221 = CLOSED_SHELL('',(#4222,#4262,#4295,#4326,#4357,#4388,#4419,#4450
    ,#4483,#4514,#4547,#4578,#4609,#4640,#4671,#4693,#4722,#4751,#4763,
    #4775,#4787));
#4222 = ADVANCED_FACE('',(#4223),#4257,.F.);
#4223 = FACE_BOUND('',#4224,.T.);
#4224 = EDGE_LOOP('',(#4225,#4235,#4243,#4251));
#4225 = ORIENTED_EDGE('',*,*,#4226,.F.);
#4226 = EDGE_CURVE('',#4227,#4229,#4231,.T.);
#4227 = VERTEX_POINT('',#4228);
#4228 = CARTESIAN_POINT('',(-0.75,2.85,-6.));
#4229 = VERTEX_POINT('',#4230);
#4230 = CARTESIAN_POINT('',(-0.75,0.569683956536,-6.));
#4231 = LINE('',#4232,#4233);
#4232 = CARTESIAN_POINT('',(-0.75,2.85,-6.));
#4233 = VECTOR('',#4234,1.);
#4234 = DIRECTION('',(0.,-1.,0.));
#4235 = ORIENTED_EDGE('',*,*,#4236,.F.);
#4236 = EDGE_CURVE('',#4237,#4227,#4239,.T.);
#4237 = VERTEX_POINT('',#4238);
#4238 = CARTESIAN_POINT('',(-1.25,2.85,-6.));
#4239 = LINE('',#4240,#4241);
#4240 = CARTESIAN_POINT('',(-1.25,2.85,-6.));
#4241 = VECTOR('',#4242,1.);
#4242 = DIRECTION('',(1.,5.374889246201E-17,7.281636885445E-15));
#4243 = ORIENTED_EDGE('',*,*,#4244,.T.);
#4244 = EDGE_CURVE('',#4237,#4245,#4247,.T.);
#4245 = VERTEX_POINT('',#4246);
#4246 = CARTESIAN_POINT('',(-1.25,0.569683956536,-6.));
#4247 = LINE('',#4248,#4249);
#4248 = CARTESIAN_POINT('',(-1.25,2.85,-6.));
#4249 = VECTOR('',#4250,1.);
#4250 = DIRECTION('',(0.,-1.,0.));
#4251 = ORIENTED_EDGE('',*,*,#4252,.T.);
#4252 = EDGE_CURVE('',#4245,#4229,#4253,.T.);
#4253 = LINE('',#4254,#4255);
#4254 = CARTESIAN_POINT('',(-1.25,0.569683956536,-6.));
#4255 = VECTOR('',#4256,1.);
#4256 = DIRECTION('',(1.,5.374889246201E-17,7.281636885445E-15));
#4257 = PLANE('',#4258);
#4258 = AXIS2_PLACEMENT_3D('',#4259,#4260,#4261);
#4259 = CARTESIAN_POINT('',(-1.25,2.85,-6.));
#4260 = DIRECTION('',(7.281636885445E-15,0.,-1.));
#4261 = DIRECTION('',(1.,0.,7.281636885445E-15));
#4262 = ADVANCED_FACE('',(#4263),#4290,.T.);
#4263 = FACE_BOUND('',#4264,.T.);
#4264 = EDGE_LOOP('',(#4265,#4274,#4275,#4284));
#4265 = ORIENTED_EDGE('',*,*,#4266,.F.);
#4266 = EDGE_CURVE('',#4229,#4267,#4269,.T.);
#4267 = VERTEX_POINT('',#4268);
#4268 = CARTESIAN_POINT('',(-0.75,-2.974497641265E-02,-6.573828367581));
#4269 = CIRCLE('',#4270,0.6);
#4270 = AXIS2_PLACEMENT_3D('',#4271,#4272,#4273);
#4271 = CARTESIAN_POINT('',(-0.75,0.569683956536,-6.6));
#4272 = DIRECTION('',(1.,5.374889246201E-17,7.281636885445E-15));
#4273 = DIRECTION('',(7.281636885445E-15,2.88214472986E-33,-1.));
#4274 = ORIENTED_EDGE('',*,*,#4252,.F.);
#4275 = ORIENTED_EDGE('',*,*,#4276,.T.);
#4276 = EDGE_CURVE('',#4245,#4277,#4279,.T.);
#4277 = VERTEX_POINT('',#4278);
#4278 = CARTESIAN_POINT('',(-1.25,-2.974497641265E-02,-6.573828367581));
#4279 = CIRCLE('',#4280,0.6);
#4280 = AXIS2_PLACEMENT_3D('',#4281,#4282,#4283);
#4281 = CARTESIAN_POINT('',(-1.25,0.569683956536,-6.6));
#4282 = DIRECTION('',(1.,5.374889246201E-17,7.281636885445E-15));
#4283 = DIRECTION('',(7.281636885445E-15,2.88214472986E-33,-1.));
#4284 = ORIENTED_EDGE('',*,*,#4285,.T.);
#4285 = EDGE_CURVE('',#4277,#4267,#4286,.T.);
#4286 = LINE('',#4287,#4288);
#4287 = CARTESIAN_POINT('',(-1.25,-2.974497641265E-02,-6.573828367581));
#4288 = VECTOR('',#4289,1.);
#4289 = DIRECTION('',(1.,5.374889246201E-17,7.281636885445E-15));
#4290 = CYLINDRICAL_SURFACE('',#4291,0.6);
#4291 = AXIS2_PLACEMENT_3D('',#4292,#4293,#4294);
#4292 = CARTESIAN_POINT('',(-1.25,0.569683956536,-6.6));
#4293 = DIRECTION('',(1.,5.374889246201E-17,7.281636885445E-15));
#4294 = DIRECTION('',(-7.281636885445E-15,-2.88214472986E-33,1.));
#4295 = ADVANCED_FACE('',(#4296),#4321,.F.);
#4296 = FACE_BOUND('',#4297,.T.);
#4297 = EDGE_LOOP('',(#4298,#4306,#4307,#4315));
#4298 = ORIENTED_EDGE('',*,*,#4299,.F.);
#4299 = EDGE_CURVE('',#4267,#4300,#4302,.T.);
#4300 = VERTEX_POINT('',#4301);
#4301 = CARTESIAN_POINT('',(-0.75,-9.999999999983E-02,-8.182932956421));
#4302 = LINE('',#4303,#4304);
#4303 = CARTESIAN_POINT('',(-0.75,-2.974497641265E-02,-6.573828367581));
#4304 = VECTOR('',#4305,1.);
#4305 = DIRECTION('',(7.27003005616E-15,-4.361938736534E-02,
    -0.999048221582));
#4306 = ORIENTED_EDGE('',*,*,#4285,.F.);
#4307 = ORIENTED_EDGE('',*,*,#4308,.T.);
#4308 = EDGE_CURVE('',#4277,#4309,#4311,.T.);
#4309 = VERTEX_POINT('',#4310);
#4310 = CARTESIAN_POINT('',(-1.25,-9.999999999983E-02,-8.182932956421));
#4311 = LINE('',#4312,#4313);
#4312 = CARTESIAN_POINT('',(-1.25,-2.974497641265E-02,-6.573828367581));
#4313 = VECTOR('',#4314,1.);
#4314 = DIRECTION('',(7.27003005616E-15,-4.361938736534E-02,
    -0.999048221582));
#4315 = ORIENTED_EDGE('',*,*,#4316,.T.);
#4316 = EDGE_CURVE('',#4309,#4300,#4317,.T.);
#4317 = LINE('',#4318,#4319);
#4318 = CARTESIAN_POINT('',(-1.25,-9.999999999983E-02,-8.182932956421));
#4319 = VECTOR('',#4320,1.);
#4320 = DIRECTION('',(1.,5.374889246201E-17,7.281636885445E-15));
#4321 = PLANE('',#4322);
#4322 = AXIS2_PLACEMENT_3D('',#4323,#4324,#4325);
#4323 = CARTESIAN_POINT('',(-1.25,-2.974497641265E-02,-6.573828367581));
#4324 = DIRECTION('',(2.639228045338E-16,0.999048221582,
    -4.361938736534E-02));
#4325 = DIRECTION('',(0.,4.361938736534E-02,0.999048221582));
#4326 = ADVANCED_FACE('',(#4327),#4352,.F.);
#4327 = FACE_BOUND('',#4328,.T.);
#4328 = EDGE_LOOP('',(#4329,#4330,#4338,#4346));
#4329 = ORIENTED_EDGE('',*,*,#4316,.F.);
#4330 = ORIENTED_EDGE('',*,*,#4331,.F.);
#4331 = EDGE_CURVE('',#4332,#4309,#4334,.T.);
#4332 = VERTEX_POINT('',#4333);
#4333 = CARTESIAN_POINT('',(-1.142820323028,-1.754293278778E-02,
    -8.58691418379));
#4334 = LINE('',#4335,#4336);
#4335 = CARTESIAN_POINT('',(-1.214566258199,-7.273958541536E-02,
    -8.316489680117));
#4336 = VECTOR('',#4337,1.);
#4337 = DIRECTION('',(-0.251587526195,-0.193555066997,0.948282738798));
#4338 = ORIENTED_EDGE('',*,*,#4339,.T.);
#4339 = EDGE_CURVE('',#4332,#4340,#4342,.T.);
#4340 = VERTEX_POINT('',#4341);
#4341 = CARTESIAN_POINT('',(-0.857179676973,-1.754293278778E-02,
    -8.58691418379));
#4342 = LINE('',#4343,#4344);
#4343 = CARTESIAN_POINT('',(-1.25,-1.754293278778E-02,-8.58691418379));
#4344 = VECTOR('',#4345,1.);
#4345 = DIRECTION('',(1.,5.374889246201E-17,7.281636885445E-15));
#4346 = ORIENTED_EDGE('',*,*,#4347,.F.);
#4347 = EDGE_CURVE('',#4300,#4340,#4348,.T.);
#4348 = LINE('',#4349,#4350);
#4349 = CARTESIAN_POINT('',(-0.874896547873,-3.912725495543E-03,
    -8.653692545638));
#4350 = VECTOR('',#4351,1.);
#4351 = DIRECTION('',(-0.251587526195,0.193555066997,-0.948282738798));
#4352 = PLANE('',#4353);
#4353 = AXIS2_PLACEMENT_3D('',#4354,#4355,#4356);
#4354 = CARTESIAN_POINT('',(-1.25,-9.999999999983E-02,-8.182932956421));
#4355 = DIRECTION('',(-1.508901352801E-15,0.97979839483,0.199987763349)
  );
#4356 = DIRECTION('',(0.,-0.199987763349,0.97979839483));
#4357 = ADVANCED_FACE('',(#4358),#4383,.F.);
#4358 = FACE_BOUND('',#4359,.T.);
#4359 = EDGE_LOOP('',(#4360,#4361,#4369,#4377));
#4360 = ORIENTED_EDGE('',*,*,#4339,.F.);
#4361 = ORIENTED_EDGE('',*,*,#4362,.F.);
#4362 = EDGE_CURVE('',#4363,#4332,#4365,.T.);
#4363 = VERTEX_POINT('',#4364);
#4364 = CARTESIAN_POINT('',(-1.142820323028,0.282171533687,-8.6));
#4365 = LINE('',#4366,#4367);
#4366 = CARTESIAN_POINT('',(-1.142820323028,-1.754293278778E-02,
    -8.58691418379));
#4367 = VECTOR('',#4368,1.);
#4368 = DIRECTION('',(-2.639228045338E-16,-0.999048221582,
    4.361938736534E-02));
#4369 = ORIENTED_EDGE('',*,*,#4370,.T.);
#4370 = EDGE_CURVE('',#4363,#4371,#4373,.T.);
#4371 = VERTEX_POINT('',#4372);
#4372 = CARTESIAN_POINT('',(-0.857179676973,0.282171533687,-8.6));
#4373 = LINE('',#4374,#4375);
#4374 = CARTESIAN_POINT('',(-1.25,0.282171533687,-8.6));
#4375 = VECTOR('',#4376,1.);
#4376 = DIRECTION('',(1.,5.374889246201E-17,7.281636885445E-15));
#4377 = ORIENTED_EDGE('',*,*,#4378,.F.);
#4378 = EDGE_CURVE('',#4340,#4371,#4379,.T.);
#4379 = LINE('',#4380,#4381);
#4380 = CARTESIAN_POINT('',(-0.857179676973,0.282171533687,-8.6));
#4381 = VECTOR('',#4382,1.);
#4382 = DIRECTION('',(2.639228045338E-16,0.999048221582,
    -4.361938736534E-02));
#4383 = PLANE('',#4384);
#4384 = AXIS2_PLACEMENT_3D('',#4385,#4386,#4387);
#4385 = CARTESIAN_POINT('',(-1.25,0.282171533687,-8.6));
#4386 = DIRECTION('',(-7.27705087437E-15,4.361938736534E-02,
    0.999048221582));
#4387 = DIRECTION('',(0.,-0.999048221582,4.361938736534E-02));
#4388 = ADVANCED_FACE('',(#4389),#4414,.F.);
#4389 = FACE_BOUND('',#4390,.T.);
#4390 = EDGE_LOOP('',(#4391,#4392,#4400,#4408));
#4391 = ORIENTED_EDGE('',*,*,#4370,.F.);
#4392 = ORIENTED_EDGE('',*,*,#4393,.F.);
#4393 = EDGE_CURVE('',#4394,#4363,#4396,.T.);
#4394 = VERTEX_POINT('',#4395);
#4395 = CARTESIAN_POINT('',(-1.25,0.399524110791,-8.204742650104));
#4396 = LINE('',#4397,#4398);
#4397 = CARTESIAN_POINT('',(-1.255905623634,0.405990263446,
    -8.18296388371));
#4398 = VECTOR('',#4399,1.);
#4399 = DIRECTION('',(0.251587526195,-0.275466817966,-0.927804801056));
#4400 = ORIENTED_EDGE('',*,*,#4401,.T.);
#4401 = EDGE_CURVE('',#4394,#4402,#4404,.T.);
#4402 = VERTEX_POINT('',#4403);
#4403 = CARTESIAN_POINT('',(-0.75,0.399524110791,-8.204742650104));
#4404 = LINE('',#4405,#4406);
#4405 = CARTESIAN_POINT('',(-1.25,0.399524110791,-8.204742650104));
#4406 = VECTOR('',#4407,1.);
#4407 = DIRECTION('',(1.,5.374889246201E-17,7.281636885445E-15));
#4408 = ORIENTED_EDGE('',*,*,#4409,.F.);
#4409 = EDGE_CURVE('',#4371,#4402,#4410,.T.);
#4410 = LINE('',#4411,#4412);
#4411 = CARTESIAN_POINT('',(-0.857179676973,0.282171533687,-8.6));
#4412 = VECTOR('',#4413,1.);
#4413 = DIRECTION('',(0.251587526195,0.275466817966,0.927804801056));
#4414 = PLANE('',#4415);
#4415 = AXIS2_PLACEMENT_3D('',#4416,#4417,#4418);
#4416 = CARTESIAN_POINT('',(-1.25,0.399524110791,-8.204742650104));
#4417 = DIRECTION('',(-2.020986811672E-15,-0.958639884073,0.284621806376
    ));
#4418 = DIRECTION('',(0.,-0.284621806376,-0.958639884073));
#4419 = ADVANCED_FACE('',(#4420),#4445,.F.);
#4420 = FACE_BOUND('',#4421,.T.);
#4421 = EDGE_LOOP('',(#4422,#4430,#4431,#4439));
#4422 = ORIENTED_EDGE('',*,*,#4423,.F.);
#4423 = EDGE_CURVE('',#4402,#4424,#4426,.T.);
#4424 = VERTEX_POINT('',#4425);
#4425 = CARTESIAN_POINT('',(-0.75,0.469779134378,-6.595638061264));
#4426 = LINE('',#4427,#4428);
#4427 = CARTESIAN_POINT('',(-0.75,0.469779134378,-6.595638061264));
#4428 = VECTOR('',#4429,1.);
#4429 = DIRECTION('',(-7.27003005616E-15,4.361938736534E-02,
    0.999048221582));
#4430 = ORIENTED_EDGE('',*,*,#4401,.F.);
#4431 = ORIENTED_EDGE('',*,*,#4432,.T.);
#4432 = EDGE_CURVE('',#4394,#4433,#4435,.T.);
#4433 = VERTEX_POINT('',#4434);
#4434 = CARTESIAN_POINT('',(-1.25,0.469779134378,-6.595638061264));
#4435 = LINE('',#4436,#4437);
#4436 = CARTESIAN_POINT('',(-1.25,0.469779134378,-6.595638061264));
#4437 = VECTOR('',#4438,1.);
#4438 = DIRECTION('',(-7.27003005616E-15,4.361938736534E-02,
    0.999048221582));
#4439 = ORIENTED_EDGE('',*,*,#4440,.T.);
#4440 = EDGE_CURVE('',#4433,#4424,#4441,.T.);
#4441 = LINE('',#4442,#4443);
#4442 = CARTESIAN_POINT('',(-1.25,0.469779134378,-6.595638061264));
#4443 = VECTOR('',#4444,1.);
#4444 = DIRECTION('',(1.,5.374889246201E-17,7.281636885445E-15));
#4445 = PLANE('',#4446);
#4446 = AXIS2_PLACEMENT_3D('',#4447,#4448,#4449);
#4447 = CARTESIAN_POINT('',(-1.25,0.469779134378,-6.595638061264));
#4448 = DIRECTION('',(-2.639228045338E-16,-0.999048221582,
    4.361938736534E-02));
#4449 = DIRECTION('',(0.,-4.361938736534E-02,-0.999048221582));
#4450 = ADVANCED_FACE('',(#4451),#4478,.F.);
#4451 = FACE_BOUND('',#4452,.F.);
#4452 = EDGE_LOOP('',(#4453,#4463,#4470,#4471));
#4453 = ORIENTED_EDGE('',*,*,#4454,.F.);
#4454 = EDGE_CURVE('',#4455,#4457,#4459,.T.);
#4455 = VERTEX_POINT('',#4456);
#4456 = CARTESIAN_POINT('',(-1.25,0.569683956536,-6.5));
#4457 = VERTEX_POINT('',#4458);
#4458 = CARTESIAN_POINT('',(-0.75,0.569683956536,-6.5));
#4459 = LINE('',#4460,#4461);
#4460 = CARTESIAN_POINT('',(-1.25,0.569683956536,-6.5));
#4461 = VECTOR('',#4462,1.);
#4462 = DIRECTION('',(1.,5.374889246201E-17,7.281636885445E-15));
#4463 = ORIENTED_EDGE('',*,*,#4464,.F.);
#4464 = EDGE_CURVE('',#4433,#4455,#4465,.T.);
#4465 = CIRCLE('',#4466,1.E-01);
#4466 = AXIS2_PLACEMENT_3D('',#4467,#4468,#4469);
#4467 = CARTESIAN_POINT('',(-1.25,0.569683956536,-6.6));
#4468 = DIRECTION('',(-1.,-5.374889246201E-17,-7.281636885445E-15));
#4469 = DIRECTION('',(7.281636885445E-15,4.173192204718E-32,-1.));
#4470 = ORIENTED_EDGE('',*,*,#4440,.T.);
#4471 = ORIENTED_EDGE('',*,*,#4472,.T.);
#4472 = EDGE_CURVE('',#4424,#4457,#4473,.T.);
#4473 = CIRCLE('',#4474,1.E-01);
#4474 = AXIS2_PLACEMENT_3D('',#4475,#4476,#4477);
#4475 = CARTESIAN_POINT('',(-0.75,0.569683956536,-6.6));
#4476 = DIRECTION('',(-1.,-5.374889246201E-17,-7.281636885445E-15));
#4477 = DIRECTION('',(7.281636885445E-15,-1.654274392882E-32,-1.));
#4478 = CYLINDRICAL_SURFACE('',#4479,1.E-01);
#4479 = AXIS2_PLACEMENT_3D('',#4480,#4481,#4482);
#4480 = CARTESIAN_POINT('',(-1.25,0.569683956536,-6.6));
#4481 = DIRECTION('',(1.,5.374889246201E-17,7.281636885445E-15));
#4482 = DIRECTION('',(-7.281636885445E-15,-4.173192204718E-32,1.));
#4483 = ADVANCED_FACE('',(#4484),#4509,.F.);
#4484 = FACE_BOUND('',#4485,.T.);
#4485 = EDGE_LOOP('',(#4486,#4494,#4495,#4503));
#4486 = ORIENTED_EDGE('',*,*,#4487,.F.);
#4487 = EDGE_CURVE('',#4457,#4488,#4490,.T.);
#4488 = VERTEX_POINT('',#4489);
#4489 = CARTESIAN_POINT('',(-0.75,2.75,-6.5));
#4490 = LINE('',#4491,#4492);
#4491 = CARTESIAN_POINT('',(-0.75,2.75,-6.5));
#4492 = VECTOR('',#4493,1.);
#4493 = DIRECTION('',(0.,1.,-3.978146840632E-16));
#4494 = ORIENTED_EDGE('',*,*,#4454,.F.);
#4495 = ORIENTED_EDGE('',*,*,#4496,.T.);
#4496 = EDGE_CURVE('',#4455,#4497,#4499,.T.);
#4497 = VERTEX_POINT('',#4498);
#4498 = CARTESIAN_POINT('',(-1.25,2.75,-6.5));
#4499 = LINE('',#4500,#4501);
#4500 = CARTESIAN_POINT('',(-1.25,2.75,-6.5));
#4501 = VECTOR('',#4502,1.);
#4502 = DIRECTION('',(0.,1.,-3.978146840632E-16));
#4503 = ORIENTED_EDGE('',*,*,#4504,.T.);
#4504 = EDGE_CURVE('',#4497,#4488,#4505,.T.);
#4505 = LINE('',#4506,#4507);
#4506 = CARTESIAN_POINT('',(-1.25,2.75,-6.5));
#4507 = VECTOR('',#4508,1.);
#4508 = DIRECTION('',(1.,5.374889246201E-17,7.281636885445E-15));
#4509 = PLANE('',#4510);
#4510 = AXIS2_PLACEMENT_3D('',#4511,#4512,#4513);
#4511 = CARTESIAN_POINT('',(-1.25,2.75,-6.5));
#4512 = DIRECTION('',(-7.281636885445E-15,3.978146840632E-16,1.));
#4513 = DIRECTION('',(-1.,0.,-7.281636885445E-15));
#4514 = ADVANCED_FACE('',(#4515),#4542,.T.);
#4515 = FACE_BOUND('',#4516,.T.);
#4516 = EDGE_LOOP('',(#4517,#4526,#4527,#4536));
#4517 = ORIENTED_EDGE('',*,*,#4518,.F.);
#4518 = EDGE_CURVE('',#4488,#4519,#4521,.T.);
#4519 = VERTEX_POINT('',#4520);
#4520 = CARTESIAN_POINT('',(-0.75,3.35,-5.9));
#4521 = CIRCLE('',#4522,0.6);
#4522 = AXIS2_PLACEMENT_3D('',#4523,#4524,#4525);
#4523 = CARTESIAN_POINT('',(-0.75,2.75,-5.9));
#4524 = DIRECTION('',(1.,5.374889246201E-17,7.281636885445E-15));
#4525 = DIRECTION('',(-7.281636885445E-15,-2.882144729863E-33,1.));
#4526 = ORIENTED_EDGE('',*,*,#4504,.F.);
#4527 = ORIENTED_EDGE('',*,*,#4528,.T.);
#4528 = EDGE_CURVE('',#4497,#4529,#4531,.T.);
#4529 = VERTEX_POINT('',#4530);
#4530 = CARTESIAN_POINT('',(-1.25,3.35,-5.9));
#4531 = CIRCLE('',#4532,0.6);
#4532 = AXIS2_PLACEMENT_3D('',#4533,#4534,#4535);
#4533 = CARTESIAN_POINT('',(-1.25,2.75,-5.9));
#4534 = DIRECTION('',(1.,5.374889246201E-17,7.281636885445E-15));
#4535 = DIRECTION('',(-7.281636885445E-15,-2.882144729863E-33,1.));
#4536 = ORIENTED_EDGE('',*,*,#4537,.T.);
#4537 = EDGE_CURVE('',#4529,#4519,#4538,.T.);
#4538 = LINE('',#4539,#4540);
#4539 = CARTESIAN_POINT('',(-1.25,3.35,-5.9));
#4540 = VECTOR('',#4541,1.);
#4541 = DIRECTION('',(1.,5.374889246201E-17,7.281636885445E-15));
#4542 = CYLINDRICAL_SURFACE('',#4543,0.6);
#4543 = AXIS2_PLACEMENT_3D('',#4544,#4545,#4546);
#4544 = CARTESIAN_POINT('',(-1.25,2.75,-5.9));
#4545 = DIRECTION('',(1.,5.374889246201E-17,7.281636885445E-15));
#4546 = DIRECTION('',(-7.281636885445E-15,-2.882144729863E-33,1.));
#4547 = ADVANCED_FACE('',(#4548),#4573,.F.);
#4548 = FACE_BOUND('',#4549,.T.);
#4549 = EDGE_LOOP('',(#4550,#4558,#4559,#4567));
#4550 = ORIENTED_EDGE('',*,*,#4551,.F.);
#4551 = EDGE_CURVE('',#4519,#4552,#4554,.T.);
#4552 = VERTEX_POINT('',#4553);
#4553 = CARTESIAN_POINT('',(-0.75,3.35,-1.35));
#4554 = LINE('',#4555,#4556);
#4555 = CARTESIAN_POINT('',(-0.75,3.35,-1.35));
#4556 = VECTOR('',#4557,1.);
#4557 = DIRECTION('',(-7.243900229354E-15,-9.531447670202E-17,1.));
#4558 = ORIENTED_EDGE('',*,*,#4537,.F.);
#4559 = ORIENTED_EDGE('',*,*,#4560,.T.);
#4560 = EDGE_CURVE('',#4529,#4561,#4563,.T.);
#4561 = VERTEX_POINT('',#4562);
#4562 = CARTESIAN_POINT('',(-1.25,3.35,-1.35));
#4563 = LINE('',#4564,#4565);
#4564 = CARTESIAN_POINT('',(-1.25,3.35,-1.35));
#4565 = VECTOR('',#4566,1.);
#4566 = DIRECTION('',(-7.243900229354E-15,-9.531447670202E-17,1.));
#4567 = ORIENTED_EDGE('',*,*,#4568,.T.);
#4568 = EDGE_CURVE('',#4561,#4552,#4569,.T.);
#4569 = LINE('',#4570,#4571);
#4570 = CARTESIAN_POINT('',(-1.25,3.35,-1.35));
#4571 = VECTOR('',#4572,1.);
#4572 = DIRECTION('',(1.,5.374889246201E-17,7.281636885445E-15));
#4573 = PLANE('',#4574);
#4574 = AXIS2_PLACEMENT_3D('',#4575,#4576,#4577);
#4575 = CARTESIAN_POINT('',(-1.25,3.35,-1.35));
#4576 = DIRECTION('',(5.374889246201E-17,-1.,-9.531447670202E-17));
#4577 = DIRECTION('',(0.,9.531447670202E-17,-1.));
#4578 = ADVANCED_FACE('',(#4579),#4604,.F.);
#4579 = FACE_BOUND('',#4580,.T.);
#4580 = EDGE_LOOP('',(#4581,#4582,#4590,#4598));
#4581 = ORIENTED_EDGE('',*,*,#4568,.F.);
#4582 = ORIENTED_EDGE('',*,*,#4583,.F.);
#4583 = EDGE_CURVE('',#4584,#4561,#4586,.T.);
#4584 = VERTEX_POINT('',#4585);
#4585 = CARTESIAN_POINT('',(-1.142820323028,3.25,-0.95));
#4586 = LINE('',#4587,#4588);
#4587 = CARTESIAN_POINT('',(-1.085804998649,3.196803978153,
    -0.737215912609));
#4588 = VECTOR('',#4589,1.);
#4589 = DIRECTION('',(-0.251587526195,0.234734357577,-0.938937430309));
#4590 = ORIENTED_EDGE('',*,*,#4591,.T.);
#4591 = EDGE_CURVE('',#4584,#4592,#4594,.T.);
#4592 = VERTEX_POINT('',#4593);
#4593 = CARTESIAN_POINT('',(-0.857179676973,3.25,-0.95));
#4594 = LINE('',#4595,#4596);
#4595 = CARTESIAN_POINT('',(-1.25,3.25,-0.95));
#4596 = VECTOR('',#4597,1.);
#4597 = DIRECTION('',(1.,5.374889246201E-17,7.281636885445E-15));
#4598 = ORIENTED_EDGE('',*,*,#4599,.F.);
#4599 = EDGE_CURVE('',#4552,#4592,#4600,.T.);
#4600 = LINE('',#4601,#4602);
#4601 = CARTESIAN_POINT('',(-0.857179676973,3.25,-0.95));
#4602 = VECTOR('',#4603,1.);
#4603 = DIRECTION('',(-0.251587526195,-0.234734357577,0.938937430309));
#4604 = PLANE('',#4605);
#4605 = AXIS2_PLACEMENT_3D('',#4606,#4607,#4608);
#4606 = CARTESIAN_POINT('',(-1.25,3.25,-0.95));
#4607 = DIRECTION('',(1.818200438212E-15,-0.970142500145,-0.242535625036
    ));
#4608 = DIRECTION('',(0.,0.242535625036,-0.970142500145));
#4609 = ADVANCED_FACE('',(#4610),#4635,.F.);
#4610 = FACE_BOUND('',#4611,.T.);
#4611 = EDGE_LOOP('',(#4612,#4613,#4621,#4629));
#4612 = ORIENTED_EDGE('',*,*,#4591,.F.);
#4613 = ORIENTED_EDGE('',*,*,#4614,.F.);
#4614 = EDGE_CURVE('',#4615,#4584,#4617,.T.);
#4615 = VERTEX_POINT('',#4616);
#4616 = CARTESIAN_POINT('',(-1.142820323028,2.95,-0.95));
#4617 = LINE('',#4618,#4619);
#4618 = CARTESIAN_POINT('',(-1.142820323028,3.25,-0.95));
#4619 = VECTOR('',#4620,1.);
#4620 = DIRECTION('',(-5.374889246201E-17,1.,-3.913799179032E-31));
#4621 = ORIENTED_EDGE('',*,*,#4622,.T.);
#4622 = EDGE_CURVE('',#4615,#4623,#4625,.T.);
#4623 = VERTEX_POINT('',#4624);
#4624 = CARTESIAN_POINT('',(-0.857179676973,2.95,-0.95));
#4625 = LINE('',#4626,#4627);
#4626 = CARTESIAN_POINT('',(-1.25,2.95,-0.95));
#4627 = VECTOR('',#4628,1.);
#4628 = DIRECTION('',(1.,5.374889246201E-17,7.281636885445E-15));
#4629 = ORIENTED_EDGE('',*,*,#4630,.F.);
#4630 = EDGE_CURVE('',#4592,#4623,#4631,.T.);
#4631 = LINE('',#4632,#4633);
#4632 = CARTESIAN_POINT('',(-0.857179676973,3.25,-0.95));
#4633 = VECTOR('',#4634,1.);
#4634 = DIRECTION('',(5.374889246201E-17,-1.,3.913799179032E-31));
#4635 = PLANE('',#4636);
#4636 = AXIS2_PLACEMENT_3D('',#4637,#4638,#4639);
#4637 = CARTESIAN_POINT('',(-1.25,3.25,-0.95));
#4638 = DIRECTION('',(7.281636885445E-15,0.,-1.));
#4639 = DIRECTION('',(1.,0.,7.281636885445E-15));
#4640 = ADVANCED_FACE('',(#4641),#4666,.F.);
#4641 = FACE_BOUND('',#4642,.T.);
#4642 = EDGE_LOOP('',(#4643,#4644,#4652,#4660));
#4643 = ORIENTED_EDGE('',*,*,#4622,.F.);
#4644 = ORIENTED_EDGE('',*,*,#4645,.F.);
#4645 = EDGE_CURVE('',#4646,#4615,#4648,.T.);
#4646 = VERTEX_POINT('',#4647);
#4647 = CARTESIAN_POINT('',(-1.25,2.85,-1.35));
#4648 = LINE('',#4649,#4650);
#4649 = CARTESIAN_POINT('',(-1.384666883183,2.724354087466,
    -1.852583650136));
#4650 = VECTOR('',#4651,1.);
#4651 = DIRECTION('',(0.251587526195,0.234734357577,0.938937430309));
#4652 = ORIENTED_EDGE('',*,*,#4653,.T.);
#4653 = EDGE_CURVE('',#4646,#4654,#4656,.T.);
#4654 = VERTEX_POINT('',#4655);
#4655 = CARTESIAN_POINT('',(-0.75,2.85,-1.35));
#4656 = LINE('',#4657,#4658);
#4657 = CARTESIAN_POINT('',(-1.25,2.85,-1.35));
#4658 = VECTOR('',#4659,1.);
#4659 = DIRECTION('',(1.,5.374889246201E-17,7.281636885445E-15));
#4660 = ORIENTED_EDGE('',*,*,#4661,.F.);
#4661 = EDGE_CURVE('',#4623,#4654,#4662,.T.);
#4662 = LINE('',#4663,#4664);
#4663 = CARTESIAN_POINT('',(-0.874896547873,2.966530065588,
    -0.883879737647));
#4664 = VECTOR('',#4665,1.);
#4665 = DIRECTION('',(0.251587526195,-0.234734357577,-0.938937430309));
#4666 = PLANE('',#4667);
#4667 = AXIS2_PLACEMENT_3D('',#4668,#4669,#4670);
#4668 = CARTESIAN_POINT('',(-1.25,2.95,-0.95));
#4669 = DIRECTION('',(1.713912268386E-15,0.970142500145,-0.242535625036)
  );
#4670 = DIRECTION('',(0.,0.242535625036,0.970142500145));
#4671 = ADVANCED_FACE('',(#4672),#4688,.F.);
#4672 = FACE_BOUND('',#4673,.T.);
#4673 = EDGE_LOOP('',(#4674,#4680,#4681,#4687));
#4674 = ORIENTED_EDGE('',*,*,#4675,.F.);
#4675 = EDGE_CURVE('',#4654,#4227,#4676,.T.);
#4676 = LINE('',#4677,#4678);
#4677 = CARTESIAN_POINT('',(-0.75,2.85,-1.35));
#4678 = VECTOR('',#4679,1.);
#4679 = DIRECTION('',(7.274646834741E-15,0.,-1.));
#4680 = ORIENTED_EDGE('',*,*,#4653,.F.);
#4681 = ORIENTED_EDGE('',*,*,#4682,.T.);
#4682 = EDGE_CURVE('',#4646,#4237,#4683,.T.);
#4683 = LINE('',#4684,#4685);
#4684 = CARTESIAN_POINT('',(-1.25,2.85,-1.35));
#4685 = VECTOR('',#4686,1.);
#4686 = DIRECTION('',(7.274646834741E-15,0.,-1.));
#4687 = ORIENTED_EDGE('',*,*,#4236,.T.);
#4688 = PLANE('',#4689);
#4689 = AXIS2_PLACEMENT_3D('',#4690,#4691,#4692);
#4690 = CARTESIAN_POINT('',(-1.25,2.85,-1.35));
#4691 = DIRECTION('',(-5.374889246201E-17,1.,-3.910042104196E-31));
#4692 = DIRECTION('',(1.,5.374889246201E-17,0.));
#4693 = ADVANCED_FACE('',(#4694),#4717,.T.);
#4694 = FACE_BOUND('',#4695,.T.);
#4695 = EDGE_LOOP('',(#4696,#4697,#4698,#4699,#4700,#4701,#4707,#4708,
    #4709,#4710,#4711));
#4696 = ORIENTED_EDGE('',*,*,#4560,.F.);
#4697 = ORIENTED_EDGE('',*,*,#4528,.F.);
#4698 = ORIENTED_EDGE('',*,*,#4496,.F.);
#4699 = ORIENTED_EDGE('',*,*,#4464,.F.);
#4700 = ORIENTED_EDGE('',*,*,#4432,.F.);
#4701 = ORIENTED_EDGE('',*,*,#4702,.F.);
#4702 = EDGE_CURVE('',#4309,#4394,#4703,.T.);
#4703 = LINE('',#4704,#4705);
#4704 = CARTESIAN_POINT('',(-1.25,0.299619288633,-8.200380711367));
#4705 = VECTOR('',#4706,1.);
#4706 = DIRECTION('',(2.639228045338E-16,0.999048221582,
    -4.361938736534E-02));
#4707 = ORIENTED_EDGE('',*,*,#4308,.F.);
#4708 = ORIENTED_EDGE('',*,*,#4276,.F.);
#4709 = ORIENTED_EDGE('',*,*,#4244,.F.);
#4710 = ORIENTED_EDGE('',*,*,#4682,.F.);
#4711 = ORIENTED_EDGE('',*,*,#4712,.F.);
#4712 = EDGE_CURVE('',#4561,#4646,#4713,.T.);
#4713 = LINE('',#4714,#4715);
#4714 = CARTESIAN_POINT('',(-1.25,2.95,-1.35));
#4715 = VECTOR('',#4716,1.);
#4716 = DIRECTION('',(5.374889246201E-17,-1.,3.913799179032E-31));
#4717 = PLANE('',#4718);
#4718 = AXIS2_PLACEMENT_3D('',#4719,#4720,#4721);
#4719 = CARTESIAN_POINT('',(-1.25,0.569683956536,-6.6));
#4720 = DIRECTION('',(-1.,-5.374889246201E-17,-7.281636885445E-15));
#4721 = DIRECTION('',(7.281636885445E-15,0.,-1.));
#4722 = ADVANCED_FACE('',(#4723),#4746,.F.);
#4723 = FACE_BOUND('',#4724,.T.);
#4724 = EDGE_LOOP('',(#4725,#4726,#4727,#4728,#4729,#4735,#4736,#4737,
    #4738,#4739,#4740));
#4725 = ORIENTED_EDGE('',*,*,#4675,.T.);
#4726 = ORIENTED_EDGE('',*,*,#4226,.T.);
#4727 = ORIENTED_EDGE('',*,*,#4266,.T.);
#4728 = ORIENTED_EDGE('',*,*,#4299,.T.);
#4729 = ORIENTED_EDGE('',*,*,#4730,.F.);
#4730 = EDGE_CURVE('',#4402,#4300,#4731,.T.);
#4731 = LINE('',#4732,#4733);
#4732 = CARTESIAN_POINT('',(-0.75,0.499428932949,-8.20910458884));
#4733 = VECTOR('',#4734,1.);
#4734 = DIRECTION('',(-2.639228045338E-16,-0.999048221582,
    4.361938736534E-02));
#4735 = ORIENTED_EDGE('',*,*,#4423,.T.);
#4736 = ORIENTED_EDGE('',*,*,#4472,.T.);
#4737 = ORIENTED_EDGE('',*,*,#4487,.T.);
#4738 = ORIENTED_EDGE('',*,*,#4518,.T.);
#4739 = ORIENTED_EDGE('',*,*,#4551,.T.);
#4740 = ORIENTED_EDGE('',*,*,#4741,.F.);
#4741 = EDGE_CURVE('',#4654,#4552,#4742,.T.);
#4742 = LINE('',#4743,#4744);
#4743 = CARTESIAN_POINT('',(-0.75,0.569683956536,-1.35));
#4744 = VECTOR('',#4745,1.);
#4745 = DIRECTION('',(-5.374889246201E-17,1.,-3.913799179032E-31));
#4746 = PLANE('',#4747);
#4747 = AXIS2_PLACEMENT_3D('',#4748,#4749,#4750);
#4748 = CARTESIAN_POINT('',(-0.75,0.569683956536,-6.6));
#4749 = DIRECTION('',(-1.,-5.374889246201E-17,-7.281636885445E-15));
#4750 = DIRECTION('',(7.281636885445E-15,0.,-1.));
#4751 = ADVANCED_FACE('',(#4752),#4758,.F.);
#4752 = FACE_BOUND('',#4753,.T.);
#4753 = EDGE_LOOP('',(#4754,#4755,#4756,#4757));
#4754 = ORIENTED_EDGE('',*,*,#4599,.T.);
#4755 = ORIENTED_EDGE('',*,*,#4630,.T.);
#4756 = ORIENTED_EDGE('',*,*,#4661,.T.);
#4757 = ORIENTED_EDGE('',*,*,#4741,.T.);
#4758 = PLANE('',#4759);
#4759 = AXIS2_PLACEMENT_3D('',#4760,#4761,#4762);
#4760 = CARTESIAN_POINT('',(-0.857179676973,3.25,-0.95));
#4761 = DIRECTION('',(-0.965925826289,-5.191744336349E-17,
    -0.258819045103));
#4762 = DIRECTION('',(5.374889246201E-17,-1.,3.89808220744E-31));
#4763 = ADVANCED_FACE('',(#4764),#4770,.T.);
#4764 = FACE_BOUND('',#4765,.T.);
#4765 = EDGE_LOOP('',(#4766,#4767,#4768,#4769));
#4766 = ORIENTED_EDGE('',*,*,#4583,.T.);
#4767 = ORIENTED_EDGE('',*,*,#4712,.T.);
#4768 = ORIENTED_EDGE('',*,*,#4645,.T.);
#4769 = ORIENTED_EDGE('',*,*,#4614,.T.);
#4770 = PLANE('',#4771);
#4771 = AXIS2_PLACEMENT_3D('',#4772,#4773,#4774);
#4772 = CARTESIAN_POINT('',(-1.25,0.569683956536,-1.35));
#4773 = DIRECTION('',(-0.965925826289,-5.191744336349E-17,0.258819045103
    ));
#4774 = DIRECTION('',(-5.374889246201E-17,1.,-3.92889708655E-31));
#4775 = ADVANCED_FACE('',(#4776),#4782,.F.);
#4776 = FACE_BOUND('',#4777,.T.);
#4777 = EDGE_LOOP('',(#4778,#4779,#4780,#4781));
#4778 = ORIENTED_EDGE('',*,*,#4347,.T.);
#4779 = ORIENTED_EDGE('',*,*,#4378,.T.);
#4780 = ORIENTED_EDGE('',*,*,#4409,.T.);
#4781 = ORIENTED_EDGE('',*,*,#4730,.T.);
#4782 = PLANE('',#4783);
#4783 = AXIS2_PLACEMENT_3D('',#4784,#4785,#4786);
#4784 = CARTESIAN_POINT('',(-0.857179676973,0.282171533687,-8.6));
#4785 = DIRECTION('',(-0.965925826289,1.128952818585E-02,0.258572706721)
  );
#4786 = DIRECTION('',(2.654126918245E-16,0.999048221582,
    -4.361938736534E-02));
#4787 = ADVANCED_FACE('',(#4788),#4794,.T.);
#4788 = FACE_BOUND('',#4789,.T.);
#4789 = EDGE_LOOP('',(#4790,#4791,#4792,#4793));
#4790 = ORIENTED_EDGE('',*,*,#4331,.T.);
#4791 = ORIENTED_EDGE('',*,*,#4702,.T.);
#4792 = ORIENTED_EDGE('',*,*,#4393,.T.);
#4793 = ORIENTED_EDGE('',*,*,#4362,.T.);
#4794 = PLANE('',#4795);
#4795 = AXIS2_PLACEMENT_3D('',#4796,#4797,#4798);
#4796 = CARTESIAN_POINT('',(-1.25,0.499428932949,-8.20910458884));
#4797 = DIRECTION('',(-0.965925826289,-1.128952818585E-02,
    -0.258572706721));
#4798 = DIRECTION('',(-2.654126918245E-16,-0.999048221582,
    4.361938736534E-02));
#4799 = MANIFOLD_SOLID_BREP('',#4800);
#4800 = CLOSED_SHELL('',(#4801,#4841,#4872,#4903,#4934,#4965,#4996,#5027
    ,#5058,#5089,#5120,#5151,#5182,#5213,#5235,#5257));
#4801 = ADVANCED_FACE('',(#4802),#4836,.F.);
#4802 = FACE_BOUND('',#4803,.T.);
#4803 = EDGE_LOOP('',(#4804,#4814,#4822,#4830));
#4804 = ORIENTED_EDGE('',*,*,#4805,.F.);
#4805 = EDGE_CURVE('',#4806,#4808,#4810,.T.);
#4806 = VERTEX_POINT('',#4807);
#4807 = CARTESIAN_POINT('',(-3.05,2.1,-2.9));
#4808 = VERTEX_POINT('',#4809);
#4809 = CARTESIAN_POINT('',(-3.05,2.1,-3.828702780027E-14));
#4810 = LINE('',#4811,#4812);
#4811 = CARTESIAN_POINT('',(-3.05,2.1,-2.9));
#4812 = VECTOR('',#4813,1.);
#4813 = DIRECTION('',(-8.374527125405E-15,0.,1.));
#4814 = ORIENTED_EDGE('',*,*,#4815,.F.);
#4815 = EDGE_CURVE('',#4816,#4806,#4818,.T.);
#4816 = VERTEX_POINT('',#4817);
#4817 = CARTESIAN_POINT('',(-3.45,2.1,-2.9));
#4818 = LINE('',#4819,#4820);
#4819 = CARTESIAN_POINT('',(-3.45,2.1,-2.9));
#4820 = VECTOR('',#4821,1.);
#4821 = DIRECTION('',(1.,5.374889246202E-17,8.365839057931E-15));
#4822 = ORIENTED_EDGE('',*,*,#4823,.T.);
#4823 = EDGE_CURVE('',#4816,#4824,#4826,.T.);
#4824 = VERTEX_POINT('',#4825);
#4825 = CARTESIAN_POINT('',(-3.45,2.1,-4.163336342344E-14));
#4826 = LINE('',#4827,#4828);
#4827 = CARTESIAN_POINT('',(-3.45,2.1,-2.9));
#4828 = VECTOR('',#4829,1.);
#4829 = DIRECTION('',(-8.374527125405E-15,0.,1.));
#4830 = ORIENTED_EDGE('',*,*,#4831,.T.);
#4831 = EDGE_CURVE('',#4824,#4808,#4832,.T.);
#4832 = LINE('',#4833,#4834);
#4833 = CARTESIAN_POINT('',(-3.45,2.1,-4.163336342344E-14));
#4834 = VECTOR('',#4835,1.);
#4835 = DIRECTION('',(1.,5.374889246202E-17,8.365839057931E-15));
#4836 = PLANE('',#4837);
#4837 = AXIS2_PLACEMENT_3D('',#4838,#4839,#4840);
#4838 = CARTESIAN_POINT('',(-3.45,2.1,-2.9));
#4839 = DIRECTION('',(5.374889246202E-17,-1.,4.501215578837E-31));
#4840 = DIRECTION('',(-1.,-5.374889246202E-17,0.));
#4841 = ADVANCED_FACE('',(#4842),#4867,.F.);
#4842 = FACE_BOUND('',#4843,.T.);
#4843 = EDGE_LOOP('',(#4844,#4852,#4853,#4861));
#4844 = ORIENTED_EDGE('',*,*,#4845,.F.);
#4845 = EDGE_CURVE('',#4808,#4846,#4848,.T.);
#4846 = VERTEX_POINT('',#4847);
#4847 = CARTESIAN_POINT('',(-3.05,1.710477983563,-3.584739506429E-14));
#4848 = LINE('',#4849,#4850);
#4849 = CARTESIAN_POINT('',(-3.05,2.1,-3.828702780027E-14));
#4850 = VECTOR('',#4851,1.);
#4851 = DIRECTION('',(0.,-1.,6.263144656875E-15));
#4852 = ORIENTED_EDGE('',*,*,#4831,.F.);
#4853 = ORIENTED_EDGE('',*,*,#4854,.T.);
#4854 = EDGE_CURVE('',#4824,#4855,#4857,.T.);
#4855 = VERTEX_POINT('',#4856);
#4856 = CARTESIAN_POINT('',(-3.45,1.710477983563,-3.919373068746E-14));
#4857 = LINE('',#4858,#4859);
#4858 = CARTESIAN_POINT('',(-3.45,2.1,-4.163336342344E-14));
#4859 = VECTOR('',#4860,1.);
#4860 = DIRECTION('',(0.,-1.,6.263144656875E-15));
#4861 = ORIENTED_EDGE('',*,*,#4862,.T.);
#4862 = EDGE_CURVE('',#4855,#4846,#4863,.T.);
#4863 = LINE('',#4864,#4865);
#4864 = CARTESIAN_POINT('',(-3.45,1.710477983563,-3.919373068746E-14));
#4865 = VECTOR('',#4866,1.);
#4866 = DIRECTION('',(1.,5.374889246202E-17,8.365839057931E-15));
#4867 = PLANE('',#4868);
#4868 = AXIS2_PLACEMENT_3D('',#4869,#4870,#4871);
#4869 = CARTESIAN_POINT('',(-3.45,2.1,-4.163336342344E-14));
#4870 = DIRECTION('',(8.365839057931E-15,-6.263144656875E-15,-1.));
#4871 = DIRECTION('',(1.,0.,8.365839057931E-15));
#4872 = ADVANCED_FACE('',(#4873),#4898,.F.);
#4873 = FACE_BOUND('',#4874,.T.);
#4874 = EDGE_LOOP('',(#4875,#4883,#4884,#4892));
#4875 = ORIENTED_EDGE('',*,*,#4876,.F.);
#4876 = EDGE_CURVE('',#4846,#4877,#4879,.T.);
#4877 = VERTEX_POINT('',#4878);
#4878 = CARTESIAN_POINT('',(-3.05,1.710477983563,-8.005065776186E-02));
#4879 = LINE('',#4880,#4881);
#4880 = CARTESIAN_POINT('',(-3.05,1.710477983563,-3.584739506429E-14));
#4881 = VECTOR('',#4882,1.);
#4882 = DIRECTION('',(5.417580331252E-15,0.,-1.));
#4883 = ORIENTED_EDGE('',*,*,#4862,.F.);
#4884 = ORIENTED_EDGE('',*,*,#4885,.T.);
#4885 = EDGE_CURVE('',#4855,#4886,#4888,.T.);
#4886 = VERTEX_POINT('',#4887);
#4887 = CARTESIAN_POINT('',(-3.45,1.710477983563,-8.005065776186E-02));
#4888 = LINE('',#4889,#4890);
#4889 = CARTESIAN_POINT('',(-3.45,1.710477983563,-3.919373068746E-14));
#4890 = VECTOR('',#4891,1.);
#4891 = DIRECTION('',(5.417580331252E-15,0.,-1.));
#4892 = ORIENTED_EDGE('',*,*,#4893,.T.);
#4893 = EDGE_CURVE('',#4886,#4877,#4894,.T.);
#4894 = LINE('',#4895,#4896);
#4895 = CARTESIAN_POINT('',(-3.45,1.710477983563,-8.005065776186E-02));
#4896 = VECTOR('',#4897,1.);
#4897 = DIRECTION('',(1.,5.374889246202E-17,8.365839057931E-15));
#4898 = PLANE('',#4899);
#4899 = AXIS2_PLACEMENT_3D('',#4900,#4901,#4902);
#4900 = CARTESIAN_POINT('',(-3.45,1.710477983563,-3.919373068746E-14));
#4901 = DIRECTION('',(-5.374889246202E-17,1.,-2.911889426288E-31));
#4902 = DIRECTION('',(1.,5.374889246202E-17,0.));
#4903 = ADVANCED_FACE('',(#4904),#4929,.F.);
#4904 = FACE_BOUND('',#4905,.T.);
#4905 = EDGE_LOOP('',(#4906,#4914,#4915,#4923));
#4906 = ORIENTED_EDGE('',*,*,#4907,.F.);
#4907 = EDGE_CURVE('',#4877,#4908,#4910,.T.);
#4908 = VERTEX_POINT('',#4909);
#4909 = CARTESIAN_POINT('',(-3.05,1.298089913142,-8.005065776186E-02));
#4910 = LINE('',#4911,#4912);
#4911 = CARTESIAN_POINT('',(-3.05,1.710477983563,-8.005065776186E-02));
#4912 = VECTOR('',#4913,1.);
#4913 = DIRECTION('',(0.,-1.,0.));
#4914 = ORIENTED_EDGE('',*,*,#4893,.F.);
#4915 = ORIENTED_EDGE('',*,*,#4916,.T.);
#4916 = EDGE_CURVE('',#4886,#4917,#4919,.T.);
#4917 = VERTEX_POINT('',#4918);
#4918 = CARTESIAN_POINT('',(-3.45,1.298089913142,-8.005065776186E-02));
#4919 = LINE('',#4920,#4921);
#4920 = CARTESIAN_POINT('',(-3.45,1.710477983563,-8.005065776186E-02));
#4921 = VECTOR('',#4922,1.);
#4922 = DIRECTION('',(0.,-1.,0.));
#4923 = ORIENTED_EDGE('',*,*,#4924,.T.);
#4924 = EDGE_CURVE('',#4917,#4908,#4925,.T.);
#4925 = LINE('',#4926,#4927);
#4926 = CARTESIAN_POINT('',(-3.45,1.298089913142,-8.005065776186E-02));
#4927 = VECTOR('',#4928,1.);
#4928 = DIRECTION('',(1.,5.374889246202E-17,8.365839057931E-15));
#4929 = PLANE('',#4930);
#4930 = AXIS2_PLACEMENT_3D('',#4931,#4932,#4933);
#4931 = CARTESIAN_POINT('',(-3.45,1.710477983563,-8.005065776186E-02));
#4932 = DIRECTION('',(8.365839057931E-15,0.,-1.));
#4933 = DIRECTION('',(1.,0.,8.365839057931E-15));
#4934 = ADVANCED_FACE('',(#4935),#4960,.F.);
#4935 = FACE_BOUND('',#4936,.T.);
#4936 = EDGE_LOOP('',(#4937,#4945,#4946,#4954));
#4937 = ORIENTED_EDGE('',*,*,#4938,.F.);
#4938 = EDGE_CURVE('',#4908,#4939,#4941,.T.);
#4939 = VERTEX_POINT('',#4940);
#4940 = CARTESIAN_POINT('',(-3.05,1.298089913142,-3.325942552864E-14));
#4941 = LINE('',#4942,#4943);
#4942 = CARTESIAN_POINT('',(-3.05,1.298089913142,-8.005065776186E-02));
#4943 = VECTOR('',#4944,1.);
#4944 = DIRECTION('',(-5.417580331252E-15,0.,1.));
#4945 = ORIENTED_EDGE('',*,*,#4924,.F.);
#4946 = ORIENTED_EDGE('',*,*,#4947,.T.);
#4947 = EDGE_CURVE('',#4917,#4948,#4950,.T.);
#4948 = VERTEX_POINT('',#4949);
#4949 = CARTESIAN_POINT('',(-3.45,1.298089913142,-3.660576115181E-14));
#4950 = LINE('',#4951,#4952);
#4951 = CARTESIAN_POINT('',(-3.45,1.298089913142,-8.005065776186E-02));
#4952 = VECTOR('',#4953,1.);
#4953 = DIRECTION('',(-5.417580331252E-15,0.,1.));
#4954 = ORIENTED_EDGE('',*,*,#4955,.T.);
#4955 = EDGE_CURVE('',#4948,#4939,#4956,.T.);
#4956 = LINE('',#4957,#4958);
#4957 = CARTESIAN_POINT('',(-3.45,1.298089913142,-3.660576115181E-14));
#4958 = VECTOR('',#4959,1.);
#4959 = DIRECTION('',(1.,5.374889246202E-17,8.365839057931E-15));
#4960 = PLANE('',#4961);
#4961 = AXIS2_PLACEMENT_3D('',#4962,#4963,#4964);
#4962 = CARTESIAN_POINT('',(-3.45,1.298089913142,-8.005065776186E-02));
#4963 = DIRECTION('',(5.374889246202E-17,-1.,2.911889426288E-31));
#4964 = DIRECTION('',(-1.,-5.374889246202E-17,0.));
#4965 = ADVANCED_FACE('',(#4966),#4991,.F.);
#4966 = FACE_BOUND('',#4967,.T.);
#4967 = EDGE_LOOP('',(#4968,#4976,#4977,#4985));
#4968 = ORIENTED_EDGE('',*,*,#4969,.F.);
#4969 = EDGE_CURVE('',#4939,#4970,#4972,.T.);
#4970 = VERTEX_POINT('',#4971);
#4971 = CARTESIAN_POINT('',(-3.05,0.1,-2.576073848652E-14));
#4972 = LINE('',#4973,#4974);
#4973 = CARTESIAN_POINT('',(-3.05,1.298089913142,-3.325942552864E-14));
#4974 = VECTOR('',#4975,1.);
#4975 = DIRECTION('',(0.,-1.,6.258868353591E-15));
#4976 = ORIENTED_EDGE('',*,*,#4955,.F.);
#4977 = ORIENTED_EDGE('',*,*,#4978,.T.);
#4978 = EDGE_CURVE('',#4948,#4979,#4981,.T.);
#4979 = VERTEX_POINT('',#4980);
#4980 = CARTESIAN_POINT('',(-3.45,0.1,-2.910707410969E-14));
#4981 = LINE('',#4982,#4983);
#4982 = CARTESIAN_POINT('',(-3.45,1.298089913142,-3.660576115181E-14));
#4983 = VECTOR('',#4984,1.);
#4984 = DIRECTION('',(0.,-1.,6.258868353591E-15));
#4985 = ORIENTED_EDGE('',*,*,#4986,.T.);
#4986 = EDGE_CURVE('',#4979,#4970,#4987,.T.);
#4987 = LINE('',#4988,#4989);
#4988 = CARTESIAN_POINT('',(-3.45,0.1,-2.910707410969E-14));
#4989 = VECTOR('',#4990,1.);
#4990 = DIRECTION('',(1.,5.374889246202E-17,8.365839057931E-15));
#4991 = PLANE('',#4992);
#4992 = AXIS2_PLACEMENT_3D('',#4993,#4994,#4995);
#4993 = CARTESIAN_POINT('',(-3.45,1.298089913142,-3.660576115181E-14));
#4994 = DIRECTION('',(8.365839057931E-15,-6.258868353591E-15,-1.));
#4995 = DIRECTION('',(1.,0.,8.365839057931E-15));
#4996 = ADVANCED_FACE('',(#4997),#5022,.F.);
#4997 = FACE_BOUND('',#4998,.T.);
#4998 = EDGE_LOOP('',(#4999,#5007,#5008,#5016));
#4999 = ORIENTED_EDGE('',*,*,#5000,.F.);
#5000 = EDGE_CURVE('',#4970,#5001,#5003,.T.);
#5001 = VERTEX_POINT('',#5002);
#5002 = CARTESIAN_POINT('',(-3.05,-9.99999999998E-02,-0.2));
#5003 = LINE('',#5004,#5005);
#5004 = CARTESIAN_POINT('',(-3.05,0.1,-2.576073848652E-14));
#5005 = VECTOR('',#5006,1.);
#5006 = DIRECTION('',(6.133173666733E-15,-0.707106781187,-0.707106781186
    ));
#5007 = ORIENTED_EDGE('',*,*,#4986,.F.);
#5008 = ORIENTED_EDGE('',*,*,#5009,.T.);
#5009 = EDGE_CURVE('',#4979,#5010,#5012,.T.);
#5010 = VERTEX_POINT('',#5011);
#5011 = CARTESIAN_POINT('',(-3.45,-9.99999999998E-02,-0.2));
#5012 = LINE('',#5013,#5014);
#5013 = CARTESIAN_POINT('',(-3.45,0.1,-2.910707410969E-14));
#5014 = VECTOR('',#5015,1.);
#5015 = DIRECTION('',(6.133173666733E-15,-0.707106781187,-0.707106781186
    ));
#5016 = ORIENTED_EDGE('',*,*,#5017,.T.);
#5017 = EDGE_CURVE('',#5010,#5001,#5018,.T.);
#5018 = LINE('',#5019,#5020);
#5019 = CARTESIAN_POINT('',(-3.45,-9.99999999998E-02,-0.2));
#5020 = VECTOR('',#5021,1.);
#5021 = DIRECTION('',(1.,5.374889246202E-17,8.365839057931E-15));
#5022 = PLANE('',#5023);
#5023 = AXIS2_PLACEMENT_3D('',#5024,#5025,#5026);
#5024 = CARTESIAN_POINT('',(-3.45,0.1,-2.910707410969E-14));
#5025 = DIRECTION('',(5.877535321837E-15,0.707106781186,-0.707106781187)
  );
#5026 = DIRECTION('',(3.944304526105E-31,0.707106781187,0.707106781186)
  );
#5027 = ADVANCED_FACE('',(#5028),#5053,.F.);
#5028 = FACE_BOUND('',#5029,.T.);
#5029 = EDGE_LOOP('',(#5030,#5038,#5039,#5047));
#5030 = ORIENTED_EDGE('',*,*,#5031,.F.);
#5031 = EDGE_CURVE('',#5001,#5032,#5034,.T.);
#5032 = VERTEX_POINT('',#5033);
#5033 = CARTESIAN_POINT('',(-3.05,-9.99999999998E-02,-0.944399185739));
#5034 = LINE('',#5035,#5036);
#5035 = CARTESIAN_POINT('',(-3.05,-9.99999999998E-02,-0.2));
#5036 = VECTOR('',#5037,1.);
#5037 = DIRECTION('',(8.156285340229E-15,7.282397625204E-17,-1.));
#5038 = ORIENTED_EDGE('',*,*,#5017,.F.);
#5039 = ORIENTED_EDGE('',*,*,#5040,.T.);
#5040 = EDGE_CURVE('',#5010,#5041,#5043,.T.);
#5041 = VERTEX_POINT('',#5042);
#5042 = CARTESIAN_POINT('',(-3.45,-9.99999999998E-02,-0.944399185739));
#5043 = LINE('',#5044,#5045);
#5044 = CARTESIAN_POINT('',(-3.45,-9.99999999998E-02,-0.2));
#5045 = VECTOR('',#5046,1.);
#5046 = DIRECTION('',(8.156285340229E-15,7.282397625204E-17,-1.));
#5047 = ORIENTED_EDGE('',*,*,#5048,.T.);
#5048 = EDGE_CURVE('',#5041,#5032,#5049,.T.);
#5049 = LINE('',#5050,#5051);
#5050 = CARTESIAN_POINT('',(-3.45,-9.99999999998E-02,-0.944399185739));
#5051 = VECTOR('',#5052,1.);
#5052 = DIRECTION('',(1.,5.374889246202E-17,8.365839057931E-15));
#5053 = PLANE('',#5054);
#5054 = AXIS2_PLACEMENT_3D('',#5055,#5056,#5057);
#5055 = CARTESIAN_POINT('',(-3.45,-9.99999999998E-02,-0.2));
#5056 = DIRECTION('',(-5.374889246202E-17,1.,7.282397625204E-17));
#5057 = DIRECTION('',(0.,-7.282397625204E-17,1.));
#5058 = ADVANCED_FACE('',(#5059),#5084,.F.);
#5059 = FACE_BOUND('',#5060,.T.);
#5060 = EDGE_LOOP('',(#5061,#5069,#5070,#5078));
#5061 = ORIENTED_EDGE('',*,*,#5062,.F.);
#5062 = EDGE_CURVE('',#5032,#5063,#5065,.T.);
#5063 = VERTEX_POINT('',#5064);
#5064 = CARTESIAN_POINT('',(-3.05,2.267192902524E-13,-1.044399185739));
#5065 = LINE('',#5066,#5067);
#5066 = CARTESIAN_POINT('',(-3.05,-9.99999999998E-02,-0.944399185739));
#5067 = VECTOR('',#5068,1.);
#5068 = DIRECTION('',(6.133173666732E-15,0.707106781187,-0.707106781187)
  );
#5069 = ORIENTED_EDGE('',*,*,#5048,.F.);
#5070 = ORIENTED_EDGE('',*,*,#5071,.T.);
#5071 = EDGE_CURVE('',#5041,#5072,#5074,.T.);
#5072 = VERTEX_POINT('',#5073);
#5073 = CARTESIAN_POINT('',(-3.45,2.266977906954E-13,-1.044399185739));
#5074 = LINE('',#5075,#5076);
#5075 = CARTESIAN_POINT('',(-3.45,-9.99999999998E-02,-0.944399185739));
#5076 = VECTOR('',#5077,1.);
#5077 = DIRECTION('',(6.133173666732E-15,0.707106781187,-0.707106781187)
  );
#5078 = ORIENTED_EDGE('',*,*,#5079,.T.);
#5079 = EDGE_CURVE('',#5072,#5063,#5080,.T.);
#5080 = LINE('',#5081,#5082);
#5081 = CARTESIAN_POINT('',(-3.45,2.266977906954E-13,-1.044399185739));
#5082 = VECTOR('',#5083,1.);
#5083 = DIRECTION('',(1.,5.374889246202E-17,8.365839057931E-15));
#5084 = PLANE('',#5085);
#5085 = AXIS2_PLACEMENT_3D('',#5086,#5087,#5088);
#5086 = CARTESIAN_POINT('',(-3.45,-9.99999999998E-02,-0.944399185739));
#5087 = DIRECTION('',(-5.953547734519E-15,0.707106781187,0.707106781187)
  );
#5088 = DIRECTION('',(3.944304526105E-31,-0.707106781187,0.707106781187)
  );
#5089 = ADVANCED_FACE('',(#5090),#5115,.F.);
#5090 = FACE_BOUND('',#5091,.T.);
#5091 = EDGE_LOOP('',(#5092,#5100,#5101,#5109));
#5092 = ORIENTED_EDGE('',*,*,#5093,.F.);
#5093 = EDGE_CURVE('',#5063,#5094,#5096,.T.);
#5094 = VERTEX_POINT('',#5095);
#5095 = CARTESIAN_POINT('',(-3.05,2.257299396904E-13,-1.170808264218));
#5096 = LINE('',#5097,#5098);
#5097 = CARTESIAN_POINT('',(-3.05,2.267192902524E-13,-1.044399185739));
#5098 = VECTOR('',#5099,1.);
#5099 = DIRECTION('',(1.029231937006E-14,-7.826578390374E-15,-1.));
#5100 = ORIENTED_EDGE('',*,*,#5079,.F.);
#5101 = ORIENTED_EDGE('',*,*,#5102,.T.);
#5102 = EDGE_CURVE('',#5072,#5103,#5105,.T.);
#5103 = VERTEX_POINT('',#5104);
#5104 = CARTESIAN_POINT('',(-3.45,2.257084401335E-13,-1.170808264218));
#5105 = LINE('',#5106,#5107);
#5106 = CARTESIAN_POINT('',(-3.45,2.266977906954E-13,-1.044399185739));
#5107 = VECTOR('',#5108,1.);
#5108 = DIRECTION('',(1.029231937006E-14,-7.826578390374E-15,-1.));
#5109 = ORIENTED_EDGE('',*,*,#5110,.T.);
#5110 = EDGE_CURVE('',#5103,#5094,#5111,.T.);
#5111 = LINE('',#5112,#5113);
#5112 = CARTESIAN_POINT('',(-3.45,2.257084401335E-13,-1.170808264218));
#5113 = VECTOR('',#5114,1.);
#5114 = DIRECTION('',(1.,5.374889246202E-17,8.365839057931E-15));
#5115 = PLANE('',#5116);
#5116 = AXIS2_PLACEMENT_3D('',#5117,#5118,#5119);
#5117 = CARTESIAN_POINT('',(-3.45,2.266977906954E-13,-1.044399185739));
#5118 = DIRECTION('',(-5.374889246196E-17,1.,-7.826578390374E-15));
#5119 = DIRECTION('',(0.,7.826578390374E-15,1.));
#5120 = ADVANCED_FACE('',(#5121),#5146,.F.);
#5121 = FACE_BOUND('',#5122,.T.);
#5122 = EDGE_LOOP('',(#5123,#5131,#5132,#5140));
#5123 = ORIENTED_EDGE('',*,*,#5124,.F.);
#5124 = EDGE_CURVE('',#5094,#5125,#5127,.T.);
#5125 = VERTEX_POINT('',#5126);
#5126 = CARTESIAN_POINT('',(-3.05,-9.99999999998E-02,-1.270808264218));
#5127 = LINE('',#5128,#5129);
#5128 = CARTESIAN_POINT('',(-3.05,2.257299396904E-13,-1.170808264218));
#5129 = VECTOR('',#5130,1.);
#5130 = DIRECTION('',(6.133173666733E-15,-0.707106781187,-0.707106781186
    ));
#5131 = ORIENTED_EDGE('',*,*,#5110,.F.);
#5132 = ORIENTED_EDGE('',*,*,#5133,.T.);
#5133 = EDGE_CURVE('',#5103,#5134,#5136,.T.);
#5134 = VERTEX_POINT('',#5135);
#5135 = CARTESIAN_POINT('',(-3.45,-9.99999999998E-02,-1.270808264218));
#5136 = LINE('',#5137,#5138);
#5137 = CARTESIAN_POINT('',(-3.45,2.257084401335E-13,-1.170808264218));
#5138 = VECTOR('',#5139,1.);
#5139 = DIRECTION('',(6.133173666733E-15,-0.707106781187,-0.707106781186
    ));
#5140 = ORIENTED_EDGE('',*,*,#5141,.T.);
#5141 = EDGE_CURVE('',#5134,#5125,#5142,.T.);
#5142 = LINE('',#5143,#5144);
#5143 = CARTESIAN_POINT('',(-3.45,-9.99999999998E-02,-1.270808264218));
#5144 = VECTOR('',#5145,1.);
#5145 = DIRECTION('',(1.,5.374889246202E-17,8.365839057931E-15));
#5146 = PLANE('',#5147);
#5147 = AXIS2_PLACEMENT_3D('',#5148,#5149,#5150);
#5148 = CARTESIAN_POINT('',(-3.45,2.257084401335E-13,-1.170808264218));
#5149 = DIRECTION('',(5.877535321838E-15,0.707106781186,-0.707106781187)
  );
#5150 = DIRECTION('',(0.,0.707106781187,0.707106781186));
#5151 = ADVANCED_FACE('',(#5152),#5177,.F.);
#5152 = FACE_BOUND('',#5153,.T.);
#5153 = EDGE_LOOP('',(#5154,#5162,#5163,#5171));
#5154 = ORIENTED_EDGE('',*,*,#5155,.F.);
#5155 = EDGE_CURVE('',#5125,#5156,#5158,.T.);
#5156 = VERTEX_POINT('',#5157);
#5157 = CARTESIAN_POINT('',(-3.05,-9.99999999998E-02,-2.7));
#5158 = LINE('',#5159,#5160);
#5159 = CARTESIAN_POINT('',(-3.05,-9.99999999998E-02,-1.270808264218));
#5160 = VECTOR('',#5161,1.);
#5161 = DIRECTION('',(8.193010895376E-15,6.637856049494E-17,-1.));
#5162 = ORIENTED_EDGE('',*,*,#5141,.F.);
#5163 = ORIENTED_EDGE('',*,*,#5164,.T.);
#5164 = EDGE_CURVE('',#5134,#5165,#5167,.T.);
#5165 = VERTEX_POINT('',#5166);
#5166 = CARTESIAN_POINT('',(-3.45,-9.99999999998E-02,-2.7));
#5167 = LINE('',#5168,#5169);
#5168 = CARTESIAN_POINT('',(-3.45,-9.99999999998E-02,-1.270808264218));
#5169 = VECTOR('',#5170,1.);
#5170 = DIRECTION('',(8.193010895376E-15,6.637856049494E-17,-1.));
#5171 = ORIENTED_EDGE('',*,*,#5172,.T.);
#5172 = EDGE_CURVE('',#5165,#5156,#5173,.T.);
#5173 = LINE('',#5174,#5175);
#5174 = CARTESIAN_POINT('',(-3.45,-9.99999999998E-02,-2.7));
#5175 = VECTOR('',#5176,1.);
#5176 = DIRECTION('',(1.,5.374889246202E-17,8.365839057931E-15));
#5177 = PLANE('',#5178);
#5178 = AXIS2_PLACEMENT_3D('',#5179,#5180,#5181);
#5179 = CARTESIAN_POINT('',(-3.45,-9.99999999998E-02,-1.270808264218));
#5180 = DIRECTION('',(-5.374889246202E-17,1.,6.637856049494E-17));
#5181 = DIRECTION('',(0.,-6.637856049494E-17,1.));
#5182 = ADVANCED_FACE('',(#5183),#5208,.F.);
#5183 = FACE_BOUND('',#5184,.T.);
#5184 = EDGE_LOOP('',(#5185,#5193,#5194,#5202));
#5185 = ORIENTED_EDGE('',*,*,#5186,.F.);
#5186 = EDGE_CURVE('',#5156,#5187,#5189,.T.);
#5187 = VERTEX_POINT('',#5188);
#5188 = CARTESIAN_POINT('',(-3.05,0.1,-2.9));
#5189 = LINE('',#5190,#5191);
#5190 = CARTESIAN_POINT('',(-3.05,-9.99999999998E-02,-2.7));
#5191 = VECTOR('',#5192,1.);
#5192 = DIRECTION('',(6.133173666733E-15,0.707106781187,-0.707106781187)
  );
#5193 = ORIENTED_EDGE('',*,*,#5172,.F.);
#5194 = ORIENTED_EDGE('',*,*,#5195,.T.);
#5195 = EDGE_CURVE('',#5165,#5196,#5198,.T.);
#5196 = VERTEX_POINT('',#5197);
#5197 = CARTESIAN_POINT('',(-3.45,0.1,-2.9));
#5198 = LINE('',#5199,#5200);
#5199 = CARTESIAN_POINT('',(-3.45,-9.99999999998E-02,-2.7));
#5200 = VECTOR('',#5201,1.);
#5201 = DIRECTION('',(6.133173666733E-15,0.707106781187,-0.707106781187)
  );
#5202 = ORIENTED_EDGE('',*,*,#5203,.T.);
#5203 = EDGE_CURVE('',#5196,#5187,#5204,.T.);
#5204 = LINE('',#5205,#5206);
#5205 = CARTESIAN_POINT('',(-3.45,0.1,-2.9));
#5206 = VECTOR('',#5207,1.);
#5207 = DIRECTION('',(1.,5.374889246202E-17,8.365839057931E-15));
#5208 = PLANE('',#5209);
#5209 = AXIS2_PLACEMENT_3D('',#5210,#5211,#5212);
#5210 = CARTESIAN_POINT('',(-3.45,-9.99999999998E-02,-2.7));
#5211 = DIRECTION('',(-5.953547734519E-15,0.707106781187,0.707106781187)
  );
#5212 = DIRECTION('',(-3.944304526105E-31,-0.707106781187,0.707106781187
    ));
#5213 = ADVANCED_FACE('',(#5214),#5230,.F.);
#5214 = FACE_BOUND('',#5215,.T.);
#5215 = EDGE_LOOP('',(#5216,#5222,#5223,#5229));
#5216 = ORIENTED_EDGE('',*,*,#5217,.F.);
#5217 = EDGE_CURVE('',#5187,#4806,#5218,.T.);
#5218 = LINE('',#5219,#5220);
#5219 = CARTESIAN_POINT('',(-3.05,0.1,-2.9));
#5220 = VECTOR('',#5221,1.);
#5221 = DIRECTION('',(0.,1.,0.));
#5222 = ORIENTED_EDGE('',*,*,#5203,.F.);
#5223 = ORIENTED_EDGE('',*,*,#5224,.T.);
#5224 = EDGE_CURVE('',#5196,#4816,#5225,.T.);
#5225 = LINE('',#5226,#5227);
#5226 = CARTESIAN_POINT('',(-3.45,0.1,-2.9));
#5227 = VECTOR('',#5228,1.);
#5228 = DIRECTION('',(0.,1.,0.));
#5229 = ORIENTED_EDGE('',*,*,#4815,.T.);
#5230 = PLANE('',#5231);
#5231 = AXIS2_PLACEMENT_3D('',#5232,#5233,#5234);
#5232 = CARTESIAN_POINT('',(-3.45,0.1,-2.9));
#5233 = DIRECTION('',(-8.365839057931E-15,0.,1.));
#5234 = DIRECTION('',(-1.,0.,-8.365839057931E-15));
#5235 = ADVANCED_FACE('',(#5236),#5252,.T.);
#5236 = FACE_BOUND('',#5237,.T.);
#5237 = EDGE_LOOP('',(#5238,#5239,#5240,#5241,#5242,#5243,#5244,#5245,
    #5246,#5247,#5248,#5249,#5250,#5251));
#5238 = ORIENTED_EDGE('',*,*,#4823,.F.);
#5239 = ORIENTED_EDGE('',*,*,#5224,.F.);
#5240 = ORIENTED_EDGE('',*,*,#5195,.F.);
#5241 = ORIENTED_EDGE('',*,*,#5164,.F.);
#5242 = ORIENTED_EDGE('',*,*,#5133,.F.);
#5243 = ORIENTED_EDGE('',*,*,#5102,.F.);
#5244 = ORIENTED_EDGE('',*,*,#5071,.F.);
#5245 = ORIENTED_EDGE('',*,*,#5040,.F.);
#5246 = ORIENTED_EDGE('',*,*,#5009,.F.);
#5247 = ORIENTED_EDGE('',*,*,#4978,.F.);
#5248 = ORIENTED_EDGE('',*,*,#4947,.F.);
#5249 = ORIENTED_EDGE('',*,*,#4916,.F.);
#5250 = ORIENTED_EDGE('',*,*,#4885,.F.);
#5251 = ORIENTED_EDGE('',*,*,#4854,.F.);
#5252 = PLANE('',#5253);
#5253 = AXIS2_PLACEMENT_3D('',#5254,#5255,#5256);
#5254 = CARTESIAN_POINT('',(-3.45,-2.149955698497E-17,
    -2.888864335566E-14));
#5255 = DIRECTION('',(-1.,-5.245087481934E-29,-8.374527125405E-15));
#5256 = DIRECTION('',(8.374527125405E-15,0.,-1.));
#5257 = ADVANCED_FACE('',(#5258),#5274,.F.);
#5258 = FACE_BOUND('',#5259,.T.);
#5259 = EDGE_LOOP('',(#5260,#5261,#5262,#5263,#5264,#5265,#5266,#5267,
    #5268,#5269,#5270,#5271,#5272,#5273));
#5260 = ORIENTED_EDGE('',*,*,#4805,.T.);
#5261 = ORIENTED_EDGE('',*,*,#4845,.T.);
#5262 = ORIENTED_EDGE('',*,*,#4876,.T.);
#5263 = ORIENTED_EDGE('',*,*,#4907,.T.);
#5264 = ORIENTED_EDGE('',*,*,#4938,.T.);
#5265 = ORIENTED_EDGE('',*,*,#4969,.T.);
#5266 = ORIENTED_EDGE('',*,*,#5000,.T.);
#5267 = ORIENTED_EDGE('',*,*,#5031,.T.);
#5268 = ORIENTED_EDGE('',*,*,#5062,.T.);
#5269 = ORIENTED_EDGE('',*,*,#5093,.T.);
#5270 = ORIENTED_EDGE('',*,*,#5124,.T.);
#5271 = ORIENTED_EDGE('',*,*,#5155,.T.);
#5272 = ORIENTED_EDGE('',*,*,#5186,.T.);
#5273 = ORIENTED_EDGE('',*,*,#5217,.T.);
#5274 = PLANE('',#5275);
#5275 = AXIS2_PLACEMENT_3D('',#5276,#5277,#5278);
#5276 = CARTESIAN_POINT('',(-3.05,-1.59975168199E-28,-2.554230773249E-14
    ));
#5277 = DIRECTION('',(-1.,-5.245087481934E-29,-8.374527125405E-15));
#5278 = DIRECTION('',(8.374527125405E-15,0.,-1.));
#5279 = MANIFOLD_SOLID_BREP('',#5280);
#5280 = CLOSED_SHELL('',(#5281,#5321,#5352,#5383,#5414,#5445,#5476,#5507
    ,#5538,#5569,#5600,#5631,#5662,#5693,#5715,#5737));
#5281 = ADVANCED_FACE('',(#5282),#5316,.F.);
#5282 = FACE_BOUND('',#5283,.T.);
#5283 = EDGE_LOOP('',(#5284,#5294,#5302,#5310));
#5284 = ORIENTED_EDGE('',*,*,#5285,.T.);
#5285 = EDGE_CURVE('',#5286,#5288,#5290,.T.);
#5286 = VERTEX_POINT('',#5287);
#5287 = CARTESIAN_POINT('',(15.05,2.1,-2.9));
#5288 = VERTEX_POINT('',#5289);
#5289 = CARTESIAN_POINT('',(15.05,2.1,-3.828702780027E-14));
#5290 = LINE('',#5291,#5292);
#5291 = CARTESIAN_POINT('',(15.05,2.1,-2.9));
#5292 = VECTOR('',#5293,1.);
#5293 = DIRECTION('',(8.374527125405E-15,0.,1.));
#5294 = ORIENTED_EDGE('',*,*,#5295,.F.);
#5295 = EDGE_CURVE('',#5296,#5288,#5298,.T.);
#5296 = VERTEX_POINT('',#5297);
#5297 = CARTESIAN_POINT('',(15.45,2.1,-4.163336342344E-14));
#5298 = LINE('',#5299,#5300);
#5299 = CARTESIAN_POINT('',(15.45,2.1,-4.163336342344E-14));
#5300 = VECTOR('',#5301,1.);
#5301 = DIRECTION('',(-1.,5.374889246202E-17,8.365839057931E-15));
#5302 = ORIENTED_EDGE('',*,*,#5303,.F.);
#5303 = EDGE_CURVE('',#5304,#5296,#5306,.T.);
#5304 = VERTEX_POINT('',#5305);
#5305 = CARTESIAN_POINT('',(15.45,2.1,-2.9));
#5306 = LINE('',#5307,#5308);
#5307 = CARTESIAN_POINT('',(15.45,2.1,-2.9));
#5308 = VECTOR('',#5309,1.);
#5309 = DIRECTION('',(8.374527125405E-15,0.,1.));
#5310 = ORIENTED_EDGE('',*,*,#5311,.T.);
#5311 = EDGE_CURVE('',#5304,#5286,#5312,.T.);
#5312 = LINE('',#5313,#5314);
#5313 = CARTESIAN_POINT('',(15.45,2.1,-2.9));
#5314 = VECTOR('',#5315,1.);
#5315 = DIRECTION('',(-1.,5.374889246202E-17,8.365839057931E-15));
#5316 = PLANE('',#5317);
#5317 = AXIS2_PLACEMENT_3D('',#5318,#5319,#5320);
#5318 = CARTESIAN_POINT('',(15.45,2.1,-2.9));
#5319 = DIRECTION('',(-5.374889246202E-17,-1.,4.501215578837E-31));
#5320 = DIRECTION('',(1.,-5.374889246202E-17,0.));
#5321 = ADVANCED_FACE('',(#5322),#5347,.F.);
#5322 = FACE_BOUND('',#5323,.T.);
#5323 = EDGE_LOOP('',(#5324,#5332,#5340,#5346));
#5324 = ORIENTED_EDGE('',*,*,#5325,.T.);
#5325 = EDGE_CURVE('',#5288,#5326,#5328,.T.);
#5326 = VERTEX_POINT('',#5327);
#5327 = CARTESIAN_POINT('',(15.05,1.710477983563,-3.584739506429E-14));
#5328 = LINE('',#5329,#5330);
#5329 = CARTESIAN_POINT('',(15.05,2.1,-3.828702780027E-14));
#5330 = VECTOR('',#5331,1.);
#5331 = DIRECTION('',(0.,-1.,6.263144656875E-15));
#5332 = ORIENTED_EDGE('',*,*,#5333,.F.);
#5333 = EDGE_CURVE('',#5334,#5326,#5336,.T.);
#5334 = VERTEX_POINT('',#5335);
#5335 = CARTESIAN_POINT('',(15.45,1.710477983563,-3.919373068746E-14));
#5336 = LINE('',#5337,#5338);
#5337 = CARTESIAN_POINT('',(15.45,1.710477983563,-3.919373068746E-14));
#5338 = VECTOR('',#5339,1.);
#5339 = DIRECTION('',(-1.,5.374889246202E-17,8.365839057931E-15));
#5340 = ORIENTED_EDGE('',*,*,#5341,.F.);
#5341 = EDGE_CURVE('',#5296,#5334,#5342,.T.);
#5342 = LINE('',#5343,#5344);
#5343 = CARTESIAN_POINT('',(15.45,2.1,-4.163336342344E-14));
#5344 = VECTOR('',#5345,1.);
#5345 = DIRECTION('',(0.,-1.,6.263144656875E-15));
#5346 = ORIENTED_EDGE('',*,*,#5295,.T.);
#5347 = PLANE('',#5348);
#5348 = AXIS2_PLACEMENT_3D('',#5349,#5350,#5351);
#5349 = CARTESIAN_POINT('',(15.45,2.1,-4.163336342344E-14));
#5350 = DIRECTION('',(-8.365839057931E-15,-6.263144656875E-15,-1.));
#5351 = DIRECTION('',(-1.,0.,8.365839057931E-15));
#5352 = ADVANCED_FACE('',(#5353),#5378,.F.);
#5353 = FACE_BOUND('',#5354,.T.);
#5354 = EDGE_LOOP('',(#5355,#5363,#5371,#5377));
#5355 = ORIENTED_EDGE('',*,*,#5356,.T.);
#5356 = EDGE_CURVE('',#5326,#5357,#5359,.T.);
#5357 = VERTEX_POINT('',#5358);
#5358 = CARTESIAN_POINT('',(15.05,1.710477983563,-8.005065776186E-02));
#5359 = LINE('',#5360,#5361);
#5360 = CARTESIAN_POINT('',(15.05,1.710477983563,-3.584739506429E-14));
#5361 = VECTOR('',#5362,1.);
#5362 = DIRECTION('',(-5.417580331252E-15,0.,-1.));
#5363 = ORIENTED_EDGE('',*,*,#5364,.F.);
#5364 = EDGE_CURVE('',#5365,#5357,#5367,.T.);
#5365 = VERTEX_POINT('',#5366);
#5366 = CARTESIAN_POINT('',(15.45,1.710477983563,-8.005065776186E-02));
#5367 = LINE('',#5368,#5369);
#5368 = CARTESIAN_POINT('',(15.45,1.710477983563,-8.005065776186E-02));
#5369 = VECTOR('',#5370,1.);
#5370 = DIRECTION('',(-1.,5.374889246202E-17,8.365839057931E-15));
#5371 = ORIENTED_EDGE('',*,*,#5372,.F.);
#5372 = EDGE_CURVE('',#5334,#5365,#5373,.T.);
#5373 = LINE('',#5374,#5375);
#5374 = CARTESIAN_POINT('',(15.45,1.710477983563,-3.919373068746E-14));
#5375 = VECTOR('',#5376,1.);
#5376 = DIRECTION('',(-5.417580331252E-15,0.,-1.));
#5377 = ORIENTED_EDGE('',*,*,#5333,.T.);
#5378 = PLANE('',#5379);
#5379 = AXIS2_PLACEMENT_3D('',#5380,#5381,#5382);
#5380 = CARTESIAN_POINT('',(15.45,1.710477983563,-3.919373068746E-14));
#5381 = DIRECTION('',(5.374889246202E-17,1.,-2.911889426288E-31));
#5382 = DIRECTION('',(-1.,5.374889246202E-17,0.));
#5383 = ADVANCED_FACE('',(#5384),#5409,.F.);
#5384 = FACE_BOUND('',#5385,.T.);
#5385 = EDGE_LOOP('',(#5386,#5394,#5402,#5408));
#5386 = ORIENTED_EDGE('',*,*,#5387,.T.);
#5387 = EDGE_CURVE('',#5357,#5388,#5390,.T.);
#5388 = VERTEX_POINT('',#5389);
#5389 = CARTESIAN_POINT('',(15.05,1.298089913142,-8.005065776186E-02));
#5390 = LINE('',#5391,#5392);
#5391 = CARTESIAN_POINT('',(15.05,1.710477983563,-8.005065776186E-02));
#5392 = VECTOR('',#5393,1.);
#5393 = DIRECTION('',(0.,-1.,0.));
#5394 = ORIENTED_EDGE('',*,*,#5395,.F.);
#5395 = EDGE_CURVE('',#5396,#5388,#5398,.T.);
#5396 = VERTEX_POINT('',#5397);
#5397 = CARTESIAN_POINT('',(15.45,1.298089913142,-8.005065776186E-02));
#5398 = LINE('',#5399,#5400);
#5399 = CARTESIAN_POINT('',(15.45,1.298089913142,-8.005065776186E-02));
#5400 = VECTOR('',#5401,1.);
#5401 = DIRECTION('',(-1.,5.374889246202E-17,8.365839057931E-15));
#5402 = ORIENTED_EDGE('',*,*,#5403,.F.);
#5403 = EDGE_CURVE('',#5365,#5396,#5404,.T.);
#5404 = LINE('',#5405,#5406);
#5405 = CARTESIAN_POINT('',(15.45,1.710477983563,-8.005065776186E-02));
#5406 = VECTOR('',#5407,1.);
#5407 = DIRECTION('',(0.,-1.,0.));
#5408 = ORIENTED_EDGE('',*,*,#5364,.T.);
#5409 = PLANE('',#5410);
#5410 = AXIS2_PLACEMENT_3D('',#5411,#5412,#5413);
#5411 = CARTESIAN_POINT('',(15.45,1.710477983563,-8.005065776186E-02));
#5412 = DIRECTION('',(-8.365839057931E-15,0.,-1.));
#5413 = DIRECTION('',(-1.,0.,8.365839057931E-15));
#5414 = ADVANCED_FACE('',(#5415),#5440,.F.);
#5415 = FACE_BOUND('',#5416,.T.);
#5416 = EDGE_LOOP('',(#5417,#5425,#5433,#5439));
#5417 = ORIENTED_EDGE('',*,*,#5418,.T.);
#5418 = EDGE_CURVE('',#5388,#5419,#5421,.T.);
#5419 = VERTEX_POINT('',#5420);
#5420 = CARTESIAN_POINT('',(15.05,1.298089913142,-3.325942552864E-14));
#5421 = LINE('',#5422,#5423);
#5422 = CARTESIAN_POINT('',(15.05,1.298089913142,-8.005065776186E-02));
#5423 = VECTOR('',#5424,1.);
#5424 = DIRECTION('',(5.417580331252E-15,0.,1.));
#5425 = ORIENTED_EDGE('',*,*,#5426,.F.);
#5426 = EDGE_CURVE('',#5427,#5419,#5429,.T.);
#5427 = VERTEX_POINT('',#5428);
#5428 = CARTESIAN_POINT('',(15.45,1.298089913142,-3.660576115181E-14));
#5429 = LINE('',#5430,#5431);
#5430 = CARTESIAN_POINT('',(15.45,1.298089913142,-3.660576115181E-14));
#5431 = VECTOR('',#5432,1.);
#5432 = DIRECTION('',(-1.,5.374889246202E-17,8.365839057931E-15));
#5433 = ORIENTED_EDGE('',*,*,#5434,.F.);
#5434 = EDGE_CURVE('',#5396,#5427,#5435,.T.);
#5435 = LINE('',#5436,#5437);
#5436 = CARTESIAN_POINT('',(15.45,1.298089913142,-8.005065776186E-02));
#5437 = VECTOR('',#5438,1.);
#5438 = DIRECTION('',(5.417580331252E-15,0.,1.));
#5439 = ORIENTED_EDGE('',*,*,#5395,.T.);
#5440 = PLANE('',#5441);
#5441 = AXIS2_PLACEMENT_3D('',#5442,#5443,#5444);
#5442 = CARTESIAN_POINT('',(15.45,1.298089913142,-8.005065776186E-02));
#5443 = DIRECTION('',(-5.374889246202E-17,-1.,2.911889426288E-31));
#5444 = DIRECTION('',(1.,-5.374889246202E-17,0.));
#5445 = ADVANCED_FACE('',(#5446),#5471,.F.);
#5446 = FACE_BOUND('',#5447,.T.);
#5447 = EDGE_LOOP('',(#5448,#5456,#5464,#5470));
#5448 = ORIENTED_EDGE('',*,*,#5449,.T.);
#5449 = EDGE_CURVE('',#5419,#5450,#5452,.T.);
#5450 = VERTEX_POINT('',#5451);
#5451 = CARTESIAN_POINT('',(15.05,0.1,-2.576073848652E-14));
#5452 = LINE('',#5453,#5454);
#5453 = CARTESIAN_POINT('',(15.05,1.298089913142,-3.325942552864E-14));
#5454 = VECTOR('',#5455,1.);
#5455 = DIRECTION('',(0.,-1.,6.258868353591E-15));
#5456 = ORIENTED_EDGE('',*,*,#5457,.F.);
#5457 = EDGE_CURVE('',#5458,#5450,#5460,.T.);
#5458 = VERTEX_POINT('',#5459);
#5459 = CARTESIAN_POINT('',(15.45,0.1,-2.910707410969E-14));
#5460 = LINE('',#5461,#5462);
#5461 = CARTESIAN_POINT('',(15.45,0.1,-2.910707410969E-14));
#5462 = VECTOR('',#5463,1.);
#5463 = DIRECTION('',(-1.,5.374889246202E-17,8.365839057931E-15));
#5464 = ORIENTED_EDGE('',*,*,#5465,.F.);
#5465 = EDGE_CURVE('',#5427,#5458,#5466,.T.);
#5466 = LINE('',#5467,#5468);
#5467 = CARTESIAN_POINT('',(15.45,1.298089913142,-3.660576115181E-14));
#5468 = VECTOR('',#5469,1.);
#5469 = DIRECTION('',(0.,-1.,6.258868353591E-15));
#5470 = ORIENTED_EDGE('',*,*,#5426,.T.);
#5471 = PLANE('',#5472);
#5472 = AXIS2_PLACEMENT_3D('',#5473,#5474,#5475);
#5473 = CARTESIAN_POINT('',(15.45,1.298089913142,-3.660576115181E-14));
#5474 = DIRECTION('',(-8.365839057931E-15,-6.258868353591E-15,-1.));
#5475 = DIRECTION('',(-1.,0.,8.365839057931E-15));
#5476 = ADVANCED_FACE('',(#5477),#5502,.F.);
#5477 = FACE_BOUND('',#5478,.T.);
#5478 = EDGE_LOOP('',(#5479,#5487,#5495,#5501));
#5479 = ORIENTED_EDGE('',*,*,#5480,.T.);
#5480 = EDGE_CURVE('',#5450,#5481,#5483,.T.);
#5481 = VERTEX_POINT('',#5482);
#5482 = CARTESIAN_POINT('',(15.05,-9.99999999998E-02,-0.2));
#5483 = LINE('',#5484,#5485);
#5484 = CARTESIAN_POINT('',(15.05,0.1,-2.576073848652E-14));
#5485 = VECTOR('',#5486,1.);
#5486 = DIRECTION('',(-6.133173666733E-15,-0.707106781187,
    -0.707106781186));
#5487 = ORIENTED_EDGE('',*,*,#5488,.F.);
#5488 = EDGE_CURVE('',#5489,#5481,#5491,.T.);
#5489 = VERTEX_POINT('',#5490);
#5490 = CARTESIAN_POINT('',(15.45,-9.99999999998E-02,-0.2));
#5491 = LINE('',#5492,#5493);
#5492 = CARTESIAN_POINT('',(15.45,-9.99999999998E-02,-0.2));
#5493 = VECTOR('',#5494,1.);
#5494 = DIRECTION('',(-1.,5.374889246202E-17,8.365839057931E-15));
#5495 = ORIENTED_EDGE('',*,*,#5496,.F.);
#5496 = EDGE_CURVE('',#5458,#5489,#5497,.T.);
#5497 = LINE('',#5498,#5499);
#5498 = CARTESIAN_POINT('',(15.45,0.1,-2.910707410969E-14));
#5499 = VECTOR('',#5500,1.);
#5500 = DIRECTION('',(-6.133173666733E-15,-0.707106781187,
    -0.707106781186));
#5501 = ORIENTED_EDGE('',*,*,#5457,.T.);
#5502 = PLANE('',#5503);
#5503 = AXIS2_PLACEMENT_3D('',#5504,#5505,#5506);
#5504 = CARTESIAN_POINT('',(15.45,0.1,-2.910707410969E-14));
#5505 = DIRECTION('',(-5.877535321837E-15,0.707106781186,-0.707106781187
    ));
#5506 = DIRECTION('',(-3.944304526105E-31,0.707106781187,0.707106781186)
  );
#5507 = ADVANCED_FACE('',(#5508),#5533,.F.);
#5508 = FACE_BOUND('',#5509,.T.);
#5509 = EDGE_LOOP('',(#5510,#5518,#5526,#5532));
#5510 = ORIENTED_EDGE('',*,*,#5511,.T.);
#5511 = EDGE_CURVE('',#5481,#5512,#5514,.T.);
#5512 = VERTEX_POINT('',#5513);
#5513 = CARTESIAN_POINT('',(15.05,-9.99999999998E-02,-0.944399185739));
#5514 = LINE('',#5515,#5516);
#5515 = CARTESIAN_POINT('',(15.05,-9.99999999998E-02,-0.2));
#5516 = VECTOR('',#5517,1.);
#5517 = DIRECTION('',(-8.156285340229E-15,7.282397625204E-17,-1.));
#5518 = ORIENTED_EDGE('',*,*,#5519,.F.);
#5519 = EDGE_CURVE('',#5520,#5512,#5522,.T.);
#5520 = VERTEX_POINT('',#5521);
#5521 = CARTESIAN_POINT('',(15.45,-9.99999999998E-02,-0.944399185739));
#5522 = LINE('',#5523,#5524);
#5523 = CARTESIAN_POINT('',(15.45,-9.99999999998E-02,-0.944399185739));
#5524 = VECTOR('',#5525,1.);
#5525 = DIRECTION('',(-1.,5.374889246202E-17,8.365839057931E-15));
#5526 = ORIENTED_EDGE('',*,*,#5527,.F.);
#5527 = EDGE_CURVE('',#5489,#5520,#5528,.T.);
#5528 = LINE('',#5529,#5530);
#5529 = CARTESIAN_POINT('',(15.45,-9.99999999998E-02,-0.2));
#5530 = VECTOR('',#5531,1.);
#5531 = DIRECTION('',(-8.156285340229E-15,7.282397625204E-17,-1.));
#5532 = ORIENTED_EDGE('',*,*,#5488,.T.);
#5533 = PLANE('',#5534);
#5534 = AXIS2_PLACEMENT_3D('',#5535,#5536,#5537);
#5535 = CARTESIAN_POINT('',(15.45,-9.99999999998E-02,-0.2));
#5536 = DIRECTION('',(5.374889246202E-17,1.,7.282397625204E-17));
#5537 = DIRECTION('',(0.,-7.282397625204E-17,1.));
#5538 = ADVANCED_FACE('',(#5539),#5564,.F.);
#5539 = FACE_BOUND('',#5540,.T.);
#5540 = EDGE_LOOP('',(#5541,#5549,#5557,#5563));
#5541 = ORIENTED_EDGE('',*,*,#5542,.T.);
#5542 = EDGE_CURVE('',#5512,#5543,#5545,.T.);
#5543 = VERTEX_POINT('',#5544);
#5544 = CARTESIAN_POINT('',(15.05,2.267192902524E-13,-1.044399185739));
#5545 = LINE('',#5546,#5547);
#5546 = CARTESIAN_POINT('',(15.05,-9.99999999998E-02,-0.944399185739));
#5547 = VECTOR('',#5548,1.);
#5548 = DIRECTION('',(-6.133173666732E-15,0.707106781187,-0.707106781187
    ));
#5549 = ORIENTED_EDGE('',*,*,#5550,.F.);
#5550 = EDGE_CURVE('',#5551,#5543,#5553,.T.);
#5551 = VERTEX_POINT('',#5552);
#5552 = CARTESIAN_POINT('',(15.45,2.266977906954E-13,-1.044399185739));
#5553 = LINE('',#5554,#5555);
#5554 = CARTESIAN_POINT('',(15.45,2.266977906954E-13,-1.044399185739));
#5555 = VECTOR('',#5556,1.);
#5556 = DIRECTION('',(-1.,5.374889246202E-17,8.365839057931E-15));
#5557 = ORIENTED_EDGE('',*,*,#5558,.F.);
#5558 = EDGE_CURVE('',#5520,#5551,#5559,.T.);
#5559 = LINE('',#5560,#5561);
#5560 = CARTESIAN_POINT('',(15.45,-9.99999999998E-02,-0.944399185739));
#5561 = VECTOR('',#5562,1.);
#5562 = DIRECTION('',(-6.133173666732E-15,0.707106781187,-0.707106781187
    ));
#5563 = ORIENTED_EDGE('',*,*,#5519,.T.);
#5564 = PLANE('',#5565);
#5565 = AXIS2_PLACEMENT_3D('',#5566,#5567,#5568);
#5566 = CARTESIAN_POINT('',(15.45,-9.99999999998E-02,-0.944399185739));
#5567 = DIRECTION('',(5.953547734519E-15,0.707106781187,0.707106781187)
  );
#5568 = DIRECTION('',(-3.944304526105E-31,-0.707106781187,0.707106781187
    ));
#5569 = ADVANCED_FACE('',(#5570),#5595,.F.);
#5570 = FACE_BOUND('',#5571,.T.);
#5571 = EDGE_LOOP('',(#5572,#5580,#5588,#5594));
#5572 = ORIENTED_EDGE('',*,*,#5573,.T.);
#5573 = EDGE_CURVE('',#5543,#5574,#5576,.T.);
#5574 = VERTEX_POINT('',#5575);
#5575 = CARTESIAN_POINT('',(15.05,2.257299396904E-13,-1.170808264218));
#5576 = LINE('',#5577,#5578);
#5577 = CARTESIAN_POINT('',(15.05,2.267192902524E-13,-1.044399185739));
#5578 = VECTOR('',#5579,1.);
#5579 = DIRECTION('',(-1.029231937006E-14,-7.826578390374E-15,-1.));
#5580 = ORIENTED_EDGE('',*,*,#5581,.F.);
#5581 = EDGE_CURVE('',#5582,#5574,#5584,.T.);
#5582 = VERTEX_POINT('',#5583);
#5583 = CARTESIAN_POINT('',(15.45,2.257084401335E-13,-1.170808264218));
#5584 = LINE('',#5585,#5586);
#5585 = CARTESIAN_POINT('',(15.45,2.257084401335E-13,-1.170808264218));
#5586 = VECTOR('',#5587,1.);
#5587 = DIRECTION('',(-1.,5.374889246202E-17,8.365839057931E-15));
#5588 = ORIENTED_EDGE('',*,*,#5589,.F.);
#5589 = EDGE_CURVE('',#5551,#5582,#5590,.T.);
#5590 = LINE('',#5591,#5592);
#5591 = CARTESIAN_POINT('',(15.45,2.266977906954E-13,-1.044399185739));
#5592 = VECTOR('',#5593,1.);
#5593 = DIRECTION('',(-1.029231937006E-14,-7.826578390374E-15,-1.));
#5594 = ORIENTED_EDGE('',*,*,#5550,.T.);
#5595 = PLANE('',#5596);
#5596 = AXIS2_PLACEMENT_3D('',#5597,#5598,#5599);
#5597 = CARTESIAN_POINT('',(15.45,2.266977906954E-13,-1.044399185739));
#5598 = DIRECTION('',(5.374889246196E-17,1.,-7.826578390374E-15));
#5599 = DIRECTION('',(0.,7.826578390374E-15,1.));
#5600 = ADVANCED_FACE('',(#5601),#5626,.F.);
#5601 = FACE_BOUND('',#5602,.T.);
#5602 = EDGE_LOOP('',(#5603,#5611,#5619,#5625));
#5603 = ORIENTED_EDGE('',*,*,#5604,.T.);
#5604 = EDGE_CURVE('',#5574,#5605,#5607,.T.);
#5605 = VERTEX_POINT('',#5606);
#5606 = CARTESIAN_POINT('',(15.05,-9.99999999998E-02,-1.270808264218));
#5607 = LINE('',#5608,#5609);
#5608 = CARTESIAN_POINT('',(15.05,2.257299396904E-13,-1.170808264218));
#5609 = VECTOR('',#5610,1.);
#5610 = DIRECTION('',(-6.133173666733E-15,-0.707106781187,
    -0.707106781186));
#5611 = ORIENTED_EDGE('',*,*,#5612,.F.);
#5612 = EDGE_CURVE('',#5613,#5605,#5615,.T.);
#5613 = VERTEX_POINT('',#5614);
#5614 = CARTESIAN_POINT('',(15.45,-9.99999999998E-02,-1.270808264218));
#5615 = LINE('',#5616,#5617);
#5616 = CARTESIAN_POINT('',(15.45,-9.99999999998E-02,-1.270808264218));
#5617 = VECTOR('',#5618,1.);
#5618 = DIRECTION('',(-1.,5.374889246202E-17,8.365839057931E-15));
#5619 = ORIENTED_EDGE('',*,*,#5620,.F.);
#5620 = EDGE_CURVE('',#5582,#5613,#5621,.T.);
#5621 = LINE('',#5622,#5623);
#5622 = CARTESIAN_POINT('',(15.45,2.257084401335E-13,-1.170808264218));
#5623 = VECTOR('',#5624,1.);
#5624 = DIRECTION('',(-6.133173666733E-15,-0.707106781187,
    -0.707106781186));
#5625 = ORIENTED_EDGE('',*,*,#5581,.T.);
#5626 = PLANE('',#5627);
#5627 = AXIS2_PLACEMENT_3D('',#5628,#5629,#5630);
#5628 = CARTESIAN_POINT('',(15.45,2.257084401335E-13,-1.170808264218));
#5629 = DIRECTION('',(-5.877535321838E-15,0.707106781186,-0.707106781187
    ));
#5630 = DIRECTION('',(0.,0.707106781187,0.707106781186));
#5631 = ADVANCED_FACE('',(#5632),#5657,.F.);
#5632 = FACE_BOUND('',#5633,.T.);
#5633 = EDGE_LOOP('',(#5634,#5642,#5650,#5656));
#5634 = ORIENTED_EDGE('',*,*,#5635,.T.);
#5635 = EDGE_CURVE('',#5605,#5636,#5638,.T.);
#5636 = VERTEX_POINT('',#5637);
#5637 = CARTESIAN_POINT('',(15.05,-9.99999999998E-02,-2.7));
#5638 = LINE('',#5639,#5640);
#5639 = CARTESIAN_POINT('',(15.05,-9.99999999998E-02,-1.270808264218));
#5640 = VECTOR('',#5641,1.);
#5641 = DIRECTION('',(-8.193010895376E-15,6.637856049494E-17,-1.));
#5642 = ORIENTED_EDGE('',*,*,#5643,.F.);
#5643 = EDGE_CURVE('',#5644,#5636,#5646,.T.);
#5644 = VERTEX_POINT('',#5645);
#5645 = CARTESIAN_POINT('',(15.45,-9.99999999998E-02,-2.7));
#5646 = LINE('',#5647,#5648);
#5647 = CARTESIAN_POINT('',(15.45,-9.99999999998E-02,-2.7));
#5648 = VECTOR('',#5649,1.);
#5649 = DIRECTION('',(-1.,5.374889246202E-17,8.365839057931E-15));
#5650 = ORIENTED_EDGE('',*,*,#5651,.F.);
#5651 = EDGE_CURVE('',#5613,#5644,#5652,.T.);
#5652 = LINE('',#5653,#5654);
#5653 = CARTESIAN_POINT('',(15.45,-9.99999999998E-02,-1.270808264218));
#5654 = VECTOR('',#5655,1.);
#5655 = DIRECTION('',(-8.193010895376E-15,6.637856049494E-17,-1.));
#5656 = ORIENTED_EDGE('',*,*,#5612,.T.);
#5657 = PLANE('',#5658);
#5658 = AXIS2_PLACEMENT_3D('',#5659,#5660,#5661);
#5659 = CARTESIAN_POINT('',(15.45,-9.99999999998E-02,-1.270808264218));
#5660 = DIRECTION('',(5.374889246202E-17,1.,6.637856049494E-17));
#5661 = DIRECTION('',(0.,-6.637856049494E-17,1.));
#5662 = ADVANCED_FACE('',(#5663),#5688,.F.);
#5663 = FACE_BOUND('',#5664,.T.);
#5664 = EDGE_LOOP('',(#5665,#5673,#5681,#5687));
#5665 = ORIENTED_EDGE('',*,*,#5666,.T.);
#5666 = EDGE_CURVE('',#5636,#5667,#5669,.T.);
#5667 = VERTEX_POINT('',#5668);
#5668 = CARTESIAN_POINT('',(15.05,0.1,-2.9));
#5669 = LINE('',#5670,#5671);
#5670 = CARTESIAN_POINT('',(15.05,-9.99999999998E-02,-2.7));
#5671 = VECTOR('',#5672,1.);
#5672 = DIRECTION('',(-6.133173666733E-15,0.707106781187,-0.707106781187
    ));
#5673 = ORIENTED_EDGE('',*,*,#5674,.F.);
#5674 = EDGE_CURVE('',#5675,#5667,#5677,.T.);
#5675 = VERTEX_POINT('',#5676);
#5676 = CARTESIAN_POINT('',(15.45,0.1,-2.9));
#5677 = LINE('',#5678,#5679);
#5678 = CARTESIAN_POINT('',(15.45,0.1,-2.9));
#5679 = VECTOR('',#5680,1.);
#5680 = DIRECTION('',(-1.,5.374889246202E-17,8.365839057931E-15));
#5681 = ORIENTED_EDGE('',*,*,#5682,.F.);
#5682 = EDGE_CURVE('',#5644,#5675,#5683,.T.);
#5683 = LINE('',#5684,#5685);
#5684 = CARTESIAN_POINT('',(15.45,-9.99999999998E-02,-2.7));
#5685 = VECTOR('',#5686,1.);
#5686 = DIRECTION('',(-6.133173666733E-15,0.707106781187,-0.707106781187
    ));
#5687 = ORIENTED_EDGE('',*,*,#5643,.T.);
#5688 = PLANE('',#5689);
#5689 = AXIS2_PLACEMENT_3D('',#5690,#5691,#5692);
#5690 = CARTESIAN_POINT('',(15.45,-9.99999999998E-02,-2.7));
#5691 = DIRECTION('',(5.953547734519E-15,0.707106781187,0.707106781187)
  );
#5692 = DIRECTION('',(3.944304526105E-31,-0.707106781187,0.707106781187)
  );
#5693 = ADVANCED_FACE('',(#5694),#5710,.F.);
#5694 = FACE_BOUND('',#5695,.T.);
#5695 = EDGE_LOOP('',(#5696,#5702,#5703,#5709));
#5696 = ORIENTED_EDGE('',*,*,#5697,.T.);
#5697 = EDGE_CURVE('',#5667,#5286,#5698,.T.);
#5698 = LINE('',#5699,#5700);
#5699 = CARTESIAN_POINT('',(15.05,0.1,-2.9));
#5700 = VECTOR('',#5701,1.);
#5701 = DIRECTION('',(0.,1.,0.));
#5702 = ORIENTED_EDGE('',*,*,#5311,.F.);
#5703 = ORIENTED_EDGE('',*,*,#5704,.F.);
#5704 = EDGE_CURVE('',#5675,#5304,#5705,.T.);
#5705 = LINE('',#5706,#5707);
#5706 = CARTESIAN_POINT('',(15.45,0.1,-2.9));
#5707 = VECTOR('',#5708,1.);
#5708 = DIRECTION('',(0.,1.,0.));
#5709 = ORIENTED_EDGE('',*,*,#5674,.T.);
#5710 = PLANE('',#5711);
#5711 = AXIS2_PLACEMENT_3D('',#5712,#5713,#5714);
#5712 = CARTESIAN_POINT('',(15.45,0.1,-2.9));
#5713 = DIRECTION('',(8.365839057931E-15,0.,1.));
#5714 = DIRECTION('',(1.,0.,-8.365839057931E-15));
#5715 = ADVANCED_FACE('',(#5716),#5732,.T.);
#5716 = FACE_BOUND('',#5717,.T.);
#5717 = EDGE_LOOP('',(#5718,#5719,#5720,#5721,#5722,#5723,#5724,#5725,
    #5726,#5727,#5728,#5729,#5730,#5731));
#5718 = ORIENTED_EDGE('',*,*,#5303,.T.);
#5719 = ORIENTED_EDGE('',*,*,#5341,.T.);
#5720 = ORIENTED_EDGE('',*,*,#5372,.T.);
#5721 = ORIENTED_EDGE('',*,*,#5403,.T.);
#5722 = ORIENTED_EDGE('',*,*,#5434,.T.);
#5723 = ORIENTED_EDGE('',*,*,#5465,.T.);
#5724 = ORIENTED_EDGE('',*,*,#5496,.T.);
#5725 = ORIENTED_EDGE('',*,*,#5527,.T.);
#5726 = ORIENTED_EDGE('',*,*,#5558,.T.);
#5727 = ORIENTED_EDGE('',*,*,#5589,.T.);
#5728 = ORIENTED_EDGE('',*,*,#5620,.T.);
#5729 = ORIENTED_EDGE('',*,*,#5651,.T.);
#5730 = ORIENTED_EDGE('',*,*,#5682,.T.);
#5731 = ORIENTED_EDGE('',*,*,#5704,.T.);
#5732 = PLANE('',#5733);
#5733 = AXIS2_PLACEMENT_3D('',#5734,#5735,#5736);
#5734 = CARTESIAN_POINT('',(15.45,-2.149955698497E-17,
    -2.888864335566E-14));
#5735 = DIRECTION('',(1.,-5.245087481934E-29,-8.374527125405E-15));
#5736 = DIRECTION('',(-8.374527125405E-15,0.,-1.));
#5737 = ADVANCED_FACE('',(#5738),#5754,.F.);
#5738 = FACE_BOUND('',#5739,.T.);
#5739 = EDGE_LOOP('',(#5740,#5741,#5742,#5743,#5744,#5745,#5746,#5747,
    #5748,#5749,#5750,#5751,#5752,#5753));
#5740 = ORIENTED_EDGE('',*,*,#5285,.F.);
#5741 = ORIENTED_EDGE('',*,*,#5697,.F.);
#5742 = ORIENTED_EDGE('',*,*,#5666,.F.);
#5743 = ORIENTED_EDGE('',*,*,#5635,.F.);
#5744 = ORIENTED_EDGE('',*,*,#5604,.F.);
#5745 = ORIENTED_EDGE('',*,*,#5573,.F.);
#5746 = ORIENTED_EDGE('',*,*,#5542,.F.);
#5747 = ORIENTED_EDGE('',*,*,#5511,.F.);
#5748 = ORIENTED_EDGE('',*,*,#5480,.F.);
#5749 = ORIENTED_EDGE('',*,*,#5449,.F.);
#5750 = ORIENTED_EDGE('',*,*,#5418,.F.);
#5751 = ORIENTED_EDGE('',*,*,#5387,.F.);
#5752 = ORIENTED_EDGE('',*,*,#5356,.F.);
#5753 = ORIENTED_EDGE('',*,*,#5325,.F.);
#5754 = PLANE('',#5755);
#5755 = AXIS2_PLACEMENT_3D('',#5756,#5757,#5758);
#5756 = CARTESIAN_POINT('',(15.05,-1.59975168199E-28,-2.554230773249E-14
    ));
#5757 = DIRECTION('',(1.,-5.245087481934E-29,-8.374527125405E-15));
#5758 = DIRECTION('',(-8.374527125405E-15,0.,-1.));
#5759 = MANIFOLD_SOLID_BREP('',#5760);
#5760 = CLOSED_SHELL('',(#5761,#5801,#5834,#5865,#5896,#5927,#5958,#5989
    ,#6022,#6053,#6086,#6117,#6148,#6179,#6210,#6232,#6261,#6290,#6302,
    #6314,#6326));
#5761 = ADVANCED_FACE('',(#5762),#5796,.F.);
#5762 = FACE_BOUND('',#5763,.T.);
#5763 = EDGE_LOOP('',(#5764,#5774,#5782,#5790));
#5764 = ORIENTED_EDGE('',*,*,#5765,.F.);
#5765 = EDGE_CURVE('',#5766,#5768,#5770,.T.);
#5766 = VERTEX_POINT('',#5767);
#5767 = CARTESIAN_POINT('',(1.25,2.85,-6.));
#5768 = VERTEX_POINT('',#5769);
#5769 = CARTESIAN_POINT('',(1.25,0.569683956536,-6.));
#5770 = LINE('',#5771,#5772);
#5771 = CARTESIAN_POINT('',(1.25,2.85,-6.));
#5772 = VECTOR('',#5773,1.);
#5773 = DIRECTION('',(0.,-1.,0.));
#5774 = ORIENTED_EDGE('',*,*,#5775,.F.);
#5775 = EDGE_CURVE('',#5776,#5766,#5778,.T.);
#5776 = VERTEX_POINT('',#5777);
#5777 = CARTESIAN_POINT('',(0.75,2.85,-6.));
#5778 = LINE('',#5779,#5780);
#5779 = CARTESIAN_POINT('',(0.75,2.85,-6.));
#5780 = VECTOR('',#5781,1.);
#5781 = DIRECTION('',(1.,5.374889246201E-17,7.281636885445E-15));
#5782 = ORIENTED_EDGE('',*,*,#5783,.T.);
#5783 = EDGE_CURVE('',#5776,#5784,#5786,.T.);
#5784 = VERTEX_POINT('',#5785);
#5785 = CARTESIAN_POINT('',(0.75,0.569683956536,-6.));
#5786 = LINE('',#5787,#5788);
#5787 = CARTESIAN_POINT('',(0.75,2.85,-6.));
#5788 = VECTOR('',#5789,1.);
#5789 = DIRECTION('',(0.,-1.,0.));
#5790 = ORIENTED_EDGE('',*,*,#5791,.T.);
#5791 = EDGE_CURVE('',#5784,#5768,#5792,.T.);
#5792 = LINE('',#5793,#5794);
#5793 = CARTESIAN_POINT('',(0.75,0.569683956536,-6.));
#5794 = VECTOR('',#5795,1.);
#5795 = DIRECTION('',(1.,5.374889246201E-17,7.281636885445E-15));
#5796 = PLANE('',#5797);
#5797 = AXIS2_PLACEMENT_3D('',#5798,#5799,#5800);
#5798 = CARTESIAN_POINT('',(0.75,2.85,-6.));
#5799 = DIRECTION('',(7.281636885445E-15,0.,-1.));
#5800 = DIRECTION('',(1.,0.,7.281636885445E-15));
#5801 = ADVANCED_FACE('',(#5802),#5829,.T.);
#5802 = FACE_BOUND('',#5803,.T.);
#5803 = EDGE_LOOP('',(#5804,#5813,#5814,#5823));
#5804 = ORIENTED_EDGE('',*,*,#5805,.F.);
#5805 = EDGE_CURVE('',#5768,#5806,#5808,.T.);
#5806 = VERTEX_POINT('',#5807);
#5807 = CARTESIAN_POINT('',(1.25,-2.974497641265E-02,-6.573828367581));
#5808 = CIRCLE('',#5809,0.6);
#5809 = AXIS2_PLACEMENT_3D('',#5810,#5811,#5812);
#5810 = CARTESIAN_POINT('',(1.25,0.569683956536,-6.6));
#5811 = DIRECTION('',(1.,5.374889246201E-17,7.281636885445E-15));
#5812 = DIRECTION('',(7.281636885445E-15,2.88214472986E-33,-1.));
#5813 = ORIENTED_EDGE('',*,*,#5791,.F.);
#5814 = ORIENTED_EDGE('',*,*,#5815,.T.);
#5815 = EDGE_CURVE('',#5784,#5816,#5818,.T.);
#5816 = VERTEX_POINT('',#5817);
#5817 = CARTESIAN_POINT('',(0.75,-2.974497641265E-02,-6.573828367581));
#5818 = CIRCLE('',#5819,0.6);
#5819 = AXIS2_PLACEMENT_3D('',#5820,#5821,#5822);
#5820 = CARTESIAN_POINT('',(0.75,0.569683956536,-6.6));
#5821 = DIRECTION('',(1.,5.374889246201E-17,7.281636885445E-15));
#5822 = DIRECTION('',(7.281636885445E-15,2.88214472986E-33,-1.));
#5823 = ORIENTED_EDGE('',*,*,#5824,.T.);
#5824 = EDGE_CURVE('',#5816,#5806,#5825,.T.);
#5825 = LINE('',#5826,#5827);
#5826 = CARTESIAN_POINT('',(0.75,-2.974497641265E-02,-6.573828367581));
#5827 = VECTOR('',#5828,1.);
#5828 = DIRECTION('',(1.,5.374889246201E-17,7.281636885445E-15));
#5829 = CYLINDRICAL_SURFACE('',#5830,0.6);
#5830 = AXIS2_PLACEMENT_3D('',#5831,#5832,#5833);
#5831 = CARTESIAN_POINT('',(0.75,0.569683956536,-6.6));
#5832 = DIRECTION('',(1.,5.374889246201E-17,7.281636885445E-15));
#5833 = DIRECTION('',(-7.281636885445E-15,-2.88214472986E-33,1.));
#5834 = ADVANCED_FACE('',(#5835),#5860,.F.);
#5835 = FACE_BOUND('',#5836,.T.);
#5836 = EDGE_LOOP('',(#5837,#5845,#5846,#5854));
#5837 = ORIENTED_EDGE('',*,*,#5838,.F.);
#5838 = EDGE_CURVE('',#5806,#5839,#5841,.T.);
#5839 = VERTEX_POINT('',#5840);
#5840 = CARTESIAN_POINT('',(1.25,-9.999999999983E-02,-8.182932956421));
#5841 = LINE('',#5842,#5843);
#5842 = CARTESIAN_POINT('',(1.25,-2.974497641265E-02,-6.573828367581));
#5843 = VECTOR('',#5844,1.);
#5844 = DIRECTION('',(7.27003005616E-15,-4.361938736534E-02,
    -0.999048221582));
#5845 = ORIENTED_EDGE('',*,*,#5824,.F.);
#5846 = ORIENTED_EDGE('',*,*,#5847,.T.);
#5847 = EDGE_CURVE('',#5816,#5848,#5850,.T.);
#5848 = VERTEX_POINT('',#5849);
#5849 = CARTESIAN_POINT('',(0.75,-9.999999999983E-02,-8.182932956421));
#5850 = LINE('',#5851,#5852);
#5851 = CARTESIAN_POINT('',(0.75,-2.974497641265E-02,-6.573828367581));
#5852 = VECTOR('',#5853,1.);
#5853 = DIRECTION('',(7.27003005616E-15,-4.361938736534E-02,
    -0.999048221582));
#5854 = ORIENTED_EDGE('',*,*,#5855,.T.);
#5855 = EDGE_CURVE('',#5848,#5839,#5856,.T.);
#5856 = LINE('',#5857,#5858);
#5857 = CARTESIAN_POINT('',(0.75,-9.999999999983E-02,-8.182932956421));
#5858 = VECTOR('',#5859,1.);
#5859 = DIRECTION('',(1.,5.374889246201E-17,7.281636885445E-15));
#5860 = PLANE('',#5861);
#5861 = AXIS2_PLACEMENT_3D('',#5862,#5863,#5864);
#5862 = CARTESIAN_POINT('',(0.75,-2.974497641265E-02,-6.573828367581));
#5863 = DIRECTION('',(2.639228045338E-16,0.999048221582,
    -4.361938736534E-02));
#5864 = DIRECTION('',(0.,4.361938736534E-02,0.999048221582));
#5865 = ADVANCED_FACE('',(#5866),#5891,.F.);
#5866 = FACE_BOUND('',#5867,.T.);
#5867 = EDGE_LOOP('',(#5868,#5869,#5877,#5885));
#5868 = ORIENTED_EDGE('',*,*,#5855,.F.);
#5869 = ORIENTED_EDGE('',*,*,#5870,.F.);
#5870 = EDGE_CURVE('',#5871,#5848,#5873,.T.);
#5871 = VERTEX_POINT('',#5872);
#5872 = CARTESIAN_POINT('',(0.857179676972,-1.754293278778E-02,
    -8.58691418379));
#5873 = LINE('',#5874,#5875);
#5874 = CARTESIAN_POINT('',(0.785433741801,-7.273958541536E-02,
    -8.316489680117));
#5875 = VECTOR('',#5876,1.);
#5876 = DIRECTION('',(-0.251587526195,-0.193555066997,0.948282738798));
#5877 = ORIENTED_EDGE('',*,*,#5878,.T.);
#5878 = EDGE_CURVE('',#5871,#5879,#5881,.T.);
#5879 = VERTEX_POINT('',#5880);
#5880 = CARTESIAN_POINT('',(1.142820323027,-1.754293278778E-02,
    -8.58691418379));
#5881 = LINE('',#5882,#5883);
#5882 = CARTESIAN_POINT('',(0.75,-1.754293278778E-02,-8.58691418379));
#5883 = VECTOR('',#5884,1.);
#5884 = DIRECTION('',(1.,5.374889246201E-17,7.281636885445E-15));
#5885 = ORIENTED_EDGE('',*,*,#5886,.F.);
#5886 = EDGE_CURVE('',#5839,#5879,#5887,.T.);
#5887 = LINE('',#5888,#5889);
#5888 = CARTESIAN_POINT('',(1.125103452127,-3.912725495543E-03,
    -8.653692545638));
#5889 = VECTOR('',#5890,1.);
#5890 = DIRECTION('',(-0.251587526195,0.193555066997,-0.948282738798));
#5891 = PLANE('',#5892);
#5892 = AXIS2_PLACEMENT_3D('',#5893,#5894,#5895);
#5893 = CARTESIAN_POINT('',(0.75,-9.999999999983E-02,-8.182932956421));
#5894 = DIRECTION('',(-1.508901352801E-15,0.97979839483,0.199987763349)
  );
#5895 = DIRECTION('',(0.,-0.199987763349,0.97979839483));
#5896 = ADVANCED_FACE('',(#5897),#5922,.F.);
#5897 = FACE_BOUND('',#5898,.T.);
#5898 = EDGE_LOOP('',(#5899,#5900,#5908,#5916));
#5899 = ORIENTED_EDGE('',*,*,#5878,.F.);
#5900 = ORIENTED_EDGE('',*,*,#5901,.F.);
#5901 = EDGE_CURVE('',#5902,#5871,#5904,.T.);
#5902 = VERTEX_POINT('',#5903);
#5903 = CARTESIAN_POINT('',(0.857179676972,0.282171533687,-8.6));
#5904 = LINE('',#5905,#5906);
#5905 = CARTESIAN_POINT('',(0.857179676972,-1.754293278778E-02,
    -8.58691418379));
#5906 = VECTOR('',#5907,1.);
#5907 = DIRECTION('',(-2.639228045338E-16,-0.999048221582,
    4.361938736534E-02));
#5908 = ORIENTED_EDGE('',*,*,#5909,.T.);
#5909 = EDGE_CURVE('',#5902,#5910,#5912,.T.);
#5910 = VERTEX_POINT('',#5911);
#5911 = CARTESIAN_POINT('',(1.142820323027,0.282171533687,-8.6));
#5912 = LINE('',#5913,#5914);
#5913 = CARTESIAN_POINT('',(0.75,0.282171533687,-8.6));
#5914 = VECTOR('',#5915,1.);
#5915 = DIRECTION('',(1.,5.374889246201E-17,7.281636885445E-15));
#5916 = ORIENTED_EDGE('',*,*,#5917,.F.);
#5917 = EDGE_CURVE('',#5879,#5910,#5918,.T.);
#5918 = LINE('',#5919,#5920);
#5919 = CARTESIAN_POINT('',(1.142820323027,0.282171533687,-8.6));
#5920 = VECTOR('',#5921,1.);
#5921 = DIRECTION('',(2.639228045338E-16,0.999048221582,
    -4.361938736534E-02));
#5922 = PLANE('',#5923);
#5923 = AXIS2_PLACEMENT_3D('',#5924,#5925,#5926);
#5924 = CARTESIAN_POINT('',(0.75,0.282171533687,-8.6));
#5925 = DIRECTION('',(-7.27705087437E-15,4.361938736534E-02,
    0.999048221582));
#5926 = DIRECTION('',(0.,-0.999048221582,4.361938736534E-02));
#5927 = ADVANCED_FACE('',(#5928),#5953,.F.);
#5928 = FACE_BOUND('',#5929,.T.);
#5929 = EDGE_LOOP('',(#5930,#5931,#5939,#5947));
#5930 = ORIENTED_EDGE('',*,*,#5909,.F.);
#5931 = ORIENTED_EDGE('',*,*,#5932,.F.);
#5932 = EDGE_CURVE('',#5933,#5902,#5935,.T.);
#5933 = VERTEX_POINT('',#5934);
#5934 = CARTESIAN_POINT('',(0.75,0.399524110791,-8.204742650104));
#5935 = LINE('',#5936,#5937);
#5936 = CARTESIAN_POINT('',(0.744094376366,0.405990263446,-8.18296388371
    ));
#5937 = VECTOR('',#5938,1.);
#5938 = DIRECTION('',(0.251587526195,-0.275466817966,-0.927804801056));
#5939 = ORIENTED_EDGE('',*,*,#5940,.T.);
#5940 = EDGE_CURVE('',#5933,#5941,#5943,.T.);
#5941 = VERTEX_POINT('',#5942);
#5942 = CARTESIAN_POINT('',(1.25,0.399524110791,-8.204742650104));
#5943 = LINE('',#5944,#5945);
#5944 = CARTESIAN_POINT('',(0.75,0.399524110791,-8.204742650104));
#5945 = VECTOR('',#5946,1.);
#5946 = DIRECTION('',(1.,5.374889246201E-17,7.281636885445E-15));
#5947 = ORIENTED_EDGE('',*,*,#5948,.F.);
#5948 = EDGE_CURVE('',#5910,#5941,#5949,.T.);
#5949 = LINE('',#5950,#5951);
#5950 = CARTESIAN_POINT('',(1.142820323027,0.282171533687,-8.6));
#5951 = VECTOR('',#5952,1.);
#5952 = DIRECTION('',(0.251587526195,0.275466817966,0.927804801056));
#5953 = PLANE('',#5954);
#5954 = AXIS2_PLACEMENT_3D('',#5955,#5956,#5957);
#5955 = CARTESIAN_POINT('',(0.75,0.399524110791,-8.204742650104));
#5956 = DIRECTION('',(-2.020986811672E-15,-0.958639884073,0.284621806376
    ));
#5957 = DIRECTION('',(0.,-0.284621806376,-0.958639884073));
#5958 = ADVANCED_FACE('',(#5959),#5984,.F.);
#5959 = FACE_BOUND('',#5960,.T.);
#5960 = EDGE_LOOP('',(#5961,#5969,#5970,#5978));
#5961 = ORIENTED_EDGE('',*,*,#5962,.F.);
#5962 = EDGE_CURVE('',#5941,#5963,#5965,.T.);
#5963 = VERTEX_POINT('',#5964);
#5964 = CARTESIAN_POINT('',(1.25,0.469779134378,-6.595638061264));
#5965 = LINE('',#5966,#5967);
#5966 = CARTESIAN_POINT('',(1.25,0.469779134378,-6.595638061264));
#5967 = VECTOR('',#5968,1.);
#5968 = DIRECTION('',(-7.27003005616E-15,4.361938736534E-02,
    0.999048221582));
#5969 = ORIENTED_EDGE('',*,*,#5940,.F.);
#5970 = ORIENTED_EDGE('',*,*,#5971,.T.);
#5971 = EDGE_CURVE('',#5933,#5972,#5974,.T.);
#5972 = VERTEX_POINT('',#5973);
#5973 = CARTESIAN_POINT('',(0.75,0.469779134378,-6.595638061264));
#5974 = LINE('',#5975,#5976);
#5975 = CARTESIAN_POINT('',(0.75,0.469779134378,-6.595638061264));
#5976 = VECTOR('',#5977,1.);
#5977 = DIRECTION('',(-7.27003005616E-15,4.361938736534E-02,
    0.999048221582));
#5978 = ORIENTED_EDGE('',*,*,#5979,.T.);
#5979 = EDGE_CURVE('',#5972,#5963,#5980,.T.);
#5980 = LINE('',#5981,#5982);
#5981 = CARTESIAN_POINT('',(0.75,0.469779134378,-6.595638061264));
#5982 = VECTOR('',#5983,1.);
#5983 = DIRECTION('',(1.,5.374889246201E-17,7.281636885445E-15));
#5984 = PLANE('',#5985);
#5985 = AXIS2_PLACEMENT_3D('',#5986,#5987,#5988);
#5986 = CARTESIAN_POINT('',(0.75,0.469779134378,-6.595638061264));
#5987 = DIRECTION('',(-2.639228045338E-16,-0.999048221582,
    4.361938736534E-02));
#5988 = DIRECTION('',(0.,-4.361938736534E-02,-0.999048221582));
#5989 = ADVANCED_FACE('',(#5990),#6017,.F.);
#5990 = FACE_BOUND('',#5991,.F.);
#5991 = EDGE_LOOP('',(#5992,#6002,#6009,#6010));
#5992 = ORIENTED_EDGE('',*,*,#5993,.F.);
#5993 = EDGE_CURVE('',#5994,#5996,#5998,.T.);
#5994 = VERTEX_POINT('',#5995);
#5995 = CARTESIAN_POINT('',(0.75,0.569683956536,-6.5));
#5996 = VERTEX_POINT('',#5997);
#5997 = CARTESIAN_POINT('',(1.25,0.569683956536,-6.5));
#5998 = LINE('',#5999,#6000);
#5999 = CARTESIAN_POINT('',(0.75,0.569683956536,-6.5));
#6000 = VECTOR('',#6001,1.);
#6001 = DIRECTION('',(1.,5.374889246201E-17,7.281636885445E-15));
#6002 = ORIENTED_EDGE('',*,*,#6003,.F.);
#6003 = EDGE_CURVE('',#5972,#5994,#6004,.T.);
#6004 = CIRCLE('',#6005,1.E-01);
#6005 = AXIS2_PLACEMENT_3D('',#6006,#6007,#6008);
#6006 = CARTESIAN_POINT('',(0.75,0.569683956536,-6.6));
#6007 = DIRECTION('',(-1.,-5.374889246201E-17,-7.281636885445E-15));
#6008 = DIRECTION('',(7.281636885445E-15,-1.654274392882E-32,-1.));
#6009 = ORIENTED_EDGE('',*,*,#5979,.T.);
#6010 = ORIENTED_EDGE('',*,*,#6011,.T.);
#6011 = EDGE_CURVE('',#5963,#5996,#6012,.T.);
#6012 = CIRCLE('',#6013,1.E-01);
#6013 = AXIS2_PLACEMENT_3D('',#6014,#6015,#6016);
#6014 = CARTESIAN_POINT('',(1.25,0.569683956536,-6.6));
#6015 = DIRECTION('',(-1.,-5.374889246201E-17,-7.281636885445E-15));
#6016 = DIRECTION('',(7.281636885445E-15,4.173192204718E-32,-1.));
#6017 = CYLINDRICAL_SURFACE('',#6018,1.E-01);
#6018 = AXIS2_PLACEMENT_3D('',#6019,#6020,#6021);
#6019 = CARTESIAN_POINT('',(0.75,0.569683956536,-6.6));
#6020 = DIRECTION('',(1.,5.374889246201E-17,7.281636885445E-15));
#6021 = DIRECTION('',(-7.281636885445E-15,1.654274392882E-32,1.));
#6022 = ADVANCED_FACE('',(#6023),#6048,.F.);
#6023 = FACE_BOUND('',#6024,.T.);
#6024 = EDGE_LOOP('',(#6025,#6033,#6034,#6042));
#6025 = ORIENTED_EDGE('',*,*,#6026,.F.);
#6026 = EDGE_CURVE('',#5996,#6027,#6029,.T.);
#6027 = VERTEX_POINT('',#6028);
#6028 = CARTESIAN_POINT('',(1.25,2.75,-6.5));
#6029 = LINE('',#6030,#6031);
#6030 = CARTESIAN_POINT('',(1.25,2.75,-6.5));
#6031 = VECTOR('',#6032,1.);
#6032 = DIRECTION('',(0.,1.,-3.978146840632E-16));
#6033 = ORIENTED_EDGE('',*,*,#5993,.F.);
#6034 = ORIENTED_EDGE('',*,*,#6035,.T.);
#6035 = EDGE_CURVE('',#5994,#6036,#6038,.T.);
#6036 = VERTEX_POINT('',#6037);
#6037 = CARTESIAN_POINT('',(0.75,2.75,-6.5));
#6038 = LINE('',#6039,#6040);
#6039 = CARTESIAN_POINT('',(0.75,2.75,-6.5));
#6040 = VECTOR('',#6041,1.);
#6041 = DIRECTION('',(0.,1.,-3.978146840632E-16));
#6042 = ORIENTED_EDGE('',*,*,#6043,.T.);
#6043 = EDGE_CURVE('',#6036,#6027,#6044,.T.);
#6044 = LINE('',#6045,#6046);
#6045 = CARTESIAN_POINT('',(0.75,2.75,-6.5));
#6046 = VECTOR('',#6047,1.);
#6047 = DIRECTION('',(1.,5.374889246201E-17,7.281636885445E-15));
#6048 = PLANE('',#6049);
#6049 = AXIS2_PLACEMENT_3D('',#6050,#6051,#6052);
#6050 = CARTESIAN_POINT('',(0.75,2.75,-6.5));
#6051 = DIRECTION('',(-7.281636885445E-15,3.978146840632E-16,1.));
#6052 = DIRECTION('',(-1.,0.,-7.281636885445E-15));
#6053 = ADVANCED_FACE('',(#6054),#6081,.T.);
#6054 = FACE_BOUND('',#6055,.T.);
#6055 = EDGE_LOOP('',(#6056,#6065,#6066,#6075));
#6056 = ORIENTED_EDGE('',*,*,#6057,.F.);
#6057 = EDGE_CURVE('',#6027,#6058,#6060,.T.);
#6058 = VERTEX_POINT('',#6059);
#6059 = CARTESIAN_POINT('',(1.25,3.35,-5.9));
#6060 = CIRCLE('',#6061,0.6);
#6061 = AXIS2_PLACEMENT_3D('',#6062,#6063,#6064);
#6062 = CARTESIAN_POINT('',(1.25,2.75,-5.9));
#6063 = DIRECTION('',(1.,5.374889246201E-17,7.281636885445E-15));
#6064 = DIRECTION('',(-7.281636885445E-15,-2.882144729863E-33,1.));
#6065 = ORIENTED_EDGE('',*,*,#6043,.F.);
#6066 = ORIENTED_EDGE('',*,*,#6067,.T.);
#6067 = EDGE_CURVE('',#6036,#6068,#6070,.T.);
#6068 = VERTEX_POINT('',#6069);
#6069 = CARTESIAN_POINT('',(0.75,3.35,-5.9));
#6070 = CIRCLE('',#6071,0.6);
#6071 = AXIS2_PLACEMENT_3D('',#6072,#6073,#6074);
#6072 = CARTESIAN_POINT('',(0.75,2.75,-5.9));
#6073 = DIRECTION('',(1.,5.374889246201E-17,7.281636885445E-15));
#6074 = DIRECTION('',(-7.281636885445E-15,-2.882144729863E-33,1.));
#6075 = ORIENTED_EDGE('',*,*,#6076,.T.);
#6076 = EDGE_CURVE('',#6068,#6058,#6077,.T.);
#6077 = LINE('',#6078,#6079);
#6078 = CARTESIAN_POINT('',(0.75,3.35,-5.9));
#6079 = VECTOR('',#6080,1.);
#6080 = DIRECTION('',(1.,5.374889246201E-17,7.281636885445E-15));
#6081 = CYLINDRICAL_SURFACE('',#6082,0.6);
#6082 = AXIS2_PLACEMENT_3D('',#6083,#6084,#6085);
#6083 = CARTESIAN_POINT('',(0.75,2.75,-5.9));
#6084 = DIRECTION('',(1.,5.374889246201E-17,7.281636885445E-15));
#6085 = DIRECTION('',(-7.281636885445E-15,-2.882144729863E-33,1.));
#6086 = ADVANCED_FACE('',(#6087),#6112,.F.);
#6087 = FACE_BOUND('',#6088,.T.);
#6088 = EDGE_LOOP('',(#6089,#6097,#6098,#6106));
#6089 = ORIENTED_EDGE('',*,*,#6090,.F.);
#6090 = EDGE_CURVE('',#6058,#6091,#6093,.T.);
#6091 = VERTEX_POINT('',#6092);
#6092 = CARTESIAN_POINT('',(1.25,3.35,-1.35));
#6093 = LINE('',#6094,#6095);
#6094 = CARTESIAN_POINT('',(1.25,3.35,-1.35));
#6095 = VECTOR('',#6096,1.);
#6096 = DIRECTION('',(-7.243900229354E-15,-9.531447670202E-17,1.));
#6097 = ORIENTED_EDGE('',*,*,#6076,.F.);
#6098 = ORIENTED_EDGE('',*,*,#6099,.T.);
#6099 = EDGE_CURVE('',#6068,#6100,#6102,.T.);
#6100 = VERTEX_POINT('',#6101);
#6101 = CARTESIAN_POINT('',(0.75,3.35,-1.35));
#6102 = LINE('',#6103,#6104);
#6103 = CARTESIAN_POINT('',(0.75,3.35,-1.35));
#6104 = VECTOR('',#6105,1.);
#6105 = DIRECTION('',(-7.243900229354E-15,-9.531447670202E-17,1.));
#6106 = ORIENTED_EDGE('',*,*,#6107,.T.);
#6107 = EDGE_CURVE('',#6100,#6091,#6108,.T.);
#6108 = LINE('',#6109,#6110);
#6109 = CARTESIAN_POINT('',(0.75,3.35,-1.35));
#6110 = VECTOR('',#6111,1.);
#6111 = DIRECTION('',(1.,5.374889246201E-17,7.281636885445E-15));
#6112 = PLANE('',#6113);
#6113 = AXIS2_PLACEMENT_3D('',#6114,#6115,#6116);
#6114 = CARTESIAN_POINT('',(0.75,3.35,-1.35));
#6115 = DIRECTION('',(5.374889246201E-17,-1.,-9.531447670202E-17));
#6116 = DIRECTION('',(0.,9.531447670202E-17,-1.));
#6117 = ADVANCED_FACE('',(#6118),#6143,.F.);
#6118 = FACE_BOUND('',#6119,.T.);
#6119 = EDGE_LOOP('',(#6120,#6121,#6129,#6137));
#6120 = ORIENTED_EDGE('',*,*,#6107,.F.);
#6121 = ORIENTED_EDGE('',*,*,#6122,.F.);
#6122 = EDGE_CURVE('',#6123,#6100,#6125,.T.);
#6123 = VERTEX_POINT('',#6124);
#6124 = CARTESIAN_POINT('',(0.857179676972,3.25,-0.95));
#6125 = LINE('',#6126,#6127);
#6126 = CARTESIAN_POINT('',(0.914195001351,3.196803978153,
    -0.737215912609));
#6127 = VECTOR('',#6128,1.);
#6128 = DIRECTION('',(-0.251587526195,0.234734357577,-0.938937430309));
#6129 = ORIENTED_EDGE('',*,*,#6130,.T.);
#6130 = EDGE_CURVE('',#6123,#6131,#6133,.T.);
#6131 = VERTEX_POINT('',#6132);
#6132 = CARTESIAN_POINT('',(1.142820323027,3.25,-0.95));
#6133 = LINE('',#6134,#6135);
#6134 = CARTESIAN_POINT('',(0.75,3.25,-0.95));
#6135 = VECTOR('',#6136,1.);
#6136 = DIRECTION('',(1.,5.374889246201E-17,7.281636885445E-15));
#6137 = ORIENTED_EDGE('',*,*,#6138,.F.);
#6138 = EDGE_CURVE('',#6091,#6131,#6139,.T.);
#6139 = LINE('',#6140,#6141);
#6140 = CARTESIAN_POINT('',(1.142820323027,3.25,-0.95));
#6141 = VECTOR('',#6142,1.);
#6142 = DIRECTION('',(-0.251587526195,-0.234734357577,0.938937430309));
#6143 = PLANE('',#6144);
#6144 = AXIS2_PLACEMENT_3D('',#6145,#6146,#6147);
#6145 = CARTESIAN_POINT('',(0.75,3.25,-0.95));
#6146 = DIRECTION('',(1.818200438212E-15,-0.970142500145,-0.242535625036
    ));
#6147 = DIRECTION('',(0.,0.242535625036,-0.970142500145));
#6148 = ADVANCED_FACE('',(#6149),#6174,.F.);
#6149 = FACE_BOUND('',#6150,.T.);
#6150 = EDGE_LOOP('',(#6151,#6152,#6160,#6168));
#6151 = ORIENTED_EDGE('',*,*,#6130,.F.);
#6152 = ORIENTED_EDGE('',*,*,#6153,.F.);
#6153 = EDGE_CURVE('',#6154,#6123,#6156,.T.);
#6154 = VERTEX_POINT('',#6155);
#6155 = CARTESIAN_POINT('',(0.857179676972,2.95,-0.95));
#6156 = LINE('',#6157,#6158);
#6157 = CARTESIAN_POINT('',(0.857179676972,3.25,-0.95));
#6158 = VECTOR('',#6159,1.);
#6159 = DIRECTION('',(-5.374889246201E-17,1.,-3.913799179032E-31));
#6160 = ORIENTED_EDGE('',*,*,#6161,.T.);
#6161 = EDGE_CURVE('',#6154,#6162,#6164,.T.);
#6162 = VERTEX_POINT('',#6163);
#6163 = CARTESIAN_POINT('',(1.142820323027,2.95,-0.95));
#6164 = LINE('',#6165,#6166);
#6165 = CARTESIAN_POINT('',(0.75,2.95,-0.95));
#6166 = VECTOR('',#6167,1.);
#6167 = DIRECTION('',(1.,5.374889246201E-17,7.281636885445E-15));
#6168 = ORIENTED_EDGE('',*,*,#6169,.F.);
#6169 = EDGE_CURVE('',#6131,#6162,#6170,.T.);
#6170 = LINE('',#6171,#6172);
#6171 = CARTESIAN_POINT('',(1.142820323027,3.25,-0.95));
#6172 = VECTOR('',#6173,1.);
#6173 = DIRECTION('',(5.374889246201E-17,-1.,3.913799179032E-31));
#6174 = PLANE('',#6175);
#6175 = AXIS2_PLACEMENT_3D('',#6176,#6177,#6178);
#6176 = CARTESIAN_POINT('',(0.75,3.25,-0.95));
#6177 = DIRECTION('',(7.281636885445E-15,0.,-1.));
#6178 = DIRECTION('',(1.,0.,7.281636885445E-15));
#6179 = ADVANCED_FACE('',(#6180),#6205,.F.);
#6180 = FACE_BOUND('',#6181,.T.);
#6181 = EDGE_LOOP('',(#6182,#6183,#6191,#6199));
#6182 = ORIENTED_EDGE('',*,*,#6161,.F.);
#6183 = ORIENTED_EDGE('',*,*,#6184,.F.);
#6184 = EDGE_CURVE('',#6185,#6154,#6187,.T.);
#6185 = VERTEX_POINT('',#6186);
#6186 = CARTESIAN_POINT('',(0.75,2.85,-1.35));
#6187 = LINE('',#6188,#6189);
#6188 = CARTESIAN_POINT('',(0.615333116817,2.724354087466,
    -1.852583650136));
#6189 = VECTOR('',#6190,1.);
#6190 = DIRECTION('',(0.251587526195,0.234734357577,0.938937430309));
#6191 = ORIENTED_EDGE('',*,*,#6192,.T.);
#6192 = EDGE_CURVE('',#6185,#6193,#6195,.T.);
#6193 = VERTEX_POINT('',#6194);
#6194 = CARTESIAN_POINT('',(1.25,2.85,-1.35));
#6195 = LINE('',#6196,#6197);
#6196 = CARTESIAN_POINT('',(0.75,2.85,-1.35));
#6197 = VECTOR('',#6198,1.);
#6198 = DIRECTION('',(1.,5.374889246201E-17,7.281636885445E-15));
#6199 = ORIENTED_EDGE('',*,*,#6200,.F.);
#6200 = EDGE_CURVE('',#6162,#6193,#6201,.T.);
#6201 = LINE('',#6202,#6203);
#6202 = CARTESIAN_POINT('',(1.125103452127,2.966530065588,
    -0.883879737647));
#6203 = VECTOR('',#6204,1.);
#6204 = DIRECTION('',(0.251587526195,-0.234734357577,-0.938937430309));
#6205 = PLANE('',#6206);
#6206 = AXIS2_PLACEMENT_3D('',#6207,#6208,#6209);
#6207 = CARTESIAN_POINT('',(0.75,2.95,-0.95));
#6208 = DIRECTION('',(1.713912268386E-15,0.970142500145,-0.242535625036)
  );
#6209 = DIRECTION('',(0.,0.242535625036,0.970142500145));
#6210 = ADVANCED_FACE('',(#6211),#6227,.F.);
#6211 = FACE_BOUND('',#6212,.T.);
#6212 = EDGE_LOOP('',(#6213,#6219,#6220,#6226));
#6213 = ORIENTED_EDGE('',*,*,#6214,.F.);
#6214 = EDGE_CURVE('',#6193,#5766,#6215,.T.);
#6215 = LINE('',#6216,#6217);
#6216 = CARTESIAN_POINT('',(1.25,2.85,-1.35));
#6217 = VECTOR('',#6218,1.);
#6218 = DIRECTION('',(7.274646834741E-15,0.,-1.));
#6219 = ORIENTED_EDGE('',*,*,#6192,.F.);
#6220 = ORIENTED_EDGE('',*,*,#6221,.T.);
#6221 = EDGE_CURVE('',#6185,#5776,#6222,.T.);
#6222 = LINE('',#6223,#6224);
#6223 = CARTESIAN_POINT('',(0.75,2.85,-1.35));
#6224 = VECTOR('',#6225,1.);
#6225 = DIRECTION('',(7.274646834741E-15,0.,-1.));
#6226 = ORIENTED_EDGE('',*,*,#5775,.T.);
#6227 = PLANE('',#6228);
#6228 = AXIS2_PLACEMENT_3D('',#6229,#6230,#6231);
#6229 = CARTESIAN_POINT('',(0.75,2.85,-1.35));
#6230 = DIRECTION('',(-5.374889246201E-17,1.,-3.910042104196E-31));
#6231 = DIRECTION('',(1.,5.374889246201E-17,0.));
#6232 = ADVANCED_FACE('',(#6233),#6256,.T.);
#6233 = FACE_BOUND('',#6234,.T.);
#6234 = EDGE_LOOP('',(#6235,#6236,#6237,#6238,#6239,#6240,#6246,#6247,
    #6248,#6249,#6250));
#6235 = ORIENTED_EDGE('',*,*,#6099,.F.);
#6236 = ORIENTED_EDGE('',*,*,#6067,.F.);
#6237 = ORIENTED_EDGE('',*,*,#6035,.F.);
#6238 = ORIENTED_EDGE('',*,*,#6003,.F.);
#6239 = ORIENTED_EDGE('',*,*,#5971,.F.);
#6240 = ORIENTED_EDGE('',*,*,#6241,.F.);
#6241 = EDGE_CURVE('',#5848,#5933,#6242,.T.);
#6242 = LINE('',#6243,#6244);
#6243 = CARTESIAN_POINT('',(0.75,0.299619288633,-8.200380711367));
#6244 = VECTOR('',#6245,1.);
#6245 = DIRECTION('',(2.639228045338E-16,0.999048221582,
    -4.361938736534E-02));
#6246 = ORIENTED_EDGE('',*,*,#5847,.F.);
#6247 = ORIENTED_EDGE('',*,*,#5815,.F.);
#6248 = ORIENTED_EDGE('',*,*,#5783,.F.);
#6249 = ORIENTED_EDGE('',*,*,#6221,.F.);
#6250 = ORIENTED_EDGE('',*,*,#6251,.F.);
#6251 = EDGE_CURVE('',#6100,#6185,#6252,.T.);
#6252 = LINE('',#6253,#6254);
#6253 = CARTESIAN_POINT('',(0.75,2.95,-1.35));
#6254 = VECTOR('',#6255,1.);
#6255 = DIRECTION('',(5.374889246201E-17,-1.,3.913799179032E-31));
#6256 = PLANE('',#6257);
#6257 = AXIS2_PLACEMENT_3D('',#6258,#6259,#6260);
#6258 = CARTESIAN_POINT('',(0.75,0.569683956536,-6.6));
#6259 = DIRECTION('',(-1.,-5.374889246201E-17,-7.281636885445E-15));
#6260 = DIRECTION('',(7.281636885445E-15,0.,-1.));
#6261 = ADVANCED_FACE('',(#6262),#6285,.F.);
#6262 = FACE_BOUND('',#6263,.T.);
#6263 = EDGE_LOOP('',(#6264,#6265,#6266,#6267,#6268,#6274,#6275,#6276,
    #6277,#6278,#6279));
#6264 = ORIENTED_EDGE('',*,*,#6214,.T.);
#6265 = ORIENTED_EDGE('',*,*,#5765,.T.);
#6266 = ORIENTED_EDGE('',*,*,#5805,.T.);
#6267 = ORIENTED_EDGE('',*,*,#5838,.T.);
#6268 = ORIENTED_EDGE('',*,*,#6269,.F.);
#6269 = EDGE_CURVE('',#5941,#5839,#6270,.T.);
#6270 = LINE('',#6271,#6272);
#6271 = CARTESIAN_POINT('',(1.25,0.499428932949,-8.20910458884));
#6272 = VECTOR('',#6273,1.);
#6273 = DIRECTION('',(-2.639228045338E-16,-0.999048221582,
    4.361938736534E-02));
#6274 = ORIENTED_EDGE('',*,*,#5962,.T.);
#6275 = ORIENTED_EDGE('',*,*,#6011,.T.);
#6276 = ORIENTED_EDGE('',*,*,#6026,.T.);
#6277 = ORIENTED_EDGE('',*,*,#6057,.T.);
#6278 = ORIENTED_EDGE('',*,*,#6090,.T.);
#6279 = ORIENTED_EDGE('',*,*,#6280,.F.);
#6280 = EDGE_CURVE('',#6193,#6091,#6281,.T.);
#6281 = LINE('',#6282,#6283);
#6282 = CARTESIAN_POINT('',(1.25,0.569683956536,-1.35));
#6283 = VECTOR('',#6284,1.);
#6284 = DIRECTION('',(-5.374889246201E-17,1.,-3.913799179032E-31));
#6285 = PLANE('',#6286);
#6286 = AXIS2_PLACEMENT_3D('',#6287,#6288,#6289);
#6287 = CARTESIAN_POINT('',(1.25,0.569683956536,-6.6));
#6288 = DIRECTION('',(-1.,-5.374889246201E-17,-7.281636885445E-15));
#6289 = DIRECTION('',(7.281636885445E-15,0.,-1.));
#6290 = ADVANCED_FACE('',(#6291),#6297,.F.);
#6291 = FACE_BOUND('',#6292,.T.);
#6292 = EDGE_LOOP('',(#6293,#6294,#6295,#6296));
#6293 = ORIENTED_EDGE('',*,*,#6138,.T.);
#6294 = ORIENTED_EDGE('',*,*,#6169,.T.);
#6295 = ORIENTED_EDGE('',*,*,#6200,.T.);
#6296 = ORIENTED_EDGE('',*,*,#6280,.T.);
#6297 = PLANE('',#6298);
#6298 = AXIS2_PLACEMENT_3D('',#6299,#6300,#6301);
#6299 = CARTESIAN_POINT('',(1.142820323027,3.25,-0.95));
#6300 = DIRECTION('',(-0.965925826289,-5.191744336349E-17,
    -0.258819045103));
#6301 = DIRECTION('',(5.374889246201E-17,-1.,3.89808220744E-31));
#6302 = ADVANCED_FACE('',(#6303),#6309,.T.);
#6303 = FACE_BOUND('',#6304,.T.);
#6304 = EDGE_LOOP('',(#6305,#6306,#6307,#6308));
#6305 = ORIENTED_EDGE('',*,*,#6122,.T.);
#6306 = ORIENTED_EDGE('',*,*,#6251,.T.);
#6307 = ORIENTED_EDGE('',*,*,#6184,.T.);
#6308 = ORIENTED_EDGE('',*,*,#6153,.T.);
#6309 = PLANE('',#6310);
#6310 = AXIS2_PLACEMENT_3D('',#6311,#6312,#6313);
#6311 = CARTESIAN_POINT('',(0.75,0.569683956536,-1.35));
#6312 = DIRECTION('',(-0.965925826289,-5.191744336349E-17,0.258819045103
    ));
#6313 = DIRECTION('',(-5.374889246201E-17,1.,-3.92889708655E-31));
#6314 = ADVANCED_FACE('',(#6315),#6321,.F.);
#6315 = FACE_BOUND('',#6316,.T.);
#6316 = EDGE_LOOP('',(#6317,#6318,#6319,#6320));
#6317 = ORIENTED_EDGE('',*,*,#5886,.T.);
#6318 = ORIENTED_EDGE('',*,*,#5917,.T.);
#6319 = ORIENTED_EDGE('',*,*,#5948,.T.);
#6320 = ORIENTED_EDGE('',*,*,#6269,.T.);
#6321 = PLANE('',#6322);
#6322 = AXIS2_PLACEMENT_3D('',#6323,#6324,#6325);
#6323 = CARTESIAN_POINT('',(1.142820323027,0.282171533687,-8.6));
#6324 = DIRECTION('',(-0.965925826289,1.128952818585E-02,0.258572706721)
  );
#6325 = DIRECTION('',(2.654126918245E-16,0.999048221582,
    -4.361938736534E-02));
#6326 = ADVANCED_FACE('',(#6327),#6333,.T.);
#6327 = FACE_BOUND('',#6328,.T.);
#6328 = EDGE_LOOP('',(#6329,#6330,#6331,#6332));
#6329 = ORIENTED_EDGE('',*,*,#5870,.T.);
#6330 = ORIENTED_EDGE('',*,*,#6241,.T.);
#6331 = ORIENTED_EDGE('',*,*,#5932,.T.);
#6332 = ORIENTED_EDGE('',*,*,#5901,.T.);
#6333 = PLANE('',#6334);
#6334 = AXIS2_PLACEMENT_3D('',#6335,#6336,#6337);
#6335 = CARTESIAN_POINT('',(0.75,0.499428932949,-8.20910458884));
#6336 = DIRECTION('',(-0.965925826289,-1.128952818585E-02,
    -0.258572706721));
#6337 = DIRECTION('',(-2.654126918245E-16,-0.999048221582,
    4.361938736534E-02));
#6338 = MANIFOLD_SOLID_BREP('',#6339);
#6339 = CLOSED_SHELL('',(#6340,#6380,#6413,#6444,#6475,#6506,#6537,#6568
    ,#6601,#6632,#6665,#6696,#6727,#6758,#6789,#6811,#6840,#6869,#6881,
    #6893,#6905));
#6340 = ADVANCED_FACE('',(#6341),#6375,.F.);
#6341 = FACE_BOUND('',#6342,.T.);
#6342 = EDGE_LOOP('',(#6343,#6353,#6361,#6369));
#6343 = ORIENTED_EDGE('',*,*,#6344,.F.);
#6344 = EDGE_CURVE('',#6345,#6347,#6349,.T.);
#6345 = VERTEX_POINT('',#6346);
#6346 = CARTESIAN_POINT('',(3.25,2.85,-6.));
#6347 = VERTEX_POINT('',#6348);
#6348 = CARTESIAN_POINT('',(3.25,0.569683956536,-6.));
#6349 = LINE('',#6350,#6351);
#6350 = CARTESIAN_POINT('',(3.25,2.85,-6.));
#6351 = VECTOR('',#6352,1.);
#6352 = DIRECTION('',(0.,-1.,0.));
#6353 = ORIENTED_EDGE('',*,*,#6354,.F.);
#6354 = EDGE_CURVE('',#6355,#6345,#6357,.T.);
#6355 = VERTEX_POINT('',#6356);
#6356 = CARTESIAN_POINT('',(2.75,2.85,-6.));
#6357 = LINE('',#6358,#6359);
#6358 = CARTESIAN_POINT('',(2.75,2.85,-6.));
#6359 = VECTOR('',#6360,1.);
#6360 = DIRECTION('',(1.,5.374889246201E-17,7.281636885445E-15));
#6361 = ORIENTED_EDGE('',*,*,#6362,.T.);
#6362 = EDGE_CURVE('',#6355,#6363,#6365,.T.);
#6363 = VERTEX_POINT('',#6364);
#6364 = CARTESIAN_POINT('',(2.75,0.569683956536,-6.));
#6365 = LINE('',#6366,#6367);
#6366 = CARTESIAN_POINT('',(2.75,2.85,-6.));
#6367 = VECTOR('',#6368,1.);
#6368 = DIRECTION('',(0.,-1.,0.));
#6369 = ORIENTED_EDGE('',*,*,#6370,.T.);
#6370 = EDGE_CURVE('',#6363,#6347,#6371,.T.);
#6371 = LINE('',#6372,#6373);
#6372 = CARTESIAN_POINT('',(2.75,0.569683956536,-6.));
#6373 = VECTOR('',#6374,1.);
#6374 = DIRECTION('',(1.,5.374889246201E-17,7.281636885445E-15));
#6375 = PLANE('',#6376);
#6376 = AXIS2_PLACEMENT_3D('',#6377,#6378,#6379);
#6377 = CARTESIAN_POINT('',(2.75,2.85,-6.));
#6378 = DIRECTION('',(7.281636885445E-15,0.,-1.));
#6379 = DIRECTION('',(1.,0.,7.281636885445E-15));
#6380 = ADVANCED_FACE('',(#6381),#6408,.T.);
#6381 = FACE_BOUND('',#6382,.T.);
#6382 = EDGE_LOOP('',(#6383,#6392,#6393,#6402));
#6383 = ORIENTED_EDGE('',*,*,#6384,.F.);
#6384 = EDGE_CURVE('',#6347,#6385,#6387,.T.);
#6385 = VERTEX_POINT('',#6386);
#6386 = CARTESIAN_POINT('',(3.25,-2.974497641265E-02,-6.573828367581));
#6387 = CIRCLE('',#6388,0.6);
#6388 = AXIS2_PLACEMENT_3D('',#6389,#6390,#6391);
#6389 = CARTESIAN_POINT('',(3.25,0.569683956536,-6.6));
#6390 = DIRECTION('',(1.,5.374889246201E-17,7.281636885445E-15));
#6391 = DIRECTION('',(7.281636885445E-15,2.88214472986E-33,-1.));
#6392 = ORIENTED_EDGE('',*,*,#6370,.F.);
#6393 = ORIENTED_EDGE('',*,*,#6394,.T.);
#6394 = EDGE_CURVE('',#6363,#6395,#6397,.T.);
#6395 = VERTEX_POINT('',#6396);
#6396 = CARTESIAN_POINT('',(2.75,-2.974497641265E-02,-6.573828367581));
#6397 = CIRCLE('',#6398,0.6);
#6398 = AXIS2_PLACEMENT_3D('',#6399,#6400,#6401);
#6399 = CARTESIAN_POINT('',(2.75,0.569683956536,-6.6));
#6400 = DIRECTION('',(1.,5.374889246201E-17,7.281636885445E-15));
#6401 = DIRECTION('',(7.281636885445E-15,2.88214472986E-33,-1.));
#6402 = ORIENTED_EDGE('',*,*,#6403,.T.);
#6403 = EDGE_CURVE('',#6395,#6385,#6404,.T.);
#6404 = LINE('',#6405,#6406);
#6405 = CARTESIAN_POINT('',(2.75,-2.974497641265E-02,-6.573828367581));
#6406 = VECTOR('',#6407,1.);
#6407 = DIRECTION('',(1.,5.374889246201E-17,7.281636885445E-15));
#6408 = CYLINDRICAL_SURFACE('',#6409,0.6);
#6409 = AXIS2_PLACEMENT_3D('',#6410,#6411,#6412);
#6410 = CARTESIAN_POINT('',(2.75,0.569683956536,-6.6));
#6411 = DIRECTION('',(1.,5.374889246201E-17,7.281636885445E-15));
#6412 = DIRECTION('',(-7.281636885445E-15,-2.88214472986E-33,1.));
#6413 = ADVANCED_FACE('',(#6414),#6439,.F.);
#6414 = FACE_BOUND('',#6415,.T.);
#6415 = EDGE_LOOP('',(#6416,#6424,#6425,#6433));
#6416 = ORIENTED_EDGE('',*,*,#6417,.F.);
#6417 = EDGE_CURVE('',#6385,#6418,#6420,.T.);
#6418 = VERTEX_POINT('',#6419);
#6419 = CARTESIAN_POINT('',(3.25,-9.999999999983E-02,-8.182932956421));
#6420 = LINE('',#6421,#6422);
#6421 = CARTESIAN_POINT('',(3.25,-2.974497641265E-02,-6.573828367581));
#6422 = VECTOR('',#6423,1.);
#6423 = DIRECTION('',(7.27003005616E-15,-4.361938736534E-02,
    -0.999048221582));
#6424 = ORIENTED_EDGE('',*,*,#6403,.F.);
#6425 = ORIENTED_EDGE('',*,*,#6426,.T.);
#6426 = EDGE_CURVE('',#6395,#6427,#6429,.T.);
#6427 = VERTEX_POINT('',#6428);
#6428 = CARTESIAN_POINT('',(2.75,-9.999999999983E-02,-8.182932956421));
#6429 = LINE('',#6430,#6431);
#6430 = CARTESIAN_POINT('',(2.75,-2.974497641265E-02,-6.573828367581));
#6431 = VECTOR('',#6432,1.);
#6432 = DIRECTION('',(7.27003005616E-15,-4.361938736534E-02,
    -0.999048221582));
#6433 = ORIENTED_EDGE('',*,*,#6434,.T.);
#6434 = EDGE_CURVE('',#6427,#6418,#6435,.T.);
#6435 = LINE('',#6436,#6437);
#6436 = CARTESIAN_POINT('',(2.75,-9.999999999983E-02,-8.182932956421));
#6437 = VECTOR('',#6438,1.);
#6438 = DIRECTION('',(1.,5.374889246201E-17,7.281636885445E-15));
#6439 = PLANE('',#6440);
#6440 = AXIS2_PLACEMENT_3D('',#6441,#6442,#6443);
#6441 = CARTESIAN_POINT('',(2.75,-2.974497641265E-02,-6.573828367581));
#6442 = DIRECTION('',(2.639228045338E-16,0.999048221582,
    -4.361938736534E-02));
#6443 = DIRECTION('',(0.,4.361938736534E-02,0.999048221582));
#6444 = ADVANCED_FACE('',(#6445),#6470,.F.);
#6445 = FACE_BOUND('',#6446,.T.);
#6446 = EDGE_LOOP('',(#6447,#6448,#6456,#6464));
#6447 = ORIENTED_EDGE('',*,*,#6434,.F.);
#6448 = ORIENTED_EDGE('',*,*,#6449,.F.);
#6449 = EDGE_CURVE('',#6450,#6427,#6452,.T.);
#6450 = VERTEX_POINT('',#6451);
#6451 = CARTESIAN_POINT('',(2.857179676972,-1.754293278778E-02,
    -8.58691418379));
#6452 = LINE('',#6453,#6454);
#6453 = CARTESIAN_POINT('',(2.785433741801,-7.273958541536E-02,
    -8.316489680117));
#6454 = VECTOR('',#6455,1.);
#6455 = DIRECTION('',(-0.251587526195,-0.193555066997,0.948282738798));
#6456 = ORIENTED_EDGE('',*,*,#6457,.T.);
#6457 = EDGE_CURVE('',#6450,#6458,#6460,.T.);
#6458 = VERTEX_POINT('',#6459);
#6459 = CARTESIAN_POINT('',(3.142820323027,-1.754293278778E-02,
    -8.58691418379));
#6460 = LINE('',#6461,#6462);
#6461 = CARTESIAN_POINT('',(2.75,-1.754293278778E-02,-8.58691418379));
#6462 = VECTOR('',#6463,1.);
#6463 = DIRECTION('',(1.,5.374889246201E-17,7.281636885445E-15));
#6464 = ORIENTED_EDGE('',*,*,#6465,.F.);
#6465 = EDGE_CURVE('',#6418,#6458,#6466,.T.);
#6466 = LINE('',#6467,#6468);
#6467 = CARTESIAN_POINT('',(3.125103452127,-3.912725495543E-03,
    -8.653692545638));
#6468 = VECTOR('',#6469,1.);
#6469 = DIRECTION('',(-0.251587526195,0.193555066997,-0.948282738798));
#6470 = PLANE('',#6471);
#6471 = AXIS2_PLACEMENT_3D('',#6472,#6473,#6474);
#6472 = CARTESIAN_POINT('',(2.75,-9.999999999983E-02,-8.182932956421));
#6473 = DIRECTION('',(-1.508901352801E-15,0.97979839483,0.199987763349)
  );
#6474 = DIRECTION('',(0.,-0.199987763349,0.97979839483));
#6475 = ADVANCED_FACE('',(#6476),#6501,.F.);
#6476 = FACE_BOUND('',#6477,.T.);
#6477 = EDGE_LOOP('',(#6478,#6479,#6487,#6495));
#6478 = ORIENTED_EDGE('',*,*,#6457,.F.);
#6479 = ORIENTED_EDGE('',*,*,#6480,.F.);
#6480 = EDGE_CURVE('',#6481,#6450,#6483,.T.);
#6481 = VERTEX_POINT('',#6482);
#6482 = CARTESIAN_POINT('',(2.857179676972,0.282171533687,-8.6));
#6483 = LINE('',#6484,#6485);
#6484 = CARTESIAN_POINT('',(2.857179676972,-1.754293278778E-02,
    -8.58691418379));
#6485 = VECTOR('',#6486,1.);
#6486 = DIRECTION('',(-2.639228045338E-16,-0.999048221582,
    4.361938736534E-02));
#6487 = ORIENTED_EDGE('',*,*,#6488,.T.);
#6488 = EDGE_CURVE('',#6481,#6489,#6491,.T.);
#6489 = VERTEX_POINT('',#6490);
#6490 = CARTESIAN_POINT('',(3.142820323027,0.282171533687,-8.6));
#6491 = LINE('',#6492,#6493);
#6492 = CARTESIAN_POINT('',(2.75,0.282171533687,-8.6));
#6493 = VECTOR('',#6494,1.);
#6494 = DIRECTION('',(1.,5.374889246201E-17,7.281636885445E-15));
#6495 = ORIENTED_EDGE('',*,*,#6496,.F.);
#6496 = EDGE_CURVE('',#6458,#6489,#6497,.T.);
#6497 = LINE('',#6498,#6499);
#6498 = CARTESIAN_POINT('',(3.142820323027,0.282171533687,-8.6));
#6499 = VECTOR('',#6500,1.);
#6500 = DIRECTION('',(2.639228045338E-16,0.999048221582,
    -4.361938736534E-02));
#6501 = PLANE('',#6502);
#6502 = AXIS2_PLACEMENT_3D('',#6503,#6504,#6505);
#6503 = CARTESIAN_POINT('',(2.75,0.282171533687,-8.6));
#6504 = DIRECTION('',(-7.27705087437E-15,4.361938736534E-02,
    0.999048221582));
#6505 = DIRECTION('',(0.,-0.999048221582,4.361938736534E-02));
#6506 = ADVANCED_FACE('',(#6507),#6532,.F.);
#6507 = FACE_BOUND('',#6508,.T.);
#6508 = EDGE_LOOP('',(#6509,#6510,#6518,#6526));
#6509 = ORIENTED_EDGE('',*,*,#6488,.F.);
#6510 = ORIENTED_EDGE('',*,*,#6511,.F.);
#6511 = EDGE_CURVE('',#6512,#6481,#6514,.T.);
#6512 = VERTEX_POINT('',#6513);
#6513 = CARTESIAN_POINT('',(2.75,0.399524110791,-8.204742650104));
#6514 = LINE('',#6515,#6516);
#6515 = CARTESIAN_POINT('',(2.744094376366,0.405990263446,-8.18296388371
    ));
#6516 = VECTOR('',#6517,1.);
#6517 = DIRECTION('',(0.251587526195,-0.275466817966,-0.927804801056));
#6518 = ORIENTED_EDGE('',*,*,#6519,.T.);
#6519 = EDGE_CURVE('',#6512,#6520,#6522,.T.);
#6520 = VERTEX_POINT('',#6521);
#6521 = CARTESIAN_POINT('',(3.25,0.399524110791,-8.204742650104));
#6522 = LINE('',#6523,#6524);
#6523 = CARTESIAN_POINT('',(2.75,0.399524110791,-8.204742650104));
#6524 = VECTOR('',#6525,1.);
#6525 = DIRECTION('',(1.,5.374889246201E-17,7.281636885445E-15));
#6526 = ORIENTED_EDGE('',*,*,#6527,.F.);
#6527 = EDGE_CURVE('',#6489,#6520,#6528,.T.);
#6528 = LINE('',#6529,#6530);
#6529 = CARTESIAN_POINT('',(3.142820323027,0.282171533687,-8.6));
#6530 = VECTOR('',#6531,1.);
#6531 = DIRECTION('',(0.251587526195,0.275466817966,0.927804801056));
#6532 = PLANE('',#6533);
#6533 = AXIS2_PLACEMENT_3D('',#6534,#6535,#6536);
#6534 = CARTESIAN_POINT('',(2.75,0.399524110791,-8.204742650104));
#6535 = DIRECTION('',(-2.020986811672E-15,-0.958639884073,0.284621806376
    ));
#6536 = DIRECTION('',(0.,-0.284621806376,-0.958639884073));
#6537 = ADVANCED_FACE('',(#6538),#6563,.F.);
#6538 = FACE_BOUND('',#6539,.T.);
#6539 = EDGE_LOOP('',(#6540,#6548,#6549,#6557));
#6540 = ORIENTED_EDGE('',*,*,#6541,.F.);
#6541 = EDGE_CURVE('',#6520,#6542,#6544,.T.);
#6542 = VERTEX_POINT('',#6543);
#6543 = CARTESIAN_POINT('',(3.25,0.469779134378,-6.595638061264));
#6544 = LINE('',#6545,#6546);
#6545 = CARTESIAN_POINT('',(3.25,0.469779134378,-6.595638061264));
#6546 = VECTOR('',#6547,1.);
#6547 = DIRECTION('',(-7.27003005616E-15,4.361938736534E-02,
    0.999048221582));
#6548 = ORIENTED_EDGE('',*,*,#6519,.F.);
#6549 = ORIENTED_EDGE('',*,*,#6550,.T.);
#6550 = EDGE_CURVE('',#6512,#6551,#6553,.T.);
#6551 = VERTEX_POINT('',#6552);
#6552 = CARTESIAN_POINT('',(2.75,0.469779134378,-6.595638061264));
#6553 = LINE('',#6554,#6555);
#6554 = CARTESIAN_POINT('',(2.75,0.469779134378,-6.595638061264));
#6555 = VECTOR('',#6556,1.);
#6556 = DIRECTION('',(-7.27003005616E-15,4.361938736534E-02,
    0.999048221582));
#6557 = ORIENTED_EDGE('',*,*,#6558,.T.);
#6558 = EDGE_CURVE('',#6551,#6542,#6559,.T.);
#6559 = LINE('',#6560,#6561);
#6560 = CARTESIAN_POINT('',(2.75,0.469779134378,-6.595638061264));
#6561 = VECTOR('',#6562,1.);
#6562 = DIRECTION('',(1.,5.374889246201E-17,7.281636885445E-15));
#6563 = PLANE('',#6564);
#6564 = AXIS2_PLACEMENT_3D('',#6565,#6566,#6567);
#6565 = CARTESIAN_POINT('',(2.75,0.469779134378,-6.595638061264));
#6566 = DIRECTION('',(-2.639228045338E-16,-0.999048221582,
    4.361938736534E-02));
#6567 = DIRECTION('',(0.,-4.361938736534E-02,-0.999048221582));
#6568 = ADVANCED_FACE('',(#6569),#6596,.F.);
#6569 = FACE_BOUND('',#6570,.F.);
#6570 = EDGE_LOOP('',(#6571,#6581,#6588,#6589));
#6571 = ORIENTED_EDGE('',*,*,#6572,.F.);
#6572 = EDGE_CURVE('',#6573,#6575,#6577,.T.);
#6573 = VERTEX_POINT('',#6574);
#6574 = CARTESIAN_POINT('',(2.75,0.569683956536,-6.5));
#6575 = VERTEX_POINT('',#6576);
#6576 = CARTESIAN_POINT('',(3.25,0.569683956536,-6.5));
#6577 = LINE('',#6578,#6579);
#6578 = CARTESIAN_POINT('',(2.75,0.569683956536,-6.5));
#6579 = VECTOR('',#6580,1.);
#6580 = DIRECTION('',(1.,5.374889246201E-17,7.281636885445E-15));
#6581 = ORIENTED_EDGE('',*,*,#6582,.F.);
#6582 = EDGE_CURVE('',#6551,#6573,#6583,.T.);
#6583 = CIRCLE('',#6584,1.E-01);
#6584 = AXIS2_PLACEMENT_3D('',#6585,#6586,#6587);
#6585 = CARTESIAN_POINT('',(2.75,0.569683956536,-6.6));
#6586 = DIRECTION('',(-1.,-5.374889246201E-17,-7.281636885445E-15));
#6587 = DIRECTION('',(7.281636885445E-15,-7.481740990483E-32,-1.));
#6588 = ORIENTED_EDGE('',*,*,#6558,.T.);
#6589 = ORIENTED_EDGE('',*,*,#6590,.T.);
#6590 = EDGE_CURVE('',#6542,#6575,#6591,.T.);
#6591 = CIRCLE('',#6592,1.E-01);
#6592 = AXIS2_PLACEMENT_3D('',#6593,#6594,#6595);
#6593 = CARTESIAN_POINT('',(3.25,0.569683956536,-6.6));
#6594 = DIRECTION('',(-1.,-5.374889246201E-17,-7.281636885445E-15));
#6595 = DIRECTION('',(7.281636885445E-15,-7.481740990483E-32,-1.));
#6596 = CYLINDRICAL_SURFACE('',#6597,1.E-01);
#6597 = AXIS2_PLACEMENT_3D('',#6598,#6599,#6600);
#6598 = CARTESIAN_POINT('',(2.75,0.569683956536,-6.6));
#6599 = DIRECTION('',(1.,5.374889246201E-17,7.281636885445E-15));
#6600 = DIRECTION('',(-7.281636885445E-15,7.481740990483E-32,1.));
#6601 = ADVANCED_FACE('',(#6602),#6627,.F.);
#6602 = FACE_BOUND('',#6603,.T.);
#6603 = EDGE_LOOP('',(#6604,#6612,#6613,#6621));
#6604 = ORIENTED_EDGE('',*,*,#6605,.F.);
#6605 = EDGE_CURVE('',#6575,#6606,#6608,.T.);
#6606 = VERTEX_POINT('',#6607);
#6607 = CARTESIAN_POINT('',(3.25,2.75,-6.5));
#6608 = LINE('',#6609,#6610);
#6609 = CARTESIAN_POINT('',(3.25,2.75,-6.5));
#6610 = VECTOR('',#6611,1.);
#6611 = DIRECTION('',(0.,1.,-3.978146840632E-16));
#6612 = ORIENTED_EDGE('',*,*,#6572,.F.);
#6613 = ORIENTED_EDGE('',*,*,#6614,.T.);
#6614 = EDGE_CURVE('',#6573,#6615,#6617,.T.);
#6615 = VERTEX_POINT('',#6616);
#6616 = CARTESIAN_POINT('',(2.75,2.75,-6.5));
#6617 = LINE('',#6618,#6619);
#6618 = CARTESIAN_POINT('',(2.75,2.75,-6.5));
#6619 = VECTOR('',#6620,1.);
#6620 = DIRECTION('',(0.,1.,-3.978146840632E-16));
#6621 = ORIENTED_EDGE('',*,*,#6622,.T.);
#6622 = EDGE_CURVE('',#6615,#6606,#6623,.T.);
#6623 = LINE('',#6624,#6625);
#6624 = CARTESIAN_POINT('',(2.75,2.75,-6.5));
#6625 = VECTOR('',#6626,1.);
#6626 = DIRECTION('',(1.,5.374889246201E-17,7.281636885445E-15));
#6627 = PLANE('',#6628);
#6628 = AXIS2_PLACEMENT_3D('',#6629,#6630,#6631);
#6629 = CARTESIAN_POINT('',(2.75,2.75,-6.5));
#6630 = DIRECTION('',(-7.281636885445E-15,3.978146840632E-16,1.));
#6631 = DIRECTION('',(-1.,0.,-7.281636885445E-15));
#6632 = ADVANCED_FACE('',(#6633),#6660,.T.);
#6633 = FACE_BOUND('',#6634,.T.);
#6634 = EDGE_LOOP('',(#6635,#6644,#6645,#6654));
#6635 = ORIENTED_EDGE('',*,*,#6636,.F.);
#6636 = EDGE_CURVE('',#6606,#6637,#6639,.T.);
#6637 = VERTEX_POINT('',#6638);
#6638 = CARTESIAN_POINT('',(3.25,3.35,-5.9));
#6639 = CIRCLE('',#6640,0.6);
#6640 = AXIS2_PLACEMENT_3D('',#6641,#6642,#6643);
#6641 = CARTESIAN_POINT('',(3.25,2.75,-5.9));
#6642 = DIRECTION('',(1.,5.374889246201E-17,7.281636885445E-15));
#6643 = DIRECTION('',(-7.281636885445E-15,-2.882144729863E-33,1.));
#6644 = ORIENTED_EDGE('',*,*,#6622,.F.);
#6645 = ORIENTED_EDGE('',*,*,#6646,.T.);
#6646 = EDGE_CURVE('',#6615,#6647,#6649,.T.);
#6647 = VERTEX_POINT('',#6648);
#6648 = CARTESIAN_POINT('',(2.75,3.35,-5.9));
#6649 = CIRCLE('',#6650,0.6);
#6650 = AXIS2_PLACEMENT_3D('',#6651,#6652,#6653);
#6651 = CARTESIAN_POINT('',(2.75,2.75,-5.9));
#6652 = DIRECTION('',(1.,5.374889246201E-17,7.281636885445E-15));
#6653 = DIRECTION('',(-7.281636885445E-15,-2.882144729863E-33,1.));
#6654 = ORIENTED_EDGE('',*,*,#6655,.T.);
#6655 = EDGE_CURVE('',#6647,#6637,#6656,.T.);
#6656 = LINE('',#6657,#6658);
#6657 = CARTESIAN_POINT('',(2.75,3.35,-5.9));
#6658 = VECTOR('',#6659,1.);
#6659 = DIRECTION('',(1.,5.374889246201E-17,7.281636885445E-15));
#6660 = CYLINDRICAL_SURFACE('',#6661,0.6);
#6661 = AXIS2_PLACEMENT_3D('',#6662,#6663,#6664);
#6662 = CARTESIAN_POINT('',(2.75,2.75,-5.9));
#6663 = DIRECTION('',(1.,5.374889246201E-17,7.281636885445E-15));
#6664 = DIRECTION('',(-7.281636885445E-15,-2.882144729863E-33,1.));
#6665 = ADVANCED_FACE('',(#6666),#6691,.F.);
#6666 = FACE_BOUND('',#6667,.T.);
#6667 = EDGE_LOOP('',(#6668,#6676,#6677,#6685));
#6668 = ORIENTED_EDGE('',*,*,#6669,.F.);
#6669 = EDGE_CURVE('',#6637,#6670,#6672,.T.);
#6670 = VERTEX_POINT('',#6671);
#6671 = CARTESIAN_POINT('',(3.25,3.35,-1.35));
#6672 = LINE('',#6673,#6674);
#6673 = CARTESIAN_POINT('',(3.25,3.35,-1.35));
#6674 = VECTOR('',#6675,1.);
#6675 = DIRECTION('',(-7.243900229354E-15,-9.531447670202E-17,1.));
#6676 = ORIENTED_EDGE('',*,*,#6655,.F.);
#6677 = ORIENTED_EDGE('',*,*,#6678,.T.);
#6678 = EDGE_CURVE('',#6647,#6679,#6681,.T.);
#6679 = VERTEX_POINT('',#6680);
#6680 = CARTESIAN_POINT('',(2.75,3.35,-1.35));
#6681 = LINE('',#6682,#6683);
#6682 = CARTESIAN_POINT('',(2.75,3.35,-1.35));
#6683 = VECTOR('',#6684,1.);
#6684 = DIRECTION('',(-7.243900229354E-15,-9.531447670202E-17,1.));
#6685 = ORIENTED_EDGE('',*,*,#6686,.T.);
#6686 = EDGE_CURVE('',#6679,#6670,#6687,.T.);
#6687 = LINE('',#6688,#6689);
#6688 = CARTESIAN_POINT('',(2.75,3.35,-1.35));
#6689 = VECTOR('',#6690,1.);
#6690 = DIRECTION('',(1.,5.374889246201E-17,7.281636885445E-15));
#6691 = PLANE('',#6692);
#6692 = AXIS2_PLACEMENT_3D('',#6693,#6694,#6695);
#6693 = CARTESIAN_POINT('',(2.75,3.35,-1.35));
#6694 = DIRECTION('',(5.374889246201E-17,-1.,-9.531447670202E-17));
#6695 = DIRECTION('',(0.,9.531447670202E-17,-1.));
#6696 = ADVANCED_FACE('',(#6697),#6722,.F.);
#6697 = FACE_BOUND('',#6698,.T.);
#6698 = EDGE_LOOP('',(#6699,#6700,#6708,#6716));
#6699 = ORIENTED_EDGE('',*,*,#6686,.F.);
#6700 = ORIENTED_EDGE('',*,*,#6701,.F.);
#6701 = EDGE_CURVE('',#6702,#6679,#6704,.T.);
#6702 = VERTEX_POINT('',#6703);
#6703 = CARTESIAN_POINT('',(2.857179676972,3.25,-0.95));
#6704 = LINE('',#6705,#6706);
#6705 = CARTESIAN_POINT('',(2.914195001351,3.196803978153,
    -0.737215912609));
#6706 = VECTOR('',#6707,1.);
#6707 = DIRECTION('',(-0.251587526195,0.234734357577,-0.938937430309));
#6708 = ORIENTED_EDGE('',*,*,#6709,.T.);
#6709 = EDGE_CURVE('',#6702,#6710,#6712,.T.);
#6710 = VERTEX_POINT('',#6711);
#6711 = CARTESIAN_POINT('',(3.142820323027,3.25,-0.95));
#6712 = LINE('',#6713,#6714);
#6713 = CARTESIAN_POINT('',(2.75,3.25,-0.95));
#6714 = VECTOR('',#6715,1.);
#6715 = DIRECTION('',(1.,5.374889246201E-17,7.281636885445E-15));
#6716 = ORIENTED_EDGE('',*,*,#6717,.F.);
#6717 = EDGE_CURVE('',#6670,#6710,#6718,.T.);
#6718 = LINE('',#6719,#6720);
#6719 = CARTESIAN_POINT('',(3.142820323027,3.25,-0.95));
#6720 = VECTOR('',#6721,1.);
#6721 = DIRECTION('',(-0.251587526195,-0.234734357577,0.938937430309));
#6722 = PLANE('',#6723);
#6723 = AXIS2_PLACEMENT_3D('',#6724,#6725,#6726);
#6724 = CARTESIAN_POINT('',(2.75,3.25,-0.95));
#6725 = DIRECTION('',(1.818200438212E-15,-0.970142500145,-0.242535625036
    ));
#6726 = DIRECTION('',(0.,0.242535625036,-0.970142500145));
#6727 = ADVANCED_FACE('',(#6728),#6753,.F.);
#6728 = FACE_BOUND('',#6729,.T.);
#6729 = EDGE_LOOP('',(#6730,#6731,#6739,#6747));
#6730 = ORIENTED_EDGE('',*,*,#6709,.F.);
#6731 = ORIENTED_EDGE('',*,*,#6732,.F.);
#6732 = EDGE_CURVE('',#6733,#6702,#6735,.T.);
#6733 = VERTEX_POINT('',#6734);
#6734 = CARTESIAN_POINT('',(2.857179676972,2.95,-0.95));
#6735 = LINE('',#6736,#6737);
#6736 = CARTESIAN_POINT('',(2.857179676972,3.25,-0.95));
#6737 = VECTOR('',#6738,1.);
#6738 = DIRECTION('',(-5.374889246201E-17,1.,-3.913799179032E-31));
#6739 = ORIENTED_EDGE('',*,*,#6740,.T.);
#6740 = EDGE_CURVE('',#6733,#6741,#6743,.T.);
#6741 = VERTEX_POINT('',#6742);
#6742 = CARTESIAN_POINT('',(3.142820323027,2.95,-0.95));
#6743 = LINE('',#6744,#6745);
#6744 = CARTESIAN_POINT('',(2.75,2.95,-0.95));
#6745 = VECTOR('',#6746,1.);
#6746 = DIRECTION('',(1.,5.374889246201E-17,7.281636885445E-15));
#6747 = ORIENTED_EDGE('',*,*,#6748,.F.);
#6748 = EDGE_CURVE('',#6710,#6741,#6749,.T.);
#6749 = LINE('',#6750,#6751);
#6750 = CARTESIAN_POINT('',(3.142820323027,3.25,-0.95));
#6751 = VECTOR('',#6752,1.);
#6752 = DIRECTION('',(5.374889246201E-17,-1.,3.913799179032E-31));
#6753 = PLANE('',#6754);
#6754 = AXIS2_PLACEMENT_3D('',#6755,#6756,#6757);
#6755 = CARTESIAN_POINT('',(2.75,3.25,-0.95));
#6756 = DIRECTION('',(7.281636885445E-15,0.,-1.));
#6757 = DIRECTION('',(1.,0.,7.281636885445E-15));
#6758 = ADVANCED_FACE('',(#6759),#6784,.F.);
#6759 = FACE_BOUND('',#6760,.T.);
#6760 = EDGE_LOOP('',(#6761,#6762,#6770,#6778));
#6761 = ORIENTED_EDGE('',*,*,#6740,.F.);
#6762 = ORIENTED_EDGE('',*,*,#6763,.F.);
#6763 = EDGE_CURVE('',#6764,#6733,#6766,.T.);
#6764 = VERTEX_POINT('',#6765);
#6765 = CARTESIAN_POINT('',(2.75,2.85,-1.35));
#6766 = LINE('',#6767,#6768);
#6767 = CARTESIAN_POINT('',(2.615333116817,2.724354087466,
    -1.852583650136));
#6768 = VECTOR('',#6769,1.);
#6769 = DIRECTION('',(0.251587526195,0.234734357577,0.938937430309));
#6770 = ORIENTED_EDGE('',*,*,#6771,.T.);
#6771 = EDGE_CURVE('',#6764,#6772,#6774,.T.);
#6772 = VERTEX_POINT('',#6773);
#6773 = CARTESIAN_POINT('',(3.25,2.85,-1.35));
#6774 = LINE('',#6775,#6776);
#6775 = CARTESIAN_POINT('',(2.75,2.85,-1.35));
#6776 = VECTOR('',#6777,1.);
#6777 = DIRECTION('',(1.,5.374889246201E-17,7.281636885445E-15));
#6778 = ORIENTED_EDGE('',*,*,#6779,.F.);
#6779 = EDGE_CURVE('',#6741,#6772,#6780,.T.);
#6780 = LINE('',#6781,#6782);
#6781 = CARTESIAN_POINT('',(3.125103452127,2.966530065588,
    -0.883879737647));
#6782 = VECTOR('',#6783,1.);
#6783 = DIRECTION('',(0.251587526195,-0.234734357577,-0.938937430309));
#6784 = PLANE('',#6785);
#6785 = AXIS2_PLACEMENT_3D('',#6786,#6787,#6788);
#6786 = CARTESIAN_POINT('',(2.75,2.95,-0.95));
#6787 = DIRECTION('',(1.713912268386E-15,0.970142500145,-0.242535625036)
  );
#6788 = DIRECTION('',(0.,0.242535625036,0.970142500145));
#6789 = ADVANCED_FACE('',(#6790),#6806,.F.);
#6790 = FACE_BOUND('',#6791,.T.);
#6791 = EDGE_LOOP('',(#6792,#6798,#6799,#6805));
#6792 = ORIENTED_EDGE('',*,*,#6793,.F.);
#6793 = EDGE_CURVE('',#6772,#6345,#6794,.T.);
#6794 = LINE('',#6795,#6796);
#6795 = CARTESIAN_POINT('',(3.25,2.85,-1.35));
#6796 = VECTOR('',#6797,1.);
#6797 = DIRECTION('',(7.274646834741E-15,0.,-1.));
#6798 = ORIENTED_EDGE('',*,*,#6771,.F.);
#6799 = ORIENTED_EDGE('',*,*,#6800,.T.);
#6800 = EDGE_CURVE('',#6764,#6355,#6801,.T.);
#6801 = LINE('',#6802,#6803);
#6802 = CARTESIAN_POINT('',(2.75,2.85,-1.35));
#6803 = VECTOR('',#6804,1.);
#6804 = DIRECTION('',(7.274646834741E-15,0.,-1.));
#6805 = ORIENTED_EDGE('',*,*,#6354,.T.);
#6806 = PLANE('',#6807);
#6807 = AXIS2_PLACEMENT_3D('',#6808,#6809,#6810);
#6808 = CARTESIAN_POINT('',(2.75,2.85,-1.35));
#6809 = DIRECTION('',(-5.374889246201E-17,1.,-3.910042104196E-31));
#6810 = DIRECTION('',(1.,5.374889246201E-17,0.));
#6811 = ADVANCED_FACE('',(#6812),#6835,.T.);
#6812 = FACE_BOUND('',#6813,.T.);
#6813 = EDGE_LOOP('',(#6814,#6815,#6816,#6817,#6818,#6819,#6825,#6826,
    #6827,#6828,#6829));
#6814 = ORIENTED_EDGE('',*,*,#6678,.F.);
#6815 = ORIENTED_EDGE('',*,*,#6646,.F.);
#6816 = ORIENTED_EDGE('',*,*,#6614,.F.);
#6817 = ORIENTED_EDGE('',*,*,#6582,.F.);
#6818 = ORIENTED_EDGE('',*,*,#6550,.F.);
#6819 = ORIENTED_EDGE('',*,*,#6820,.F.);
#6820 = EDGE_CURVE('',#6427,#6512,#6821,.T.);
#6821 = LINE('',#6822,#6823);
#6822 = CARTESIAN_POINT('',(2.75,0.299619288633,-8.200380711367));
#6823 = VECTOR('',#6824,1.);
#6824 = DIRECTION('',(2.639228045338E-16,0.999048221582,
    -4.361938736534E-02));
#6825 = ORIENTED_EDGE('',*,*,#6426,.F.);
#6826 = ORIENTED_EDGE('',*,*,#6394,.F.);
#6827 = ORIENTED_EDGE('',*,*,#6362,.F.);
#6828 = ORIENTED_EDGE('',*,*,#6800,.F.);
#6829 = ORIENTED_EDGE('',*,*,#6830,.F.);
#6830 = EDGE_CURVE('',#6679,#6764,#6831,.T.);
#6831 = LINE('',#6832,#6833);
#6832 = CARTESIAN_POINT('',(2.75,2.95,-1.35));
#6833 = VECTOR('',#6834,1.);
#6834 = DIRECTION('',(5.374889246201E-17,-1.,3.913799179032E-31));
#6835 = PLANE('',#6836);
#6836 = AXIS2_PLACEMENT_3D('',#6837,#6838,#6839);
#6837 = CARTESIAN_POINT('',(2.75,0.569683956536,-6.6));
#6838 = DIRECTION('',(-1.,-5.374889246201E-17,-7.281636885445E-15));
#6839 = DIRECTION('',(7.281636885445E-15,0.,-1.));
#6840 = ADVANCED_FACE('',(#6841),#6864,.F.);
#6841 = FACE_BOUND('',#6842,.T.);
#6842 = EDGE_LOOP('',(#6843,#6844,#6845,#6846,#6847,#6853,#6854,#6855,
    #6856,#6857,#6858));
#6843 = ORIENTED_EDGE('',*,*,#6793,.T.);
#6844 = ORIENTED_EDGE('',*,*,#6344,.T.);
#6845 = ORIENTED_EDGE('',*,*,#6384,.T.);
#6846 = ORIENTED_EDGE('',*,*,#6417,.T.);
#6847 = ORIENTED_EDGE('',*,*,#6848,.F.);
#6848 = EDGE_CURVE('',#6520,#6418,#6849,.T.);
#6849 = LINE('',#6850,#6851);
#6850 = CARTESIAN_POINT('',(3.25,0.499428932949,-8.20910458884));
#6851 = VECTOR('',#6852,1.);
#6852 = DIRECTION('',(-2.639228045338E-16,-0.999048221582,
    4.361938736534E-02));
#6853 = ORIENTED_EDGE('',*,*,#6541,.T.);
#6854 = ORIENTED_EDGE('',*,*,#6590,.T.);
#6855 = ORIENTED_EDGE('',*,*,#6605,.T.);
#6856 = ORIENTED_EDGE('',*,*,#6636,.T.);
#6857 = ORIENTED_EDGE('',*,*,#6669,.T.);
#6858 = ORIENTED_EDGE('',*,*,#6859,.F.);
#6859 = EDGE_CURVE('',#6772,#6670,#6860,.T.);
#6860 = LINE('',#6861,#6862);
#6861 = CARTESIAN_POINT('',(3.25,0.569683956536,-1.35));
#6862 = VECTOR('',#6863,1.);
#6863 = DIRECTION('',(-5.374889246201E-17,1.,-3.913799179032E-31));
#6864 = PLANE('',#6865);
#6865 = AXIS2_PLACEMENT_3D('',#6866,#6867,#6868);
#6866 = CARTESIAN_POINT('',(3.25,0.569683956536,-6.6));
#6867 = DIRECTION('',(-1.,-5.374889246201E-17,-7.281636885445E-15));
#6868 = DIRECTION('',(7.281636885445E-15,0.,-1.));
#6869 = ADVANCED_FACE('',(#6870),#6876,.F.);
#6870 = FACE_BOUND('',#6871,.T.);
#6871 = EDGE_LOOP('',(#6872,#6873,#6874,#6875));
#6872 = ORIENTED_EDGE('',*,*,#6717,.T.);
#6873 = ORIENTED_EDGE('',*,*,#6748,.T.);
#6874 = ORIENTED_EDGE('',*,*,#6779,.T.);
#6875 = ORIENTED_EDGE('',*,*,#6859,.T.);
#6876 = PLANE('',#6877);
#6877 = AXIS2_PLACEMENT_3D('',#6878,#6879,#6880);
#6878 = CARTESIAN_POINT('',(3.142820323027,3.25,-0.95));
#6879 = DIRECTION('',(-0.965925826289,-5.191744336349E-17,
    -0.258819045103));
#6880 = DIRECTION('',(5.374889246201E-17,-1.,3.89808220744E-31));
#6881 = ADVANCED_FACE('',(#6882),#6888,.T.);
#6882 = FACE_BOUND('',#6883,.T.);
#6883 = EDGE_LOOP('',(#6884,#6885,#6886,#6887));
#6884 = ORIENTED_EDGE('',*,*,#6701,.T.);
#6885 = ORIENTED_EDGE('',*,*,#6830,.T.);
#6886 = ORIENTED_EDGE('',*,*,#6763,.T.);
#6887 = ORIENTED_EDGE('',*,*,#6732,.T.);
#6888 = PLANE('',#6889);
#6889 = AXIS2_PLACEMENT_3D('',#6890,#6891,#6892);
#6890 = CARTESIAN_POINT('',(2.75,0.569683956536,-1.35));
#6891 = DIRECTION('',(-0.965925826289,-5.191744336349E-17,0.258819045103
    ));
#6892 = DIRECTION('',(-5.374889246201E-17,1.,-3.92889708655E-31));
#6893 = ADVANCED_FACE('',(#6894),#6900,.F.);
#6894 = FACE_BOUND('',#6895,.T.);
#6895 = EDGE_LOOP('',(#6896,#6897,#6898,#6899));
#6896 = ORIENTED_EDGE('',*,*,#6465,.T.);
#6897 = ORIENTED_EDGE('',*,*,#6496,.T.);
#6898 = ORIENTED_EDGE('',*,*,#6527,.T.);
#6899 = ORIENTED_EDGE('',*,*,#6848,.T.);
#6900 = PLANE('',#6901);
#6901 = AXIS2_PLACEMENT_3D('',#6902,#6903,#6904);
#6902 = CARTESIAN_POINT('',(3.142820323027,0.282171533687,-8.6));
#6903 = DIRECTION('',(-0.965925826289,1.128952818585E-02,0.258572706721)
  );
#6904 = DIRECTION('',(2.654126918245E-16,0.999048221582,
    -4.361938736534E-02));
#6905 = ADVANCED_FACE('',(#6906),#6912,.T.);
#6906 = FACE_BOUND('',#6907,.T.);
#6907 = EDGE_LOOP('',(#6908,#6909,#6910,#6911));
#6908 = ORIENTED_EDGE('',*,*,#6449,.T.);
#6909 = ORIENTED_EDGE('',*,*,#6820,.T.);
#6910 = ORIENTED_EDGE('',*,*,#6511,.T.);
#6911 = ORIENTED_EDGE('',*,*,#6480,.T.);
#6912 = PLANE('',#6913);
#6913 = AXIS2_PLACEMENT_3D('',#6914,#6915,#6916);
#6914 = CARTESIAN_POINT('',(2.75,0.499428932949,-8.20910458884));
#6915 = DIRECTION('',(-0.965925826289,-1.128952818585E-02,
    -0.258572706721));
#6916 = DIRECTION('',(-2.654126918245E-16,-0.999048221582,
    4.361938736534E-02));
#6917 = MANIFOLD_SOLID_BREP('',#6918);
#6918 = CLOSED_SHELL('',(#6919,#6959,#6992,#7023,#7054,#7085,#7116,#7147
    ,#7180,#7211,#7244,#7275,#7306,#7337,#7368,#7390,#7419,#7448,#7460,
    #7472,#7484));
#6919 = ADVANCED_FACE('',(#6920),#6954,.F.);
#6920 = FACE_BOUND('',#6921,.T.);
#6921 = EDGE_LOOP('',(#6922,#6932,#6940,#6948));
#6922 = ORIENTED_EDGE('',*,*,#6923,.F.);
#6923 = EDGE_CURVE('',#6924,#6926,#6928,.T.);
#6924 = VERTEX_POINT('',#6925);
#6925 = CARTESIAN_POINT('',(5.25,2.85,-6.));
#6926 = VERTEX_POINT('',#6927);
#6927 = CARTESIAN_POINT('',(5.25,0.569683956536,-6.));
#6928 = LINE('',#6929,#6930);
#6929 = CARTESIAN_POINT('',(5.25,2.85,-6.));
#6930 = VECTOR('',#6931,1.);
#6931 = DIRECTION('',(0.,-1.,0.));
#6932 = ORIENTED_EDGE('',*,*,#6933,.F.);
#6933 = EDGE_CURVE('',#6934,#6924,#6936,.T.);
#6934 = VERTEX_POINT('',#6935);
#6935 = CARTESIAN_POINT('',(4.75,2.85,-6.));
#6936 = LINE('',#6937,#6938);
#6937 = CARTESIAN_POINT('',(4.75,2.85,-6.));
#6938 = VECTOR('',#6939,1.);
#6939 = DIRECTION('',(1.,5.374889246201E-17,7.281636885445E-15));
#6940 = ORIENTED_EDGE('',*,*,#6941,.T.);
#6941 = EDGE_CURVE('',#6934,#6942,#6944,.T.);
#6942 = VERTEX_POINT('',#6943);
#6943 = CARTESIAN_POINT('',(4.75,0.569683956536,-6.));
#6944 = LINE('',#6945,#6946);
#6945 = CARTESIAN_POINT('',(4.75,2.85,-6.));
#6946 = VECTOR('',#6947,1.);
#6947 = DIRECTION('',(0.,-1.,0.));
#6948 = ORIENTED_EDGE('',*,*,#6949,.T.);
#6949 = EDGE_CURVE('',#6942,#6926,#6950,.T.);
#6950 = LINE('',#6951,#6952);
#6951 = CARTESIAN_POINT('',(4.75,0.569683956536,-6.));
#6952 = VECTOR('',#6953,1.);
#6953 = DIRECTION('',(1.,5.374889246201E-17,7.281636885445E-15));
#6954 = PLANE('',#6955);
#6955 = AXIS2_PLACEMENT_3D('',#6956,#6957,#6958);
#6956 = CARTESIAN_POINT('',(4.75,2.85,-6.));
#6957 = DIRECTION('',(7.281636885445E-15,0.,-1.));
#6958 = DIRECTION('',(1.,0.,7.281636885445E-15));
#6959 = ADVANCED_FACE('',(#6960),#6987,.T.);
#6960 = FACE_BOUND('',#6961,.T.);
#6961 = EDGE_LOOP('',(#6962,#6971,#6972,#6981));
#6962 = ORIENTED_EDGE('',*,*,#6963,.F.);
#6963 = EDGE_CURVE('',#6926,#6964,#6966,.T.);
#6964 = VERTEX_POINT('',#6965);
#6965 = CARTESIAN_POINT('',(5.25,-2.974497641265E-02,-6.573828367581));
#6966 = CIRCLE('',#6967,0.6);
#6967 = AXIS2_PLACEMENT_3D('',#6968,#6969,#6970);
#6968 = CARTESIAN_POINT('',(5.25,0.569683956536,-6.6));
#6969 = DIRECTION('',(1.,5.374889246201E-17,7.281636885445E-15));
#6970 = DIRECTION('',(7.281636885445E-15,2.88214472986E-33,-1.));
#6971 = ORIENTED_EDGE('',*,*,#6949,.F.);
#6972 = ORIENTED_EDGE('',*,*,#6973,.T.);
#6973 = EDGE_CURVE('',#6942,#6974,#6976,.T.);
#6974 = VERTEX_POINT('',#6975);
#6975 = CARTESIAN_POINT('',(4.75,-2.974497641265E-02,-6.573828367581));
#6976 = CIRCLE('',#6977,0.6);
#6977 = AXIS2_PLACEMENT_3D('',#6978,#6979,#6980);
#6978 = CARTESIAN_POINT('',(4.75,0.569683956536,-6.6));
#6979 = DIRECTION('',(1.,5.374889246201E-17,7.281636885445E-15));
#6980 = DIRECTION('',(7.281636885445E-15,2.88214472986E-33,-1.));
#6981 = ORIENTED_EDGE('',*,*,#6982,.T.);
#6982 = EDGE_CURVE('',#6974,#6964,#6983,.T.);
#6983 = LINE('',#6984,#6985);
#6984 = CARTESIAN_POINT('',(4.75,-2.974497641265E-02,-6.573828367581));
#6985 = VECTOR('',#6986,1.);
#6986 = DIRECTION('',(1.,5.374889246201E-17,7.281636885445E-15));
#6987 = CYLINDRICAL_SURFACE('',#6988,0.6);
#6988 = AXIS2_PLACEMENT_3D('',#6989,#6990,#6991);
#6989 = CARTESIAN_POINT('',(4.75,0.569683956536,-6.6));
#6990 = DIRECTION('',(1.,5.374889246201E-17,7.281636885445E-15));
#6991 = DIRECTION('',(-7.281636885445E-15,-2.88214472986E-33,1.));
#6992 = ADVANCED_FACE('',(#6993),#7018,.F.);
#6993 = FACE_BOUND('',#6994,.T.);
#6994 = EDGE_LOOP('',(#6995,#7003,#7004,#7012));
#6995 = ORIENTED_EDGE('',*,*,#6996,.F.);
#6996 = EDGE_CURVE('',#6964,#6997,#6999,.T.);
#6997 = VERTEX_POINT('',#6998);
#6998 = CARTESIAN_POINT('',(5.25,-9.999999999983E-02,-8.182932956421));
#6999 = LINE('',#7000,#7001);
#7000 = CARTESIAN_POINT('',(5.25,-2.974497641265E-02,-6.573828367581));
#7001 = VECTOR('',#7002,1.);
#7002 = DIRECTION('',(7.27003005616E-15,-4.361938736534E-02,
    -0.999048221582));
#7003 = ORIENTED_EDGE('',*,*,#6982,.F.);
#7004 = ORIENTED_EDGE('',*,*,#7005,.T.);
#7005 = EDGE_CURVE('',#6974,#7006,#7008,.T.);
#7006 = VERTEX_POINT('',#7007);
#7007 = CARTESIAN_POINT('',(4.75,-9.999999999983E-02,-8.182932956421));
#7008 = LINE('',#7009,#7010);
#7009 = CARTESIAN_POINT('',(4.75,-2.974497641265E-02,-6.573828367581));
#7010 = VECTOR('',#7011,1.);
#7011 = DIRECTION('',(7.27003005616E-15,-4.361938736534E-02,
    -0.999048221582));
#7012 = ORIENTED_EDGE('',*,*,#7013,.T.);
#7013 = EDGE_CURVE('',#7006,#6997,#7014,.T.);
#7014 = LINE('',#7015,#7016);
#7015 = CARTESIAN_POINT('',(4.75,-9.999999999983E-02,-8.182932956421));
#7016 = VECTOR('',#7017,1.);
#7017 = DIRECTION('',(1.,5.374889246201E-17,7.281636885445E-15));
#7018 = PLANE('',#7019);
#7019 = AXIS2_PLACEMENT_3D('',#7020,#7021,#7022);
#7020 = CARTESIAN_POINT('',(4.75,-2.974497641265E-02,-6.573828367581));
#7021 = DIRECTION('',(2.639228045338E-16,0.999048221582,
    -4.361938736534E-02));
#7022 = DIRECTION('',(0.,4.361938736534E-02,0.999048221582));
#7023 = ADVANCED_FACE('',(#7024),#7049,.F.);
#7024 = FACE_BOUND('',#7025,.T.);
#7025 = EDGE_LOOP('',(#7026,#7027,#7035,#7043));
#7026 = ORIENTED_EDGE('',*,*,#7013,.F.);
#7027 = ORIENTED_EDGE('',*,*,#7028,.F.);
#7028 = EDGE_CURVE('',#7029,#7006,#7031,.T.);
#7029 = VERTEX_POINT('',#7030);
#7030 = CARTESIAN_POINT('',(4.857179676972,-1.754293278778E-02,
    -8.58691418379));
#7031 = LINE('',#7032,#7033);
#7032 = CARTESIAN_POINT('',(4.785433741801,-7.273958541536E-02,
    -8.316489680117));
#7033 = VECTOR('',#7034,1.);
#7034 = DIRECTION('',(-0.251587526195,-0.193555066997,0.948282738798));
#7035 = ORIENTED_EDGE('',*,*,#7036,.T.);
#7036 = EDGE_CURVE('',#7029,#7037,#7039,.T.);
#7037 = VERTEX_POINT('',#7038);
#7038 = CARTESIAN_POINT('',(5.142820323027,-1.754293278778E-02,
    -8.58691418379));
#7039 = LINE('',#7040,#7041);
#7040 = CARTESIAN_POINT('',(4.75,-1.754293278778E-02,-8.58691418379));
#7041 = VECTOR('',#7042,1.);
#7042 = DIRECTION('',(1.,5.374889246201E-17,7.281636885445E-15));
#7043 = ORIENTED_EDGE('',*,*,#7044,.F.);
#7044 = EDGE_CURVE('',#6997,#7037,#7045,.T.);
#7045 = LINE('',#7046,#7047);
#7046 = CARTESIAN_POINT('',(5.125103452127,-3.912725495543E-03,
    -8.653692545638));
#7047 = VECTOR('',#7048,1.);
#7048 = DIRECTION('',(-0.251587526195,0.193555066997,-0.948282738798));
#7049 = PLANE('',#7050);
#7050 = AXIS2_PLACEMENT_3D('',#7051,#7052,#7053);
#7051 = CARTESIAN_POINT('',(4.75,-9.999999999983E-02,-8.182932956421));
#7052 = DIRECTION('',(-1.508901352801E-15,0.97979839483,0.199987763349)
  );
#7053 = DIRECTION('',(0.,-0.199987763349,0.97979839483));
#7054 = ADVANCED_FACE('',(#7055),#7080,.F.);
#7055 = FACE_BOUND('',#7056,.T.);
#7056 = EDGE_LOOP('',(#7057,#7058,#7066,#7074));
#7057 = ORIENTED_EDGE('',*,*,#7036,.F.);
#7058 = ORIENTED_EDGE('',*,*,#7059,.F.);
#7059 = EDGE_CURVE('',#7060,#7029,#7062,.T.);
#7060 = VERTEX_POINT('',#7061);
#7061 = CARTESIAN_POINT('',(4.857179676972,0.282171533687,-8.6));
#7062 = LINE('',#7063,#7064);
#7063 = CARTESIAN_POINT('',(4.857179676972,-1.754293278778E-02,
    -8.58691418379));
#7064 = VECTOR('',#7065,1.);
#7065 = DIRECTION('',(-2.639228045338E-16,-0.999048221582,
    4.361938736534E-02));
#7066 = ORIENTED_EDGE('',*,*,#7067,.T.);
#7067 = EDGE_CURVE('',#7060,#7068,#7070,.T.);
#7068 = VERTEX_POINT('',#7069);
#7069 = CARTESIAN_POINT('',(5.142820323027,0.282171533687,-8.6));
#7070 = LINE('',#7071,#7072);
#7071 = CARTESIAN_POINT('',(4.75,0.282171533687,-8.6));
#7072 = VECTOR('',#7073,1.);
#7073 = DIRECTION('',(1.,5.374889246201E-17,7.281636885445E-15));
#7074 = ORIENTED_EDGE('',*,*,#7075,.F.);
#7075 = EDGE_CURVE('',#7037,#7068,#7076,.T.);
#7076 = LINE('',#7077,#7078);
#7077 = CARTESIAN_POINT('',(5.142820323027,0.282171533687,-8.6));
#7078 = VECTOR('',#7079,1.);
#7079 = DIRECTION('',(2.639228045338E-16,0.999048221582,
    -4.361938736534E-02));
#7080 = PLANE('',#7081);
#7081 = AXIS2_PLACEMENT_3D('',#7082,#7083,#7084);
#7082 = CARTESIAN_POINT('',(4.75,0.282171533687,-8.6));
#7083 = DIRECTION('',(-7.27705087437E-15,4.361938736534E-02,
    0.999048221582));
#7084 = DIRECTION('',(0.,-0.999048221582,4.361938736534E-02));
#7085 = ADVANCED_FACE('',(#7086),#7111,.F.);
#7086 = FACE_BOUND('',#7087,.T.);
#7087 = EDGE_LOOP('',(#7088,#7089,#7097,#7105));
#7088 = ORIENTED_EDGE('',*,*,#7067,.F.);
#7089 = ORIENTED_EDGE('',*,*,#7090,.F.);
#7090 = EDGE_CURVE('',#7091,#7060,#7093,.T.);
#7091 = VERTEX_POINT('',#7092);
#7092 = CARTESIAN_POINT('',(4.75,0.399524110791,-8.204742650104));
#7093 = LINE('',#7094,#7095);
#7094 = CARTESIAN_POINT('',(4.744094376366,0.405990263446,-8.18296388371
    ));
#7095 = VECTOR('',#7096,1.);
#7096 = DIRECTION('',(0.251587526195,-0.275466817966,-0.927804801056));
#7097 = ORIENTED_EDGE('',*,*,#7098,.T.);
#7098 = EDGE_CURVE('',#7091,#7099,#7101,.T.);
#7099 = VERTEX_POINT('',#7100);
#7100 = CARTESIAN_POINT('',(5.25,0.399524110791,-8.204742650104));
#7101 = LINE('',#7102,#7103);
#7102 = CARTESIAN_POINT('',(4.75,0.399524110791,-8.204742650104));
#7103 = VECTOR('',#7104,1.);
#7104 = DIRECTION('',(1.,5.374889246201E-17,7.281636885445E-15));
#7105 = ORIENTED_EDGE('',*,*,#7106,.F.);
#7106 = EDGE_CURVE('',#7068,#7099,#7107,.T.);
#7107 = LINE('',#7108,#7109);
#7108 = CARTESIAN_POINT('',(5.142820323027,0.282171533687,-8.6));
#7109 = VECTOR('',#7110,1.);
#7110 = DIRECTION('',(0.251587526195,0.275466817966,0.927804801056));
#7111 = PLANE('',#7112);
#7112 = AXIS2_PLACEMENT_3D('',#7113,#7114,#7115);
#7113 = CARTESIAN_POINT('',(4.75,0.399524110791,-8.204742650104));
#7114 = DIRECTION('',(-2.020986811672E-15,-0.958639884073,0.284621806376
    ));
#7115 = DIRECTION('',(0.,-0.284621806376,-0.958639884073));
#7116 = ADVANCED_FACE('',(#7117),#7142,.F.);
#7117 = FACE_BOUND('',#7118,.T.);
#7118 = EDGE_LOOP('',(#7119,#7127,#7128,#7136));
#7119 = ORIENTED_EDGE('',*,*,#7120,.F.);
#7120 = EDGE_CURVE('',#7099,#7121,#7123,.T.);
#7121 = VERTEX_POINT('',#7122);
#7122 = CARTESIAN_POINT('',(5.25,0.469779134378,-6.595638061264));
#7123 = LINE('',#7124,#7125);
#7124 = CARTESIAN_POINT('',(5.25,0.469779134378,-6.595638061264));
#7125 = VECTOR('',#7126,1.);
#7126 = DIRECTION('',(-7.27003005616E-15,4.361938736534E-02,
    0.999048221582));
#7127 = ORIENTED_EDGE('',*,*,#7098,.F.);
#7128 = ORIENTED_EDGE('',*,*,#7129,.T.);
#7129 = EDGE_CURVE('',#7091,#7130,#7132,.T.);
#7130 = VERTEX_POINT('',#7131);
#7131 = CARTESIAN_POINT('',(4.75,0.469779134378,-6.595638061264));
#7132 = LINE('',#7133,#7134);
#7133 = CARTESIAN_POINT('',(4.75,0.469779134378,-6.595638061264));
#7134 = VECTOR('',#7135,1.);
#7135 = DIRECTION('',(-7.27003005616E-15,4.361938736534E-02,
    0.999048221582));
#7136 = ORIENTED_EDGE('',*,*,#7137,.T.);
#7137 = EDGE_CURVE('',#7130,#7121,#7138,.T.);
#7138 = LINE('',#7139,#7140);
#7139 = CARTESIAN_POINT('',(4.75,0.469779134378,-6.595638061264));
#7140 = VECTOR('',#7141,1.);
#7141 = DIRECTION('',(1.,5.374889246201E-17,7.281636885445E-15));
#7142 = PLANE('',#7143);
#7143 = AXIS2_PLACEMENT_3D('',#7144,#7145,#7146);
#7144 = CARTESIAN_POINT('',(4.75,0.469779134378,-6.595638061264));
#7145 = DIRECTION('',(-2.639228045338E-16,-0.999048221582,
    4.361938736534E-02));
#7146 = DIRECTION('',(0.,-4.361938736534E-02,-0.999048221582));
#7147 = ADVANCED_FACE('',(#7148),#7175,.F.);
#7148 = FACE_BOUND('',#7149,.F.);
#7149 = EDGE_LOOP('',(#7150,#7160,#7167,#7168));
#7150 = ORIENTED_EDGE('',*,*,#7151,.F.);
#7151 = EDGE_CURVE('',#7152,#7154,#7156,.T.);
#7152 = VERTEX_POINT('',#7153);
#7153 = CARTESIAN_POINT('',(4.75,0.569683956536,-6.5));
#7154 = VERTEX_POINT('',#7155);
#7155 = CARTESIAN_POINT('',(5.25,0.569683956536,-6.5));
#7156 = LINE('',#7157,#7158);
#7157 = CARTESIAN_POINT('',(4.75,0.569683956536,-6.5));
#7158 = VECTOR('',#7159,1.);
#7159 = DIRECTION('',(1.,5.374889246201E-17,7.281636885445E-15));
#7160 = ORIENTED_EDGE('',*,*,#7161,.F.);
#7161 = EDGE_CURVE('',#7130,#7152,#7162,.T.);
#7162 = CIRCLE('',#7163,1.E-01);
#7163 = AXIS2_PLACEMENT_3D('',#7164,#7165,#7166);
#7164 = CARTESIAN_POINT('',(4.75,0.569683956536,-6.6));
#7165 = DIRECTION('',(-1.,-5.374889246201E-17,-7.281636885445E-15));
#7166 = DIRECTION('',(7.281636885445E-15,-7.481740990483E-32,-1.));
#7167 = ORIENTED_EDGE('',*,*,#7137,.T.);
#7168 = ORIENTED_EDGE('',*,*,#7169,.T.);
#7169 = EDGE_CURVE('',#7121,#7154,#7170,.T.);
#7170 = CIRCLE('',#7171,1.E-01);
#7171 = AXIS2_PLACEMENT_3D('',#7172,#7173,#7174);
#7172 = CARTESIAN_POINT('',(5.25,0.569683956536,-6.6));
#7173 = DIRECTION('',(-1.,-5.374889246201E-17,-7.281636885445E-15));
#7174 = DIRECTION('',(7.281636885445E-15,-7.481740990483E-32,-1.));
#7175 = CYLINDRICAL_SURFACE('',#7176,1.E-01);
#7176 = AXIS2_PLACEMENT_3D('',#7177,#7178,#7179);
#7177 = CARTESIAN_POINT('',(4.75,0.569683956536,-6.6));
#7178 = DIRECTION('',(1.,5.374889246201E-17,7.281636885445E-15));
#7179 = DIRECTION('',(-7.281636885445E-15,7.481740990483E-32,1.));
#7180 = ADVANCED_FACE('',(#7181),#7206,.F.);
#7181 = FACE_BOUND('',#7182,.T.);
#7182 = EDGE_LOOP('',(#7183,#7191,#7192,#7200));
#7183 = ORIENTED_EDGE('',*,*,#7184,.F.);
#7184 = EDGE_CURVE('',#7154,#7185,#7187,.T.);
#7185 = VERTEX_POINT('',#7186);
#7186 = CARTESIAN_POINT('',(5.25,2.75,-6.5));
#7187 = LINE('',#7188,#7189);
#7188 = CARTESIAN_POINT('',(5.25,2.75,-6.5));
#7189 = VECTOR('',#7190,1.);
#7190 = DIRECTION('',(0.,1.,-3.978146840632E-16));
#7191 = ORIENTED_EDGE('',*,*,#7151,.F.);
#7192 = ORIENTED_EDGE('',*,*,#7193,.T.);
#7193 = EDGE_CURVE('',#7152,#7194,#7196,.T.);
#7194 = VERTEX_POINT('',#7195);
#7195 = CARTESIAN_POINT('',(4.75,2.75,-6.5));
#7196 = LINE('',#7197,#7198);
#7197 = CARTESIAN_POINT('',(4.75,2.75,-6.5));
#7198 = VECTOR('',#7199,1.);
#7199 = DIRECTION('',(0.,1.,-3.978146840632E-16));
#7200 = ORIENTED_EDGE('',*,*,#7201,.T.);
#7201 = EDGE_CURVE('',#7194,#7185,#7202,.T.);
#7202 = LINE('',#7203,#7204);
#7203 = CARTESIAN_POINT('',(4.75,2.75,-6.5));
#7204 = VECTOR('',#7205,1.);
#7205 = DIRECTION('',(1.,5.374889246201E-17,7.281636885445E-15));
#7206 = PLANE('',#7207);
#7207 = AXIS2_PLACEMENT_3D('',#7208,#7209,#7210);
#7208 = CARTESIAN_POINT('',(4.75,2.75,-6.5));
#7209 = DIRECTION('',(-7.281636885445E-15,3.978146840632E-16,1.));
#7210 = DIRECTION('',(-1.,0.,-7.281636885445E-15));
#7211 = ADVANCED_FACE('',(#7212),#7239,.T.);
#7212 = FACE_BOUND('',#7213,.T.);
#7213 = EDGE_LOOP('',(#7214,#7223,#7224,#7233));
#7214 = ORIENTED_EDGE('',*,*,#7215,.F.);
#7215 = EDGE_CURVE('',#7185,#7216,#7218,.T.);
#7216 = VERTEX_POINT('',#7217);
#7217 = CARTESIAN_POINT('',(5.25,3.35,-5.9));
#7218 = CIRCLE('',#7219,0.6);
#7219 = AXIS2_PLACEMENT_3D('',#7220,#7221,#7222);
#7220 = CARTESIAN_POINT('',(5.25,2.75,-5.9));
#7221 = DIRECTION('',(1.,5.374889246201E-17,7.281636885445E-15));
#7222 = DIRECTION('',(-7.281636885445E-15,-2.882144729863E-33,1.));
#7223 = ORIENTED_EDGE('',*,*,#7201,.F.);
#7224 = ORIENTED_EDGE('',*,*,#7225,.T.);
#7225 = EDGE_CURVE('',#7194,#7226,#7228,.T.);
#7226 = VERTEX_POINT('',#7227);
#7227 = CARTESIAN_POINT('',(4.75,3.35,-5.9));
#7228 = CIRCLE('',#7229,0.6);
#7229 = AXIS2_PLACEMENT_3D('',#7230,#7231,#7232);
#7230 = CARTESIAN_POINT('',(4.75,2.75,-5.9));
#7231 = DIRECTION('',(1.,5.374889246201E-17,7.281636885445E-15));
#7232 = DIRECTION('',(-7.281636885445E-15,-2.882144729863E-33,1.));
#7233 = ORIENTED_EDGE('',*,*,#7234,.T.);
#7234 = EDGE_CURVE('',#7226,#7216,#7235,.T.);
#7235 = LINE('',#7236,#7237);
#7236 = CARTESIAN_POINT('',(4.75,3.35,-5.9));
#7237 = VECTOR('',#7238,1.);
#7238 = DIRECTION('',(1.,5.374889246201E-17,7.281636885445E-15));
#7239 = CYLINDRICAL_SURFACE('',#7240,0.6);
#7240 = AXIS2_PLACEMENT_3D('',#7241,#7242,#7243);
#7241 = CARTESIAN_POINT('',(4.75,2.75,-5.9));
#7242 = DIRECTION('',(1.,5.374889246201E-17,7.281636885445E-15));
#7243 = DIRECTION('',(-7.281636885445E-15,-2.882144729863E-33,1.));
#7244 = ADVANCED_FACE('',(#7245),#7270,.F.);
#7245 = FACE_BOUND('',#7246,.T.);
#7246 = EDGE_LOOP('',(#7247,#7255,#7256,#7264));
#7247 = ORIENTED_EDGE('',*,*,#7248,.F.);
#7248 = EDGE_CURVE('',#7216,#7249,#7251,.T.);
#7249 = VERTEX_POINT('',#7250);
#7250 = CARTESIAN_POINT('',(5.25,3.35,-1.35));
#7251 = LINE('',#7252,#7253);
#7252 = CARTESIAN_POINT('',(5.25,3.35,-1.35));
#7253 = VECTOR('',#7254,1.);
#7254 = DIRECTION('',(-7.243900229354E-15,-9.531447670202E-17,1.));
#7255 = ORIENTED_EDGE('',*,*,#7234,.F.);
#7256 = ORIENTED_EDGE('',*,*,#7257,.T.);
#7257 = EDGE_CURVE('',#7226,#7258,#7260,.T.);
#7258 = VERTEX_POINT('',#7259);
#7259 = CARTESIAN_POINT('',(4.75,3.35,-1.35));
#7260 = LINE('',#7261,#7262);
#7261 = CARTESIAN_POINT('',(4.75,3.35,-1.35));
#7262 = VECTOR('',#7263,1.);
#7263 = DIRECTION('',(-7.243900229354E-15,-9.531447670202E-17,1.));
#7264 = ORIENTED_EDGE('',*,*,#7265,.T.);
#7265 = EDGE_CURVE('',#7258,#7249,#7266,.T.);
#7266 = LINE('',#7267,#7268);
#7267 = CARTESIAN_POINT('',(4.75,3.35,-1.35));
#7268 = VECTOR('',#7269,1.);
#7269 = DIRECTION('',(1.,5.374889246201E-17,7.281636885445E-15));
#7270 = PLANE('',#7271);
#7271 = AXIS2_PLACEMENT_3D('',#7272,#7273,#7274);
#7272 = CARTESIAN_POINT('',(4.75,3.35,-1.35));
#7273 = DIRECTION('',(5.374889246201E-17,-1.,-9.531447670202E-17));
#7274 = DIRECTION('',(0.,9.531447670202E-17,-1.));
#7275 = ADVANCED_FACE('',(#7276),#7301,.F.);
#7276 = FACE_BOUND('',#7277,.T.);
#7277 = EDGE_LOOP('',(#7278,#7279,#7287,#7295));
#7278 = ORIENTED_EDGE('',*,*,#7265,.F.);
#7279 = ORIENTED_EDGE('',*,*,#7280,.F.);
#7280 = EDGE_CURVE('',#7281,#7258,#7283,.T.);
#7281 = VERTEX_POINT('',#7282);
#7282 = CARTESIAN_POINT('',(4.857179676972,3.25,-0.95));
#7283 = LINE('',#7284,#7285);
#7284 = CARTESIAN_POINT('',(4.914195001351,3.196803978153,
    -0.737215912609));
#7285 = VECTOR('',#7286,1.);
#7286 = DIRECTION('',(-0.251587526195,0.234734357577,-0.938937430309));
#7287 = ORIENTED_EDGE('',*,*,#7288,.T.);
#7288 = EDGE_CURVE('',#7281,#7289,#7291,.T.);
#7289 = VERTEX_POINT('',#7290);
#7290 = CARTESIAN_POINT('',(5.142820323027,3.25,-0.95));
#7291 = LINE('',#7292,#7293);
#7292 = CARTESIAN_POINT('',(4.75,3.25,-0.95));
#7293 = VECTOR('',#7294,1.);
#7294 = DIRECTION('',(1.,5.374889246201E-17,7.281636885445E-15));
#7295 = ORIENTED_EDGE('',*,*,#7296,.F.);
#7296 = EDGE_CURVE('',#7249,#7289,#7297,.T.);
#7297 = LINE('',#7298,#7299);
#7298 = CARTESIAN_POINT('',(5.142820323027,3.25,-0.95));
#7299 = VECTOR('',#7300,1.);
#7300 = DIRECTION('',(-0.251587526195,-0.234734357577,0.938937430309));
#7301 = PLANE('',#7302);
#7302 = AXIS2_PLACEMENT_3D('',#7303,#7304,#7305);
#7303 = CARTESIAN_POINT('',(4.75,3.25,-0.95));
#7304 = DIRECTION('',(1.818200438212E-15,-0.970142500145,-0.242535625036
    ));
#7305 = DIRECTION('',(0.,0.242535625036,-0.970142500145));
#7306 = ADVANCED_FACE('',(#7307),#7332,.F.);
#7307 = FACE_BOUND('',#7308,.T.);
#7308 = EDGE_LOOP('',(#7309,#7310,#7318,#7326));
#7309 = ORIENTED_EDGE('',*,*,#7288,.F.);
#7310 = ORIENTED_EDGE('',*,*,#7311,.F.);
#7311 = EDGE_CURVE('',#7312,#7281,#7314,.T.);
#7312 = VERTEX_POINT('',#7313);
#7313 = CARTESIAN_POINT('',(4.857179676972,2.95,-0.95));
#7314 = LINE('',#7315,#7316);
#7315 = CARTESIAN_POINT('',(4.857179676972,3.25,-0.95));
#7316 = VECTOR('',#7317,1.);
#7317 = DIRECTION('',(-5.374889246201E-17,1.,-3.913799179032E-31));
#7318 = ORIENTED_EDGE('',*,*,#7319,.T.);
#7319 = EDGE_CURVE('',#7312,#7320,#7322,.T.);
#7320 = VERTEX_POINT('',#7321);
#7321 = CARTESIAN_POINT('',(5.142820323027,2.95,-0.95));
#7322 = LINE('',#7323,#7324);
#7323 = CARTESIAN_POINT('',(4.75,2.95,-0.95));
#7324 = VECTOR('',#7325,1.);
#7325 = DIRECTION('',(1.,5.374889246201E-17,7.281636885445E-15));
#7326 = ORIENTED_EDGE('',*,*,#7327,.F.);
#7327 = EDGE_CURVE('',#7289,#7320,#7328,.T.);
#7328 = LINE('',#7329,#7330);
#7329 = CARTESIAN_POINT('',(5.142820323027,3.25,-0.95));
#7330 = VECTOR('',#7331,1.);
#7331 = DIRECTION('',(5.374889246201E-17,-1.,3.913799179032E-31));
#7332 = PLANE('',#7333);
#7333 = AXIS2_PLACEMENT_3D('',#7334,#7335,#7336);
#7334 = CARTESIAN_POINT('',(4.75,3.25,-0.95));
#7335 = DIRECTION('',(7.281636885445E-15,0.,-1.));
#7336 = DIRECTION('',(1.,0.,7.281636885445E-15));
#7337 = ADVANCED_FACE('',(#7338),#7363,.F.);
#7338 = FACE_BOUND('',#7339,.T.);
#7339 = EDGE_LOOP('',(#7340,#7341,#7349,#7357));
#7340 = ORIENTED_EDGE('',*,*,#7319,.F.);
#7341 = ORIENTED_EDGE('',*,*,#7342,.F.);
#7342 = EDGE_CURVE('',#7343,#7312,#7345,.T.);
#7343 = VERTEX_POINT('',#7344);
#7344 = CARTESIAN_POINT('',(4.75,2.85,-1.35));
#7345 = LINE('',#7346,#7347);
#7346 = CARTESIAN_POINT('',(4.615333116817,2.724354087466,
    -1.852583650136));
#7347 = VECTOR('',#7348,1.);
#7348 = DIRECTION('',(0.251587526195,0.234734357577,0.938937430309));
#7349 = ORIENTED_EDGE('',*,*,#7350,.T.);
#7350 = EDGE_CURVE('',#7343,#7351,#7353,.T.);
#7351 = VERTEX_POINT('',#7352);
#7352 = CARTESIAN_POINT('',(5.25,2.85,-1.35));
#7353 = LINE('',#7354,#7355);
#7354 = CARTESIAN_POINT('',(4.75,2.85,-1.35));
#7355 = VECTOR('',#7356,1.);
#7356 = DIRECTION('',(1.,5.374889246201E-17,7.281636885445E-15));
#7357 = ORIENTED_EDGE('',*,*,#7358,.F.);
#7358 = EDGE_CURVE('',#7320,#7351,#7359,.T.);
#7359 = LINE('',#7360,#7361);
#7360 = CARTESIAN_POINT('',(5.125103452127,2.966530065588,
    -0.883879737647));
#7361 = VECTOR('',#7362,1.);
#7362 = DIRECTION('',(0.251587526195,-0.234734357577,-0.938937430309));
#7363 = PLANE('',#7364);
#7364 = AXIS2_PLACEMENT_3D('',#7365,#7366,#7367);
#7365 = CARTESIAN_POINT('',(4.75,2.95,-0.95));
#7366 = DIRECTION('',(1.713912268386E-15,0.970142500145,-0.242535625036)
  );
#7367 = DIRECTION('',(0.,0.242535625036,0.970142500145));
#7368 = ADVANCED_FACE('',(#7369),#7385,.F.);
#7369 = FACE_BOUND('',#7370,.T.);
#7370 = EDGE_LOOP('',(#7371,#7377,#7378,#7384));
#7371 = ORIENTED_EDGE('',*,*,#7372,.F.);
#7372 = EDGE_CURVE('',#7351,#6924,#7373,.T.);
#7373 = LINE('',#7374,#7375);
#7374 = CARTESIAN_POINT('',(5.25,2.85,-1.35));
#7375 = VECTOR('',#7376,1.);
#7376 = DIRECTION('',(7.274646834741E-15,0.,-1.));
#7377 = ORIENTED_EDGE('',*,*,#7350,.F.);
#7378 = ORIENTED_EDGE('',*,*,#7379,.T.);
#7379 = EDGE_CURVE('',#7343,#6934,#7380,.T.);
#7380 = LINE('',#7381,#7382);
#7381 = CARTESIAN_POINT('',(4.75,2.85,-1.35));
#7382 = VECTOR('',#7383,1.);
#7383 = DIRECTION('',(7.274646834741E-15,0.,-1.));
#7384 = ORIENTED_EDGE('',*,*,#6933,.T.);
#7385 = PLANE('',#7386);
#7386 = AXIS2_PLACEMENT_3D('',#7387,#7388,#7389);
#7387 = CARTESIAN_POINT('',(4.75,2.85,-1.35));
#7388 = DIRECTION('',(-5.374889246201E-17,1.,-3.910042104196E-31));
#7389 = DIRECTION('',(1.,5.374889246201E-17,0.));
#7390 = ADVANCED_FACE('',(#7391),#7414,.T.);
#7391 = FACE_BOUND('',#7392,.T.);
#7392 = EDGE_LOOP('',(#7393,#7394,#7395,#7396,#7397,#7398,#7404,#7405,
    #7406,#7407,#7408));
#7393 = ORIENTED_EDGE('',*,*,#7257,.F.);
#7394 = ORIENTED_EDGE('',*,*,#7225,.F.);
#7395 = ORIENTED_EDGE('',*,*,#7193,.F.);
#7396 = ORIENTED_EDGE('',*,*,#7161,.F.);
#7397 = ORIENTED_EDGE('',*,*,#7129,.F.);
#7398 = ORIENTED_EDGE('',*,*,#7399,.F.);
#7399 = EDGE_CURVE('',#7006,#7091,#7400,.T.);
#7400 = LINE('',#7401,#7402);
#7401 = CARTESIAN_POINT('',(4.75,0.299619288633,-8.200380711367));
#7402 = VECTOR('',#7403,1.);
#7403 = DIRECTION('',(2.639228045338E-16,0.999048221582,
    -4.361938736534E-02));
#7404 = ORIENTED_EDGE('',*,*,#7005,.F.);
#7405 = ORIENTED_EDGE('',*,*,#6973,.F.);
#7406 = ORIENTED_EDGE('',*,*,#6941,.F.);
#7407 = ORIENTED_EDGE('',*,*,#7379,.F.);
#7408 = ORIENTED_EDGE('',*,*,#7409,.F.);
#7409 = EDGE_CURVE('',#7258,#7343,#7410,.T.);
#7410 = LINE('',#7411,#7412);
#7411 = CARTESIAN_POINT('',(4.75,2.95,-1.35));
#7412 = VECTOR('',#7413,1.);
#7413 = DIRECTION('',(5.374889246201E-17,-1.,3.913799179032E-31));
#7414 = PLANE('',#7415);
#7415 = AXIS2_PLACEMENT_3D('',#7416,#7417,#7418);
#7416 = CARTESIAN_POINT('',(4.75,0.569683956536,-6.6));
#7417 = DIRECTION('',(-1.,-5.374889246201E-17,-7.281636885445E-15));
#7418 = DIRECTION('',(7.281636885445E-15,0.,-1.));
#7419 = ADVANCED_FACE('',(#7420),#7443,.F.);
#7420 = FACE_BOUND('',#7421,.T.);
#7421 = EDGE_LOOP('',(#7422,#7423,#7424,#7425,#7426,#7432,#7433,#7434,
    #7435,#7436,#7437));
#7422 = ORIENTED_EDGE('',*,*,#7372,.T.);
#7423 = ORIENTED_EDGE('',*,*,#6923,.T.);
#7424 = ORIENTED_EDGE('',*,*,#6963,.T.);
#7425 = ORIENTED_EDGE('',*,*,#6996,.T.);
#7426 = ORIENTED_EDGE('',*,*,#7427,.F.);
#7427 = EDGE_CURVE('',#7099,#6997,#7428,.T.);
#7428 = LINE('',#7429,#7430);
#7429 = CARTESIAN_POINT('',(5.25,0.499428932949,-8.20910458884));
#7430 = VECTOR('',#7431,1.);
#7431 = DIRECTION('',(-2.639228045338E-16,-0.999048221582,
    4.361938736534E-02));
#7432 = ORIENTED_EDGE('',*,*,#7120,.T.);
#7433 = ORIENTED_EDGE('',*,*,#7169,.T.);
#7434 = ORIENTED_EDGE('',*,*,#7184,.T.);
#7435 = ORIENTED_EDGE('',*,*,#7215,.T.);
#7436 = ORIENTED_EDGE('',*,*,#7248,.T.);
#7437 = ORIENTED_EDGE('',*,*,#7438,.F.);
#7438 = EDGE_CURVE('',#7351,#7249,#7439,.T.);
#7439 = LINE('',#7440,#7441);
#7440 = CARTESIAN_POINT('',(5.25,0.569683956536,-1.35));
#7441 = VECTOR('',#7442,1.);
#7442 = DIRECTION('',(-5.374889246201E-17,1.,-3.913799179032E-31));
#7443 = PLANE('',#7444);
#7444 = AXIS2_PLACEMENT_3D('',#7445,#7446,#7447);
#7445 = CARTESIAN_POINT('',(5.25,0.569683956536,-6.6));
#7446 = DIRECTION('',(-1.,-5.374889246201E-17,-7.281636885445E-15));
#7447 = DIRECTION('',(7.281636885445E-15,0.,-1.));
#7448 = ADVANCED_FACE('',(#7449),#7455,.F.);
#7449 = FACE_BOUND('',#7450,.T.);
#7450 = EDGE_LOOP('',(#7451,#7452,#7453,#7454));
#7451 = ORIENTED_EDGE('',*,*,#7296,.T.);
#7452 = ORIENTED_EDGE('',*,*,#7327,.T.);
#7453 = ORIENTED_EDGE('',*,*,#7358,.T.);
#7454 = ORIENTED_EDGE('',*,*,#7438,.T.);
#7455 = PLANE('',#7456);
#7456 = AXIS2_PLACEMENT_3D('',#7457,#7458,#7459);
#7457 = CARTESIAN_POINT('',(5.142820323027,3.25,-0.95));
#7458 = DIRECTION('',(-0.965925826289,-5.191744336349E-17,
    -0.258819045103));
#7459 = DIRECTION('',(5.374889246201E-17,-1.,3.89808220744E-31));
#7460 = ADVANCED_FACE('',(#7461),#7467,.T.);
#7461 = FACE_BOUND('',#7462,.T.);
#7462 = EDGE_LOOP('',(#7463,#7464,#7465,#7466));
#7463 = ORIENTED_EDGE('',*,*,#7280,.T.);
#7464 = ORIENTED_EDGE('',*,*,#7409,.T.);
#7465 = ORIENTED_EDGE('',*,*,#7342,.T.);
#7466 = ORIENTED_EDGE('',*,*,#7311,.T.);
#7467 = PLANE('',#7468);
#7468 = AXIS2_PLACEMENT_3D('',#7469,#7470,#7471);
#7469 = CARTESIAN_POINT('',(4.75,0.569683956536,-1.35));
#7470 = DIRECTION('',(-0.965925826289,-5.191744336349E-17,0.258819045103
    ));
#7471 = DIRECTION('',(-5.374889246201E-17,1.,-3.92889708655E-31));
#7472 = ADVANCED_FACE('',(#7473),#7479,.F.);
#7473 = FACE_BOUND('',#7474,.T.);
#7474 = EDGE_LOOP('',(#7475,#7476,#7477,#7478));
#7475 = ORIENTED_EDGE('',*,*,#7044,.T.);
#7476 = ORIENTED_EDGE('',*,*,#7075,.T.);
#7477 = ORIENTED_EDGE('',*,*,#7106,.T.);
#7478 = ORIENTED_EDGE('',*,*,#7427,.T.);
#7479 = PLANE('',#7480);
#7480 = AXIS2_PLACEMENT_3D('',#7481,#7482,#7483);
#7481 = CARTESIAN_POINT('',(5.142820323027,0.282171533687,-8.6));
#7482 = DIRECTION('',(-0.965925826289,1.128952818585E-02,0.258572706721)
  );
#7483 = DIRECTION('',(2.654126918245E-16,0.999048221582,
    -4.361938736534E-02));
#7484 = ADVANCED_FACE('',(#7485),#7491,.T.);
#7485 = FACE_BOUND('',#7486,.T.);
#7486 = EDGE_LOOP('',(#7487,#7488,#7489,#7490));
#7487 = ORIENTED_EDGE('',*,*,#7028,.T.);
#7488 = ORIENTED_EDGE('',*,*,#7399,.T.);
#7489 = ORIENTED_EDGE('',*,*,#7090,.T.);
#7490 = ORIENTED_EDGE('',*,*,#7059,.T.);
#7491 = PLANE('',#7492);
#7492 = AXIS2_PLACEMENT_3D('',#7493,#7494,#7495);
#7493 = CARTESIAN_POINT('',(4.75,0.499428932949,-8.20910458884));
#7494 = DIRECTION('',(-0.965925826289,-1.128952818585E-02,
    -0.258572706721));
#7495 = DIRECTION('',(-2.654126918245E-16,-0.999048221582,
    4.361938736534E-02));
#7496 = MANIFOLD_SOLID_BREP('',#7497);
#7497 = CLOSED_SHELL('',(#7498,#7538,#7571,#7602,#7633,#7664,#7695,#7726
    ,#7759,#7790,#7823,#7854,#7885,#7916,#7947,#7969,#7998,#8027,#8039,
    #8051,#8063));
#7498 = ADVANCED_FACE('',(#7499),#7533,.F.);
#7499 = FACE_BOUND('',#7500,.T.);
#7500 = EDGE_LOOP('',(#7501,#7511,#7519,#7527));
#7501 = ORIENTED_EDGE('',*,*,#7502,.F.);
#7502 = EDGE_CURVE('',#7503,#7505,#7507,.T.);
#7503 = VERTEX_POINT('',#7504);
#7504 = CARTESIAN_POINT('',(7.25,2.85,-6.));
#7505 = VERTEX_POINT('',#7506);
#7506 = CARTESIAN_POINT('',(7.25,0.569683956536,-6.));
#7507 = LINE('',#7508,#7509);
#7508 = CARTESIAN_POINT('',(7.25,2.85,-6.));
#7509 = VECTOR('',#7510,1.);
#7510 = DIRECTION('',(0.,-1.,0.));
#7511 = ORIENTED_EDGE('',*,*,#7512,.F.);
#7512 = EDGE_CURVE('',#7513,#7503,#7515,.T.);
#7513 = VERTEX_POINT('',#7514);
#7514 = CARTESIAN_POINT('',(6.75,2.85,-6.));
#7515 = LINE('',#7516,#7517);
#7516 = CARTESIAN_POINT('',(6.75,2.85,-6.));
#7517 = VECTOR('',#7518,1.);
#7518 = DIRECTION('',(1.,5.374889246201E-17,7.281636885445E-15));
#7519 = ORIENTED_EDGE('',*,*,#7520,.T.);
#7520 = EDGE_CURVE('',#7513,#7521,#7523,.T.);
#7521 = VERTEX_POINT('',#7522);
#7522 = CARTESIAN_POINT('',(6.75,0.569683956536,-6.));
#7523 = LINE('',#7524,#7525);
#7524 = CARTESIAN_POINT('',(6.75,2.85,-6.));
#7525 = VECTOR('',#7526,1.);
#7526 = DIRECTION('',(0.,-1.,0.));
#7527 = ORIENTED_EDGE('',*,*,#7528,.T.);
#7528 = EDGE_CURVE('',#7521,#7505,#7529,.T.);
#7529 = LINE('',#7530,#7531);
#7530 = CARTESIAN_POINT('',(6.75,0.569683956536,-6.));
#7531 = VECTOR('',#7532,1.);
#7532 = DIRECTION('',(1.,5.374889246201E-17,7.281636885445E-15));
#7533 = PLANE('',#7534);
#7534 = AXIS2_PLACEMENT_3D('',#7535,#7536,#7537);
#7535 = CARTESIAN_POINT('',(6.75,2.85,-6.));
#7536 = DIRECTION('',(7.281636885445E-15,0.,-1.));
#7537 = DIRECTION('',(1.,0.,7.281636885445E-15));
#7538 = ADVANCED_FACE('',(#7539),#7566,.T.);
#7539 = FACE_BOUND('',#7540,.T.);
#7540 = EDGE_LOOP('',(#7541,#7550,#7551,#7560));
#7541 = ORIENTED_EDGE('',*,*,#7542,.F.);
#7542 = EDGE_CURVE('',#7505,#7543,#7545,.T.);
#7543 = VERTEX_POINT('',#7544);
#7544 = CARTESIAN_POINT('',(7.25,-2.974497641265E-02,-6.573828367581));
#7545 = CIRCLE('',#7546,0.6);
#7546 = AXIS2_PLACEMENT_3D('',#7547,#7548,#7549);
#7547 = CARTESIAN_POINT('',(7.25,0.569683956536,-6.6));
#7548 = DIRECTION('',(1.,5.374889246201E-17,7.281636885445E-15));
#7549 = DIRECTION('',(7.281636885445E-15,2.88214472986E-33,-1.));
#7550 = ORIENTED_EDGE('',*,*,#7528,.F.);
#7551 = ORIENTED_EDGE('',*,*,#7552,.T.);
#7552 = EDGE_CURVE('',#7521,#7553,#7555,.T.);
#7553 = VERTEX_POINT('',#7554);
#7554 = CARTESIAN_POINT('',(6.75,-2.974497641265E-02,-6.573828367581));
#7555 = CIRCLE('',#7556,0.6);
#7556 = AXIS2_PLACEMENT_3D('',#7557,#7558,#7559);
#7557 = CARTESIAN_POINT('',(6.75,0.569683956536,-6.6));
#7558 = DIRECTION('',(1.,5.374889246201E-17,7.281636885445E-15));
#7559 = DIRECTION('',(7.281636885445E-15,2.88214472986E-33,-1.));
#7560 = ORIENTED_EDGE('',*,*,#7561,.T.);
#7561 = EDGE_CURVE('',#7553,#7543,#7562,.T.);
#7562 = LINE('',#7563,#7564);
#7563 = CARTESIAN_POINT('',(6.75,-2.974497641265E-02,-6.573828367581));
#7564 = VECTOR('',#7565,1.);
#7565 = DIRECTION('',(1.,5.374889246201E-17,7.281636885445E-15));
#7566 = CYLINDRICAL_SURFACE('',#7567,0.6);
#7567 = AXIS2_PLACEMENT_3D('',#7568,#7569,#7570);
#7568 = CARTESIAN_POINT('',(6.75,0.569683956536,-6.6));
#7569 = DIRECTION('',(1.,5.374889246201E-17,7.281636885445E-15));
#7570 = DIRECTION('',(-7.281636885445E-15,-2.88214472986E-33,1.));
#7571 = ADVANCED_FACE('',(#7572),#7597,.F.);
#7572 = FACE_BOUND('',#7573,.T.);
#7573 = EDGE_LOOP('',(#7574,#7582,#7583,#7591));
#7574 = ORIENTED_EDGE('',*,*,#7575,.F.);
#7575 = EDGE_CURVE('',#7543,#7576,#7578,.T.);
#7576 = VERTEX_POINT('',#7577);
#7577 = CARTESIAN_POINT('',(7.25,-9.999999999983E-02,-8.182932956421));
#7578 = LINE('',#7579,#7580);
#7579 = CARTESIAN_POINT('',(7.25,-2.974497641265E-02,-6.573828367581));
#7580 = VECTOR('',#7581,1.);
#7581 = DIRECTION('',(7.27003005616E-15,-4.361938736534E-02,
    -0.999048221582));
#7582 = ORIENTED_EDGE('',*,*,#7561,.F.);
#7583 = ORIENTED_EDGE('',*,*,#7584,.T.);
#7584 = EDGE_CURVE('',#7553,#7585,#7587,.T.);
#7585 = VERTEX_POINT('',#7586);
#7586 = CARTESIAN_POINT('',(6.75,-9.999999999983E-02,-8.182932956421));
#7587 = LINE('',#7588,#7589);
#7588 = CARTESIAN_POINT('',(6.75,-2.974497641265E-02,-6.573828367581));
#7589 = VECTOR('',#7590,1.);
#7590 = DIRECTION('',(7.27003005616E-15,-4.361938736534E-02,
    -0.999048221582));
#7591 = ORIENTED_EDGE('',*,*,#7592,.T.);
#7592 = EDGE_CURVE('',#7585,#7576,#7593,.T.);
#7593 = LINE('',#7594,#7595);
#7594 = CARTESIAN_POINT('',(6.75,-9.999999999983E-02,-8.182932956421));
#7595 = VECTOR('',#7596,1.);
#7596 = DIRECTION('',(1.,5.374889246201E-17,7.281636885445E-15));
#7597 = PLANE('',#7598);
#7598 = AXIS2_PLACEMENT_3D('',#7599,#7600,#7601);
#7599 = CARTESIAN_POINT('',(6.75,-2.974497641265E-02,-6.573828367581));
#7600 = DIRECTION('',(2.639228045338E-16,0.999048221582,
    -4.361938736534E-02));
#7601 = DIRECTION('',(0.,4.361938736534E-02,0.999048221582));
#7602 = ADVANCED_FACE('',(#7603),#7628,.F.);
#7603 = FACE_BOUND('',#7604,.T.);
#7604 = EDGE_LOOP('',(#7605,#7606,#7614,#7622));
#7605 = ORIENTED_EDGE('',*,*,#7592,.F.);
#7606 = ORIENTED_EDGE('',*,*,#7607,.F.);
#7607 = EDGE_CURVE('',#7608,#7585,#7610,.T.);
#7608 = VERTEX_POINT('',#7609);
#7609 = CARTESIAN_POINT('',(6.857179676972,-1.754293278778E-02,
    -8.58691418379));
#7610 = LINE('',#7611,#7612);
#7611 = CARTESIAN_POINT('',(6.785433741801,-7.273958541536E-02,
    -8.316489680117));
#7612 = VECTOR('',#7613,1.);
#7613 = DIRECTION('',(-0.251587526195,-0.193555066997,0.948282738798));
#7614 = ORIENTED_EDGE('',*,*,#7615,.T.);
#7615 = EDGE_CURVE('',#7608,#7616,#7618,.T.);
#7616 = VERTEX_POINT('',#7617);
#7617 = CARTESIAN_POINT('',(7.142820323027,-1.754293278778E-02,
    -8.58691418379));
#7618 = LINE('',#7619,#7620);
#7619 = CARTESIAN_POINT('',(6.75,-1.754293278778E-02,-8.58691418379));
#7620 = VECTOR('',#7621,1.);
#7621 = DIRECTION('',(1.,5.374889246201E-17,7.281636885445E-15));
#7622 = ORIENTED_EDGE('',*,*,#7623,.F.);
#7623 = EDGE_CURVE('',#7576,#7616,#7624,.T.);
#7624 = LINE('',#7625,#7626);
#7625 = CARTESIAN_POINT('',(7.125103452127,-3.912725495543E-03,
    -8.653692545638));
#7626 = VECTOR('',#7627,1.);
#7627 = DIRECTION('',(-0.251587526195,0.193555066997,-0.948282738798));
#7628 = PLANE('',#7629);
#7629 = AXIS2_PLACEMENT_3D('',#7630,#7631,#7632);
#7630 = CARTESIAN_POINT('',(6.75,-9.999999999983E-02,-8.182932956421));
#7631 = DIRECTION('',(-1.508901352801E-15,0.97979839483,0.199987763349)
  );
#7632 = DIRECTION('',(0.,-0.199987763349,0.97979839483));
#7633 = ADVANCED_FACE('',(#7634),#7659,.F.);
#7634 = FACE_BOUND('',#7635,.T.);
#7635 = EDGE_LOOP('',(#7636,#7637,#7645,#7653));
#7636 = ORIENTED_EDGE('',*,*,#7615,.F.);
#7637 = ORIENTED_EDGE('',*,*,#7638,.F.);
#7638 = EDGE_CURVE('',#7639,#7608,#7641,.T.);
#7639 = VERTEX_POINT('',#7640);
#7640 = CARTESIAN_POINT('',(6.857179676972,0.282171533687,-8.6));
#7641 = LINE('',#7642,#7643);
#7642 = CARTESIAN_POINT('',(6.857179676972,-1.754293278778E-02,
    -8.58691418379));
#7643 = VECTOR('',#7644,1.);
#7644 = DIRECTION('',(-2.639228045338E-16,-0.999048221582,
    4.361938736534E-02));
#7645 = ORIENTED_EDGE('',*,*,#7646,.T.);
#7646 = EDGE_CURVE('',#7639,#7647,#7649,.T.);
#7647 = VERTEX_POINT('',#7648);
#7648 = CARTESIAN_POINT('',(7.142820323027,0.282171533687,-8.6));
#7649 = LINE('',#7650,#7651);
#7650 = CARTESIAN_POINT('',(6.75,0.282171533687,-8.6));
#7651 = VECTOR('',#7652,1.);
#7652 = DIRECTION('',(1.,5.374889246201E-17,7.281636885445E-15));
#7653 = ORIENTED_EDGE('',*,*,#7654,.F.);
#7654 = EDGE_CURVE('',#7616,#7647,#7655,.T.);
#7655 = LINE('',#7656,#7657);
#7656 = CARTESIAN_POINT('',(7.142820323027,0.282171533687,-8.6));
#7657 = VECTOR('',#7658,1.);
#7658 = DIRECTION('',(2.639228045338E-16,0.999048221582,
    -4.361938736534E-02));
#7659 = PLANE('',#7660);
#7660 = AXIS2_PLACEMENT_3D('',#7661,#7662,#7663);
#7661 = CARTESIAN_POINT('',(6.75,0.282171533687,-8.6));
#7662 = DIRECTION('',(-7.27705087437E-15,4.361938736534E-02,
    0.999048221582));
#7663 = DIRECTION('',(0.,-0.999048221582,4.361938736534E-02));
#7664 = ADVANCED_FACE('',(#7665),#7690,.F.);
#7665 = FACE_BOUND('',#7666,.T.);
#7666 = EDGE_LOOP('',(#7667,#7668,#7676,#7684));
#7667 = ORIENTED_EDGE('',*,*,#7646,.F.);
#7668 = ORIENTED_EDGE('',*,*,#7669,.F.);
#7669 = EDGE_CURVE('',#7670,#7639,#7672,.T.);
#7670 = VERTEX_POINT('',#7671);
#7671 = CARTESIAN_POINT('',(6.75,0.399524110791,-8.204742650104));
#7672 = LINE('',#7673,#7674);
#7673 = CARTESIAN_POINT('',(6.744094376366,0.405990263446,-8.18296388371
    ));
#7674 = VECTOR('',#7675,1.);
#7675 = DIRECTION('',(0.251587526195,-0.275466817966,-0.927804801056));
#7676 = ORIENTED_EDGE('',*,*,#7677,.T.);
#7677 = EDGE_CURVE('',#7670,#7678,#7680,.T.);
#7678 = VERTEX_POINT('',#7679);
#7679 = CARTESIAN_POINT('',(7.25,0.399524110791,-8.204742650104));
#7680 = LINE('',#7681,#7682);
#7681 = CARTESIAN_POINT('',(6.75,0.399524110791,-8.204742650104));
#7682 = VECTOR('',#7683,1.);
#7683 = DIRECTION('',(1.,5.374889246201E-17,7.281636885445E-15));
#7684 = ORIENTED_EDGE('',*,*,#7685,.F.);
#7685 = EDGE_CURVE('',#7647,#7678,#7686,.T.);
#7686 = LINE('',#7687,#7688);
#7687 = CARTESIAN_POINT('',(7.142820323027,0.282171533687,-8.6));
#7688 = VECTOR('',#7689,1.);
#7689 = DIRECTION('',(0.251587526195,0.275466817966,0.927804801056));
#7690 = PLANE('',#7691);
#7691 = AXIS2_PLACEMENT_3D('',#7692,#7693,#7694);
#7692 = CARTESIAN_POINT('',(6.75,0.399524110791,-8.204742650104));
#7693 = DIRECTION('',(-2.020986811672E-15,-0.958639884073,0.284621806376
    ));
#7694 = DIRECTION('',(0.,-0.284621806376,-0.958639884073));
#7695 = ADVANCED_FACE('',(#7696),#7721,.F.);
#7696 = FACE_BOUND('',#7697,.T.);
#7697 = EDGE_LOOP('',(#7698,#7706,#7707,#7715));
#7698 = ORIENTED_EDGE('',*,*,#7699,.F.);
#7699 = EDGE_CURVE('',#7678,#7700,#7702,.T.);
#7700 = VERTEX_POINT('',#7701);
#7701 = CARTESIAN_POINT('',(7.25,0.469779134378,-6.595638061264));
#7702 = LINE('',#7703,#7704);
#7703 = CARTESIAN_POINT('',(7.25,0.469779134378,-6.595638061264));
#7704 = VECTOR('',#7705,1.);
#7705 = DIRECTION('',(-7.27003005616E-15,4.361938736534E-02,
    0.999048221582));
#7706 = ORIENTED_EDGE('',*,*,#7677,.F.);
#7707 = ORIENTED_EDGE('',*,*,#7708,.T.);
#7708 = EDGE_CURVE('',#7670,#7709,#7711,.T.);
#7709 = VERTEX_POINT('',#7710);
#7710 = CARTESIAN_POINT('',(6.75,0.469779134378,-6.595638061264));
#7711 = LINE('',#7712,#7713);
#7712 = CARTESIAN_POINT('',(6.75,0.469779134378,-6.595638061264));
#7713 = VECTOR('',#7714,1.);
#7714 = DIRECTION('',(-7.27003005616E-15,4.361938736534E-02,
    0.999048221582));
#7715 = ORIENTED_EDGE('',*,*,#7716,.T.);
#7716 = EDGE_CURVE('',#7709,#7700,#7717,.T.);
#7717 = LINE('',#7718,#7719);
#7718 = CARTESIAN_POINT('',(6.75,0.469779134378,-6.595638061264));
#7719 = VECTOR('',#7720,1.);
#7720 = DIRECTION('',(1.,5.374889246201E-17,7.281636885445E-15));
#7721 = PLANE('',#7722);
#7722 = AXIS2_PLACEMENT_3D('',#7723,#7724,#7725);
#7723 = CARTESIAN_POINT('',(6.75,0.469779134378,-6.595638061264));
#7724 = DIRECTION('',(-2.639228045338E-16,-0.999048221582,
    4.361938736534E-02));
#7725 = DIRECTION('',(0.,-4.361938736534E-02,-0.999048221582));
#7726 = ADVANCED_FACE('',(#7727),#7754,.F.);
#7727 = FACE_BOUND('',#7728,.F.);
#7728 = EDGE_LOOP('',(#7729,#7739,#7746,#7747));
#7729 = ORIENTED_EDGE('',*,*,#7730,.F.);
#7730 = EDGE_CURVE('',#7731,#7733,#7735,.T.);
#7731 = VERTEX_POINT('',#7732);
#7732 = CARTESIAN_POINT('',(6.75,0.569683956536,-6.5));
#7733 = VERTEX_POINT('',#7734);
#7734 = CARTESIAN_POINT('',(7.25,0.569683956536,-6.5));
#7735 = LINE('',#7736,#7737);
#7736 = CARTESIAN_POINT('',(6.75,0.569683956536,-6.5));
#7737 = VECTOR('',#7738,1.);
#7738 = DIRECTION('',(1.,5.374889246201E-17,7.281636885445E-15));
#7739 = ORIENTED_EDGE('',*,*,#7740,.F.);
#7740 = EDGE_CURVE('',#7709,#7731,#7741,.T.);
#7741 = CIRCLE('',#7742,1.E-01);
#7742 = AXIS2_PLACEMENT_3D('',#7743,#7744,#7745);
#7743 = CARTESIAN_POINT('',(6.75,0.569683956536,-6.6));
#7744 = DIRECTION('',(-1.,-5.374889246201E-17,-7.281636885445E-15));
#7745 = DIRECTION('',(7.281636885445E-15,-7.481740990483E-32,-1.));
#7746 = ORIENTED_EDGE('',*,*,#7716,.T.);
#7747 = ORIENTED_EDGE('',*,*,#7748,.T.);
#7748 = EDGE_CURVE('',#7700,#7733,#7749,.T.);
#7749 = CIRCLE('',#7750,1.E-01);
#7750 = AXIS2_PLACEMENT_3D('',#7751,#7752,#7753);
#7751 = CARTESIAN_POINT('',(7.25,0.569683956536,-6.6));
#7752 = DIRECTION('',(-1.,-5.374889246201E-17,-7.281636885445E-15));
#7753 = DIRECTION('',(7.281636885445E-15,-7.481740990483E-32,-1.));
#7754 = CYLINDRICAL_SURFACE('',#7755,1.E-01);
#7755 = AXIS2_PLACEMENT_3D('',#7756,#7757,#7758);
#7756 = CARTESIAN_POINT('',(6.75,0.569683956536,-6.6));
#7757 = DIRECTION('',(1.,5.374889246201E-17,7.281636885445E-15));
#7758 = DIRECTION('',(-7.281636885445E-15,7.481740990483E-32,1.));
#7759 = ADVANCED_FACE('',(#7760),#7785,.F.);
#7760 = FACE_BOUND('',#7761,.T.);
#7761 = EDGE_LOOP('',(#7762,#7770,#7771,#7779));
#7762 = ORIENTED_EDGE('',*,*,#7763,.F.);
#7763 = EDGE_CURVE('',#7733,#7764,#7766,.T.);
#7764 = VERTEX_POINT('',#7765);
#7765 = CARTESIAN_POINT('',(7.25,2.75,-6.5));
#7766 = LINE('',#7767,#7768);
#7767 = CARTESIAN_POINT('',(7.25,2.75,-6.5));
#7768 = VECTOR('',#7769,1.);
#7769 = DIRECTION('',(0.,1.,-3.978146840632E-16));
#7770 = ORIENTED_EDGE('',*,*,#7730,.F.);
#7771 = ORIENTED_EDGE('',*,*,#7772,.T.);
#7772 = EDGE_CURVE('',#7731,#7773,#7775,.T.);
#7773 = VERTEX_POINT('',#7774);
#7774 = CARTESIAN_POINT('',(6.75,2.75,-6.5));
#7775 = LINE('',#7776,#7777);
#7776 = CARTESIAN_POINT('',(6.75,2.75,-6.5));
#7777 = VECTOR('',#7778,1.);
#7778 = DIRECTION('',(0.,1.,-3.978146840632E-16));
#7779 = ORIENTED_EDGE('',*,*,#7780,.T.);
#7780 = EDGE_CURVE('',#7773,#7764,#7781,.T.);
#7781 = LINE('',#7782,#7783);
#7782 = CARTESIAN_POINT('',(6.75,2.75,-6.5));
#7783 = VECTOR('',#7784,1.);
#7784 = DIRECTION('',(1.,5.374889246201E-17,7.281636885445E-15));
#7785 = PLANE('',#7786);
#7786 = AXIS2_PLACEMENT_3D('',#7787,#7788,#7789);
#7787 = CARTESIAN_POINT('',(6.75,2.75,-6.5));
#7788 = DIRECTION('',(-7.281636885445E-15,3.978146840632E-16,1.));
#7789 = DIRECTION('',(-1.,0.,-7.281636885445E-15));
#7790 = ADVANCED_FACE('',(#7791),#7818,.T.);
#7791 = FACE_BOUND('',#7792,.T.);
#7792 = EDGE_LOOP('',(#7793,#7802,#7803,#7812));
#7793 = ORIENTED_EDGE('',*,*,#7794,.F.);
#7794 = EDGE_CURVE('',#7764,#7795,#7797,.T.);
#7795 = VERTEX_POINT('',#7796);
#7796 = CARTESIAN_POINT('',(7.25,3.35,-5.9));
#7797 = CIRCLE('',#7798,0.6);
#7798 = AXIS2_PLACEMENT_3D('',#7799,#7800,#7801);
#7799 = CARTESIAN_POINT('',(7.25,2.75,-5.9));
#7800 = DIRECTION('',(1.,5.374889246201E-17,7.281636885445E-15));
#7801 = DIRECTION('',(-7.281636885445E-15,-2.882144729863E-33,1.));
#7802 = ORIENTED_EDGE('',*,*,#7780,.F.);
#7803 = ORIENTED_EDGE('',*,*,#7804,.T.);
#7804 = EDGE_CURVE('',#7773,#7805,#7807,.T.);
#7805 = VERTEX_POINT('',#7806);
#7806 = CARTESIAN_POINT('',(6.75,3.35,-5.9));
#7807 = CIRCLE('',#7808,0.6);
#7808 = AXIS2_PLACEMENT_3D('',#7809,#7810,#7811);
#7809 = CARTESIAN_POINT('',(6.75,2.75,-5.9));
#7810 = DIRECTION('',(1.,5.374889246201E-17,7.281636885445E-15));
#7811 = DIRECTION('',(-7.281636885445E-15,-2.882144729863E-33,1.));
#7812 = ORIENTED_EDGE('',*,*,#7813,.T.);
#7813 = EDGE_CURVE('',#7805,#7795,#7814,.T.);
#7814 = LINE('',#7815,#7816);
#7815 = CARTESIAN_POINT('',(6.75,3.35,-5.9));
#7816 = VECTOR('',#7817,1.);
#7817 = DIRECTION('',(1.,5.374889246201E-17,7.281636885445E-15));
#7818 = CYLINDRICAL_SURFACE('',#7819,0.6);
#7819 = AXIS2_PLACEMENT_3D('',#7820,#7821,#7822);
#7820 = CARTESIAN_POINT('',(6.75,2.75,-5.9));
#7821 = DIRECTION('',(1.,5.374889246201E-17,7.281636885445E-15));
#7822 = DIRECTION('',(-7.281636885445E-15,-2.882144729863E-33,1.));
#7823 = ADVANCED_FACE('',(#7824),#7849,.F.);
#7824 = FACE_BOUND('',#7825,.T.);
#7825 = EDGE_LOOP('',(#7826,#7834,#7835,#7843));
#7826 = ORIENTED_EDGE('',*,*,#7827,.F.);
#7827 = EDGE_CURVE('',#7795,#7828,#7830,.T.);
#7828 = VERTEX_POINT('',#7829);
#7829 = CARTESIAN_POINT('',(7.25,3.35,-1.35));
#7830 = LINE('',#7831,#7832);
#7831 = CARTESIAN_POINT('',(7.25,3.35,-1.35));
#7832 = VECTOR('',#7833,1.);
#7833 = DIRECTION('',(-7.243900229354E-15,-9.531447670202E-17,1.));
#7834 = ORIENTED_EDGE('',*,*,#7813,.F.);
#7835 = ORIENTED_EDGE('',*,*,#7836,.T.);
#7836 = EDGE_CURVE('',#7805,#7837,#7839,.T.);
#7837 = VERTEX_POINT('',#7838);
#7838 = CARTESIAN_POINT('',(6.75,3.35,-1.35));
#7839 = LINE('',#7840,#7841);
#7840 = CARTESIAN_POINT('',(6.75,3.35,-1.35));
#7841 = VECTOR('',#7842,1.);
#7842 = DIRECTION('',(-7.243900229354E-15,-9.531447670202E-17,1.));
#7843 = ORIENTED_EDGE('',*,*,#7844,.T.);
#7844 = EDGE_CURVE('',#7837,#7828,#7845,.T.);
#7845 = LINE('',#7846,#7847);
#7846 = CARTESIAN_POINT('',(6.75,3.35,-1.35));
#7847 = VECTOR('',#7848,1.);
#7848 = DIRECTION('',(1.,5.374889246201E-17,7.281636885445E-15));
#7849 = PLANE('',#7850);
#7850 = AXIS2_PLACEMENT_3D('',#7851,#7852,#7853);
#7851 = CARTESIAN_POINT('',(6.75,3.35,-1.35));
#7852 = DIRECTION('',(5.374889246201E-17,-1.,-9.531447670202E-17));
#7853 = DIRECTION('',(0.,9.531447670202E-17,-1.));
#7854 = ADVANCED_FACE('',(#7855),#7880,.F.);
#7855 = FACE_BOUND('',#7856,.T.);
#7856 = EDGE_LOOP('',(#7857,#7858,#7866,#7874));
#7857 = ORIENTED_EDGE('',*,*,#7844,.F.);
#7858 = ORIENTED_EDGE('',*,*,#7859,.F.);
#7859 = EDGE_CURVE('',#7860,#7837,#7862,.T.);
#7860 = VERTEX_POINT('',#7861);
#7861 = CARTESIAN_POINT('',(6.857179676972,3.25,-0.95));
#7862 = LINE('',#7863,#7864);
#7863 = CARTESIAN_POINT('',(6.914195001351,3.196803978153,
    -0.737215912609));
#7864 = VECTOR('',#7865,1.);
#7865 = DIRECTION('',(-0.251587526195,0.234734357577,-0.938937430309));
#7866 = ORIENTED_EDGE('',*,*,#7867,.T.);
#7867 = EDGE_CURVE('',#7860,#7868,#7870,.T.);
#7868 = VERTEX_POINT('',#7869);
#7869 = CARTESIAN_POINT('',(7.142820323027,3.25,-0.95));
#7870 = LINE('',#7871,#7872);
#7871 = CARTESIAN_POINT('',(6.75,3.25,-0.95));
#7872 = VECTOR('',#7873,1.);
#7873 = DIRECTION('',(1.,5.374889246201E-17,7.281636885445E-15));
#7874 = ORIENTED_EDGE('',*,*,#7875,.F.);
#7875 = EDGE_CURVE('',#7828,#7868,#7876,.T.);
#7876 = LINE('',#7877,#7878);
#7877 = CARTESIAN_POINT('',(7.142820323027,3.25,-0.95));
#7878 = VECTOR('',#7879,1.);
#7879 = DIRECTION('',(-0.251587526195,-0.234734357577,0.938937430309));
#7880 = PLANE('',#7881);
#7881 = AXIS2_PLACEMENT_3D('',#7882,#7883,#7884);
#7882 = CARTESIAN_POINT('',(6.75,3.25,-0.95));
#7883 = DIRECTION('',(1.818200438212E-15,-0.970142500145,-0.242535625036
    ));
#7884 = DIRECTION('',(0.,0.242535625036,-0.970142500145));
#7885 = ADVANCED_FACE('',(#7886),#7911,.F.);
#7886 = FACE_BOUND('',#7887,.T.);
#7887 = EDGE_LOOP('',(#7888,#7889,#7897,#7905));
#7888 = ORIENTED_EDGE('',*,*,#7867,.F.);
#7889 = ORIENTED_EDGE('',*,*,#7890,.F.);
#7890 = EDGE_CURVE('',#7891,#7860,#7893,.T.);
#7891 = VERTEX_POINT('',#7892);
#7892 = CARTESIAN_POINT('',(6.857179676972,2.95,-0.95));
#7893 = LINE('',#7894,#7895);
#7894 = CARTESIAN_POINT('',(6.857179676972,3.25,-0.95));
#7895 = VECTOR('',#7896,1.);
#7896 = DIRECTION('',(-5.374889246201E-17,1.,-3.913799179032E-31));
#7897 = ORIENTED_EDGE('',*,*,#7898,.T.);
#7898 = EDGE_CURVE('',#7891,#7899,#7901,.T.);
#7899 = VERTEX_POINT('',#7900);
#7900 = CARTESIAN_POINT('',(7.142820323027,2.95,-0.95));
#7901 = LINE('',#7902,#7903);
#7902 = CARTESIAN_POINT('',(6.75,2.95,-0.95));
#7903 = VECTOR('',#7904,1.);
#7904 = DIRECTION('',(1.,5.374889246201E-17,7.281636885445E-15));
#7905 = ORIENTED_EDGE('',*,*,#7906,.F.);
#7906 = EDGE_CURVE('',#7868,#7899,#7907,.T.);
#7907 = LINE('',#7908,#7909);
#7908 = CARTESIAN_POINT('',(7.142820323027,3.25,-0.95));
#7909 = VECTOR('',#7910,1.);
#7910 = DIRECTION('',(5.374889246201E-17,-1.,3.913799179032E-31));
#7911 = PLANE('',#7912);
#7912 = AXIS2_PLACEMENT_3D('',#7913,#7914,#7915);
#7913 = CARTESIAN_POINT('',(6.75,3.25,-0.95));
#7914 = DIRECTION('',(7.281636885445E-15,0.,-1.));
#7915 = DIRECTION('',(1.,0.,7.281636885445E-15));
#7916 = ADVANCED_FACE('',(#7917),#7942,.F.);
#7917 = FACE_BOUND('',#7918,.T.);
#7918 = EDGE_LOOP('',(#7919,#7920,#7928,#7936));
#7919 = ORIENTED_EDGE('',*,*,#7898,.F.);
#7920 = ORIENTED_EDGE('',*,*,#7921,.F.);
#7921 = EDGE_CURVE('',#7922,#7891,#7924,.T.);
#7922 = VERTEX_POINT('',#7923);
#7923 = CARTESIAN_POINT('',(6.75,2.85,-1.35));
#7924 = LINE('',#7925,#7926);
#7925 = CARTESIAN_POINT('',(6.615333116817,2.724354087466,
    -1.852583650136));
#7926 = VECTOR('',#7927,1.);
#7927 = DIRECTION('',(0.251587526195,0.234734357577,0.938937430309));
#7928 = ORIENTED_EDGE('',*,*,#7929,.T.);
#7929 = EDGE_CURVE('',#7922,#7930,#7932,.T.);
#7930 = VERTEX_POINT('',#7931);
#7931 = CARTESIAN_POINT('',(7.25,2.85,-1.35));
#7932 = LINE('',#7933,#7934);
#7933 = CARTESIAN_POINT('',(6.75,2.85,-1.35));
#7934 = VECTOR('',#7935,1.);
#7935 = DIRECTION('',(1.,5.374889246201E-17,7.281636885445E-15));
#7936 = ORIENTED_EDGE('',*,*,#7937,.F.);
#7937 = EDGE_CURVE('',#7899,#7930,#7938,.T.);
#7938 = LINE('',#7939,#7940);
#7939 = CARTESIAN_POINT('',(7.125103452127,2.966530065588,
    -0.883879737647));
#7940 = VECTOR('',#7941,1.);
#7941 = DIRECTION('',(0.251587526195,-0.234734357577,-0.938937430309));
#7942 = PLANE('',#7943);
#7943 = AXIS2_PLACEMENT_3D('',#7944,#7945,#7946);
#7944 = CARTESIAN_POINT('',(6.75,2.95,-0.95));
#7945 = DIRECTION('',(1.713912268386E-15,0.970142500145,-0.242535625036)
  );
#7946 = DIRECTION('',(0.,0.242535625036,0.970142500145));
#7947 = ADVANCED_FACE('',(#7948),#7964,.F.);
#7948 = FACE_BOUND('',#7949,.T.);
#7949 = EDGE_LOOP('',(#7950,#7956,#7957,#7963));
#7950 = ORIENTED_EDGE('',*,*,#7951,.F.);
#7951 = EDGE_CURVE('',#7930,#7503,#7952,.T.);
#7952 = LINE('',#7953,#7954);
#7953 = CARTESIAN_POINT('',(7.25,2.85,-1.35));
#7954 = VECTOR('',#7955,1.);
#7955 = DIRECTION('',(7.274646834741E-15,0.,-1.));
#7956 = ORIENTED_EDGE('',*,*,#7929,.F.);
#7957 = ORIENTED_EDGE('',*,*,#7958,.T.);
#7958 = EDGE_CURVE('',#7922,#7513,#7959,.T.);
#7959 = LINE('',#7960,#7961);
#7960 = CARTESIAN_POINT('',(6.75,2.85,-1.35));
#7961 = VECTOR('',#7962,1.);
#7962 = DIRECTION('',(7.274646834741E-15,0.,-1.));
#7963 = ORIENTED_EDGE('',*,*,#7512,.T.);
#7964 = PLANE('',#7965);
#7965 = AXIS2_PLACEMENT_3D('',#7966,#7967,#7968);
#7966 = CARTESIAN_POINT('',(6.75,2.85,-1.35));
#7967 = DIRECTION('',(-5.374889246201E-17,1.,-3.910042104196E-31));
#7968 = DIRECTION('',(1.,5.374889246201E-17,0.));
#7969 = ADVANCED_FACE('',(#7970),#7993,.T.);
#7970 = FACE_BOUND('',#7971,.T.);
#7971 = EDGE_LOOP('',(#7972,#7973,#7974,#7975,#7976,#7977,#7983,#7984,
    #7985,#7986,#7987));
#7972 = ORIENTED_EDGE('',*,*,#7836,.F.);
#7973 = ORIENTED_EDGE('',*,*,#7804,.F.);
#7974 = ORIENTED_EDGE('',*,*,#7772,.F.);
#7975 = ORIENTED_EDGE('',*,*,#7740,.F.);
#7976 = ORIENTED_EDGE('',*,*,#7708,.F.);
#7977 = ORIENTED_EDGE('',*,*,#7978,.F.);
#7978 = EDGE_CURVE('',#7585,#7670,#7979,.T.);
#7979 = LINE('',#7980,#7981);
#7980 = CARTESIAN_POINT('',(6.75,0.299619288633,-8.200380711367));
#7981 = VECTOR('',#7982,1.);
#7982 = DIRECTION('',(2.639228045338E-16,0.999048221582,
    -4.361938736534E-02));
#7983 = ORIENTED_EDGE('',*,*,#7584,.F.);
#7984 = ORIENTED_EDGE('',*,*,#7552,.F.);
#7985 = ORIENTED_EDGE('',*,*,#7520,.F.);
#7986 = ORIENTED_EDGE('',*,*,#7958,.F.);
#7987 = ORIENTED_EDGE('',*,*,#7988,.F.);
#7988 = EDGE_CURVE('',#7837,#7922,#7989,.T.);
#7989 = LINE('',#7990,#7991);
#7990 = CARTESIAN_POINT('',(6.75,2.95,-1.35));
#7991 = VECTOR('',#7992,1.);
#7992 = DIRECTION('',(5.374889246201E-17,-1.,3.913799179032E-31));
#7993 = PLANE('',#7994);
#7994 = AXIS2_PLACEMENT_3D('',#7995,#7996,#7997);
#7995 = CARTESIAN_POINT('',(6.75,0.569683956536,-6.6));
#7996 = DIRECTION('',(-1.,-5.374889246201E-17,-7.281636885445E-15));
#7997 = DIRECTION('',(7.281636885445E-15,0.,-1.));
#7998 = ADVANCED_FACE('',(#7999),#8022,.F.);
#7999 = FACE_BOUND('',#8000,.T.);
#8000 = EDGE_LOOP('',(#8001,#8002,#8003,#8004,#8005,#8011,#8012,#8013,
    #8014,#8015,#8016));
#8001 = ORIENTED_EDGE('',*,*,#7951,.T.);
#8002 = ORIENTED_EDGE('',*,*,#7502,.T.);
#8003 = ORIENTED_EDGE('',*,*,#7542,.T.);
#8004 = ORIENTED_EDGE('',*,*,#7575,.T.);
#8005 = ORIENTED_EDGE('',*,*,#8006,.F.);
#8006 = EDGE_CURVE('',#7678,#7576,#8007,.T.);
#8007 = LINE('',#8008,#8009);
#8008 = CARTESIAN_POINT('',(7.25,0.499428932949,-8.20910458884));
#8009 = VECTOR('',#8010,1.);
#8010 = DIRECTION('',(-2.639228045338E-16,-0.999048221582,
    4.361938736534E-02));
#8011 = ORIENTED_EDGE('',*,*,#7699,.T.);
#8012 = ORIENTED_EDGE('',*,*,#7748,.T.);
#8013 = ORIENTED_EDGE('',*,*,#7763,.T.);
#8014 = ORIENTED_EDGE('',*,*,#7794,.T.);
#8015 = ORIENTED_EDGE('',*,*,#7827,.T.);
#8016 = ORIENTED_EDGE('',*,*,#8017,.F.);
#8017 = EDGE_CURVE('',#7930,#7828,#8018,.T.);
#8018 = LINE('',#8019,#8020);
#8019 = CARTESIAN_POINT('',(7.25,0.569683956536,-1.35));
#8020 = VECTOR('',#8021,1.);
#8021 = DIRECTION('',(-5.374889246201E-17,1.,-3.913799179032E-31));
#8022 = PLANE('',#8023);
#8023 = AXIS2_PLACEMENT_3D('',#8024,#8025,#8026);
#8024 = CARTESIAN_POINT('',(7.25,0.569683956536,-6.6));
#8025 = DIRECTION('',(-1.,-5.374889246201E-17,-7.281636885445E-15));
#8026 = DIRECTION('',(7.281636885445E-15,0.,-1.));
#8027 = ADVANCED_FACE('',(#8028),#8034,.F.);
#8028 = FACE_BOUND('',#8029,.T.);
#8029 = EDGE_LOOP('',(#8030,#8031,#8032,#8033));
#8030 = ORIENTED_EDGE('',*,*,#7875,.T.);
#8031 = ORIENTED_EDGE('',*,*,#7906,.T.);
#8032 = ORIENTED_EDGE('',*,*,#7937,.T.);
#8033 = ORIENTED_EDGE('',*,*,#8017,.T.);
#8034 = PLANE('',#8035);
#8035 = AXIS2_PLACEMENT_3D('',#8036,#8037,#8038);
#8036 = CARTESIAN_POINT('',(7.142820323027,3.25,-0.95));
#8037 = DIRECTION('',(-0.965925826289,-5.191744336349E-17,
    -0.258819045103));
#8038 = DIRECTION('',(5.374889246201E-17,-1.,3.89808220744E-31));
#8039 = ADVANCED_FACE('',(#8040),#8046,.T.);
#8040 = FACE_BOUND('',#8041,.T.);
#8041 = EDGE_LOOP('',(#8042,#8043,#8044,#8045));
#8042 = ORIENTED_EDGE('',*,*,#7859,.T.);
#8043 = ORIENTED_EDGE('',*,*,#7988,.T.);
#8044 = ORIENTED_EDGE('',*,*,#7921,.T.);
#8045 = ORIENTED_EDGE('',*,*,#7890,.T.);
#8046 = PLANE('',#8047);
#8047 = AXIS2_PLACEMENT_3D('',#8048,#8049,#8050);
#8048 = CARTESIAN_POINT('',(6.75,0.569683956536,-1.35));
#8049 = DIRECTION('',(-0.965925826289,-5.191744336349E-17,0.258819045103
    ));
#8050 = DIRECTION('',(-5.374889246201E-17,1.,-3.92889708655E-31));
#8051 = ADVANCED_FACE('',(#8052),#8058,.F.);
#8052 = FACE_BOUND('',#8053,.T.);
#8053 = EDGE_LOOP('',(#8054,#8055,#8056,#8057));
#8054 = ORIENTED_EDGE('',*,*,#7623,.T.);
#8055 = ORIENTED_EDGE('',*,*,#7654,.T.);
#8056 = ORIENTED_EDGE('',*,*,#7685,.T.);
#8057 = ORIENTED_EDGE('',*,*,#8006,.T.);
#8058 = PLANE('',#8059);
#8059 = AXIS2_PLACEMENT_3D('',#8060,#8061,#8062);
#8060 = CARTESIAN_POINT('',(7.142820323027,0.282171533687,-8.6));
#8061 = DIRECTION('',(-0.965925826289,1.128952818585E-02,0.258572706721)
  );
#8062 = DIRECTION('',(2.654126918245E-16,0.999048221582,
    -4.361938736534E-02));
#8063 = ADVANCED_FACE('',(#8064),#8070,.T.);
#8064 = FACE_BOUND('',#8065,.T.);
#8065 = EDGE_LOOP('',(#8066,#8067,#8068,#8069));
#8066 = ORIENTED_EDGE('',*,*,#7607,.T.);
#8067 = ORIENTED_EDGE('',*,*,#7978,.T.);
#8068 = ORIENTED_EDGE('',*,*,#7669,.T.);
#8069 = ORIENTED_EDGE('',*,*,#7638,.T.);
#8070 = PLANE('',#8071);
#8071 = AXIS2_PLACEMENT_3D('',#8072,#8073,#8074);
#8072 = CARTESIAN_POINT('',(6.75,0.499428932949,-8.20910458884));
#8073 = DIRECTION('',(-0.965925826289,-1.128952818585E-02,
    -0.258572706721));
#8074 = DIRECTION('',(-2.654126918245E-16,-0.999048221582,
    4.361938736534E-02));
#8075 = MANIFOLD_SOLID_BREP('',#8076);
#8076 = CLOSED_SHELL('',(#8077,#8117,#8150,#8181,#8212,#8243,#8274,#8305
    ,#8338,#8369,#8402,#8433,#8464,#8495,#8526,#8548,#8577,#8606,#8618,
    #8630,#8642));
#8077 = ADVANCED_FACE('',(#8078),#8112,.F.);
#8078 = FACE_BOUND('',#8079,.T.);
#8079 = EDGE_LOOP('',(#8080,#8090,#8098,#8106));
#8080 = ORIENTED_EDGE('',*,*,#8081,.F.);
#8081 = EDGE_CURVE('',#8082,#8084,#8086,.T.);
#8082 = VERTEX_POINT('',#8083);
#8083 = CARTESIAN_POINT('',(9.25,2.85,-6.));
#8084 = VERTEX_POINT('',#8085);
#8085 = CARTESIAN_POINT('',(9.25,0.569683956536,-6.));
#8086 = LINE('',#8087,#8088);
#8087 = CARTESIAN_POINT('',(9.25,2.85,-6.));
#8088 = VECTOR('',#8089,1.);
#8089 = DIRECTION('',(0.,-1.,0.));
#8090 = ORIENTED_EDGE('',*,*,#8091,.F.);
#8091 = EDGE_CURVE('',#8092,#8082,#8094,.T.);
#8092 = VERTEX_POINT('',#8093);
#8093 = CARTESIAN_POINT('',(8.75,2.85,-6.));
#8094 = LINE('',#8095,#8096);
#8095 = CARTESIAN_POINT('',(8.75,2.85,-6.));
#8096 = VECTOR('',#8097,1.);
#8097 = DIRECTION('',(1.,5.374889246201E-17,7.281636885445E-15));
#8098 = ORIENTED_EDGE('',*,*,#8099,.T.);
#8099 = EDGE_CURVE('',#8092,#8100,#8102,.T.);
#8100 = VERTEX_POINT('',#8101);
#8101 = CARTESIAN_POINT('',(8.75,0.569683956536,-6.));
#8102 = LINE('',#8103,#8104);
#8103 = CARTESIAN_POINT('',(8.75,2.85,-6.));
#8104 = VECTOR('',#8105,1.);
#8105 = DIRECTION('',(0.,-1.,0.));
#8106 = ORIENTED_EDGE('',*,*,#8107,.T.);
#8107 = EDGE_CURVE('',#8100,#8084,#8108,.T.);
#8108 = LINE('',#8109,#8110);
#8109 = CARTESIAN_POINT('',(8.75,0.569683956536,-6.));
#8110 = VECTOR('',#8111,1.);
#8111 = DIRECTION('',(1.,5.374889246201E-17,7.281636885445E-15));
#8112 = PLANE('',#8113);
#8113 = AXIS2_PLACEMENT_3D('',#8114,#8115,#8116);
#8114 = CARTESIAN_POINT('',(8.75,2.85,-6.));
#8115 = DIRECTION('',(7.281636885445E-15,0.,-1.));
#8116 = DIRECTION('',(1.,0.,7.281636885445E-15));
#8117 = ADVANCED_FACE('',(#8118),#8145,.T.);
#8118 = FACE_BOUND('',#8119,.T.);
#8119 = EDGE_LOOP('',(#8120,#8129,#8130,#8139));
#8120 = ORIENTED_EDGE('',*,*,#8121,.F.);
#8121 = EDGE_CURVE('',#8084,#8122,#8124,.T.);
#8122 = VERTEX_POINT('',#8123);
#8123 = CARTESIAN_POINT('',(9.25,-2.974497641265E-02,-6.573828367581));
#8124 = CIRCLE('',#8125,0.6);
#8125 = AXIS2_PLACEMENT_3D('',#8126,#8127,#8128);
#8126 = CARTESIAN_POINT('',(9.25,0.569683956536,-6.6));
#8127 = DIRECTION('',(1.,5.374889246201E-17,7.281636885445E-15));
#8128 = DIRECTION('',(7.281636885445E-15,-7.481740990481E-32,-1.));
#8129 = ORIENTED_EDGE('',*,*,#8107,.F.);
#8130 = ORIENTED_EDGE('',*,*,#8131,.T.);
#8131 = EDGE_CURVE('',#8100,#8132,#8134,.T.);
#8132 = VERTEX_POINT('',#8133);
#8133 = CARTESIAN_POINT('',(8.75,-2.974497641265E-02,-6.573828367581));
#8134 = CIRCLE('',#8135,0.6);
#8135 = AXIS2_PLACEMENT_3D('',#8136,#8137,#8138);
#8136 = CARTESIAN_POINT('',(8.75,0.569683956536,-6.6));
#8137 = DIRECTION('',(1.,5.374889246201E-17,7.281636885445E-15));
#8138 = DIRECTION('',(7.281636885445E-15,-7.481740990481E-32,-1.));
#8139 = ORIENTED_EDGE('',*,*,#8140,.T.);
#8140 = EDGE_CURVE('',#8132,#8122,#8141,.T.);
#8141 = LINE('',#8142,#8143);
#8142 = CARTESIAN_POINT('',(8.75,-2.974497641265E-02,-6.573828367581));
#8143 = VECTOR('',#8144,1.);
#8144 = DIRECTION('',(1.,5.374889246201E-17,7.281636885445E-15));
#8145 = CYLINDRICAL_SURFACE('',#8146,0.6);
#8146 = AXIS2_PLACEMENT_3D('',#8147,#8148,#8149);
#8147 = CARTESIAN_POINT('',(8.75,0.569683956536,-6.6));
#8148 = DIRECTION('',(1.,5.374889246201E-17,7.281636885445E-15));
#8149 = DIRECTION('',(-7.281636885445E-15,7.481740990481E-32,1.));
#8150 = ADVANCED_FACE('',(#8151),#8176,.F.);
#8151 = FACE_BOUND('',#8152,.T.);
#8152 = EDGE_LOOP('',(#8153,#8161,#8162,#8170));
#8153 = ORIENTED_EDGE('',*,*,#8154,.F.);
#8154 = EDGE_CURVE('',#8122,#8155,#8157,.T.);
#8155 = VERTEX_POINT('',#8156);
#8156 = CARTESIAN_POINT('',(9.25,-9.999999999983E-02,-8.182932956421));
#8157 = LINE('',#8158,#8159);
#8158 = CARTESIAN_POINT('',(9.25,-2.974497641265E-02,-6.573828367581));
#8159 = VECTOR('',#8160,1.);
#8160 = DIRECTION('',(7.27003005616E-15,-4.361938736534E-02,
    -0.999048221582));
#8161 = ORIENTED_EDGE('',*,*,#8140,.F.);
#8162 = ORIENTED_EDGE('',*,*,#8163,.T.);
#8163 = EDGE_CURVE('',#8132,#8164,#8166,.T.);
#8164 = VERTEX_POINT('',#8165);
#8165 = CARTESIAN_POINT('',(8.75,-9.999999999983E-02,-8.182932956421));
#8166 = LINE('',#8167,#8168);
#8167 = CARTESIAN_POINT('',(8.75,-2.974497641265E-02,-6.573828367581));
#8168 = VECTOR('',#8169,1.);
#8169 = DIRECTION('',(7.27003005616E-15,-4.361938736534E-02,
    -0.999048221582));
#8170 = ORIENTED_EDGE('',*,*,#8171,.T.);
#8171 = EDGE_CURVE('',#8164,#8155,#8172,.T.);
#8172 = LINE('',#8173,#8174);
#8173 = CARTESIAN_POINT('',(8.75,-9.999999999983E-02,-8.182932956421));
#8174 = VECTOR('',#8175,1.);
#8175 = DIRECTION('',(1.,5.374889246201E-17,7.281636885445E-15));
#8176 = PLANE('',#8177);
#8177 = AXIS2_PLACEMENT_3D('',#8178,#8179,#8180);
#8178 = CARTESIAN_POINT('',(8.75,-2.974497641265E-02,-6.573828367581));
#8179 = DIRECTION('',(2.639228045338E-16,0.999048221582,
    -4.361938736534E-02));
#8180 = DIRECTION('',(0.,4.361938736534E-02,0.999048221582));
#8181 = ADVANCED_FACE('',(#8182),#8207,.F.);
#8182 = FACE_BOUND('',#8183,.T.);
#8183 = EDGE_LOOP('',(#8184,#8185,#8193,#8201));
#8184 = ORIENTED_EDGE('',*,*,#8171,.F.);
#8185 = ORIENTED_EDGE('',*,*,#8186,.F.);
#8186 = EDGE_CURVE('',#8187,#8164,#8189,.T.);
#8187 = VERTEX_POINT('',#8188);
#8188 = CARTESIAN_POINT('',(8.857179676972,-1.754293278778E-02,
    -8.58691418379));
#8189 = LINE('',#8190,#8191);
#8190 = CARTESIAN_POINT('',(8.785433741801,-7.273958541536E-02,
    -8.316489680117));
#8191 = VECTOR('',#8192,1.);
#8192 = DIRECTION('',(-0.251587526195,-0.193555066997,0.948282738798));
#8193 = ORIENTED_EDGE('',*,*,#8194,.T.);
#8194 = EDGE_CURVE('',#8187,#8195,#8197,.T.);
#8195 = VERTEX_POINT('',#8196);
#8196 = CARTESIAN_POINT('',(9.142820323027,-1.754293278778E-02,
    -8.58691418379));
#8197 = LINE('',#8198,#8199);
#8198 = CARTESIAN_POINT('',(8.75,-1.754293278778E-02,-8.58691418379));
#8199 = VECTOR('',#8200,1.);
#8200 = DIRECTION('',(1.,5.374889246201E-17,7.281636885445E-15));
#8201 = ORIENTED_EDGE('',*,*,#8202,.F.);
#8202 = EDGE_CURVE('',#8155,#8195,#8203,.T.);
#8203 = LINE('',#8204,#8205);
#8204 = CARTESIAN_POINT('',(9.125103452127,-3.912725495543E-03,
    -8.653692545638));
#8205 = VECTOR('',#8206,1.);
#8206 = DIRECTION('',(-0.251587526195,0.193555066997,-0.948282738798));
#8207 = PLANE('',#8208);
#8208 = AXIS2_PLACEMENT_3D('',#8209,#8210,#8211);
#8209 = CARTESIAN_POINT('',(8.75,-9.999999999983E-02,-8.182932956421));
#8210 = DIRECTION('',(-1.508901352801E-15,0.97979839483,0.199987763349)
  );
#8211 = DIRECTION('',(0.,-0.199987763349,0.97979839483));
#8212 = ADVANCED_FACE('',(#8213),#8238,.F.);
#8213 = FACE_BOUND('',#8214,.T.);
#8214 = EDGE_LOOP('',(#8215,#8216,#8224,#8232));
#8215 = ORIENTED_EDGE('',*,*,#8194,.F.);
#8216 = ORIENTED_EDGE('',*,*,#8217,.F.);
#8217 = EDGE_CURVE('',#8218,#8187,#8220,.T.);
#8218 = VERTEX_POINT('',#8219);
#8219 = CARTESIAN_POINT('',(8.857179676972,0.282171533687,-8.6));
#8220 = LINE('',#8221,#8222);
#8221 = CARTESIAN_POINT('',(8.857179676972,-1.754293278778E-02,
    -8.58691418379));
#8222 = VECTOR('',#8223,1.);
#8223 = DIRECTION('',(-2.639228045338E-16,-0.999048221582,
    4.361938736534E-02));
#8224 = ORIENTED_EDGE('',*,*,#8225,.T.);
#8225 = EDGE_CURVE('',#8218,#8226,#8228,.T.);
#8226 = VERTEX_POINT('',#8227);
#8227 = CARTESIAN_POINT('',(9.142820323027,0.282171533687,-8.6));
#8228 = LINE('',#8229,#8230);
#8229 = CARTESIAN_POINT('',(8.75,0.282171533687,-8.6));
#8230 = VECTOR('',#8231,1.);
#8231 = DIRECTION('',(1.,5.374889246201E-17,7.281636885445E-15));
#8232 = ORIENTED_EDGE('',*,*,#8233,.F.);
#8233 = EDGE_CURVE('',#8195,#8226,#8234,.T.);
#8234 = LINE('',#8235,#8236);
#8235 = CARTESIAN_POINT('',(9.142820323027,0.282171533687,-8.6));
#8236 = VECTOR('',#8237,1.);
#8237 = DIRECTION('',(2.639228045338E-16,0.999048221582,
    -4.361938736534E-02));
#8238 = PLANE('',#8239);
#8239 = AXIS2_PLACEMENT_3D('',#8240,#8241,#8242);
#8240 = CARTESIAN_POINT('',(8.75,0.282171533687,-8.6));
#8241 = DIRECTION('',(-7.27705087437E-15,4.361938736534E-02,
    0.999048221582));
#8242 = DIRECTION('',(0.,-0.999048221582,4.361938736534E-02));
#8243 = ADVANCED_FACE('',(#8244),#8269,.F.);
#8244 = FACE_BOUND('',#8245,.T.);
#8245 = EDGE_LOOP('',(#8246,#8247,#8255,#8263));
#8246 = ORIENTED_EDGE('',*,*,#8225,.F.);
#8247 = ORIENTED_EDGE('',*,*,#8248,.F.);
#8248 = EDGE_CURVE('',#8249,#8218,#8251,.T.);
#8249 = VERTEX_POINT('',#8250);
#8250 = CARTESIAN_POINT('',(8.75,0.399524110791,-8.204742650104));
#8251 = LINE('',#8252,#8253);
#8252 = CARTESIAN_POINT('',(8.744094376366,0.405990263446,-8.18296388371
    ));
#8253 = VECTOR('',#8254,1.);
#8254 = DIRECTION('',(0.251587526195,-0.275466817966,-0.927804801056));
#8255 = ORIENTED_EDGE('',*,*,#8256,.T.);
#8256 = EDGE_CURVE('',#8249,#8257,#8259,.T.);
#8257 = VERTEX_POINT('',#8258);
#8258 = CARTESIAN_POINT('',(9.25,0.399524110791,-8.204742650104));
#8259 = LINE('',#8260,#8261);
#8260 = CARTESIAN_POINT('',(8.75,0.399524110791,-8.204742650104));
#8261 = VECTOR('',#8262,1.);
#8262 = DIRECTION('',(1.,5.374889246201E-17,7.281636885445E-15));
#8263 = ORIENTED_EDGE('',*,*,#8264,.F.);
#8264 = EDGE_CURVE('',#8226,#8257,#8265,.T.);
#8265 = LINE('',#8266,#8267);
#8266 = CARTESIAN_POINT('',(9.142820323027,0.282171533687,-8.6));
#8267 = VECTOR('',#8268,1.);
#8268 = DIRECTION('',(0.251587526195,0.275466817966,0.927804801056));
#8269 = PLANE('',#8270);
#8270 = AXIS2_PLACEMENT_3D('',#8271,#8272,#8273);
#8271 = CARTESIAN_POINT('',(8.75,0.399524110791,-8.204742650104));
#8272 = DIRECTION('',(-2.020986811672E-15,-0.958639884073,0.284621806376
    ));
#8273 = DIRECTION('',(0.,-0.284621806376,-0.958639884073));
#8274 = ADVANCED_FACE('',(#8275),#8300,.F.);
#8275 = FACE_BOUND('',#8276,.T.);
#8276 = EDGE_LOOP('',(#8277,#8285,#8286,#8294));
#8277 = ORIENTED_EDGE('',*,*,#8278,.F.);
#8278 = EDGE_CURVE('',#8257,#8279,#8281,.T.);
#8279 = VERTEX_POINT('',#8280);
#8280 = CARTESIAN_POINT('',(9.25,0.469779134378,-6.595638061264));
#8281 = LINE('',#8282,#8283);
#8282 = CARTESIAN_POINT('',(9.25,0.469779134378,-6.595638061264));
#8283 = VECTOR('',#8284,1.);
#8284 = DIRECTION('',(-7.27003005616E-15,4.361938736534E-02,
    0.999048221582));
#8285 = ORIENTED_EDGE('',*,*,#8256,.F.);
#8286 = ORIENTED_EDGE('',*,*,#8287,.T.);
#8287 = EDGE_CURVE('',#8249,#8288,#8290,.T.);
#8288 = VERTEX_POINT('',#8289);
#8289 = CARTESIAN_POINT('',(8.75,0.469779134378,-6.595638061264));
#8290 = LINE('',#8291,#8292);
#8291 = CARTESIAN_POINT('',(8.75,0.469779134378,-6.595638061264));
#8292 = VECTOR('',#8293,1.);
#8293 = DIRECTION('',(-7.27003005616E-15,4.361938736534E-02,
    0.999048221582));
#8294 = ORIENTED_EDGE('',*,*,#8295,.T.);
#8295 = EDGE_CURVE('',#8288,#8279,#8296,.T.);
#8296 = LINE('',#8297,#8298);
#8297 = CARTESIAN_POINT('',(8.75,0.469779134378,-6.595638061264));
#8298 = VECTOR('',#8299,1.);
#8299 = DIRECTION('',(1.,5.374889246201E-17,7.281636885445E-15));
#8300 = PLANE('',#8301);
#8301 = AXIS2_PLACEMENT_3D('',#8302,#8303,#8304);
#8302 = CARTESIAN_POINT('',(8.75,0.469779134378,-6.595638061264));
#8303 = DIRECTION('',(-2.639228045338E-16,-0.999048221582,
    4.361938736534E-02));
#8304 = DIRECTION('',(0.,-4.361938736534E-02,-0.999048221582));
#8305 = ADVANCED_FACE('',(#8306),#8333,.F.);
#8306 = FACE_BOUND('',#8307,.F.);
#8307 = EDGE_LOOP('',(#8308,#8318,#8325,#8326));
#8308 = ORIENTED_EDGE('',*,*,#8309,.F.);
#8309 = EDGE_CURVE('',#8310,#8312,#8314,.T.);
#8310 = VERTEX_POINT('',#8311);
#8311 = CARTESIAN_POINT('',(8.75,0.569683956536,-6.5));
#8312 = VERTEX_POINT('',#8313);
#8313 = CARTESIAN_POINT('',(9.25,0.569683956536,-6.5));
#8314 = LINE('',#8315,#8316);
#8315 = CARTESIAN_POINT('',(8.75,0.569683956536,-6.5));
#8316 = VECTOR('',#8317,1.);
#8317 = DIRECTION('',(1.,5.374889246201E-17,7.281636885445E-15));
#8318 = ORIENTED_EDGE('',*,*,#8319,.F.);
#8319 = EDGE_CURVE('',#8288,#8310,#8320,.T.);
#8320 = CIRCLE('',#8321,1.E-01);
#8321 = AXIS2_PLACEMENT_3D('',#8322,#8323,#8324);
#8322 = CARTESIAN_POINT('',(8.75,0.569683956536,-6.6));
#8323 = DIRECTION('',(-1.,-5.374889246201E-17,-7.281636885445E-15));
#8324 = DIRECTION('',(7.281636885445E-15,3.913799179032E-31,-1.));
#8325 = ORIENTED_EDGE('',*,*,#8295,.T.);
#8326 = ORIENTED_EDGE('',*,*,#8327,.T.);
#8327 = EDGE_CURVE('',#8279,#8312,#8328,.T.);
#8328 = CIRCLE('',#8329,1.E-01);
#8329 = AXIS2_PLACEMENT_3D('',#8330,#8331,#8332);
#8330 = CARTESIAN_POINT('',(9.25,0.569683956536,-6.6));
#8331 = DIRECTION('',(-1.,-5.374889246201E-17,-7.281636885445E-15));
#8332 = DIRECTION('',(7.281636885445E-15,3.913799179032E-31,-1.));
#8333 = CYLINDRICAL_SURFACE('',#8334,1.E-01);
#8334 = AXIS2_PLACEMENT_3D('',#8335,#8336,#8337);
#8335 = CARTESIAN_POINT('',(8.75,0.569683956536,-6.6));
#8336 = DIRECTION('',(1.,5.374889246201E-17,7.281636885445E-15));
#8337 = DIRECTION('',(-7.281636885445E-15,-3.913799179032E-31,1.));
#8338 = ADVANCED_FACE('',(#8339),#8364,.F.);
#8339 = FACE_BOUND('',#8340,.T.);
#8340 = EDGE_LOOP('',(#8341,#8349,#8350,#8358));
#8341 = ORIENTED_EDGE('',*,*,#8342,.F.);
#8342 = EDGE_CURVE('',#8312,#8343,#8345,.T.);
#8343 = VERTEX_POINT('',#8344);
#8344 = CARTESIAN_POINT('',(9.25,2.75,-6.5));
#8345 = LINE('',#8346,#8347);
#8346 = CARTESIAN_POINT('',(9.25,2.75,-6.5));
#8347 = VECTOR('',#8348,1.);
#8348 = DIRECTION('',(0.,1.,-3.978146840632E-16));
#8349 = ORIENTED_EDGE('',*,*,#8309,.F.);
#8350 = ORIENTED_EDGE('',*,*,#8351,.T.);
#8351 = EDGE_CURVE('',#8310,#8352,#8354,.T.);
#8352 = VERTEX_POINT('',#8353);
#8353 = CARTESIAN_POINT('',(8.75,2.75,-6.5));
#8354 = LINE('',#8355,#8356);
#8355 = CARTESIAN_POINT('',(8.75,2.75,-6.5));
#8356 = VECTOR('',#8357,1.);
#8357 = DIRECTION('',(0.,1.,-3.978146840632E-16));
#8358 = ORIENTED_EDGE('',*,*,#8359,.T.);
#8359 = EDGE_CURVE('',#8352,#8343,#8360,.T.);
#8360 = LINE('',#8361,#8362);
#8361 = CARTESIAN_POINT('',(8.75,2.75,-6.5));
#8362 = VECTOR('',#8363,1.);
#8363 = DIRECTION('',(1.,5.374889246201E-17,7.281636885445E-15));
#8364 = PLANE('',#8365);
#8365 = AXIS2_PLACEMENT_3D('',#8366,#8367,#8368);
#8366 = CARTESIAN_POINT('',(8.75,2.75,-6.5));
#8367 = DIRECTION('',(-7.281636885445E-15,3.978146840632E-16,1.));
#8368 = DIRECTION('',(-1.,0.,-7.281636885445E-15));
#8369 = ADVANCED_FACE('',(#8370),#8397,.T.);
#8370 = FACE_BOUND('',#8371,.T.);
#8371 = EDGE_LOOP('',(#8372,#8381,#8382,#8391));
#8372 = ORIENTED_EDGE('',*,*,#8373,.F.);
#8373 = EDGE_CURVE('',#8343,#8374,#8376,.T.);
#8374 = VERTEX_POINT('',#8375);
#8375 = CARTESIAN_POINT('',(9.25,3.35,-5.9));
#8376 = CIRCLE('',#8377,0.6);
#8377 = AXIS2_PLACEMENT_3D('',#8378,#8379,#8380);
#8378 = CARTESIAN_POINT('',(9.25,2.75,-5.9));
#8379 = DIRECTION('',(1.,5.374889246201E-17,7.281636885445E-15));
#8380 = DIRECTION('',(-7.281636885445E-15,7.481740990481E-32,1.));
#8381 = ORIENTED_EDGE('',*,*,#8359,.F.);
#8382 = ORIENTED_EDGE('',*,*,#8383,.T.);
#8383 = EDGE_CURVE('',#8352,#8384,#8386,.T.);
#8384 = VERTEX_POINT('',#8385);
#8385 = CARTESIAN_POINT('',(8.75,3.35,-5.9));
#8386 = CIRCLE('',#8387,0.6);
#8387 = AXIS2_PLACEMENT_3D('',#8388,#8389,#8390);
#8388 = CARTESIAN_POINT('',(8.75,2.75,-5.9));
#8389 = DIRECTION('',(1.,5.374889246201E-17,7.281636885445E-15));
#8390 = DIRECTION('',(-7.281636885445E-15,7.481740990481E-32,1.));
#8391 = ORIENTED_EDGE('',*,*,#8392,.T.);
#8392 = EDGE_CURVE('',#8384,#8374,#8393,.T.);
#8393 = LINE('',#8394,#8395);
#8394 = CARTESIAN_POINT('',(8.75,3.35,-5.9));
#8395 = VECTOR('',#8396,1.);
#8396 = DIRECTION('',(1.,5.374889246201E-17,7.281636885445E-15));
#8397 = CYLINDRICAL_SURFACE('',#8398,0.6);
#8398 = AXIS2_PLACEMENT_3D('',#8399,#8400,#8401);
#8399 = CARTESIAN_POINT('',(8.75,2.75,-5.9));
#8400 = DIRECTION('',(1.,5.374889246201E-17,7.281636885445E-15));
#8401 = DIRECTION('',(-7.281636885445E-15,7.481740990481E-32,1.));
#8402 = ADVANCED_FACE('',(#8403),#8428,.F.);
#8403 = FACE_BOUND('',#8404,.T.);
#8404 = EDGE_LOOP('',(#8405,#8413,#8414,#8422));
#8405 = ORIENTED_EDGE('',*,*,#8406,.F.);
#8406 = EDGE_CURVE('',#8374,#8407,#8409,.T.);
#8407 = VERTEX_POINT('',#8408);
#8408 = CARTESIAN_POINT('',(9.25,3.35,-1.35));
#8409 = LINE('',#8410,#8411);
#8410 = CARTESIAN_POINT('',(9.25,3.35,-1.35));
#8411 = VECTOR('',#8412,1.);
#8412 = DIRECTION('',(-7.243900229354E-15,-9.531447670202E-17,1.));
#8413 = ORIENTED_EDGE('',*,*,#8392,.F.);
#8414 = ORIENTED_EDGE('',*,*,#8415,.T.);
#8415 = EDGE_CURVE('',#8384,#8416,#8418,.T.);
#8416 = VERTEX_POINT('',#8417);
#8417 = CARTESIAN_POINT('',(8.75,3.35,-1.35));
#8418 = LINE('',#8419,#8420);
#8419 = CARTESIAN_POINT('',(8.75,3.35,-1.35));
#8420 = VECTOR('',#8421,1.);
#8421 = DIRECTION('',(-7.243900229354E-15,-9.531447670202E-17,1.));
#8422 = ORIENTED_EDGE('',*,*,#8423,.T.);
#8423 = EDGE_CURVE('',#8416,#8407,#8424,.T.);
#8424 = LINE('',#8425,#8426);
#8425 = CARTESIAN_POINT('',(8.75,3.35,-1.35));
#8426 = VECTOR('',#8427,1.);
#8427 = DIRECTION('',(1.,5.374889246201E-17,7.281636885445E-15));
#8428 = PLANE('',#8429);
#8429 = AXIS2_PLACEMENT_3D('',#8430,#8431,#8432);
#8430 = CARTESIAN_POINT('',(8.75,3.35,-1.35));
#8431 = DIRECTION('',(5.374889246201E-17,-1.,-9.531447670202E-17));
#8432 = DIRECTION('',(0.,9.531447670202E-17,-1.));
#8433 = ADVANCED_FACE('',(#8434),#8459,.F.);
#8434 = FACE_BOUND('',#8435,.T.);
#8435 = EDGE_LOOP('',(#8436,#8437,#8445,#8453));
#8436 = ORIENTED_EDGE('',*,*,#8423,.F.);
#8437 = ORIENTED_EDGE('',*,*,#8438,.F.);
#8438 = EDGE_CURVE('',#8439,#8416,#8441,.T.);
#8439 = VERTEX_POINT('',#8440);
#8440 = CARTESIAN_POINT('',(8.857179676972,3.25,-0.95));
#8441 = LINE('',#8442,#8443);
#8442 = CARTESIAN_POINT('',(8.914195001351,3.196803978153,
    -0.737215912609));
#8443 = VECTOR('',#8444,1.);
#8444 = DIRECTION('',(-0.251587526195,0.234734357577,-0.938937430309));
#8445 = ORIENTED_EDGE('',*,*,#8446,.T.);
#8446 = EDGE_CURVE('',#8439,#8447,#8449,.T.);
#8447 = VERTEX_POINT('',#8448);
#8448 = CARTESIAN_POINT('',(9.142820323027,3.25,-0.95));
#8449 = LINE('',#8450,#8451);
#8450 = CARTESIAN_POINT('',(8.75,3.25,-0.95));
#8451 = VECTOR('',#8452,1.);
#8452 = DIRECTION('',(1.,5.374889246201E-17,7.281636885445E-15));
#8453 = ORIENTED_EDGE('',*,*,#8454,.F.);
#8454 = EDGE_CURVE('',#8407,#8447,#8455,.T.);
#8455 = LINE('',#8456,#8457);
#8456 = CARTESIAN_POINT('',(9.142820323027,3.25,-0.95));
#8457 = VECTOR('',#8458,1.);
#8458 = DIRECTION('',(-0.251587526195,-0.234734357577,0.938937430309));
#8459 = PLANE('',#8460);
#8460 = AXIS2_PLACEMENT_3D('',#8461,#8462,#8463);
#8461 = CARTESIAN_POINT('',(8.75,3.25,-0.95));
#8462 = DIRECTION('',(1.818200438212E-15,-0.970142500145,-0.242535625036
    ));
#8463 = DIRECTION('',(0.,0.242535625036,-0.970142500145));
#8464 = ADVANCED_FACE('',(#8465),#8490,.F.);
#8465 = FACE_BOUND('',#8466,.T.);
#8466 = EDGE_LOOP('',(#8467,#8468,#8476,#8484));
#8467 = ORIENTED_EDGE('',*,*,#8446,.F.);
#8468 = ORIENTED_EDGE('',*,*,#8469,.F.);
#8469 = EDGE_CURVE('',#8470,#8439,#8472,.T.);
#8470 = VERTEX_POINT('',#8471);
#8471 = CARTESIAN_POINT('',(8.857179676972,2.95,-0.95));
#8472 = LINE('',#8473,#8474);
#8473 = CARTESIAN_POINT('',(8.857179676972,3.25,-0.95));
#8474 = VECTOR('',#8475,1.);
#8475 = DIRECTION('',(-5.374889246201E-17,1.,-3.913799179032E-31));
#8476 = ORIENTED_EDGE('',*,*,#8477,.T.);
#8477 = EDGE_CURVE('',#8470,#8478,#8480,.T.);
#8478 = VERTEX_POINT('',#8479);
#8479 = CARTESIAN_POINT('',(9.142820323027,2.95,-0.95));
#8480 = LINE('',#8481,#8482);
#8481 = CARTESIAN_POINT('',(8.75,2.95,-0.95));
#8482 = VECTOR('',#8483,1.);
#8483 = DIRECTION('',(1.,5.374889246201E-17,7.281636885445E-15));
#8484 = ORIENTED_EDGE('',*,*,#8485,.F.);
#8485 = EDGE_CURVE('',#8447,#8478,#8486,.T.);
#8486 = LINE('',#8487,#8488);
#8487 = CARTESIAN_POINT('',(9.142820323027,3.25,-0.95));
#8488 = VECTOR('',#8489,1.);
#8489 = DIRECTION('',(5.374889246201E-17,-1.,3.913799179032E-31));
#8490 = PLANE('',#8491);
#8491 = AXIS2_PLACEMENT_3D('',#8492,#8493,#8494);
#8492 = CARTESIAN_POINT('',(8.75,3.25,-0.95));
#8493 = DIRECTION('',(7.281636885445E-15,0.,-1.));
#8494 = DIRECTION('',(1.,0.,7.281636885445E-15));
#8495 = ADVANCED_FACE('',(#8496),#8521,.F.);
#8496 = FACE_BOUND('',#8497,.T.);
#8497 = EDGE_LOOP('',(#8498,#8499,#8507,#8515));
#8498 = ORIENTED_EDGE('',*,*,#8477,.F.);
#8499 = ORIENTED_EDGE('',*,*,#8500,.F.);
#8500 = EDGE_CURVE('',#8501,#8470,#8503,.T.);
#8501 = VERTEX_POINT('',#8502);
#8502 = CARTESIAN_POINT('',(8.75,2.85,-1.35));
#8503 = LINE('',#8504,#8505);
#8504 = CARTESIAN_POINT('',(8.615333116817,2.724354087466,
    -1.852583650136));
#8505 = VECTOR('',#8506,1.);
#8506 = DIRECTION('',(0.251587526195,0.234734357577,0.938937430309));
#8507 = ORIENTED_EDGE('',*,*,#8508,.T.);
#8508 = EDGE_CURVE('',#8501,#8509,#8511,.T.);
#8509 = VERTEX_POINT('',#8510);
#8510 = CARTESIAN_POINT('',(9.25,2.85,-1.35));
#8511 = LINE('',#8512,#8513);
#8512 = CARTESIAN_POINT('',(8.75,2.85,-1.35));
#8513 = VECTOR('',#8514,1.);
#8514 = DIRECTION('',(1.,5.374889246201E-17,7.281636885445E-15));
#8515 = ORIENTED_EDGE('',*,*,#8516,.F.);
#8516 = EDGE_CURVE('',#8478,#8509,#8517,.T.);
#8517 = LINE('',#8518,#8519);
#8518 = CARTESIAN_POINT('',(9.125103452127,2.966530065588,
    -0.883879737647));
#8519 = VECTOR('',#8520,1.);
#8520 = DIRECTION('',(0.251587526195,-0.234734357577,-0.938937430309));
#8521 = PLANE('',#8522);
#8522 = AXIS2_PLACEMENT_3D('',#8523,#8524,#8525);
#8523 = CARTESIAN_POINT('',(8.75,2.95,-0.95));
#8524 = DIRECTION('',(1.713912268386E-15,0.970142500145,-0.242535625036)
  );
#8525 = DIRECTION('',(0.,0.242535625036,0.970142500145));
#8526 = ADVANCED_FACE('',(#8527),#8543,.F.);
#8527 = FACE_BOUND('',#8528,.T.);
#8528 = EDGE_LOOP('',(#8529,#8535,#8536,#8542));
#8529 = ORIENTED_EDGE('',*,*,#8530,.F.);
#8530 = EDGE_CURVE('',#8509,#8082,#8531,.T.);
#8531 = LINE('',#8532,#8533);
#8532 = CARTESIAN_POINT('',(9.25,2.85,-1.35));
#8533 = VECTOR('',#8534,1.);
#8534 = DIRECTION('',(7.274646834741E-15,0.,-1.));
#8535 = ORIENTED_EDGE('',*,*,#8508,.F.);
#8536 = ORIENTED_EDGE('',*,*,#8537,.T.);
#8537 = EDGE_CURVE('',#8501,#8092,#8538,.T.);
#8538 = LINE('',#8539,#8540);
#8539 = CARTESIAN_POINT('',(8.75,2.85,-1.35));
#8540 = VECTOR('',#8541,1.);
#8541 = DIRECTION('',(7.274646834741E-15,0.,-1.));
#8542 = ORIENTED_EDGE('',*,*,#8091,.T.);
#8543 = PLANE('',#8544);
#8544 = AXIS2_PLACEMENT_3D('',#8545,#8546,#8547);
#8545 = CARTESIAN_POINT('',(8.75,2.85,-1.35));
#8546 = DIRECTION('',(-5.374889246201E-17,1.,-3.910042104196E-31));
#8547 = DIRECTION('',(1.,5.374889246201E-17,0.));
#8548 = ADVANCED_FACE('',(#8549),#8572,.T.);
#8549 = FACE_BOUND('',#8550,.T.);
#8550 = EDGE_LOOP('',(#8551,#8552,#8553,#8554,#8555,#8556,#8562,#8563,
    #8564,#8565,#8566));
#8551 = ORIENTED_EDGE('',*,*,#8415,.F.);
#8552 = ORIENTED_EDGE('',*,*,#8383,.F.);
#8553 = ORIENTED_EDGE('',*,*,#8351,.F.);
#8554 = ORIENTED_EDGE('',*,*,#8319,.F.);
#8555 = ORIENTED_EDGE('',*,*,#8287,.F.);
#8556 = ORIENTED_EDGE('',*,*,#8557,.F.);
#8557 = EDGE_CURVE('',#8164,#8249,#8558,.T.);
#8558 = LINE('',#8559,#8560);
#8559 = CARTESIAN_POINT('',(8.75,0.299619288633,-8.200380711367));
#8560 = VECTOR('',#8561,1.);
#8561 = DIRECTION('',(2.639228045338E-16,0.999048221582,
    -4.361938736534E-02));
#8562 = ORIENTED_EDGE('',*,*,#8163,.F.);
#8563 = ORIENTED_EDGE('',*,*,#8131,.F.);
#8564 = ORIENTED_EDGE('',*,*,#8099,.F.);
#8565 = ORIENTED_EDGE('',*,*,#8537,.F.);
#8566 = ORIENTED_EDGE('',*,*,#8567,.F.);
#8567 = EDGE_CURVE('',#8416,#8501,#8568,.T.);
#8568 = LINE('',#8569,#8570);
#8569 = CARTESIAN_POINT('',(8.75,2.95,-1.35));
#8570 = VECTOR('',#8571,1.);
#8571 = DIRECTION('',(5.374889246201E-17,-1.,3.913799179032E-31));
#8572 = PLANE('',#8573);
#8573 = AXIS2_PLACEMENT_3D('',#8574,#8575,#8576);
#8574 = CARTESIAN_POINT('',(8.75,0.569683956536,-6.6));
#8575 = DIRECTION('',(-1.,-5.374889246201E-17,-7.281636885445E-15));
#8576 = DIRECTION('',(7.281636885445E-15,0.,-1.));
#8577 = ADVANCED_FACE('',(#8578),#8601,.F.);
#8578 = FACE_BOUND('',#8579,.T.);
#8579 = EDGE_LOOP('',(#8580,#8581,#8582,#8583,#8584,#8590,#8591,#8592,
    #8593,#8594,#8595));
#8580 = ORIENTED_EDGE('',*,*,#8530,.T.);
#8581 = ORIENTED_EDGE('',*,*,#8081,.T.);
#8582 = ORIENTED_EDGE('',*,*,#8121,.T.);
#8583 = ORIENTED_EDGE('',*,*,#8154,.T.);
#8584 = ORIENTED_EDGE('',*,*,#8585,.F.);
#8585 = EDGE_CURVE('',#8257,#8155,#8586,.T.);
#8586 = LINE('',#8587,#8588);
#8587 = CARTESIAN_POINT('',(9.25,0.499428932949,-8.20910458884));
#8588 = VECTOR('',#8589,1.);
#8589 = DIRECTION('',(-2.639228045338E-16,-0.999048221582,
    4.361938736534E-02));
#8590 = ORIENTED_EDGE('',*,*,#8278,.T.);
#8591 = ORIENTED_EDGE('',*,*,#8327,.T.);
#8592 = ORIENTED_EDGE('',*,*,#8342,.T.);
#8593 = ORIENTED_EDGE('',*,*,#8373,.T.);
#8594 = ORIENTED_EDGE('',*,*,#8406,.T.);
#8595 = ORIENTED_EDGE('',*,*,#8596,.F.);
#8596 = EDGE_CURVE('',#8509,#8407,#8597,.T.);
#8597 = LINE('',#8598,#8599);
#8598 = CARTESIAN_POINT('',(9.25,0.569683956536,-1.35));
#8599 = VECTOR('',#8600,1.);
#8600 = DIRECTION('',(-5.374889246201E-17,1.,-3.913799179032E-31));
#8601 = PLANE('',#8602);
#8602 = AXIS2_PLACEMENT_3D('',#8603,#8604,#8605);
#8603 = CARTESIAN_POINT('',(9.25,0.569683956536,-6.6));
#8604 = DIRECTION('',(-1.,-5.374889246201E-17,-7.281636885445E-15));
#8605 = DIRECTION('',(7.281636885445E-15,0.,-1.));
#8606 = ADVANCED_FACE('',(#8607),#8613,.F.);
#8607 = FACE_BOUND('',#8608,.T.);
#8608 = EDGE_LOOP('',(#8609,#8610,#8611,#8612));
#8609 = ORIENTED_EDGE('',*,*,#8454,.T.);
#8610 = ORIENTED_EDGE('',*,*,#8485,.T.);
#8611 = ORIENTED_EDGE('',*,*,#8516,.T.);
#8612 = ORIENTED_EDGE('',*,*,#8596,.T.);
#8613 = PLANE('',#8614);
#8614 = AXIS2_PLACEMENT_3D('',#8615,#8616,#8617);
#8615 = CARTESIAN_POINT('',(9.142820323027,3.25,-0.95));
#8616 = DIRECTION('',(-0.965925826289,-5.191744336349E-17,
    -0.258819045103));
#8617 = DIRECTION('',(5.374889246201E-17,-1.,3.89808220744E-31));
#8618 = ADVANCED_FACE('',(#8619),#8625,.T.);
#8619 = FACE_BOUND('',#8620,.T.);
#8620 = EDGE_LOOP('',(#8621,#8622,#8623,#8624));
#8621 = ORIENTED_EDGE('',*,*,#8438,.T.);
#8622 = ORIENTED_EDGE('',*,*,#8567,.T.);
#8623 = ORIENTED_EDGE('',*,*,#8500,.T.);
#8624 = ORIENTED_EDGE('',*,*,#8469,.T.);
#8625 = PLANE('',#8626);
#8626 = AXIS2_PLACEMENT_3D('',#8627,#8628,#8629);
#8627 = CARTESIAN_POINT('',(8.75,0.569683956536,-1.35));
#8628 = DIRECTION('',(-0.965925826289,-5.191744336349E-17,0.258819045103
    ));
#8629 = DIRECTION('',(-5.374889246201E-17,1.,-3.92889708655E-31));
#8630 = ADVANCED_FACE('',(#8631),#8637,.F.);
#8631 = FACE_BOUND('',#8632,.T.);
#8632 = EDGE_LOOP('',(#8633,#8634,#8635,#8636));
#8633 = ORIENTED_EDGE('',*,*,#8202,.T.);
#8634 = ORIENTED_EDGE('',*,*,#8233,.T.);
#8635 = ORIENTED_EDGE('',*,*,#8264,.T.);
#8636 = ORIENTED_EDGE('',*,*,#8585,.T.);
#8637 = PLANE('',#8638);
#8638 = AXIS2_PLACEMENT_3D('',#8639,#8640,#8641);
#8639 = CARTESIAN_POINT('',(9.142820323027,0.282171533687,-8.6));
#8640 = DIRECTION('',(-0.965925826289,1.128952818585E-02,0.258572706721)
  );
#8641 = DIRECTION('',(2.654126918245E-16,0.999048221582,
    -4.361938736534E-02));
#8642 = ADVANCED_FACE('',(#8643),#8649,.T.);
#8643 = FACE_BOUND('',#8644,.T.);
#8644 = EDGE_LOOP('',(#8645,#8646,#8647,#8648));
#8645 = ORIENTED_EDGE('',*,*,#8186,.T.);
#8646 = ORIENTED_EDGE('',*,*,#8557,.T.);
#8647 = ORIENTED_EDGE('',*,*,#8248,.T.);
#8648 = ORIENTED_EDGE('',*,*,#8217,.T.);
#8649 = PLANE('',#8650);
#8650 = AXIS2_PLACEMENT_3D('',#8651,#8652,#8653);
#8651 = CARTESIAN_POINT('',(8.75,0.499428932949,-8.20910458884));
#8652 = DIRECTION('',(-0.965925826289,-1.128952818585E-02,
    -0.258572706721));
#8653 = DIRECTION('',(-2.654126918245E-16,-0.999048221582,
    4.361938736534E-02));
#8654 = MANIFOLD_SOLID_BREP('',#8655);
#8655 = CLOSED_SHELL('',(#8656,#8696,#8729,#8760,#8791,#8822,#8853,#8884
    ,#8917,#8948,#8981,#9012,#9043,#9074,#9105,#9127,#9156,#9185,#9197,
    #9209,#9221));
#8656 = ADVANCED_FACE('',(#8657),#8691,.F.);
#8657 = FACE_BOUND('',#8658,.T.);
#8658 = EDGE_LOOP('',(#8659,#8669,#8677,#8685));
#8659 = ORIENTED_EDGE('',*,*,#8660,.F.);
#8660 = EDGE_CURVE('',#8661,#8663,#8665,.T.);
#8661 = VERTEX_POINT('',#8662);
#8662 = CARTESIAN_POINT('',(11.25,2.85,-6.));
#8663 = VERTEX_POINT('',#8664);
#8664 = CARTESIAN_POINT('',(11.25,0.569683956536,-6.));
#8665 = LINE('',#8666,#8667);
#8666 = CARTESIAN_POINT('',(11.25,2.85,-6.));
#8667 = VECTOR('',#8668,1.);
#8668 = DIRECTION('',(0.,-1.,0.));
#8669 = ORIENTED_EDGE('',*,*,#8670,.F.);
#8670 = EDGE_CURVE('',#8671,#8661,#8673,.T.);
#8671 = VERTEX_POINT('',#8672);
#8672 = CARTESIAN_POINT('',(10.75,2.85,-6.));
#8673 = LINE('',#8674,#8675);
#8674 = CARTESIAN_POINT('',(10.75,2.85,-6.));
#8675 = VECTOR('',#8676,1.);
#8676 = DIRECTION('',(1.,5.374889246201E-17,7.281636885445E-15));
#8677 = ORIENTED_EDGE('',*,*,#8678,.T.);
#8678 = EDGE_CURVE('',#8671,#8679,#8681,.T.);
#8679 = VERTEX_POINT('',#8680);
#8680 = CARTESIAN_POINT('',(10.75,0.569683956536,-6.));
#8681 = LINE('',#8682,#8683);
#8682 = CARTESIAN_POINT('',(10.75,2.85,-6.));
#8683 = VECTOR('',#8684,1.);
#8684 = DIRECTION('',(0.,-1.,0.));
#8685 = ORIENTED_EDGE('',*,*,#8686,.T.);
#8686 = EDGE_CURVE('',#8679,#8663,#8687,.T.);
#8687 = LINE('',#8688,#8689);
#8688 = CARTESIAN_POINT('',(10.75,0.569683956536,-6.));
#8689 = VECTOR('',#8690,1.);
#8690 = DIRECTION('',(1.,5.374889246201E-17,7.281636885445E-15));
#8691 = PLANE('',#8692);
#8692 = AXIS2_PLACEMENT_3D('',#8693,#8694,#8695);
#8693 = CARTESIAN_POINT('',(10.75,2.85,-6.));
#8694 = DIRECTION('',(7.281636885445E-15,0.,-1.));
#8695 = DIRECTION('',(1.,0.,7.281636885445E-15));
#8696 = ADVANCED_FACE('',(#8697),#8724,.T.);
#8697 = FACE_BOUND('',#8698,.T.);
#8698 = EDGE_LOOP('',(#8699,#8708,#8709,#8718));
#8699 = ORIENTED_EDGE('',*,*,#8700,.F.);
#8700 = EDGE_CURVE('',#8663,#8701,#8703,.T.);
#8701 = VERTEX_POINT('',#8702);
#8702 = CARTESIAN_POINT('',(11.25,-2.974497641265E-02,-6.573828367581));
#8703 = CIRCLE('',#8704,0.6);
#8704 = AXIS2_PLACEMENT_3D('',#8705,#8706,#8707);
#8705 = CARTESIAN_POINT('',(11.25,0.569683956536,-6.6));
#8706 = DIRECTION('',(1.,5.374889246201E-17,7.281636885445E-15));
#8707 = DIRECTION('',(7.281636885445E-15,-7.481740990481E-32,-1.));
#8708 = ORIENTED_EDGE('',*,*,#8686,.F.);
#8709 = ORIENTED_EDGE('',*,*,#8710,.T.);
#8710 = EDGE_CURVE('',#8679,#8711,#8713,.T.);
#8711 = VERTEX_POINT('',#8712);
#8712 = CARTESIAN_POINT('',(10.75,-2.974497641265E-02,-6.573828367581));
#8713 = CIRCLE('',#8714,0.6);
#8714 = AXIS2_PLACEMENT_3D('',#8715,#8716,#8717);
#8715 = CARTESIAN_POINT('',(10.75,0.569683956536,-6.6));
#8716 = DIRECTION('',(1.,5.374889246201E-17,7.281636885445E-15));
#8717 = DIRECTION('',(7.281636885445E-15,-7.481740990481E-32,-1.));
#8718 = ORIENTED_EDGE('',*,*,#8719,.T.);
#8719 = EDGE_CURVE('',#8711,#8701,#8720,.T.);
#8720 = LINE('',#8721,#8722);
#8721 = CARTESIAN_POINT('',(10.75,-2.974497641265E-02,-6.573828367581));
#8722 = VECTOR('',#8723,1.);
#8723 = DIRECTION('',(1.,5.374889246201E-17,7.281636885445E-15));
#8724 = CYLINDRICAL_SURFACE('',#8725,0.6);
#8725 = AXIS2_PLACEMENT_3D('',#8726,#8727,#8728);
#8726 = CARTESIAN_POINT('',(10.75,0.569683956536,-6.6));
#8727 = DIRECTION('',(1.,5.374889246201E-17,7.281636885445E-15));
#8728 = DIRECTION('',(-7.281636885445E-15,7.481740990481E-32,1.));
#8729 = ADVANCED_FACE('',(#8730),#8755,.F.);
#8730 = FACE_BOUND('',#8731,.T.);
#8731 = EDGE_LOOP('',(#8732,#8740,#8741,#8749));
#8732 = ORIENTED_EDGE('',*,*,#8733,.F.);
#8733 = EDGE_CURVE('',#8701,#8734,#8736,.T.);
#8734 = VERTEX_POINT('',#8735);
#8735 = CARTESIAN_POINT('',(11.25,-9.999999999983E-02,-8.182932956421));
#8736 = LINE('',#8737,#8738);
#8737 = CARTESIAN_POINT('',(11.25,-2.974497641265E-02,-6.573828367581));
#8738 = VECTOR('',#8739,1.);
#8739 = DIRECTION('',(7.27003005616E-15,-4.361938736534E-02,
    -0.999048221582));
#8740 = ORIENTED_EDGE('',*,*,#8719,.F.);
#8741 = ORIENTED_EDGE('',*,*,#8742,.T.);
#8742 = EDGE_CURVE('',#8711,#8743,#8745,.T.);
#8743 = VERTEX_POINT('',#8744);
#8744 = CARTESIAN_POINT('',(10.75,-9.999999999983E-02,-8.182932956421));
#8745 = LINE('',#8746,#8747);
#8746 = CARTESIAN_POINT('',(10.75,-2.974497641265E-02,-6.573828367581));
#8747 = VECTOR('',#8748,1.);
#8748 = DIRECTION('',(7.27003005616E-15,-4.361938736534E-02,
    -0.999048221582));
#8749 = ORIENTED_EDGE('',*,*,#8750,.T.);
#8750 = EDGE_CURVE('',#8743,#8734,#8751,.T.);
#8751 = LINE('',#8752,#8753);
#8752 = CARTESIAN_POINT('',(10.75,-9.999999999983E-02,-8.182932956421));
#8753 = VECTOR('',#8754,1.);
#8754 = DIRECTION('',(1.,5.374889246201E-17,7.281636885445E-15));
#8755 = PLANE('',#8756);
#8756 = AXIS2_PLACEMENT_3D('',#8757,#8758,#8759);
#8757 = CARTESIAN_POINT('',(10.75,-2.974497641265E-02,-6.573828367581));
#8758 = DIRECTION('',(2.639228045338E-16,0.999048221582,
    -4.361938736534E-02));
#8759 = DIRECTION('',(0.,4.361938736534E-02,0.999048221582));
#8760 = ADVANCED_FACE('',(#8761),#8786,.F.);
#8761 = FACE_BOUND('',#8762,.T.);
#8762 = EDGE_LOOP('',(#8763,#8764,#8772,#8780));
#8763 = ORIENTED_EDGE('',*,*,#8750,.F.);
#8764 = ORIENTED_EDGE('',*,*,#8765,.F.);
#8765 = EDGE_CURVE('',#8766,#8743,#8768,.T.);
#8766 = VERTEX_POINT('',#8767);
#8767 = CARTESIAN_POINT('',(10.857179676972,-1.754293278778E-02,
    -8.58691418379));
#8768 = LINE('',#8769,#8770);
#8769 = CARTESIAN_POINT('',(10.785433741801,-7.273958541536E-02,
    -8.316489680117));
#8770 = VECTOR('',#8771,1.);
#8771 = DIRECTION('',(-0.251587526195,-0.193555066997,0.948282738798));
#8772 = ORIENTED_EDGE('',*,*,#8773,.T.);
#8773 = EDGE_CURVE('',#8766,#8774,#8776,.T.);
#8774 = VERTEX_POINT('',#8775);
#8775 = CARTESIAN_POINT('',(11.142820323027,-1.754293278778E-02,
    -8.58691418379));
#8776 = LINE('',#8777,#8778);
#8777 = CARTESIAN_POINT('',(10.75,-1.754293278778E-02,-8.58691418379));
#8778 = VECTOR('',#8779,1.);
#8779 = DIRECTION('',(1.,5.374889246201E-17,7.281636885445E-15));
#8780 = ORIENTED_EDGE('',*,*,#8781,.F.);
#8781 = EDGE_CURVE('',#8734,#8774,#8782,.T.);
#8782 = LINE('',#8783,#8784);
#8783 = CARTESIAN_POINT('',(11.125103452127,-3.912725495543E-03,
    -8.653692545638));
#8784 = VECTOR('',#8785,1.);
#8785 = DIRECTION('',(-0.251587526195,0.193555066997,-0.948282738798));
#8786 = PLANE('',#8787);
#8787 = AXIS2_PLACEMENT_3D('',#8788,#8789,#8790);
#8788 = CARTESIAN_POINT('',(10.75,-9.999999999983E-02,-8.182932956421));
#8789 = DIRECTION('',(-1.508901352801E-15,0.97979839483,0.199987763349)
  );
#8790 = DIRECTION('',(0.,-0.199987763349,0.97979839483));
#8791 = ADVANCED_FACE('',(#8792),#8817,.F.);
#8792 = FACE_BOUND('',#8793,.T.);
#8793 = EDGE_LOOP('',(#8794,#8795,#8803,#8811));
#8794 = ORIENTED_EDGE('',*,*,#8773,.F.);
#8795 = ORIENTED_EDGE('',*,*,#8796,.F.);
#8796 = EDGE_CURVE('',#8797,#8766,#8799,.T.);
#8797 = VERTEX_POINT('',#8798);
#8798 = CARTESIAN_POINT('',(10.857179676972,0.282171533687,-8.6));
#8799 = LINE('',#8800,#8801);
#8800 = CARTESIAN_POINT('',(10.857179676972,-1.754293278778E-02,
    -8.58691418379));
#8801 = VECTOR('',#8802,1.);
#8802 = DIRECTION('',(-2.639228045338E-16,-0.999048221582,
    4.361938736534E-02));
#8803 = ORIENTED_EDGE('',*,*,#8804,.T.);
#8804 = EDGE_CURVE('',#8797,#8805,#8807,.T.);
#8805 = VERTEX_POINT('',#8806);
#8806 = CARTESIAN_POINT('',(11.142820323027,0.282171533687,-8.6));
#8807 = LINE('',#8808,#8809);
#8808 = CARTESIAN_POINT('',(10.75,0.282171533687,-8.6));
#8809 = VECTOR('',#8810,1.);
#8810 = DIRECTION('',(1.,5.374889246201E-17,7.281636885445E-15));
#8811 = ORIENTED_EDGE('',*,*,#8812,.F.);
#8812 = EDGE_CURVE('',#8774,#8805,#8813,.T.);
#8813 = LINE('',#8814,#8815);
#8814 = CARTESIAN_POINT('',(11.142820323027,0.282171533687,-8.6));
#8815 = VECTOR('',#8816,1.);
#8816 = DIRECTION('',(2.639228045338E-16,0.999048221582,
    -4.361938736534E-02));
#8817 = PLANE('',#8818);
#8818 = AXIS2_PLACEMENT_3D('',#8819,#8820,#8821);
#8819 = CARTESIAN_POINT('',(10.75,0.282171533687,-8.6));
#8820 = DIRECTION('',(-7.27705087437E-15,4.361938736534E-02,
    0.999048221582));
#8821 = DIRECTION('',(0.,-0.999048221582,4.361938736534E-02));
#8822 = ADVANCED_FACE('',(#8823),#8848,.F.);
#8823 = FACE_BOUND('',#8824,.T.);
#8824 = EDGE_LOOP('',(#8825,#8826,#8834,#8842));
#8825 = ORIENTED_EDGE('',*,*,#8804,.F.);
#8826 = ORIENTED_EDGE('',*,*,#8827,.F.);
#8827 = EDGE_CURVE('',#8828,#8797,#8830,.T.);
#8828 = VERTEX_POINT('',#8829);
#8829 = CARTESIAN_POINT('',(10.75,0.399524110791,-8.204742650104));
#8830 = LINE('',#8831,#8832);
#8831 = CARTESIAN_POINT('',(10.744094376366,0.405990263446,
    -8.18296388371));
#8832 = VECTOR('',#8833,1.);
#8833 = DIRECTION('',(0.251587526195,-0.275466817966,-0.927804801056));
#8834 = ORIENTED_EDGE('',*,*,#8835,.T.);
#8835 = EDGE_CURVE('',#8828,#8836,#8838,.T.);
#8836 = VERTEX_POINT('',#8837);
#8837 = CARTESIAN_POINT('',(11.25,0.399524110791,-8.204742650104));
#8838 = LINE('',#8839,#8840);
#8839 = CARTESIAN_POINT('',(10.75,0.399524110791,-8.204742650104));
#8840 = VECTOR('',#8841,1.);
#8841 = DIRECTION('',(1.,5.374889246201E-17,7.281636885445E-15));
#8842 = ORIENTED_EDGE('',*,*,#8843,.F.);
#8843 = EDGE_CURVE('',#8805,#8836,#8844,.T.);
#8844 = LINE('',#8845,#8846);
#8845 = CARTESIAN_POINT('',(11.142820323027,0.282171533687,-8.6));
#8846 = VECTOR('',#8847,1.);
#8847 = DIRECTION('',(0.251587526195,0.275466817966,0.927804801056));
#8848 = PLANE('',#8849);
#8849 = AXIS2_PLACEMENT_3D('',#8850,#8851,#8852);
#8850 = CARTESIAN_POINT('',(10.75,0.399524110791,-8.204742650104));
#8851 = DIRECTION('',(-2.020986811672E-15,-0.958639884073,0.284621806376
    ));
#8852 = DIRECTION('',(0.,-0.284621806376,-0.958639884073));
#8853 = ADVANCED_FACE('',(#8854),#8879,.F.);
#8854 = FACE_BOUND('',#8855,.T.);
#8855 = EDGE_LOOP('',(#8856,#8864,#8865,#8873));
#8856 = ORIENTED_EDGE('',*,*,#8857,.F.);
#8857 = EDGE_CURVE('',#8836,#8858,#8860,.T.);
#8858 = VERTEX_POINT('',#8859);
#8859 = CARTESIAN_POINT('',(11.25,0.469779134378,-6.595638061264));
#8860 = LINE('',#8861,#8862);
#8861 = CARTESIAN_POINT('',(11.25,0.469779134378,-6.595638061264));
#8862 = VECTOR('',#8863,1.);
#8863 = DIRECTION('',(-7.27003005616E-15,4.361938736534E-02,
    0.999048221582));
#8864 = ORIENTED_EDGE('',*,*,#8835,.F.);
#8865 = ORIENTED_EDGE('',*,*,#8866,.T.);
#8866 = EDGE_CURVE('',#8828,#8867,#8869,.T.);
#8867 = VERTEX_POINT('',#8868);
#8868 = CARTESIAN_POINT('',(10.75,0.469779134378,-6.595638061264));
#8869 = LINE('',#8870,#8871);
#8870 = CARTESIAN_POINT('',(10.75,0.469779134378,-6.595638061264));
#8871 = VECTOR('',#8872,1.);
#8872 = DIRECTION('',(-7.27003005616E-15,4.361938736534E-02,
    0.999048221582));
#8873 = ORIENTED_EDGE('',*,*,#8874,.T.);
#8874 = EDGE_CURVE('',#8867,#8858,#8875,.T.);
#8875 = LINE('',#8876,#8877);
#8876 = CARTESIAN_POINT('',(10.75,0.469779134378,-6.595638061264));
#8877 = VECTOR('',#8878,1.);
#8878 = DIRECTION('',(1.,5.374889246201E-17,7.281636885445E-15));
#8879 = PLANE('',#8880);
#8880 = AXIS2_PLACEMENT_3D('',#8881,#8882,#8883);
#8881 = CARTESIAN_POINT('',(10.75,0.469779134378,-6.595638061264));
#8882 = DIRECTION('',(-2.639228045338E-16,-0.999048221582,
    4.361938736534E-02));
#8883 = DIRECTION('',(0.,-4.361938736534E-02,-0.999048221582));
#8884 = ADVANCED_FACE('',(#8885),#8912,.F.);
#8885 = FACE_BOUND('',#8886,.F.);
#8886 = EDGE_LOOP('',(#8887,#8897,#8904,#8905));
#8887 = ORIENTED_EDGE('',*,*,#8888,.F.);
#8888 = EDGE_CURVE('',#8889,#8891,#8893,.T.);
#8889 = VERTEX_POINT('',#8890);
#8890 = CARTESIAN_POINT('',(10.75,0.569683956536,-6.5));
#8891 = VERTEX_POINT('',#8892);
#8892 = CARTESIAN_POINT('',(11.25,0.569683956536,-6.5));
#8893 = LINE('',#8894,#8895);
#8894 = CARTESIAN_POINT('',(10.75,0.569683956536,-6.5));
#8895 = VECTOR('',#8896,1.);
#8896 = DIRECTION('',(1.,5.374889246201E-17,7.281636885445E-15));
#8897 = ORIENTED_EDGE('',*,*,#8898,.F.);
#8898 = EDGE_CURVE('',#8867,#8889,#8899,.T.);
#8899 = CIRCLE('',#8900,1.E-01);
#8900 = AXIS2_PLACEMENT_3D('',#8901,#8902,#8903);
#8901 = CARTESIAN_POINT('',(10.75,0.569683956536,-6.6));
#8902 = DIRECTION('',(-1.,-5.374889246201E-17,-7.281636885445E-15));
#8903 = DIRECTION('',(7.281636885445E-15,3.913799179032E-31,-1.));
#8904 = ORIENTED_EDGE('',*,*,#8874,.T.);
#8905 = ORIENTED_EDGE('',*,*,#8906,.T.);
#8906 = EDGE_CURVE('',#8858,#8891,#8907,.T.);
#8907 = CIRCLE('',#8908,1.E-01);
#8908 = AXIS2_PLACEMENT_3D('',#8909,#8910,#8911);
#8909 = CARTESIAN_POINT('',(11.25,0.569683956536,-6.6));
#8910 = DIRECTION('',(-1.,-5.374889246201E-17,-7.281636885445E-15));
#8911 = DIRECTION('',(7.281636885445E-15,3.913799179032E-31,-1.));
#8912 = CYLINDRICAL_SURFACE('',#8913,1.E-01);
#8913 = AXIS2_PLACEMENT_3D('',#8914,#8915,#8916);
#8914 = CARTESIAN_POINT('',(10.75,0.569683956536,-6.6));
#8915 = DIRECTION('',(1.,5.374889246201E-17,7.281636885445E-15));
#8916 = DIRECTION('',(-7.281636885445E-15,-3.913799179032E-31,1.));
#8917 = ADVANCED_FACE('',(#8918),#8943,.F.);
#8918 = FACE_BOUND('',#8919,.T.);
#8919 = EDGE_LOOP('',(#8920,#8928,#8929,#8937));
#8920 = ORIENTED_EDGE('',*,*,#8921,.F.);
#8921 = EDGE_CURVE('',#8891,#8922,#8924,.T.);
#8922 = VERTEX_POINT('',#8923);
#8923 = CARTESIAN_POINT('',(11.25,2.75,-6.5));
#8924 = LINE('',#8925,#8926);
#8925 = CARTESIAN_POINT('',(11.25,2.75,-6.5));
#8926 = VECTOR('',#8927,1.);
#8927 = DIRECTION('',(0.,1.,-3.978146840632E-16));
#8928 = ORIENTED_EDGE('',*,*,#8888,.F.);
#8929 = ORIENTED_EDGE('',*,*,#8930,.T.);
#8930 = EDGE_CURVE('',#8889,#8931,#8933,.T.);
#8931 = VERTEX_POINT('',#8932);
#8932 = CARTESIAN_POINT('',(10.75,2.75,-6.5));
#8933 = LINE('',#8934,#8935);
#8934 = CARTESIAN_POINT('',(10.75,2.75,-6.5));
#8935 = VECTOR('',#8936,1.);
#8936 = DIRECTION('',(0.,1.,-3.978146840632E-16));
#8937 = ORIENTED_EDGE('',*,*,#8938,.T.);
#8938 = EDGE_CURVE('',#8931,#8922,#8939,.T.);
#8939 = LINE('',#8940,#8941);
#8940 = CARTESIAN_POINT('',(10.75,2.75,-6.5));
#8941 = VECTOR('',#8942,1.);
#8942 = DIRECTION('',(1.,5.374889246201E-17,7.281636885445E-15));
#8943 = PLANE('',#8944);
#8944 = AXIS2_PLACEMENT_3D('',#8945,#8946,#8947);
#8945 = CARTESIAN_POINT('',(10.75,2.75,-6.5));
#8946 = DIRECTION('',(-7.281636885445E-15,3.978146840632E-16,1.));
#8947 = DIRECTION('',(-1.,0.,-7.281636885445E-15));
#8948 = ADVANCED_FACE('',(#8949),#8976,.T.);
#8949 = FACE_BOUND('',#8950,.T.);
#8950 = EDGE_LOOP('',(#8951,#8960,#8961,#8970));
#8951 = ORIENTED_EDGE('',*,*,#8952,.F.);
#8952 = EDGE_CURVE('',#8922,#8953,#8955,.T.);
#8953 = VERTEX_POINT('',#8954);
#8954 = CARTESIAN_POINT('',(11.25,3.35,-5.9));
#8955 = CIRCLE('',#8956,0.6);
#8956 = AXIS2_PLACEMENT_3D('',#8957,#8958,#8959);
#8957 = CARTESIAN_POINT('',(11.25,2.75,-5.9));
#8958 = DIRECTION('',(1.,5.374889246201E-17,7.281636885445E-15));
#8959 = DIRECTION('',(-7.281636885445E-15,7.481740990481E-32,1.));
#8960 = ORIENTED_EDGE('',*,*,#8938,.F.);
#8961 = ORIENTED_EDGE('',*,*,#8962,.T.);
#8962 = EDGE_CURVE('',#8931,#8963,#8965,.T.);
#8963 = VERTEX_POINT('',#8964);
#8964 = CARTESIAN_POINT('',(10.75,3.35,-5.9));
#8965 = CIRCLE('',#8966,0.6);
#8966 = AXIS2_PLACEMENT_3D('',#8967,#8968,#8969);
#8967 = CARTESIAN_POINT('',(10.75,2.75,-5.9));
#8968 = DIRECTION('',(1.,5.374889246201E-17,7.281636885445E-15));
#8969 = DIRECTION('',(-7.281636885445E-15,7.481740990481E-32,1.));
#8970 = ORIENTED_EDGE('',*,*,#8971,.T.);
#8971 = EDGE_CURVE('',#8963,#8953,#8972,.T.);
#8972 = LINE('',#8973,#8974);
#8973 = CARTESIAN_POINT('',(10.75,3.35,-5.9));
#8974 = VECTOR('',#8975,1.);
#8975 = DIRECTION('',(1.,5.374889246201E-17,7.281636885445E-15));
#8976 = CYLINDRICAL_SURFACE('',#8977,0.6);
#8977 = AXIS2_PLACEMENT_3D('',#8978,#8979,#8980);
#8978 = CARTESIAN_POINT('',(10.75,2.75,-5.9));
#8979 = DIRECTION('',(1.,5.374889246201E-17,7.281636885445E-15));
#8980 = DIRECTION('',(-7.281636885445E-15,7.481740990481E-32,1.));
#8981 = ADVANCED_FACE('',(#8982),#9007,.F.);
#8982 = FACE_BOUND('',#8983,.T.);
#8983 = EDGE_LOOP('',(#8984,#8992,#8993,#9001));
#8984 = ORIENTED_EDGE('',*,*,#8985,.F.);
#8985 = EDGE_CURVE('',#8953,#8986,#8988,.T.);
#8986 = VERTEX_POINT('',#8987);
#8987 = CARTESIAN_POINT('',(11.25,3.35,-1.35));
#8988 = LINE('',#8989,#8990);
#8989 = CARTESIAN_POINT('',(11.25,3.35,-1.35));
#8990 = VECTOR('',#8991,1.);
#8991 = DIRECTION('',(-7.243900229354E-15,-9.531447670202E-17,1.));
#8992 = ORIENTED_EDGE('',*,*,#8971,.F.);
#8993 = ORIENTED_EDGE('',*,*,#8994,.T.);
#8994 = EDGE_CURVE('',#8963,#8995,#8997,.T.);
#8995 = VERTEX_POINT('',#8996);
#8996 = CARTESIAN_POINT('',(10.75,3.35,-1.35));
#8997 = LINE('',#8998,#8999);
#8998 = CARTESIAN_POINT('',(10.75,3.35,-1.35));
#8999 = VECTOR('',#9000,1.);
#9000 = DIRECTION('',(-7.243900229354E-15,-9.531447670202E-17,1.));
#9001 = ORIENTED_EDGE('',*,*,#9002,.T.);
#9002 = EDGE_CURVE('',#8995,#8986,#9003,.T.);
#9003 = LINE('',#9004,#9005);
#9004 = CARTESIAN_POINT('',(10.75,3.35,-1.35));
#9005 = VECTOR('',#9006,1.);
#9006 = DIRECTION('',(1.,5.374889246201E-17,7.281636885445E-15));
#9007 = PLANE('',#9008);
#9008 = AXIS2_PLACEMENT_3D('',#9009,#9010,#9011);
#9009 = CARTESIAN_POINT('',(10.75,3.35,-1.35));
#9010 = DIRECTION('',(5.374889246201E-17,-1.,-9.531447670202E-17));
#9011 = DIRECTION('',(0.,9.531447670202E-17,-1.));
#9012 = ADVANCED_FACE('',(#9013),#9038,.F.);
#9013 = FACE_BOUND('',#9014,.T.);
#9014 = EDGE_LOOP('',(#9015,#9016,#9024,#9032));
#9015 = ORIENTED_EDGE('',*,*,#9002,.F.);
#9016 = ORIENTED_EDGE('',*,*,#9017,.F.);
#9017 = EDGE_CURVE('',#9018,#8995,#9020,.T.);
#9018 = VERTEX_POINT('',#9019);
#9019 = CARTESIAN_POINT('',(10.857179676972,3.25,-0.95));
#9020 = LINE('',#9021,#9022);
#9021 = CARTESIAN_POINT('',(10.914195001351,3.196803978153,
    -0.737215912609));
#9022 = VECTOR('',#9023,1.);
#9023 = DIRECTION('',(-0.251587526195,0.234734357577,-0.938937430309));
#9024 = ORIENTED_EDGE('',*,*,#9025,.T.);
#9025 = EDGE_CURVE('',#9018,#9026,#9028,.T.);
#9026 = VERTEX_POINT('',#9027);
#9027 = CARTESIAN_POINT('',(11.142820323027,3.25,-0.95));
#9028 = LINE('',#9029,#9030);
#9029 = CARTESIAN_POINT('',(10.75,3.25,-0.95));
#9030 = VECTOR('',#9031,1.);
#9031 = DIRECTION('',(1.,5.374889246201E-17,7.281636885445E-15));
#9032 = ORIENTED_EDGE('',*,*,#9033,.F.);
#9033 = EDGE_CURVE('',#8986,#9026,#9034,.T.);
#9034 = LINE('',#9035,#9036);
#9035 = CARTESIAN_POINT('',(11.142820323027,3.25,-0.95));
#9036 = VECTOR('',#9037,1.);
#9037 = DIRECTION('',(-0.251587526195,-0.234734357577,0.938937430309));
#9038 = PLANE('',#9039);
#9039 = AXIS2_PLACEMENT_3D('',#9040,#9041,#9042);
#9040 = CARTESIAN_POINT('',(10.75,3.25,-0.95));
#9041 = DIRECTION('',(1.818200438212E-15,-0.970142500145,-0.242535625036
    ));
#9042 = DIRECTION('',(0.,0.242535625036,-0.970142500145));
#9043 = ADVANCED_FACE('',(#9044),#9069,.F.);
#9044 = FACE_BOUND('',#9045,.T.);
#9045 = EDGE_LOOP('',(#9046,#9047,#9055,#9063));
#9046 = ORIENTED_EDGE('',*,*,#9025,.F.);
#9047 = ORIENTED_EDGE('',*,*,#9048,.F.);
#9048 = EDGE_CURVE('',#9049,#9018,#9051,.T.);
#9049 = VERTEX_POINT('',#9050);
#9050 = CARTESIAN_POINT('',(10.857179676972,2.95,-0.95));
#9051 = LINE('',#9052,#9053);
#9052 = CARTESIAN_POINT('',(10.857179676972,3.25,-0.95));
#9053 = VECTOR('',#9054,1.);
#9054 = DIRECTION('',(-5.374889246201E-17,1.,-3.913799179032E-31));
#9055 = ORIENTED_EDGE('',*,*,#9056,.T.);
#9056 = EDGE_CURVE('',#9049,#9057,#9059,.T.);
#9057 = VERTEX_POINT('',#9058);
#9058 = CARTESIAN_POINT('',(11.142820323027,2.95,-0.95));
#9059 = LINE('',#9060,#9061);
#9060 = CARTESIAN_POINT('',(10.75,2.95,-0.95));
#9061 = VECTOR('',#9062,1.);
#9062 = DIRECTION('',(1.,5.374889246201E-17,7.281636885445E-15));
#9063 = ORIENTED_EDGE('',*,*,#9064,.F.);
#9064 = EDGE_CURVE('',#9026,#9057,#9065,.T.);
#9065 = LINE('',#9066,#9067);
#9066 = CARTESIAN_POINT('',(11.142820323027,3.25,-0.95));
#9067 = VECTOR('',#9068,1.);
#9068 = DIRECTION('',(5.374889246201E-17,-1.,3.913799179032E-31));
#9069 = PLANE('',#9070);
#9070 = AXIS2_PLACEMENT_3D('',#9071,#9072,#9073);
#9071 = CARTESIAN_POINT('',(10.75,3.25,-0.95));
#9072 = DIRECTION('',(7.281636885445E-15,0.,-1.));
#9073 = DIRECTION('',(1.,0.,7.281636885445E-15));
#9074 = ADVANCED_FACE('',(#9075),#9100,.F.);
#9075 = FACE_BOUND('',#9076,.T.);
#9076 = EDGE_LOOP('',(#9077,#9078,#9086,#9094));
#9077 = ORIENTED_EDGE('',*,*,#9056,.F.);
#9078 = ORIENTED_EDGE('',*,*,#9079,.F.);
#9079 = EDGE_CURVE('',#9080,#9049,#9082,.T.);
#9080 = VERTEX_POINT('',#9081);
#9081 = CARTESIAN_POINT('',(10.75,2.85,-1.35));
#9082 = LINE('',#9083,#9084);
#9083 = CARTESIAN_POINT('',(10.615333116817,2.724354087466,
    -1.852583650136));
#9084 = VECTOR('',#9085,1.);
#9085 = DIRECTION('',(0.251587526195,0.234734357577,0.938937430309));
#9086 = ORIENTED_EDGE('',*,*,#9087,.T.);
#9087 = EDGE_CURVE('',#9080,#9088,#9090,.T.);
#9088 = VERTEX_POINT('',#9089);
#9089 = CARTESIAN_POINT('',(11.25,2.85,-1.35));
#9090 = LINE('',#9091,#9092);
#9091 = CARTESIAN_POINT('',(10.75,2.85,-1.35));
#9092 = VECTOR('',#9093,1.);
#9093 = DIRECTION('',(1.,5.374889246201E-17,7.281636885445E-15));
#9094 = ORIENTED_EDGE('',*,*,#9095,.F.);
#9095 = EDGE_CURVE('',#9057,#9088,#9096,.T.);
#9096 = LINE('',#9097,#9098);
#9097 = CARTESIAN_POINT('',(11.125103452127,2.966530065588,
    -0.883879737647));
#9098 = VECTOR('',#9099,1.);
#9099 = DIRECTION('',(0.251587526195,-0.234734357577,-0.938937430309));
#9100 = PLANE('',#9101);
#9101 = AXIS2_PLACEMENT_3D('',#9102,#9103,#9104);
#9102 = CARTESIAN_POINT('',(10.75,2.95,-0.95));
#9103 = DIRECTION('',(1.713912268386E-15,0.970142500145,-0.242535625036)
  );
#9104 = DIRECTION('',(0.,0.242535625036,0.970142500145));
#9105 = ADVANCED_FACE('',(#9106),#9122,.F.);
#9106 = FACE_BOUND('',#9107,.T.);
#9107 = EDGE_LOOP('',(#9108,#9114,#9115,#9121));
#9108 = ORIENTED_EDGE('',*,*,#9109,.F.);
#9109 = EDGE_CURVE('',#9088,#8661,#9110,.T.);
#9110 = LINE('',#9111,#9112);
#9111 = CARTESIAN_POINT('',(11.25,2.85,-1.35));
#9112 = VECTOR('',#9113,1.);
#9113 = DIRECTION('',(7.274646834741E-15,0.,-1.));
#9114 = ORIENTED_EDGE('',*,*,#9087,.F.);
#9115 = ORIENTED_EDGE('',*,*,#9116,.T.);
#9116 = EDGE_CURVE('',#9080,#8671,#9117,.T.);
#9117 = LINE('',#9118,#9119);
#9118 = CARTESIAN_POINT('',(10.75,2.85,-1.35));
#9119 = VECTOR('',#9120,1.);
#9120 = DIRECTION('',(7.274646834741E-15,0.,-1.));
#9121 = ORIENTED_EDGE('',*,*,#8670,.T.);
#9122 = PLANE('',#9123);
#9123 = AXIS2_PLACEMENT_3D('',#9124,#9125,#9126);
#9124 = CARTESIAN_POINT('',(10.75,2.85,-1.35));
#9125 = DIRECTION('',(-5.374889246201E-17,1.,-3.910042104196E-31));
#9126 = DIRECTION('',(1.,5.374889246201E-17,0.));
#9127 = ADVANCED_FACE('',(#9128),#9151,.T.);
#9128 = FACE_BOUND('',#9129,.T.);
#9129 = EDGE_LOOP('',(#9130,#9131,#9132,#9133,#9134,#9135,#9141,#9142,
    #9143,#9144,#9145));
#9130 = ORIENTED_EDGE('',*,*,#8994,.F.);
#9131 = ORIENTED_EDGE('',*,*,#8962,.F.);
#9132 = ORIENTED_EDGE('',*,*,#8930,.F.);
#9133 = ORIENTED_EDGE('',*,*,#8898,.F.);
#9134 = ORIENTED_EDGE('',*,*,#8866,.F.);
#9135 = ORIENTED_EDGE('',*,*,#9136,.F.);
#9136 = EDGE_CURVE('',#8743,#8828,#9137,.T.);
#9137 = LINE('',#9138,#9139);
#9138 = CARTESIAN_POINT('',(10.75,0.299619288633,-8.200380711367));
#9139 = VECTOR('',#9140,1.);
#9140 = DIRECTION('',(2.639228045338E-16,0.999048221582,
    -4.361938736534E-02));
#9141 = ORIENTED_EDGE('',*,*,#8742,.F.);
#9142 = ORIENTED_EDGE('',*,*,#8710,.F.);
#9143 = ORIENTED_EDGE('',*,*,#8678,.F.);
#9144 = ORIENTED_EDGE('',*,*,#9116,.F.);
#9145 = ORIENTED_EDGE('',*,*,#9146,.F.);
#9146 = EDGE_CURVE('',#8995,#9080,#9147,.T.);
#9147 = LINE('',#9148,#9149);
#9148 = CARTESIAN_POINT('',(10.75,2.95,-1.35));
#9149 = VECTOR('',#9150,1.);
#9150 = DIRECTION('',(5.374889246201E-17,-1.,3.913799179032E-31));
#9151 = PLANE('',#9152);
#9152 = AXIS2_PLACEMENT_3D('',#9153,#9154,#9155);
#9153 = CARTESIAN_POINT('',(10.75,0.569683956536,-6.6));
#9154 = DIRECTION('',(-1.,-5.374889246201E-17,-7.281636885445E-15));
#9155 = DIRECTION('',(7.281636885445E-15,0.,-1.));
#9156 = ADVANCED_FACE('',(#9157),#9180,.F.);
#9157 = FACE_BOUND('',#9158,.T.);
#9158 = EDGE_LOOP('',(#9159,#9160,#9161,#9162,#9163,#9169,#9170,#9171,
    #9172,#9173,#9174));
#9159 = ORIENTED_EDGE('',*,*,#9109,.T.);
#9160 = ORIENTED_EDGE('',*,*,#8660,.T.);
#9161 = ORIENTED_EDGE('',*,*,#8700,.T.);
#9162 = ORIENTED_EDGE('',*,*,#8733,.T.);
#9163 = ORIENTED_EDGE('',*,*,#9164,.F.);
#9164 = EDGE_CURVE('',#8836,#8734,#9165,.T.);
#9165 = LINE('',#9166,#9167);
#9166 = CARTESIAN_POINT('',(11.25,0.499428932949,-8.20910458884));
#9167 = VECTOR('',#9168,1.);
#9168 = DIRECTION('',(-2.639228045338E-16,-0.999048221582,
    4.361938736534E-02));
#9169 = ORIENTED_EDGE('',*,*,#8857,.T.);
#9170 = ORIENTED_EDGE('',*,*,#8906,.T.);
#9171 = ORIENTED_EDGE('',*,*,#8921,.T.);
#9172 = ORIENTED_EDGE('',*,*,#8952,.T.);
#9173 = ORIENTED_EDGE('',*,*,#8985,.T.);
#9174 = ORIENTED_EDGE('',*,*,#9175,.F.);
#9175 = EDGE_CURVE('',#9088,#8986,#9176,.T.);
#9176 = LINE('',#9177,#9178);
#9177 = CARTESIAN_POINT('',(11.25,0.569683956536,-1.35));
#9178 = VECTOR('',#9179,1.);
#9179 = DIRECTION('',(-5.374889246201E-17,1.,-3.913799179032E-31));
#9180 = PLANE('',#9181);
#9181 = AXIS2_PLACEMENT_3D('',#9182,#9183,#9184);
#9182 = CARTESIAN_POINT('',(11.25,0.569683956536,-6.6));
#9183 = DIRECTION('',(-1.,-5.374889246201E-17,-7.281636885445E-15));
#9184 = DIRECTION('',(7.281636885445E-15,0.,-1.));
#9185 = ADVANCED_FACE('',(#9186),#9192,.F.);
#9186 = FACE_BOUND('',#9187,.T.);
#9187 = EDGE_LOOP('',(#9188,#9189,#9190,#9191));
#9188 = ORIENTED_EDGE('',*,*,#9033,.T.);
#9189 = ORIENTED_EDGE('',*,*,#9064,.T.);
#9190 = ORIENTED_EDGE('',*,*,#9095,.T.);
#9191 = ORIENTED_EDGE('',*,*,#9175,.T.);
#9192 = PLANE('',#9193);
#9193 = AXIS2_PLACEMENT_3D('',#9194,#9195,#9196);
#9194 = CARTESIAN_POINT('',(11.142820323027,3.25,-0.95));
#9195 = DIRECTION('',(-0.965925826289,-5.191744336349E-17,
    -0.258819045103));
#9196 = DIRECTION('',(5.374889246201E-17,-1.,3.89808220744E-31));
#9197 = ADVANCED_FACE('',(#9198),#9204,.T.);
#9198 = FACE_BOUND('',#9199,.T.);
#9199 = EDGE_LOOP('',(#9200,#9201,#9202,#9203));
#9200 = ORIENTED_EDGE('',*,*,#9017,.T.);
#9201 = ORIENTED_EDGE('',*,*,#9146,.T.);
#9202 = ORIENTED_EDGE('',*,*,#9079,.T.);
#9203 = ORIENTED_EDGE('',*,*,#9048,.T.);
#9204 = PLANE('',#9205);
#9205 = AXIS2_PLACEMENT_3D('',#9206,#9207,#9208);
#9206 = CARTESIAN_POINT('',(10.75,0.569683956536,-1.35));
#9207 = DIRECTION('',(-0.965925826289,-5.191744336349E-17,0.258819045103
    ));
#9208 = DIRECTION('',(-5.374889246201E-17,1.,-3.92889708655E-31));
#9209 = ADVANCED_FACE('',(#9210),#9216,.F.);
#9210 = FACE_BOUND('',#9211,.T.);
#9211 = EDGE_LOOP('',(#9212,#9213,#9214,#9215));
#9212 = ORIENTED_EDGE('',*,*,#8781,.T.);
#9213 = ORIENTED_EDGE('',*,*,#8812,.T.);
#9214 = ORIENTED_EDGE('',*,*,#8843,.T.);
#9215 = ORIENTED_EDGE('',*,*,#9164,.T.);
#9216 = PLANE('',#9217);
#9217 = AXIS2_PLACEMENT_3D('',#9218,#9219,#9220);
#9218 = CARTESIAN_POINT('',(11.142820323027,0.282171533687,-8.6));
#9219 = DIRECTION('',(-0.965925826289,1.128952818585E-02,0.258572706721)
  );
#9220 = DIRECTION('',(2.654126918245E-16,0.999048221582,
    -4.361938736534E-02));
#9221 = ADVANCED_FACE('',(#9222),#9228,.T.);
#9222 = FACE_BOUND('',#9223,.T.);
#9223 = EDGE_LOOP('',(#9224,#9225,#9226,#9227));
#9224 = ORIENTED_EDGE('',*,*,#8765,.T.);
#9225 = ORIENTED_EDGE('',*,*,#9136,.T.);
#9226 = ORIENTED_EDGE('',*,*,#8827,.T.);
#9227 = ORIENTED_EDGE('',*,*,#8796,.T.);
#9228 = PLANE('',#9229);
#9229 = AXIS2_PLACEMENT_3D('',#9230,#9231,#9232);
#9230 = CARTESIAN_POINT('',(10.75,0.499428932949,-8.20910458884));
#9231 = DIRECTION('',(-0.965925826289,-1.128952818585E-02,
    -0.258572706721));
#9232 = DIRECTION('',(-2.654126918245E-16,-0.999048221582,
    4.361938736534E-02));
#9233 = MANIFOLD_SOLID_BREP('',#9234);
#9234 = CLOSED_SHELL('',(#9235,#9275,#9308,#9339,#9370,#9401,#9432,#9463
    ,#9496,#9527,#9560,#9591,#9622,#9653,#9684,#9706,#9735,#9764,#9776,
    #9788,#9800));
#9235 = ADVANCED_FACE('',(#9236),#9270,.F.);
#9236 = FACE_BOUND('',#9237,.T.);
#9237 = EDGE_LOOP('',(#9238,#9248,#9256,#9264));
#9238 = ORIENTED_EDGE('',*,*,#9239,.F.);
#9239 = EDGE_CURVE('',#9240,#9242,#9244,.T.);
#9240 = VERTEX_POINT('',#9241);
#9241 = CARTESIAN_POINT('',(13.25,2.85,-6.));
#9242 = VERTEX_POINT('',#9243);
#9243 = CARTESIAN_POINT('',(13.25,0.569683956536,-6.));
#9244 = LINE('',#9245,#9246);
#9245 = CARTESIAN_POINT('',(13.25,2.85,-6.));
#9246 = VECTOR('',#9247,1.);
#9247 = DIRECTION('',(0.,-1.,0.));
#9248 = ORIENTED_EDGE('',*,*,#9249,.F.);
#9249 = EDGE_CURVE('',#9250,#9240,#9252,.T.);
#9250 = VERTEX_POINT('',#9251);
#9251 = CARTESIAN_POINT('',(12.75,2.85,-6.));
#9252 = LINE('',#9253,#9254);
#9253 = CARTESIAN_POINT('',(12.75,2.85,-6.));
#9254 = VECTOR('',#9255,1.);
#9255 = DIRECTION('',(1.,5.374889246201E-17,7.281636885445E-15));
#9256 = ORIENTED_EDGE('',*,*,#9257,.T.);
#9257 = EDGE_CURVE('',#9250,#9258,#9260,.T.);
#9258 = VERTEX_POINT('',#9259);
#9259 = CARTESIAN_POINT('',(12.75,0.569683956536,-6.));
#9260 = LINE('',#9261,#9262);
#9261 = CARTESIAN_POINT('',(12.75,2.85,-6.));
#9262 = VECTOR('',#9263,1.);
#9263 = DIRECTION('',(0.,-1.,0.));
#9264 = ORIENTED_EDGE('',*,*,#9265,.T.);
#9265 = EDGE_CURVE('',#9258,#9242,#9266,.T.);
#9266 = LINE('',#9267,#9268);
#9267 = CARTESIAN_POINT('',(12.75,0.569683956536,-6.));
#9268 = VECTOR('',#9269,1.);
#9269 = DIRECTION('',(1.,5.374889246201E-17,7.281636885445E-15));
#9270 = PLANE('',#9271);
#9271 = AXIS2_PLACEMENT_3D('',#9272,#9273,#9274);
#9272 = CARTESIAN_POINT('',(12.75,2.85,-6.));
#9273 = DIRECTION('',(7.281636885445E-15,0.,-1.));
#9274 = DIRECTION('',(1.,0.,7.281636885445E-15));
#9275 = ADVANCED_FACE('',(#9276),#9303,.T.);
#9276 = FACE_BOUND('',#9277,.T.);
#9277 = EDGE_LOOP('',(#9278,#9287,#9288,#9297));
#9278 = ORIENTED_EDGE('',*,*,#9279,.F.);
#9279 = EDGE_CURVE('',#9242,#9280,#9282,.T.);
#9280 = VERTEX_POINT('',#9281);
#9281 = CARTESIAN_POINT('',(13.25,-2.974497641265E-02,-6.573828367581));
#9282 = CIRCLE('',#9283,0.6);
#9283 = AXIS2_PLACEMENT_3D('',#9284,#9285,#9286);
#9284 = CARTESIAN_POINT('',(13.25,0.569683956536,-6.6));
#9285 = DIRECTION('',(1.,5.374889246201E-17,7.281636885445E-15));
#9286 = DIRECTION('',(7.281636885445E-15,-7.481740990481E-32,-1.));
#9287 = ORIENTED_EDGE('',*,*,#9265,.F.);
#9288 = ORIENTED_EDGE('',*,*,#9289,.T.);
#9289 = EDGE_CURVE('',#9258,#9290,#9292,.T.);
#9290 = VERTEX_POINT('',#9291);
#9291 = CARTESIAN_POINT('',(12.75,-2.974497641265E-02,-6.573828367581));
#9292 = CIRCLE('',#9293,0.6);
#9293 = AXIS2_PLACEMENT_3D('',#9294,#9295,#9296);
#9294 = CARTESIAN_POINT('',(12.75,0.569683956536,-6.6));
#9295 = DIRECTION('',(1.,5.374889246201E-17,7.281636885445E-15));
#9296 = DIRECTION('',(7.281636885445E-15,-7.481740990481E-32,-1.));
#9297 = ORIENTED_EDGE('',*,*,#9298,.T.);
#9298 = EDGE_CURVE('',#9290,#9280,#9299,.T.);
#9299 = LINE('',#9300,#9301);
#9300 = CARTESIAN_POINT('',(12.75,-2.974497641265E-02,-6.573828367581));
#9301 = VECTOR('',#9302,1.);
#9302 = DIRECTION('',(1.,5.374889246201E-17,7.281636885445E-15));
#9303 = CYLINDRICAL_SURFACE('',#9304,0.6);
#9304 = AXIS2_PLACEMENT_3D('',#9305,#9306,#9307);
#9305 = CARTESIAN_POINT('',(12.75,0.569683956536,-6.6));
#9306 = DIRECTION('',(1.,5.374889246201E-17,7.281636885445E-15));
#9307 = DIRECTION('',(-7.281636885445E-15,7.481740990481E-32,1.));
#9308 = ADVANCED_FACE('',(#9309),#9334,.F.);
#9309 = FACE_BOUND('',#9310,.T.);
#9310 = EDGE_LOOP('',(#9311,#9319,#9320,#9328));
#9311 = ORIENTED_EDGE('',*,*,#9312,.F.);
#9312 = EDGE_CURVE('',#9280,#9313,#9315,.T.);
#9313 = VERTEX_POINT('',#9314);
#9314 = CARTESIAN_POINT('',(13.25,-9.999999999983E-02,-8.182932956421));
#9315 = LINE('',#9316,#9317);
#9316 = CARTESIAN_POINT('',(13.25,-2.974497641265E-02,-6.573828367581));
#9317 = VECTOR('',#9318,1.);
#9318 = DIRECTION('',(7.27003005616E-15,-4.361938736534E-02,
    -0.999048221582));
#9319 = ORIENTED_EDGE('',*,*,#9298,.F.);
#9320 = ORIENTED_EDGE('',*,*,#9321,.T.);
#9321 = EDGE_CURVE('',#9290,#9322,#9324,.T.);
#9322 = VERTEX_POINT('',#9323);
#9323 = CARTESIAN_POINT('',(12.75,-9.999999999983E-02,-8.182932956421));
#9324 = LINE('',#9325,#9326);
#9325 = CARTESIAN_POINT('',(12.75,-2.974497641265E-02,-6.573828367581));
#9326 = VECTOR('',#9327,1.);
#9327 = DIRECTION('',(7.27003005616E-15,-4.361938736534E-02,
    -0.999048221582));
#9328 = ORIENTED_EDGE('',*,*,#9329,.T.);
#9329 = EDGE_CURVE('',#9322,#9313,#9330,.T.);
#9330 = LINE('',#9331,#9332);
#9331 = CARTESIAN_POINT('',(12.75,-9.999999999983E-02,-8.182932956421));
#9332 = VECTOR('',#9333,1.);
#9333 = DIRECTION('',(1.,5.374889246201E-17,7.281636885445E-15));
#9334 = PLANE('',#9335);
#9335 = AXIS2_PLACEMENT_3D('',#9336,#9337,#9338);
#9336 = CARTESIAN_POINT('',(12.75,-2.974497641265E-02,-6.573828367581));
#9337 = DIRECTION('',(2.639228045338E-16,0.999048221582,
    -4.361938736534E-02));
#9338 = DIRECTION('',(0.,4.361938736534E-02,0.999048221582));
#9339 = ADVANCED_FACE('',(#9340),#9365,.F.);
#9340 = FACE_BOUND('',#9341,.T.);
#9341 = EDGE_LOOP('',(#9342,#9343,#9351,#9359));
#9342 = ORIENTED_EDGE('',*,*,#9329,.F.);
#9343 = ORIENTED_EDGE('',*,*,#9344,.F.);
#9344 = EDGE_CURVE('',#9345,#9322,#9347,.T.);
#9345 = VERTEX_POINT('',#9346);
#9346 = CARTESIAN_POINT('',(12.857179676972,-1.754293278778E-02,
    -8.58691418379));
#9347 = LINE('',#9348,#9349);
#9348 = CARTESIAN_POINT('',(12.785433741801,-7.273958541536E-02,
    -8.316489680117));
#9349 = VECTOR('',#9350,1.);
#9350 = DIRECTION('',(-0.251587526195,-0.193555066997,0.948282738798));
#9351 = ORIENTED_EDGE('',*,*,#9352,.T.);
#9352 = EDGE_CURVE('',#9345,#9353,#9355,.T.);
#9353 = VERTEX_POINT('',#9354);
#9354 = CARTESIAN_POINT('',(13.142820323027,-1.754293278778E-02,
    -8.58691418379));
#9355 = LINE('',#9356,#9357);
#9356 = CARTESIAN_POINT('',(12.75,-1.754293278778E-02,-8.58691418379));
#9357 = VECTOR('',#9358,1.);
#9358 = DIRECTION('',(1.,5.374889246201E-17,7.281636885445E-15));
#9359 = ORIENTED_EDGE('',*,*,#9360,.F.);
#9360 = EDGE_CURVE('',#9313,#9353,#9361,.T.);
#9361 = LINE('',#9362,#9363);
#9362 = CARTESIAN_POINT('',(13.125103452127,-3.912725495543E-03,
    -8.653692545638));
#9363 = VECTOR('',#9364,1.);
#9364 = DIRECTION('',(-0.251587526195,0.193555066997,-0.948282738798));
#9365 = PLANE('',#9366);
#9366 = AXIS2_PLACEMENT_3D('',#9367,#9368,#9369);
#9367 = CARTESIAN_POINT('',(12.75,-9.999999999983E-02,-8.182932956421));
#9368 = DIRECTION('',(-1.508901352801E-15,0.97979839483,0.199987763349)
  );
#9369 = DIRECTION('',(0.,-0.199987763349,0.97979839483));
#9370 = ADVANCED_FACE('',(#9371),#9396,.F.);
#9371 = FACE_BOUND('',#9372,.T.);
#9372 = EDGE_LOOP('',(#9373,#9374,#9382,#9390));
#9373 = ORIENTED_EDGE('',*,*,#9352,.F.);
#9374 = ORIENTED_EDGE('',*,*,#9375,.F.);
#9375 = EDGE_CURVE('',#9376,#9345,#9378,.T.);
#9376 = VERTEX_POINT('',#9377);
#9377 = CARTESIAN_POINT('',(12.857179676972,0.282171533687,-8.6));
#9378 = LINE('',#9379,#9380);
#9379 = CARTESIAN_POINT('',(12.857179676972,-1.754293278778E-02,
    -8.58691418379));
#9380 = VECTOR('',#9381,1.);
#9381 = DIRECTION('',(-2.639228045338E-16,-0.999048221582,
    4.361938736534E-02));
#9382 = ORIENTED_EDGE('',*,*,#9383,.T.);
#9383 = EDGE_CURVE('',#9376,#9384,#9386,.T.);
#9384 = VERTEX_POINT('',#9385);
#9385 = CARTESIAN_POINT('',(13.142820323027,0.282171533687,-8.6));
#9386 = LINE('',#9387,#9388);
#9387 = CARTESIAN_POINT('',(12.75,0.282171533687,-8.6));
#9388 = VECTOR('',#9389,1.);
#9389 = DIRECTION('',(1.,5.374889246201E-17,7.281636885445E-15));
#9390 = ORIENTED_EDGE('',*,*,#9391,.F.);
#9391 = EDGE_CURVE('',#9353,#9384,#9392,.T.);
#9392 = LINE('',#9393,#9394);
#9393 = CARTESIAN_POINT('',(13.142820323027,0.282171533687,-8.6));
#9394 = VECTOR('',#9395,1.);
#9395 = DIRECTION('',(2.639228045338E-16,0.999048221582,
    -4.361938736534E-02));
#9396 = PLANE('',#9397);
#9397 = AXIS2_PLACEMENT_3D('',#9398,#9399,#9400);
#9398 = CARTESIAN_POINT('',(12.75,0.282171533687,-8.6));
#9399 = DIRECTION('',(-7.27705087437E-15,4.361938736534E-02,
    0.999048221582));
#9400 = DIRECTION('',(0.,-0.999048221582,4.361938736534E-02));
#9401 = ADVANCED_FACE('',(#9402),#9427,.F.);
#9402 = FACE_BOUND('',#9403,.T.);
#9403 = EDGE_LOOP('',(#9404,#9405,#9413,#9421));
#9404 = ORIENTED_EDGE('',*,*,#9383,.F.);
#9405 = ORIENTED_EDGE('',*,*,#9406,.F.);
#9406 = EDGE_CURVE('',#9407,#9376,#9409,.T.);
#9407 = VERTEX_POINT('',#9408);
#9408 = CARTESIAN_POINT('',(12.75,0.399524110791,-8.204742650104));
#9409 = LINE('',#9410,#9411);
#9410 = CARTESIAN_POINT('',(12.744094376366,0.405990263446,
    -8.18296388371));
#9411 = VECTOR('',#9412,1.);
#9412 = DIRECTION('',(0.251587526195,-0.275466817966,-0.927804801056));
#9413 = ORIENTED_EDGE('',*,*,#9414,.T.);
#9414 = EDGE_CURVE('',#9407,#9415,#9417,.T.);
#9415 = VERTEX_POINT('',#9416);
#9416 = CARTESIAN_POINT('',(13.25,0.399524110791,-8.204742650104));
#9417 = LINE('',#9418,#9419);
#9418 = CARTESIAN_POINT('',(12.75,0.399524110791,-8.204742650104));
#9419 = VECTOR('',#9420,1.);
#9420 = DIRECTION('',(1.,5.374889246201E-17,7.281636885445E-15));
#9421 = ORIENTED_EDGE('',*,*,#9422,.F.);
#9422 = EDGE_CURVE('',#9384,#9415,#9423,.T.);
#9423 = LINE('',#9424,#9425);
#9424 = CARTESIAN_POINT('',(13.142820323027,0.282171533687,-8.6));
#9425 = VECTOR('',#9426,1.);
#9426 = DIRECTION('',(0.251587526195,0.275466817966,0.927804801056));
#9427 = PLANE('',#9428);
#9428 = AXIS2_PLACEMENT_3D('',#9429,#9430,#9431);
#9429 = CARTESIAN_POINT('',(12.75,0.399524110791,-8.204742650104));
#9430 = DIRECTION('',(-2.020986811672E-15,-0.958639884073,0.284621806376
    ));
#9431 = DIRECTION('',(0.,-0.284621806376,-0.958639884073));
#9432 = ADVANCED_FACE('',(#9433),#9458,.F.);
#9433 = FACE_BOUND('',#9434,.T.);
#9434 = EDGE_LOOP('',(#9435,#9443,#9444,#9452));
#9435 = ORIENTED_EDGE('',*,*,#9436,.F.);
#9436 = EDGE_CURVE('',#9415,#9437,#9439,.T.);
#9437 = VERTEX_POINT('',#9438);
#9438 = CARTESIAN_POINT('',(13.25,0.469779134378,-6.595638061264));
#9439 = LINE('',#9440,#9441);
#9440 = CARTESIAN_POINT('',(13.25,0.469779134378,-6.595638061264));
#9441 = VECTOR('',#9442,1.);
#9442 = DIRECTION('',(-7.27003005616E-15,4.361938736534E-02,
    0.999048221582));
#9443 = ORIENTED_EDGE('',*,*,#9414,.F.);
#9444 = ORIENTED_EDGE('',*,*,#9445,.T.);
#9445 = EDGE_CURVE('',#9407,#9446,#9448,.T.);
#9446 = VERTEX_POINT('',#9447);
#9447 = CARTESIAN_POINT('',(12.75,0.469779134378,-6.595638061264));
#9448 = LINE('',#9449,#9450);
#9449 = CARTESIAN_POINT('',(12.75,0.469779134378,-6.595638061264));
#9450 = VECTOR('',#9451,1.);
#9451 = DIRECTION('',(-7.27003005616E-15,4.361938736534E-02,
    0.999048221582));
#9452 = ORIENTED_EDGE('',*,*,#9453,.T.);
#9453 = EDGE_CURVE('',#9446,#9437,#9454,.T.);
#9454 = LINE('',#9455,#9456);
#9455 = CARTESIAN_POINT('',(12.75,0.469779134378,-6.595638061264));
#9456 = VECTOR('',#9457,1.);
#9457 = DIRECTION('',(1.,5.374889246201E-17,7.281636885445E-15));
#9458 = PLANE('',#9459);
#9459 = AXIS2_PLACEMENT_3D('',#9460,#9461,#9462);
#9460 = CARTESIAN_POINT('',(12.75,0.469779134378,-6.595638061264));
#9461 = DIRECTION('',(-2.639228045338E-16,-0.999048221582,
    4.361938736534E-02));
#9462 = DIRECTION('',(0.,-4.361938736534E-02,-0.999048221582));
#9463 = ADVANCED_FACE('',(#9464),#9491,.F.);
#9464 = FACE_BOUND('',#9465,.F.);
#9465 = EDGE_LOOP('',(#9466,#9476,#9483,#9484));
#9466 = ORIENTED_EDGE('',*,*,#9467,.F.);
#9467 = EDGE_CURVE('',#9468,#9470,#9472,.T.);
#9468 = VERTEX_POINT('',#9469);
#9469 = CARTESIAN_POINT('',(12.75,0.569683956536,-6.5));
#9470 = VERTEX_POINT('',#9471);
#9471 = CARTESIAN_POINT('',(13.25,0.569683956536,-6.5));
#9472 = LINE('',#9473,#9474);
#9473 = CARTESIAN_POINT('',(12.75,0.569683956536,-6.5));
#9474 = VECTOR('',#9475,1.);
#9475 = DIRECTION('',(1.,5.374889246201E-17,7.281636885445E-15));
#9476 = ORIENTED_EDGE('',*,*,#9477,.F.);
#9477 = EDGE_CURVE('',#9446,#9468,#9478,.T.);
#9478 = CIRCLE('',#9479,1.E-01);
#9479 = AXIS2_PLACEMENT_3D('',#9480,#9481,#9482);
#9480 = CARTESIAN_POINT('',(12.75,0.569683956536,-6.6));
#9481 = DIRECTION('',(-1.,-5.374889246201E-17,-7.281636885445E-15));
#9482 = DIRECTION('',(7.281636885445E-15,3.913799179032E-31,-1.));
#9483 = ORIENTED_EDGE('',*,*,#9453,.T.);
#9484 = ORIENTED_EDGE('',*,*,#9485,.T.);
#9485 = EDGE_CURVE('',#9437,#9470,#9486,.T.);
#9486 = CIRCLE('',#9487,1.E-01);
#9487 = AXIS2_PLACEMENT_3D('',#9488,#9489,#9490);
#9488 = CARTESIAN_POINT('',(13.25,0.569683956536,-6.6));
#9489 = DIRECTION('',(-1.,-5.374889246201E-17,-7.281636885445E-15));
#9490 = DIRECTION('',(7.281636885445E-15,3.913799179032E-31,-1.));
#9491 = CYLINDRICAL_SURFACE('',#9492,1.E-01);
#9492 = AXIS2_PLACEMENT_3D('',#9493,#9494,#9495);
#9493 = CARTESIAN_POINT('',(12.75,0.569683956536,-6.6));
#9494 = DIRECTION('',(1.,5.374889246201E-17,7.281636885445E-15));
#9495 = DIRECTION('',(-7.281636885445E-15,-3.913799179032E-31,1.));
#9496 = ADVANCED_FACE('',(#9497),#9522,.F.);
#9497 = FACE_BOUND('',#9498,.T.);
#9498 = EDGE_LOOP('',(#9499,#9507,#9508,#9516));
#9499 = ORIENTED_EDGE('',*,*,#9500,.F.);
#9500 = EDGE_CURVE('',#9470,#9501,#9503,.T.);
#9501 = VERTEX_POINT('',#9502);
#9502 = CARTESIAN_POINT('',(13.25,2.75,-6.5));
#9503 = LINE('',#9504,#9505);
#9504 = CARTESIAN_POINT('',(13.25,2.75,-6.5));
#9505 = VECTOR('',#9506,1.);
#9506 = DIRECTION('',(0.,1.,-3.978146840632E-16));
#9507 = ORIENTED_EDGE('',*,*,#9467,.F.);
#9508 = ORIENTED_EDGE('',*,*,#9509,.T.);
#9509 = EDGE_CURVE('',#9468,#9510,#9512,.T.);
#9510 = VERTEX_POINT('',#9511);
#9511 = CARTESIAN_POINT('',(12.75,2.75,-6.5));
#9512 = LINE('',#9513,#9514);
#9513 = CARTESIAN_POINT('',(12.75,2.75,-6.5));
#9514 = VECTOR('',#9515,1.);
#9515 = DIRECTION('',(0.,1.,-3.978146840632E-16));
#9516 = ORIENTED_EDGE('',*,*,#9517,.T.);
#9517 = EDGE_CURVE('',#9510,#9501,#9518,.T.);
#9518 = LINE('',#9519,#9520);
#9519 = CARTESIAN_POINT('',(12.75,2.75,-6.5));
#9520 = VECTOR('',#9521,1.);
#9521 = DIRECTION('',(1.,5.374889246201E-17,7.281636885445E-15));
#9522 = PLANE('',#9523);
#9523 = AXIS2_PLACEMENT_3D('',#9524,#9525,#9526);
#9524 = CARTESIAN_POINT('',(12.75,2.75,-6.5));
#9525 = DIRECTION('',(-7.281636885445E-15,3.978146840632E-16,1.));
#9526 = DIRECTION('',(-1.,0.,-7.281636885445E-15));
#9527 = ADVANCED_FACE('',(#9528),#9555,.T.);
#9528 = FACE_BOUND('',#9529,.T.);
#9529 = EDGE_LOOP('',(#9530,#9539,#9540,#9549));
#9530 = ORIENTED_EDGE('',*,*,#9531,.F.);
#9531 = EDGE_CURVE('',#9501,#9532,#9534,.T.);
#9532 = VERTEX_POINT('',#9533);
#9533 = CARTESIAN_POINT('',(13.25,3.35,-5.9));
#9534 = CIRCLE('',#9535,0.6);
#9535 = AXIS2_PLACEMENT_3D('',#9536,#9537,#9538);
#9536 = CARTESIAN_POINT('',(13.25,2.75,-5.9));
#9537 = DIRECTION('',(1.,5.374889246201E-17,7.281636885445E-15));
#9538 = DIRECTION('',(-7.281636885445E-15,7.481740990481E-32,1.));
#9539 = ORIENTED_EDGE('',*,*,#9517,.F.);
#9540 = ORIENTED_EDGE('',*,*,#9541,.T.);
#9541 = EDGE_CURVE('',#9510,#9542,#9544,.T.);
#9542 = VERTEX_POINT('',#9543);
#9543 = CARTESIAN_POINT('',(12.75,3.35,-5.9));
#9544 = CIRCLE('',#9545,0.6);
#9545 = AXIS2_PLACEMENT_3D('',#9546,#9547,#9548);
#9546 = CARTESIAN_POINT('',(12.75,2.75,-5.9));
#9547 = DIRECTION('',(1.,5.374889246201E-17,7.281636885445E-15));
#9548 = DIRECTION('',(-7.281636885445E-15,7.481740990481E-32,1.));
#9549 = ORIENTED_EDGE('',*,*,#9550,.T.);
#9550 = EDGE_CURVE('',#9542,#9532,#9551,.T.);
#9551 = LINE('',#9552,#9553);
#9552 = CARTESIAN_POINT('',(12.75,3.35,-5.9));
#9553 = VECTOR('',#9554,1.);
#9554 = DIRECTION('',(1.,5.374889246201E-17,7.281636885445E-15));
#9555 = CYLINDRICAL_SURFACE('',#9556,0.6);
#9556 = AXIS2_PLACEMENT_3D('',#9557,#9558,#9559);
#9557 = CARTESIAN_POINT('',(12.75,2.75,-5.9));
#9558 = DIRECTION('',(1.,5.374889246201E-17,7.281636885445E-15));
#9559 = DIRECTION('',(-7.281636885445E-15,7.481740990481E-32,1.));
#9560 = ADVANCED_FACE('',(#9561),#9586,.F.);
#9561 = FACE_BOUND('',#9562,.T.);
#9562 = EDGE_LOOP('',(#9563,#9571,#9572,#9580));
#9563 = ORIENTED_EDGE('',*,*,#9564,.F.);
#9564 = EDGE_CURVE('',#9532,#9565,#9567,.T.);
#9565 = VERTEX_POINT('',#9566);
#9566 = CARTESIAN_POINT('',(13.25,3.35,-1.35));
#9567 = LINE('',#9568,#9569);
#9568 = CARTESIAN_POINT('',(13.25,3.35,-1.35));
#9569 = VECTOR('',#9570,1.);
#9570 = DIRECTION('',(-7.243900229354E-15,-9.531447670202E-17,1.));
#9571 = ORIENTED_EDGE('',*,*,#9550,.F.);
#9572 = ORIENTED_EDGE('',*,*,#9573,.T.);
#9573 = EDGE_CURVE('',#9542,#9574,#9576,.T.);
#9574 = VERTEX_POINT('',#9575);
#9575 = CARTESIAN_POINT('',(12.75,3.35,-1.35));
#9576 = LINE('',#9577,#9578);
#9577 = CARTESIAN_POINT('',(12.75,3.35,-1.35));
#9578 = VECTOR('',#9579,1.);
#9579 = DIRECTION('',(-7.243900229354E-15,-9.531447670202E-17,1.));
#9580 = ORIENTED_EDGE('',*,*,#9581,.T.);
#9581 = EDGE_CURVE('',#9574,#9565,#9582,.T.);
#9582 = LINE('',#9583,#9584);
#9583 = CARTESIAN_POINT('',(12.75,3.35,-1.35));
#9584 = VECTOR('',#9585,1.);
#9585 = DIRECTION('',(1.,5.374889246201E-17,7.281636885445E-15));
#9586 = PLANE('',#9587);
#9587 = AXIS2_PLACEMENT_3D('',#9588,#9589,#9590);
#9588 = CARTESIAN_POINT('',(12.75,3.35,-1.35));
#9589 = DIRECTION('',(5.374889246201E-17,-1.,-9.531447670202E-17));
#9590 = DIRECTION('',(0.,9.531447670202E-17,-1.));
#9591 = ADVANCED_FACE('',(#9592),#9617,.F.);
#9592 = FACE_BOUND('',#9593,.T.);
#9593 = EDGE_LOOP('',(#9594,#9595,#9603,#9611));
#9594 = ORIENTED_EDGE('',*,*,#9581,.F.);
#9595 = ORIENTED_EDGE('',*,*,#9596,.F.);
#9596 = EDGE_CURVE('',#9597,#9574,#9599,.T.);
#9597 = VERTEX_POINT('',#9598);
#9598 = CARTESIAN_POINT('',(12.857179676972,3.25,-0.95));
#9599 = LINE('',#9600,#9601);
#9600 = CARTESIAN_POINT('',(12.914195001351,3.196803978153,
    -0.737215912609));
#9601 = VECTOR('',#9602,1.);
#9602 = DIRECTION('',(-0.251587526195,0.234734357577,-0.938937430309));
#9603 = ORIENTED_EDGE('',*,*,#9604,.T.);
#9604 = EDGE_CURVE('',#9597,#9605,#9607,.T.);
#9605 = VERTEX_POINT('',#9606);
#9606 = CARTESIAN_POINT('',(13.142820323027,3.25,-0.95));
#9607 = LINE('',#9608,#9609);
#9608 = CARTESIAN_POINT('',(12.75,3.25,-0.95));
#9609 = VECTOR('',#9610,1.);
#9610 = DIRECTION('',(1.,5.374889246201E-17,7.281636885445E-15));
#9611 = ORIENTED_EDGE('',*,*,#9612,.F.);
#9612 = EDGE_CURVE('',#9565,#9605,#9613,.T.);
#9613 = LINE('',#9614,#9615);
#9614 = CARTESIAN_POINT('',(13.142820323027,3.25,-0.95));
#9615 = VECTOR('',#9616,1.);
#9616 = DIRECTION('',(-0.251587526195,-0.234734357577,0.938937430309));
#9617 = PLANE('',#9618);
#9618 = AXIS2_PLACEMENT_3D('',#9619,#9620,#9621);
#9619 = CARTESIAN_POINT('',(12.75,3.25,-0.95));
#9620 = DIRECTION('',(1.818200438212E-15,-0.970142500145,-0.242535625036
    ));
#9621 = DIRECTION('',(0.,0.242535625036,-0.970142500145));
#9622 = ADVANCED_FACE('',(#9623),#9648,.F.);
#9623 = FACE_BOUND('',#9624,.T.);
#9624 = EDGE_LOOP('',(#9625,#9626,#9634,#9642));
#9625 = ORIENTED_EDGE('',*,*,#9604,.F.);
#9626 = ORIENTED_EDGE('',*,*,#9627,.F.);
#9627 = EDGE_CURVE('',#9628,#9597,#9630,.T.);
#9628 = VERTEX_POINT('',#9629);
#9629 = CARTESIAN_POINT('',(12.857179676972,2.95,-0.95));
#9630 = LINE('',#9631,#9632);
#9631 = CARTESIAN_POINT('',(12.857179676972,3.25,-0.95));
#9632 = VECTOR('',#9633,1.);
#9633 = DIRECTION('',(-5.374889246201E-17,1.,-3.913799179032E-31));
#9634 = ORIENTED_EDGE('',*,*,#9635,.T.);
#9635 = EDGE_CURVE('',#9628,#9636,#9638,.T.);
#9636 = VERTEX_POINT('',#9637);
#9637 = CARTESIAN_POINT('',(13.142820323027,2.95,-0.95));
#9638 = LINE('',#9639,#9640);
#9639 = CARTESIAN_POINT('',(12.75,2.95,-0.95));
#9640 = VECTOR('',#9641,1.);
#9641 = DIRECTION('',(1.,5.374889246201E-17,7.281636885445E-15));
#9642 = ORIENTED_EDGE('',*,*,#9643,.F.);
#9643 = EDGE_CURVE('',#9605,#9636,#9644,.T.);
#9644 = LINE('',#9645,#9646);
#9645 = CARTESIAN_POINT('',(13.142820323027,3.25,-0.95));
#9646 = VECTOR('',#9647,1.);
#9647 = DIRECTION('',(5.374889246201E-17,-1.,3.913799179032E-31));
#9648 = PLANE('',#9649);
#9649 = AXIS2_PLACEMENT_3D('',#9650,#9651,#9652);
#9650 = CARTESIAN_POINT('',(12.75,3.25,-0.95));
#9651 = DIRECTION('',(7.281636885445E-15,0.,-1.));
#9652 = DIRECTION('',(1.,0.,7.281636885445E-15));
#9653 = ADVANCED_FACE('',(#9654),#9679,.F.);
#9654 = FACE_BOUND('',#9655,.T.);
#9655 = EDGE_LOOP('',(#9656,#9657,#9665,#9673));
#9656 = ORIENTED_EDGE('',*,*,#9635,.F.);
#9657 = ORIENTED_EDGE('',*,*,#9658,.F.);
#9658 = EDGE_CURVE('',#9659,#9628,#9661,.T.);
#9659 = VERTEX_POINT('',#9660);
#9660 = CARTESIAN_POINT('',(12.75,2.85,-1.35));
#9661 = LINE('',#9662,#9663);
#9662 = CARTESIAN_POINT('',(12.615333116817,2.724354087466,
    -1.852583650136));
#9663 = VECTOR('',#9664,1.);
#9664 = DIRECTION('',(0.251587526195,0.234734357577,0.938937430309));
#9665 = ORIENTED_EDGE('',*,*,#9666,.T.);
#9666 = EDGE_CURVE('',#9659,#9667,#9669,.T.);
#9667 = VERTEX_POINT('',#9668);
#9668 = CARTESIAN_POINT('',(13.25,2.85,-1.35));
#9669 = LINE('',#9670,#9671);
#9670 = CARTESIAN_POINT('',(12.75,2.85,-1.35));
#9671 = VECTOR('',#9672,1.);
#9672 = DIRECTION('',(1.,5.374889246201E-17,7.281636885445E-15));
#9673 = ORIENTED_EDGE('',*,*,#9674,.F.);
#9674 = EDGE_CURVE('',#9636,#9667,#9675,.T.);
#9675 = LINE('',#9676,#9677);
#9676 = CARTESIAN_POINT('',(13.125103452127,2.966530065588,
    -0.883879737647));
#9677 = VECTOR('',#9678,1.);
#9678 = DIRECTION('',(0.251587526195,-0.234734357577,-0.938937430309));
#9679 = PLANE('',#9680);
#9680 = AXIS2_PLACEMENT_3D('',#9681,#9682,#9683);
#9681 = CARTESIAN_POINT('',(12.75,2.95,-0.95));
#9682 = DIRECTION('',(1.713912268386E-15,0.970142500145,-0.242535625036)
  );
#9683 = DIRECTION('',(0.,0.242535625036,0.970142500145));
#9684 = ADVANCED_FACE('',(#9685),#9701,.F.);
#9685 = FACE_BOUND('',#9686,.T.);
#9686 = EDGE_LOOP('',(#9687,#9693,#9694,#9700));
#9687 = ORIENTED_EDGE('',*,*,#9688,.F.);
#9688 = EDGE_CURVE('',#9667,#9240,#9689,.T.);
#9689 = LINE('',#9690,#9691);
#9690 = CARTESIAN_POINT('',(13.25,2.85,-1.35));
#9691 = VECTOR('',#9692,1.);
#9692 = DIRECTION('',(7.274646834741E-15,0.,-1.));
#9693 = ORIENTED_EDGE('',*,*,#9666,.F.);
#9694 = ORIENTED_EDGE('',*,*,#9695,.T.);
#9695 = EDGE_CURVE('',#9659,#9250,#9696,.T.);
#9696 = LINE('',#9697,#9698);
#9697 = CARTESIAN_POINT('',(12.75,2.85,-1.35));
#9698 = VECTOR('',#9699,1.);
#9699 = DIRECTION('',(7.274646834741E-15,0.,-1.));
#9700 = ORIENTED_EDGE('',*,*,#9249,.T.);
#9701 = PLANE('',#9702);
#9702 = AXIS2_PLACEMENT_3D('',#9703,#9704,#9705);
#9703 = CARTESIAN_POINT('',(12.75,2.85,-1.35));
#9704 = DIRECTION('',(-5.374889246201E-17,1.,-3.910042104196E-31));
#9705 = DIRECTION('',(1.,5.374889246201E-17,0.));
#9706 = ADVANCED_FACE('',(#9707),#9730,.T.);
#9707 = FACE_BOUND('',#9708,.T.);
#9708 = EDGE_LOOP('',(#9709,#9710,#9711,#9712,#9713,#9714,#9720,#9721,
    #9722,#9723,#9724));
#9709 = ORIENTED_EDGE('',*,*,#9573,.F.);
#9710 = ORIENTED_EDGE('',*,*,#9541,.F.);
#9711 = ORIENTED_EDGE('',*,*,#9509,.F.);
#9712 = ORIENTED_EDGE('',*,*,#9477,.F.);
#9713 = ORIENTED_EDGE('',*,*,#9445,.F.);
#9714 = ORIENTED_EDGE('',*,*,#9715,.F.);
#9715 = EDGE_CURVE('',#9322,#9407,#9716,.T.);
#9716 = LINE('',#9717,#9718);
#9717 = CARTESIAN_POINT('',(12.75,0.299619288633,-8.200380711367));
#9718 = VECTOR('',#9719,1.);
#9719 = DIRECTION('',(2.639228045338E-16,0.999048221582,
    -4.361938736534E-02));
#9720 = ORIENTED_EDGE('',*,*,#9321,.F.);
#9721 = ORIENTED_EDGE('',*,*,#9289,.F.);
#9722 = ORIENTED_EDGE('',*,*,#9257,.F.);
#9723 = ORIENTED_EDGE('',*,*,#9695,.F.);
#9724 = ORIENTED_EDGE('',*,*,#9725,.F.);
#9725 = EDGE_CURVE('',#9574,#9659,#9726,.T.);
#9726 = LINE('',#9727,#9728);
#9727 = CARTESIAN_POINT('',(12.75,2.95,-1.35));
#9728 = VECTOR('',#9729,1.);
#9729 = DIRECTION('',(5.374889246201E-17,-1.,3.913799179032E-31));
#9730 = PLANE('',#9731);
#9731 = AXIS2_PLACEMENT_3D('',#9732,#9733,#9734);
#9732 = CARTESIAN_POINT('',(12.75,0.569683956536,-6.6));
#9733 = DIRECTION('',(-1.,-5.374889246201E-17,-7.281636885445E-15));
#9734 = DIRECTION('',(7.281636885445E-15,0.,-1.));
#9735 = ADVANCED_FACE('',(#9736),#9759,.F.);
#9736 = FACE_BOUND('',#9737,.T.);
#9737 = EDGE_LOOP('',(#9738,#9739,#9740,#9741,#9742,#9748,#9749,#9750,
    #9751,#9752,#9753));
#9738 = ORIENTED_EDGE('',*,*,#9688,.T.);
#9739 = ORIENTED_EDGE('',*,*,#9239,.T.);
#9740 = ORIENTED_EDGE('',*,*,#9279,.T.);
#9741 = ORIENTED_EDGE('',*,*,#9312,.T.);
#9742 = ORIENTED_EDGE('',*,*,#9743,.F.);
#9743 = EDGE_CURVE('',#9415,#9313,#9744,.T.);
#9744 = LINE('',#9745,#9746);
#9745 = CARTESIAN_POINT('',(13.25,0.499428932949,-8.20910458884));
#9746 = VECTOR('',#9747,1.);
#9747 = DIRECTION('',(-2.639228045338E-16,-0.999048221582,
    4.361938736534E-02));
#9748 = ORIENTED_EDGE('',*,*,#9436,.T.);
#9749 = ORIENTED_EDGE('',*,*,#9485,.T.);
#9750 = ORIENTED_EDGE('',*,*,#9500,.T.);
#9751 = ORIENTED_EDGE('',*,*,#9531,.T.);
#9752 = ORIENTED_EDGE('',*,*,#9564,.T.);
#9753 = ORIENTED_EDGE('',*,*,#9754,.F.);
#9754 = EDGE_CURVE('',#9667,#9565,#9755,.T.);
#9755 = LINE('',#9756,#9757);
#9756 = CARTESIAN_POINT('',(13.25,0.569683956536,-1.35));
#9757 = VECTOR('',#9758,1.);
#9758 = DIRECTION('',(-5.374889246201E-17,1.,-3.913799179032E-31));
#9759 = PLANE('',#9760);
#9760 = AXIS2_PLACEMENT_3D('',#9761,#9762,#9763);
#9761 = CARTESIAN_POINT('',(13.25,0.569683956536,-6.6));
#9762 = DIRECTION('',(-1.,-5.374889246201E-17,-7.281636885445E-15));
#9763 = DIRECTION('',(7.281636885445E-15,0.,-1.));
#9764 = ADVANCED_FACE('',(#9765),#9771,.F.);
#9765 = FACE_BOUND('',#9766,.T.);
#9766 = EDGE_LOOP('',(#9767,#9768,#9769,#9770));
#9767 = ORIENTED_EDGE('',*,*,#9612,.T.);
#9768 = ORIENTED_EDGE('',*,*,#9643,.T.);
#9769 = ORIENTED_EDGE('',*,*,#9674,.T.);
#9770 = ORIENTED_EDGE('',*,*,#9754,.T.);
#9771 = PLANE('',#9772);
#9772 = AXIS2_PLACEMENT_3D('',#9773,#9774,#9775);
#9773 = CARTESIAN_POINT('',(13.142820323027,3.25,-0.95));
#9774 = DIRECTION('',(-0.965925826289,-5.191744336349E-17,
    -0.258819045103));
#9775 = DIRECTION('',(5.374889246201E-17,-1.,3.89808220744E-31));
#9776 = ADVANCED_FACE('',(#9777),#9783,.T.);
#9777 = FACE_BOUND('',#9778,.T.);
#9778 = EDGE_LOOP('',(#9779,#9780,#9781,#9782));
#9779 = ORIENTED_EDGE('',*,*,#9596,.T.);
#9780 = ORIENTED_EDGE('',*,*,#9725,.T.);
#9781 = ORIENTED_EDGE('',*,*,#9658,.T.);
#9782 = ORIENTED_EDGE('',*,*,#9627,.T.);
#9783 = PLANE('',#9784);
#9784 = AXIS2_PLACEMENT_3D('',#9785,#9786,#9787);
#9785 = CARTESIAN_POINT('',(12.75,0.569683956536,-1.35));
#9786 = DIRECTION('',(-0.965925826289,-5.191744336349E-17,0.258819045103
    ));
#9787 = DIRECTION('',(-5.374889246201E-17,1.,-3.92889708655E-31));
#9788 = ADVANCED_FACE('',(#9789),#9795,.F.);
#9789 = FACE_BOUND('',#9790,.T.);
#9790 = EDGE_LOOP('',(#9791,#9792,#9793,#9794));
#9791 = ORIENTED_EDGE('',*,*,#9360,.T.);
#9792 = ORIENTED_EDGE('',*,*,#9391,.T.);
#9793 = ORIENTED_EDGE('',*,*,#9422,.T.);
#9794 = ORIENTED_EDGE('',*,*,#9743,.T.);
#9795 = PLANE('',#9796);
#9796 = AXIS2_PLACEMENT_3D('',#9797,#9798,#9799);
#9797 = CARTESIAN_POINT('',(13.142820323027,0.282171533687,-8.6));
#9798 = DIRECTION('',(-0.965925826289,1.128952818585E-02,0.258572706721)
  );
#9799 = DIRECTION('',(2.654126918245E-16,0.999048221582,
    -4.361938736534E-02));
#9800 = ADVANCED_FACE('',(#9801),#9807,.T.);
#9801 = FACE_BOUND('',#9802,.T.);
#9802 = EDGE_LOOP('',(#9803,#9804,#9805,#9806));
#9803 = ORIENTED_EDGE('',*,*,#9344,.T.);
#9804 = ORIENTED_EDGE('',*,*,#9715,.T.);
#9805 = ORIENTED_EDGE('',*,*,#9406,.T.);
#9806 = ORIENTED_EDGE('',*,*,#9375,.T.);
#9807 = PLANE('',#9808);
#9808 = AXIS2_PLACEMENT_3D('',#9809,#9810,#9811);
#9809 = CARTESIAN_POINT('',(12.75,0.499428932949,-8.20910458884));
#9810 = DIRECTION('',(-0.965925826289,-1.128952818585E-02,
    -0.258572706721));
#9811 = DIRECTION('',(-2.654126918245E-16,-0.999048221582,
    4.361938736534E-02));
#9812 = MANIFOLD_SOLID_BREP('',#9813);
#9813 = CLOSED_SHELL('',(#9814,#9854,#9885,#9925,#9965,#10083,#10251,
    #10655,#10764,#10795,#10826,#10857,#10881,#10905,#10922,#10953,
    #11267,#11307,#11338,#11362,#11402,#11442,#11482,#11522,#11553,
    #11577,#11617,#11650,#11690,#11732,#11763,#11796,#11818,#11835,
    #11857,#11888,#11910,#11927,#11944,#11956,#11985,#12007,#12021,
    #12051,#12068,#12103,#12125,#12140,#12166,#12183,#12204,#12223,
    #12244,#12256,#12282,#12306,#12330,#12347,#12359,#12399,#12430,
    #12454,#12494,#12534,#12574,#12614,#12645,#12669,#12709,#12742,
    #12782,#12824,#12855,#12888,#12910,#12927,#12949,#12980,#13002,
    #13019,#13036,#13048,#13077,#13099,#13113,#13143,#13160,#13195,
    #13217,#13232,#13258,#13275,#13296,#13315,#13336,#13348,#13374,
    #13396,#13413,#13430,#13442,#13464,#13481,#13498,#13510,#13532,
    #13549,#13566,#13578,#13600,#13617,#13634,#13646,#13668,#13685,
    #13702));
#9814 = ADVANCED_FACE('',(#9815),#9849,.F.);
#9815 = FACE_BOUND('',#9816,.T.);
#9816 = EDGE_LOOP('',(#9817,#9827,#9835,#9843));
#9817 = ORIENTED_EDGE('',*,*,#9818,.F.);
#9818 = EDGE_CURVE('',#9819,#9821,#9823,.T.);
#9819 = VERTEX_POINT('',#9820);
#9820 = CARTESIAN_POINT('',(-0.3,5.16,-5.194983820293E-14));
#9821 = VERTEX_POINT('',#9822);
#9822 = CARTESIAN_POINT('',(12.299999999999,5.16,-5.194983820293E-14));
#9823 = LINE('',#9824,#9825);
#9824 = CARTESIAN_POINT('',(3.95,5.16,-8.317486077051E-14));
#9825 = VECTOR('',#9826,1.);
#9826 = DIRECTION('',(1.,-5.374889246201E-17,-7.391429510507E-15));
#9827 = ORIENTED_EDGE('',*,*,#9828,.F.);
#9828 = EDGE_CURVE('',#9829,#9819,#9831,.T.);
#9829 = VERTEX_POINT('',#9830);
#9830 = CARTESIAN_POINT('',(-0.3,5.,-0.16));
#9831 = LINE('',#9832,#9833);
#9832 = CARTESIAN_POINT('',(-0.3,2.055,-3.105));
#9833 = VECTOR('',#9834,1.);
#9834 = DIRECTION('',(5.037783718416E-15,0.707106781187,0.707106781187)
  );
#9835 = ORIENTED_EDGE('',*,*,#9836,.F.);
#9836 = EDGE_CURVE('',#9837,#9829,#9839,.T.);
#9837 = VERTEX_POINT('',#9838);
#9838 = CARTESIAN_POINT('',(12.299999999999,5.,-0.16));
#9839 = LINE('',#9840,#9841);
#9840 = CARTESIAN_POINT('',(0.3,5.,-0.16));
#9841 = VECTOR('',#9842,1.);
#9842 = DIRECTION('',(-1.,5.374889246201E-17,7.391429510507E-15));
#9843 = ORIENTED_EDGE('',*,*,#9844,.T.);
#9844 = EDGE_CURVE('',#9837,#9821,#9845,.T.);
#9845 = LINE('',#9846,#9847);
#9846 = CARTESIAN_POINT('',(12.299999999999,2.055,-3.105));
#9847 = VECTOR('',#9848,1.);
#9848 = DIRECTION('',(-5.037783718416E-15,0.707106781187,0.707106781187)
  );
#9849 = PLANE('',#9850);
#9850 = AXIS2_PLACEMENT_3D('',#9851,#9852,#9853);
#9851 = CARTESIAN_POINT('',(3.95,5.16,-8.317486077051E-14));
#9852 = DIRECTION('',(-5.188523723201E-15,0.707106781187,-0.707106781187
    ));
#9853 = DIRECTION('',(1.,-5.374889246201E-17,-7.391429510507E-15));
#9854 = ADVANCED_FACE('',(#9855),#9880,.F.);
#9855 = FACE_BOUND('',#9856,.T.);
#9856 = EDGE_LOOP('',(#9857,#9858,#9866,#9874));
#9857 = ORIENTED_EDGE('',*,*,#9836,.T.);
#9858 = ORIENTED_EDGE('',*,*,#9859,.T.);
#9859 = EDGE_CURVE('',#9829,#9860,#9862,.T.);
#9860 = VERTEX_POINT('',#9861);
#9861 = CARTESIAN_POINT('',(-0.3,5.,-4.25));
#9862 = LINE('',#9863,#9864);
#9863 = CARTESIAN_POINT('',(-0.3,5.,-5.25));
#9864 = VECTOR('',#9865,1.);
#9865 = DIRECTION('',(-7.409566345326E-15,-0.,-1.));
#9866 = ORIENTED_EDGE('',*,*,#9867,.F.);
#9867 = EDGE_CURVE('',#9868,#9860,#9870,.T.);
#9868 = VERTEX_POINT('',#9869);
#9869 = CARTESIAN_POINT('',(12.299999999999,5.,-4.25));
#9870 = LINE('',#9871,#9872);
#9871 = CARTESIAN_POINT('',(0.3,5.,-4.25));
#9872 = VECTOR('',#9873,1.);
#9873 = DIRECTION('',(-1.,5.374889246194E-17,-5.629900911267E-31));
#9874 = ORIENTED_EDGE('',*,*,#9875,.F.);
#9875 = EDGE_CURVE('',#9837,#9868,#9876,.T.);
#9876 = LINE('',#9877,#9878);
#9877 = CARTESIAN_POINT('',(12.299999999999,5.,-5.25));
#9878 = VECTOR('',#9879,1.);
#9879 = DIRECTION('',(7.409566345326E-15,-0.,-1.));
#9880 = PLANE('',#9881);
#9881 = AXIS2_PLACEMENT_3D('',#9882,#9883,#9884);
#9882 = CARTESIAN_POINT('',(0.3,5.,-5.25));
#9883 = DIRECTION('',(5.374889246194E-17,1.,-1.047445008333E-14));
#9884 = DIRECTION('',(0.,1.047445008333E-14,1.));
#9885 = ADVANCED_FACE('',(#9886),#9920,.F.);
#9886 = FACE_BOUND('',#9887,.T.);
#9887 = EDGE_LOOP('',(#9888,#9898,#9906,#9914));
#9888 = ORIENTED_EDGE('',*,*,#9889,.T.);
#9889 = EDGE_CURVE('',#9890,#9892,#9894,.T.);
#9890 = VERTEX_POINT('',#9891);
#9891 = CARTESIAN_POINT('',(14.299999999999,0.54,1.031990898986E-14));
#9892 = VERTEX_POINT('',#9893);
#9893 = CARTESIAN_POINT('',(14.299999999999,0.7,-0.16));
#9894 = LINE('',#9895,#9896);
#9895 = CARTESIAN_POINT('',(14.299999999999,0.54,1.031990898986E-14));
#9896 = VECTOR('',#9897,1.);
#9897 = DIRECTION('',(7.666467083417E-15,0.707106781187,-0.707106781187)
  );
#9898 = ORIENTED_EDGE('',*,*,#9899,.F.);
#9899 = EDGE_CURVE('',#9900,#9892,#9902,.T.);
#9900 = VERTEX_POINT('',#9901);
#9901 = CARTESIAN_POINT('',(-2.3,0.7,-0.16));
#9902 = LINE('',#9903,#9904);
#9903 = CARTESIAN_POINT('',(2.3,0.7,-0.16));
#9904 = VECTOR('',#9905,1.);
#9905 = DIRECTION('',(1.,-5.374889246201E-17,-7.391429510507E-15));
#9906 = ORIENTED_EDGE('',*,*,#9907,.T.);
#9907 = EDGE_CURVE('',#9900,#9908,#9910,.T.);
#9908 = VERTEX_POINT('',#9909);
#9909 = CARTESIAN_POINT('',(-2.3,0.54,-1.105361215507E-13));
#9910 = LINE('',#9911,#9912);
#9911 = CARTESIAN_POINT('',(-2.3,0.54,-1.121907476648E-13));
#9912 = VECTOR('',#9913,1.);
#9913 = DIRECTION('',(5.110888613495E-15,-0.707106781187,0.707106781187)
  );
#9914 = ORIENTED_EDGE('',*,*,#9915,.F.);
#9915 = EDGE_CURVE('',#9890,#9908,#9916,.T.);
#9916 = LINE('',#9917,#9918);
#9917 = CARTESIAN_POINT('',(3.95,0.54,-3.478290138553E-14));
#9918 = VECTOR('',#9919,1.);
#9919 = DIRECTION('',(-1.,5.374889246201E-17,7.391429510507E-15));
#9920 = PLANE('',#9921);
#9921 = AXIS2_PLACEMENT_3D('',#9922,#9923,#9924);
#9922 = CARTESIAN_POINT('',(2.3,0.7,-0.16));
#9923 = DIRECTION('',(-5.264536135883E-15,-0.707106781187,
    -0.707106781187));
#9924 = DIRECTION('',(1.,-5.374889246201E-17,-7.391429510507E-15));
#9925 = ADVANCED_FACE('',(#9926),#9960,.F.);
#9926 = FACE_BOUND('',#9927,.T.);
#9927 = EDGE_LOOP('',(#9928,#9938,#9946,#9954));
#9928 = ORIENTED_EDGE('',*,*,#9929,.T.);
#9929 = EDGE_CURVE('',#9930,#9932,#9934,.T.);
#9930 = VERTEX_POINT('',#9931);
#9931 = CARTESIAN_POINT('',(13.825,9.000000000024E-02,0.));
#9932 = VERTEX_POINT('',#9933);
#9933 = CARTESIAN_POINT('',(-1.825,9.000000000024E-02,0.));
#9934 = LINE('',#9935,#9936);
#9935 = CARTESIAN_POINT('',(-1.825,9.000000000024E-02,0.));
#9936 = VECTOR('',#9937,1.);
#9937 = DIRECTION('',(-1.,1.188166764368E-16,-0.));
#9938 = ORIENTED_EDGE('',*,*,#9939,.F.);
#9939 = EDGE_CURVE('',#9940,#9932,#9942,.T.);
#9940 = VERTEX_POINT('',#9941);
#9941 = CARTESIAN_POINT('',(-1.825,9.000000000024E-02,-6.));
#9942 = LINE('',#9943,#9944);
#9943 = CARTESIAN_POINT('',(-1.825,9.000000000024E-02,-8.6));
#9944 = VECTOR('',#9945,1.);
#9945 = DIRECTION('',(-0.,-0.,1.));
#9946 = ORIENTED_EDGE('',*,*,#9947,.F.);
#9947 = EDGE_CURVE('',#9948,#9940,#9950,.T.);
#9948 = VERTEX_POINT('',#9949);
#9949 = CARTESIAN_POINT('',(13.825,9.000000000024E-02,-6.));
#9950 = LINE('',#9951,#9952);
#9951 = CARTESIAN_POINT('',(-3.95,9.000000000024E-02,-6.));
#9952 = VECTOR('',#9953,1.);
#9953 = DIRECTION('',(-1.,1.188166764368E-16,7.281636885445E-15));
#9954 = ORIENTED_EDGE('',*,*,#9955,.T.);
#9955 = EDGE_CURVE('',#9948,#9930,#9956,.T.);
#9956 = LINE('',#9957,#9958);
#9957 = CARTESIAN_POINT('',(13.825,9.000000000024E-02,-8.6));
#9958 = VECTOR('',#9959,1.);
#9959 = DIRECTION('',(0.,0.,1.));
#9960 = PLANE('',#9961);
#9961 = AXIS2_PLACEMENT_3D('',#9962,#9963,#9964);
#9962 = CARTESIAN_POINT('',(-1.825,9.000000000024E-02,-8.6));
#9963 = DIRECTION('',(1.188166764368E-16,1.,0.));
#9964 = DIRECTION('',(-1.,1.188166764368E-16,0.));
#9965 = ADVANCED_FACE('',(#9966),#10078,.F.);
#9966 = FACE_BOUND('',#9967,.T.);
#9967 = EDGE_LOOP('',(#9968,#9969,#9977,#9985,#9993,#10001,#10009,#10017
    ,#10023,#10024,#10032,#10040,#10048,#10056,#10064,#10072));
#9968 = ORIENTED_EDGE('',*,*,#9915,.T.);
#9969 = ORIENTED_EDGE('',*,*,#9970,.F.);
#9970 = EDGE_CURVE('',#9971,#9908,#9973,.T.);
#9971 = VERTEX_POINT('',#9972);
#9972 = CARTESIAN_POINT('',(-2.3,2.55,-1.040834085586E-14));
#9973 = LINE('',#9974,#9975);
#9974 = CARTESIAN_POINT('',(-2.3,5.5,-4.163336342344E-14));
#9975 = VECTOR('',#9976,1.);
#9976 = DIRECTION('',(-0.,-1.,1.047445008333E-14));
#9977 = ORIENTED_EDGE('',*,*,#9978,.T.);
#9978 = EDGE_CURVE('',#9971,#9979,#9981,.T.);
#9979 = VERTEX_POINT('',#9980);
#9980 = CARTESIAN_POINT('',(-3.05,2.55,-3.469446951954E-15));
#9981 = LINE('',#9982,#9983);
#9982 = CARTESIAN_POINT('',(-3.95,2.55,-6.938893903907E-15));
#9983 = VECTOR('',#9984,1.);
#9984 = DIRECTION('',(-1.,5.374889246194E-17,-5.50721740395E-31));
#9985 = ORIENTED_EDGE('',*,*,#9986,.F.);
#9986 = EDGE_CURVE('',#9987,#9979,#9989,.T.);
#9987 = VERTEX_POINT('',#9988);
#9988 = CARTESIAN_POINT('',(-3.05,0.4,1.734723475977E-14));
#9989 = LINE('',#9990,#9991);
#9990 = CARTESIAN_POINT('',(-3.05,5.5,-3.469446951954E-14));
#9991 = VECTOR('',#9992,1.);
#9992 = DIRECTION('',(0.,1.,-1.047445008333E-14));
#9993 = ORIENTED_EDGE('',*,*,#9994,.F.);
#9994 = EDGE_CURVE('',#9995,#9987,#9997,.T.);
#9995 = VERTEX_POINT('',#9996);
#9996 = CARTESIAN_POINT('',(-2.45,0.4,1.734723475977E-14));
#9997 = LINE('',#9998,#9999);
#9998 = CARTESIAN_POINT('',(-2.45,0.4,1.387778780781E-14));
#9999 = VECTOR('',#10000,1.);
#10000 = DIRECTION('',(-1.,5.374889246194E-17,-5.552201356633E-31));
#10001 = ORIENTED_EDGE('',*,*,#10002,.F.);
#10002 = EDGE_CURVE('',#10003,#9995,#10005,.T.);
#10003 = VERTEX_POINT('',#10004);
#10004 = CARTESIAN_POINT('',(-2.45,2.19374499061E-13,1.040834085586E-14)
  );
#10005 = LINE('',#10006,#10007);
#10006 = CARTESIAN_POINT('',(-2.45,5.5,-3.816391647149E-14));
#10007 = VECTOR('',#10008,1.);
#10008 = DIRECTION('',(0.,1.,-1.047445008333E-14));
#10009 = ORIENTED_EDGE('',*,*,#10010,.F.);
#10010 = EDGE_CURVE('',#10011,#10003,#10013,.T.);
#10011 = VERTEX_POINT('',#10012);
#10012 = CARTESIAN_POINT('',(-1.825,2.347493553367E-13,
    -1.734723475977E-14));
#10013 = LINE('',#10014,#10015);
#10014 = CARTESIAN_POINT('',(-3.95,2.348635717332E-13,
    -1.734723475977E-14));
#10015 = VECTOR('',#10016,1.);
#10016 = DIRECTION('',(-1.,5.374889246194E-17,-5.629900911267E-31));
#10017 = ORIENTED_EDGE('',*,*,#10018,.F.);
#10018 = EDGE_CURVE('',#9932,#10011,#10019,.T.);
#10019 = LINE('',#10020,#10021);
#10020 = CARTESIAN_POINT('',(-1.825,9.000000000024E-02,0.));
#10021 = VECTOR('',#10022,1.);
#10022 = DIRECTION('',(0.,-1.,0.));
#10023 = ORIENTED_EDGE('',*,*,#9929,.F.);
#10024 = ORIENTED_EDGE('',*,*,#10025,.T.);
#10025 = EDGE_CURVE('',#9930,#10026,#10028,.T.);
#10026 = VERTEX_POINT('',#10027);
#10027 = CARTESIAN_POINT('',(13.825,2.347493553367E-13,
    -1.734723475977E-14));
#10028 = LINE('',#10029,#10030);
#10029 = CARTESIAN_POINT('',(13.825,9.000000000024E-02,0.));
#10030 = VECTOR('',#10031,1.);
#10031 = DIRECTION('',(0.,-1.,0.));
#10032 = ORIENTED_EDGE('',*,*,#10033,.T.);
#10033 = EDGE_CURVE('',#10026,#10034,#10036,.T.);
#10034 = VERTEX_POINT('',#10035);
#10035 = CARTESIAN_POINT('',(14.449999999999,2.19374499061E-13,
    1.040834085586E-14));
#10036 = LINE('',#10037,#10038);
#10037 = CARTESIAN_POINT('',(15.949999999999,2.348635717332E-13,
    -1.734723475977E-14));
#10038 = VECTOR('',#10039,1.);
#10039 = DIRECTION('',(1.,5.374889246194E-17,-5.629900911267E-31));
#10040 = ORIENTED_EDGE('',*,*,#10041,.T.);
#10041 = EDGE_CURVE('',#10034,#10042,#10044,.T.);
#10042 = VERTEX_POINT('',#10043);
#10043 = CARTESIAN_POINT('',(14.449999999999,0.4,1.734723475977E-14));
#10044 = LINE('',#10045,#10046);
#10045 = CARTESIAN_POINT('',(14.449999999999,5.5,-3.816391647149E-14));
#10046 = VECTOR('',#10047,1.);
#10047 = DIRECTION('',(0.,1.,-1.047445008333E-14));
#10048 = ORIENTED_EDGE('',*,*,#10049,.T.);
#10049 = EDGE_CURVE('',#10042,#10050,#10052,.T.);
#10050 = VERTEX_POINT('',#10051);
#10051 = CARTESIAN_POINT('',(15.049999999999,0.4,1.734723475977E-14));
#10052 = LINE('',#10053,#10054);
#10053 = CARTESIAN_POINT('',(14.449999999999,0.4,1.387778780781E-14));
#10054 = VECTOR('',#10055,1.);
#10055 = DIRECTION('',(1.,5.374889246194E-17,-5.552201356633E-31));
#10056 = ORIENTED_EDGE('',*,*,#10057,.T.);
#10057 = EDGE_CURVE('',#10050,#10058,#10060,.T.);
#10058 = VERTEX_POINT('',#10059);
#10059 = CARTESIAN_POINT('',(15.049999999999,2.55,-3.469446951954E-15));
#10060 = LINE('',#10061,#10062);
#10061 = CARTESIAN_POINT('',(15.049999999999,5.5,-3.469446951954E-14));
#10062 = VECTOR('',#10063,1.);
#10063 = DIRECTION('',(0.,1.,-1.047445008333E-14));
#10064 = ORIENTED_EDGE('',*,*,#10065,.F.);
#10065 = EDGE_CURVE('',#10066,#10058,#10068,.T.);
#10066 = VERTEX_POINT('',#10067);
#10067 = CARTESIAN_POINT('',(14.299999999999,2.55,-1.040834085586E-14));
#10068 = LINE('',#10069,#10070);
#10069 = CARTESIAN_POINT('',(15.949999999999,2.55,-6.938893903907E-15));
#10070 = VECTOR('',#10071,1.);
#10071 = DIRECTION('',(1.,5.374889246194E-17,-5.50721740395E-31));
#10072 = ORIENTED_EDGE('',*,*,#10073,.T.);
#10073 = EDGE_CURVE('',#10066,#9890,#10074,.T.);
#10074 = LINE('',#10075,#10076);
#10075 = CARTESIAN_POINT('',(14.299999999999,5.5,-4.163336342344E-14));
#10076 = VECTOR('',#10077,1.);
#10077 = DIRECTION('',(-0.,-1.,1.047445008333E-14));
#10078 = PLANE('',#10079);
#10079 = AXIS2_PLACEMENT_3D('',#10080,#10081,#10082);
#10080 = CARTESIAN_POINT('',(3.95,5.5,-8.673617379884E-14));
#10081 = DIRECTION('',(-7.391429510507E-15,-1.047445008333E-14,-1.));
#10082 = DIRECTION('',(0.,1.,-1.047445008333E-14));
#10083 = ADVANCED_FACE('',(#10084),#10246,.F.);
#10084 = FACE_BOUND('',#10085,.T.);
#10085 = EDGE_LOOP('',(#10086,#10096,#10104,#10112,#10120,#10128,#10136,
    #10144,#10152,#10160,#10168,#10176,#10184,#10192,#10200,#10208,
    #10216,#10224,#10232,#10240));
#10086 = ORIENTED_EDGE('',*,*,#10087,.F.);
#10087 = EDGE_CURVE('',#10088,#10090,#10092,.T.);
#10088 = VERTEX_POINT('',#10089);
#10089 = CARTESIAN_POINT('',(15.049999999999,5.5,-4.857225732735E-14));
#10090 = VERTEX_POINT('',#10091);
#10091 = CARTESIAN_POINT('',(-1.3,5.5,-7.979727989493E-14));
#10092 = LINE('',#10093,#10094);
#10093 = CARTESIAN_POINT('',(-3.95,5.5,-7.979727989493E-14));
#10094 = VECTOR('',#10095,1.);
#10095 = DIRECTION('',(-1.,5.374889246194E-17,-5.629900911267E-31));
#10096 = ORIENTED_EDGE('',*,*,#10097,.F.);
#10097 = EDGE_CURVE('',#10098,#10088,#10100,.T.);
#10098 = VERTEX_POINT('',#10099);
#10099 = CARTESIAN_POINT('',(15.049999999999,5.5,-0.8));
#10100 = LINE('',#10101,#10102);
#10101 = CARTESIAN_POINT('',(15.049999999999,5.5,2.081668171172E-14));
#10102 = VECTOR('',#10103,1.);
#10103 = DIRECTION('',(-7.281636885445E-15,-0.,1.));
#10104 = ORIENTED_EDGE('',*,*,#10105,.T.);
#10105 = EDGE_CURVE('',#10098,#10106,#10108,.T.);
#10106 = VERTEX_POINT('',#10107);
#10107 = CARTESIAN_POINT('',(15.949999999999,5.5,-0.8));
#10108 = LINE('',#10109,#10110);
#10109 = CARTESIAN_POINT('',(15.949999999999,5.5,-0.8));
#10110 = VECTOR('',#10111,1.);
#10111 = DIRECTION('',(1.,5.374889246194E-17,-5.629900911267E-31));
#10112 = ORIENTED_EDGE('',*,*,#10113,.F.);
#10113 = EDGE_CURVE('',#10114,#10106,#10116,.T.);
#10114 = VERTEX_POINT('',#10115);
#10115 = CARTESIAN_POINT('',(15.949999999999,5.5,-6.));
#10116 = LINE('',#10117,#10118);
#10117 = CARTESIAN_POINT('',(15.949999999999,5.5,-3.122502256758E-14));
#10118 = VECTOR('',#10119,1.);
#10119 = DIRECTION('',(-7.395763429917E-15,-0.,1.));
#10120 = ORIENTED_EDGE('',*,*,#10121,.F.);
#10121 = EDGE_CURVE('',#10122,#10114,#10124,.T.);
#10122 = VERTEX_POINT('',#10123);
#10123 = CARTESIAN_POINT('',(14.299999999999,5.5,-6.));
#10124 = LINE('',#10125,#10126);
#10125 = CARTESIAN_POINT('',(15.949999999999,5.5,-6.));
#10126 = VECTOR('',#10127,1.);
#10127 = DIRECTION('',(1.,7.553458536736E-29,7.281636885445E-15));
#10128 = ORIENTED_EDGE('',*,*,#10129,.T.);
#10129 = EDGE_CURVE('',#10122,#10130,#10132,.T.);
#10130 = VERTEX_POINT('',#10131);
#10131 = CARTESIAN_POINT('',(14.299999999999,5.5,-2.));
#10132 = LINE('',#10133,#10134);
#10133 = CARTESIAN_POINT('',(14.299999999999,5.5,1.040834085586E-14));
#10134 = VECTOR('',#10135,1.);
#10135 = DIRECTION('',(-7.281636885445E-15,-0.,1.));
#10136 = ORIENTED_EDGE('',*,*,#10137,.T.);
#10137 = EDGE_CURVE('',#10130,#10138,#10140,.T.);
#10138 = VERTEX_POINT('',#10139);
#10139 = CARTESIAN_POINT('',(13.299999999999,5.5,-2.));
#10140 = LINE('',#10141,#10142);
#10141 = CARTESIAN_POINT('',(15.949999999999,5.5,-2.));
#10142 = VECTOR('',#10143,1.);
#10143 = DIRECTION('',(-1.,-5.374889246194E-17,5.629900911267E-31));
#10144 = ORIENTED_EDGE('',*,*,#10145,.T.);
#10145 = EDGE_CURVE('',#10138,#10146,#10148,.T.);
#10146 = VERTEX_POINT('',#10147);
#10147 = CARTESIAN_POINT('',(13.299999999999,5.5,-6.));
#10148 = LINE('',#10149,#10150);
#10149 = CARTESIAN_POINT('',(13.299999999999,5.5,-7.6));
#10150 = VECTOR('',#10151,1.);
#10151 = DIRECTION('',(-0.,-1.047445008333E-14,-1.));
#10152 = ORIENTED_EDGE('',*,*,#10153,.T.);
#10153 = EDGE_CURVE('',#10146,#10154,#10156,.T.);
#10154 = VERTEX_POINT('',#10155);
#10155 = CARTESIAN_POINT('',(-1.3,5.5,-6.));
#10156 = LINE('',#10157,#10158);
#10157 = CARTESIAN_POINT('',(-3.95,5.5,-6.));
#10158 = VECTOR('',#10159,1.);
#10159 = DIRECTION('',(-1.,7.553458536736E-29,7.281636885445E-15));
#10160 = ORIENTED_EDGE('',*,*,#10161,.F.);
#10161 = EDGE_CURVE('',#10162,#10154,#10164,.T.);
#10162 = VERTEX_POINT('',#10163);
#10163 = CARTESIAN_POINT('',(-1.3,5.5,-2.));
#10164 = LINE('',#10165,#10166);
#10165 = CARTESIAN_POINT('',(-1.3,5.5,-7.6));
#10166 = VECTOR('',#10167,1.);
#10167 = DIRECTION('',(0.,-1.047445008333E-14,-1.));
#10168 = ORIENTED_EDGE('',*,*,#10169,.F.);
#10169 = EDGE_CURVE('',#10170,#10162,#10172,.T.);
#10170 = VERTEX_POINT('',#10171);
#10171 = CARTESIAN_POINT('',(-2.3,5.5,-2.));
#10172 = LINE('',#10173,#10174);
#10173 = CARTESIAN_POINT('',(-3.95,5.5,-2.));
#10174 = VECTOR('',#10175,1.);
#10175 = DIRECTION('',(1.,-5.374889246194E-17,5.629900911267E-31));
#10176 = ORIENTED_EDGE('',*,*,#10177,.F.);
#10177 = EDGE_CURVE('',#10178,#10170,#10180,.T.);
#10178 = VERTEX_POINT('',#10179);
#10179 = CARTESIAN_POINT('',(-2.3,5.5,-6.));
#10180 = LINE('',#10181,#10182);
#10181 = CARTESIAN_POINT('',(-2.3,5.5,1.040834085586E-14));
#10182 = VECTOR('',#10183,1.);
#10183 = DIRECTION('',(7.281636885445E-15,-0.,1.));
#10184 = ORIENTED_EDGE('',*,*,#10185,.T.);
#10185 = EDGE_CURVE('',#10178,#10186,#10188,.T.);
#10186 = VERTEX_POINT('',#10187);
#10187 = CARTESIAN_POINT('',(-3.95,5.5,-6.));
#10188 = LINE('',#10189,#10190);
#10189 = CARTESIAN_POINT('',(-3.95,5.5,-6.));
#10190 = VECTOR('',#10191,1.);
#10191 = DIRECTION('',(-1.,7.553458536736E-29,7.281636885445E-15));
#10192 = ORIENTED_EDGE('',*,*,#10193,.T.);
#10193 = EDGE_CURVE('',#10186,#10194,#10196,.T.);
#10194 = VERTEX_POINT('',#10195);
#10195 = CARTESIAN_POINT('',(-3.95,5.5,-0.8));
#10196 = LINE('',#10197,#10198);
#10197 = CARTESIAN_POINT('',(-3.95,5.5,-3.122502256758E-14));
#10198 = VECTOR('',#10199,1.);
#10199 = DIRECTION('',(7.395763429917E-15,-0.,1.));
#10200 = ORIENTED_EDGE('',*,*,#10201,.F.);
#10201 = EDGE_CURVE('',#10202,#10194,#10204,.T.);
#10202 = VERTEX_POINT('',#10203);
#10203 = CARTESIAN_POINT('',(-3.05,5.5,-0.8));
#10204 = LINE('',#10205,#10206);
#10205 = CARTESIAN_POINT('',(-3.95,5.5,-0.8));
#10206 = VECTOR('',#10207,1.);
#10207 = DIRECTION('',(-1.,5.374889246194E-17,-5.629900911267E-31));
#10208 = ORIENTED_EDGE('',*,*,#10209,.T.);
#10209 = EDGE_CURVE('',#10202,#10210,#10212,.T.);
#10210 = VERTEX_POINT('',#10211);
#10211 = CARTESIAN_POINT('',(-3.05,5.5,-4.857225732735E-14));
#10212 = LINE('',#10213,#10214);
#10213 = CARTESIAN_POINT('',(-3.05,5.5,2.081668171172E-14));
#10214 = VECTOR('',#10215,1.);
#10215 = DIRECTION('',(7.281636885445E-15,-0.,1.));
#10216 = ORIENTED_EDGE('',*,*,#10217,.F.);
#10217 = EDGE_CURVE('',#10218,#10210,#10220,.T.);
#10218 = VERTEX_POINT('',#10219);
#10219 = CARTESIAN_POINT('',(-2.3,5.5,-6.938893903907E-14));
#10220 = LINE('',#10221,#10222);
#10221 = CARTESIAN_POINT('',(-3.95,5.5,-7.979727989493E-14));
#10222 = VECTOR('',#10223,1.);
#10223 = DIRECTION('',(-1.,5.374889246194E-17,-5.629900911267E-31));
#10224 = ORIENTED_EDGE('',*,*,#10225,.F.);
#10225 = EDGE_CURVE('',#10226,#10218,#10228,.T.);
#10226 = VERTEX_POINT('',#10227);
#10227 = CARTESIAN_POINT('',(-2.3,5.5,-1.));
#10228 = LINE('',#10229,#10230);
#10229 = CARTESIAN_POINT('',(-2.3,5.5,-6.938893903907E-14));
#10230 = VECTOR('',#10231,1.);
#10231 = DIRECTION('',(-8.673617379884E-16,1.040834085586E-14,1.));
#10232 = ORIENTED_EDGE('',*,*,#10233,.F.);
#10233 = EDGE_CURVE('',#10234,#10226,#10236,.T.);
#10234 = VERTEX_POINT('',#10235);
#10235 = CARTESIAN_POINT('',(-1.3,5.5,-1.));
#10236 = LINE('',#10237,#10238);
#10237 = CARTESIAN_POINT('',(-2.3,5.5,-1.));
#10238 = VECTOR('',#10239,1.);
#10239 = DIRECTION('',(-1.,-0.,-0.));
#10240 = ORIENTED_EDGE('',*,*,#10241,.F.);
#10241 = EDGE_CURVE('',#10090,#10234,#10242,.T.);
#10242 = LINE('',#10243,#10244);
#10243 = CARTESIAN_POINT('',(-1.3,5.5,-6.938893903907E-14));
#10244 = VECTOR('',#10245,1.);
#10245 = DIRECTION('',(0.,-1.040834085586E-14,-1.));
#10246 = PLANE('',#10247);
#10247 = AXIS2_PLACEMENT_3D('',#10248,#10249,#10250);
#10248 = CARTESIAN_POINT('',(-3.95,5.5,-7.6));
#10249 = DIRECTION('',(-5.374889246194E-17,-1.,1.047445008333E-14));
#10250 = DIRECTION('',(0.,-1.047445008333E-14,-1.));
#10251 = ADVANCED_FACE('',(#10252,#10286,#10412,#10446,#10480,#10514,
    #10548,#10582,#10616),#10650,.F.);
#10252 = FACE_BOUND('',#10253,.T.);
#10253 = EDGE_LOOP('',(#10254,#10264,#10272,#10280));
#10254 = ORIENTED_EDGE('',*,*,#10255,.T.);
#10255 = EDGE_CURVE('',#10256,#10258,#10260,.T.);
#10256 = VERTEX_POINT('',#10257);
#10257 = CARTESIAN_POINT('',(1.25,3.35,-6.));
#10258 = VERTEX_POINT('',#10259);
#10259 = CARTESIAN_POINT('',(0.75,3.35,-6.));
#10260 = LINE('',#10261,#10262);
#10261 = CARTESIAN_POINT('',(-3.95,3.35,-6.));
#10262 = VECTOR('',#10263,1.);
#10263 = DIRECTION('',(-1.,-0.,7.281636885445E-15));
#10264 = ORIENTED_EDGE('',*,*,#10265,.T.);
#10265 = EDGE_CURVE('',#10258,#10266,#10268,.T.);
#10266 = VERTEX_POINT('',#10267);
#10267 = CARTESIAN_POINT('',(0.75,2.85,-6.));
#10268 = LINE('',#10269,#10270);
#10269 = CARTESIAN_POINT('',(0.75,3.7,-6.));
#10270 = VECTOR('',#10271,1.);
#10271 = DIRECTION('',(0.,-1.,1.037329745436E-14));
#10272 = ORIENTED_EDGE('',*,*,#10273,.T.);
#10273 = EDGE_CURVE('',#10266,#10274,#10276,.T.);
#10274 = VERTEX_POINT('',#10275);
#10275 = CARTESIAN_POINT('',(1.25,2.85,-6.));
#10276 = LINE('',#10277,#10278);
#10277 = CARTESIAN_POINT('',(-3.95,2.85,-6.));
#10278 = VECTOR('',#10279,1.);
#10279 = DIRECTION('',(1.,0.,-7.281636885445E-15));
#10280 = ORIENTED_EDGE('',*,*,#10281,.T.);
#10281 = EDGE_CURVE('',#10274,#10256,#10282,.T.);
#10282 = LINE('',#10283,#10284);
#10283 = CARTESIAN_POINT('',(1.25,3.7,-6.));
#10284 = VECTOR('',#10285,1.);
#10285 = DIRECTION('',(0.,1.,-1.037329745436E-14));
#10286 = FACE_BOUND('',#10287,.T.);
#10287 = EDGE_LOOP('',(#10288,#10289,#10297,#10305,#10313,#10321,#10327,
    #10328,#10336,#10344,#10350,#10351,#10359,#10367,#10373,#10374,
    #10382,#10390,#10398,#10406));
#10288 = ORIENTED_EDGE('',*,*,#9947,.T.);
#10289 = ORIENTED_EDGE('',*,*,#10290,.T.);
#10290 = EDGE_CURVE('',#9940,#10291,#10293,.T.);
#10291 = VERTEX_POINT('',#10292);
#10292 = CARTESIAN_POINT('',(-1.825,2.349227590661E-13,-6.));
#10293 = LINE('',#10294,#10295);
#10294 = CARTESIAN_POINT('',(-1.825,3.7,-6.));
#10295 = VECTOR('',#10296,1.);
#10296 = DIRECTION('',(0.,-1.,1.037329745436E-14));
#10297 = ORIENTED_EDGE('',*,*,#10298,.F.);
#10298 = EDGE_CURVE('',#10299,#10291,#10301,.T.);
#10299 = VERTEX_POINT('',#10300);
#10300 = CARTESIAN_POINT('',(-3.15,1.637735900447E-13,-6.));
#10301 = LINE('',#10302,#10303);
#10302 = CARTESIAN_POINT('',(-3.95,1.720168712332E-13,-6.));
#10303 = VECTOR('',#10304,1.);
#10304 = DIRECTION('',(1.,-5.374889246194E-17,5.629900911267E-31));
#10305 = ORIENTED_EDGE('',*,*,#10306,.F.);
#10306 = EDGE_CURVE('',#10307,#10299,#10309,.T.);
#10307 = VERTEX_POINT('',#10308);
#10308 = CARTESIAN_POINT('',(-3.15,3.7,-6.));
#10309 = LINE('',#10310,#10311);
#10310 = CARTESIAN_POINT('',(-3.15,3.7,-6.));
#10311 = VECTOR('',#10312,1.);
#10312 = DIRECTION('',(0.,-1.,1.037329745436E-14));
#10313 = ORIENTED_EDGE('',*,*,#10314,.T.);
#10314 = EDGE_CURVE('',#10307,#10315,#10317,.T.);
#10315 = VERTEX_POINT('',#10316);
#10316 = CARTESIAN_POINT('',(-3.95,3.7,-6.));
#10317 = LINE('',#10318,#10319);
#10318 = CARTESIAN_POINT('',(-3.95,3.7,-6.));
#10319 = VECTOR('',#10320,1.);
#10320 = DIRECTION('',(-1.,-3.112729592618E-15,1.797135268213E-15));
#10321 = ORIENTED_EDGE('',*,*,#10322,.F.);
#10322 = EDGE_CURVE('',#10186,#10315,#10323,.T.);
#10323 = LINE('',#10324,#10325);
#10324 = CARTESIAN_POINT('',(-3.95,3.7,-6.));
#10325 = VECTOR('',#10326,1.);
#10326 = DIRECTION('',(0.,-1.,1.037329745436E-14));
#10327 = ORIENTED_EDGE('',*,*,#10185,.F.);
#10328 = ORIENTED_EDGE('',*,*,#10329,.F.);
#10329 = EDGE_CURVE('',#10330,#10178,#10332,.T.);
#10330 = VERTEX_POINT('',#10331);
#10331 = CARTESIAN_POINT('',(-2.3,4.2,-6.));
#10332 = LINE('',#10333,#10334);
#10333 = CARTESIAN_POINT('',(-2.3,3.7,-6.));
#10334 = VECTOR('',#10335,1.);
#10335 = DIRECTION('',(-0.,1.,-1.037329745436E-14));
#10336 = ORIENTED_EDGE('',*,*,#10337,.F.);
#10337 = EDGE_CURVE('',#10338,#10330,#10340,.T.);
#10338 = VERTEX_POINT('',#10339);
#10339 = CARTESIAN_POINT('',(-1.3,4.2,-6.));
#10340 = LINE('',#10341,#10342);
#10341 = CARTESIAN_POINT('',(2.3,4.2,-6.));
#10342 = VECTOR('',#10343,1.);
#10343 = DIRECTION('',(-1.,5.374889246193E-17,-5.739594400163E-31));
#10344 = ORIENTED_EDGE('',*,*,#10345,.T.);
#10345 = EDGE_CURVE('',#10338,#10154,#10346,.T.);
#10346 = LINE('',#10347,#10348);
#10347 = CARTESIAN_POINT('',(-1.3,7.689437438255E-02,-6.));
#10348 = VECTOR('',#10349,1.);
#10349 = DIRECTION('',(5.374889246201E-17,1.,-3.972073845008E-31));
#10350 = ORIENTED_EDGE('',*,*,#10153,.F.);
#10351 = ORIENTED_EDGE('',*,*,#10352,.F.);
#10352 = EDGE_CURVE('',#10353,#10146,#10355,.T.);
#10353 = VERTEX_POINT('',#10354);
#10354 = CARTESIAN_POINT('',(13.299999999999,4.2,-6.));
#10355 = LINE('',#10356,#10357);
#10356 = CARTESIAN_POINT('',(13.299999999999,7.689437438255E-02,-6.));
#10357 = VECTOR('',#10358,1.);
#10358 = DIRECTION('',(-5.374889246201E-17,1.,-3.972073845008E-31));
#10359 = ORIENTED_EDGE('',*,*,#10360,.T.);
#10360 = EDGE_CURVE('',#10353,#10361,#10363,.T.);
#10361 = VERTEX_POINT('',#10362);
#10362 = CARTESIAN_POINT('',(14.299999999999,4.2,-6.));
#10363 = LINE('',#10364,#10365);
#10364 = CARTESIAN_POINT('',(9.699999999999,4.2,-6.));
#10365 = VECTOR('',#10366,1.);
#10366 = DIRECTION('',(1.,5.374889246193E-17,-5.739594400163E-31));
#10367 = ORIENTED_EDGE('',*,*,#10368,.T.);
#10368 = EDGE_CURVE('',#10361,#10122,#10369,.T.);
#10369 = LINE('',#10370,#10371);
#10370 = CARTESIAN_POINT('',(14.299999999999,3.7,-6.));
#10371 = VECTOR('',#10372,1.);
#10372 = DIRECTION('',(-0.,1.,-1.037329745436E-14));
#10373 = ORIENTED_EDGE('',*,*,#10121,.T.);
#10374 = ORIENTED_EDGE('',*,*,#10375,.T.);
#10375 = EDGE_CURVE('',#10114,#10376,#10378,.T.);
#10376 = VERTEX_POINT('',#10377);
#10377 = CARTESIAN_POINT('',(15.949999999999,3.7,-6.));
#10378 = LINE('',#10379,#10380);
#10379 = CARTESIAN_POINT('',(15.949999999999,3.7,-6.));
#10380 = VECTOR('',#10381,1.);
#10381 = DIRECTION('',(0.,-1.,1.037329745436E-14));
#10382 = ORIENTED_EDGE('',*,*,#10383,.F.);
#10383 = EDGE_CURVE('',#10384,#10376,#10386,.T.);
#10384 = VERTEX_POINT('',#10385);
#10385 = CARTESIAN_POINT('',(15.149999999999,3.7,-6.));
#10386 = LINE('',#10387,#10388);
#10387 = CARTESIAN_POINT('',(15.949999999999,3.7,-6.));
#10388 = VECTOR('',#10389,1.);
#10389 = DIRECTION('',(1.,-3.112729592618E-15,1.797135268213E-15));
#10390 = ORIENTED_EDGE('',*,*,#10391,.T.);
#10391 = EDGE_CURVE('',#10384,#10392,#10394,.T.);
#10392 = VERTEX_POINT('',#10393);
#10393 = CARTESIAN_POINT('',(15.149999999999,1.637735900447E-13,-6.));
#10394 = LINE('',#10395,#10396);
#10395 = CARTESIAN_POINT('',(15.149999999999,3.7,-6.));
#10396 = VECTOR('',#10397,1.);
#10397 = DIRECTION('',(0.,-1.,1.037329745436E-14));
#10398 = ORIENTED_EDGE('',*,*,#10399,.T.);
#10399 = EDGE_CURVE('',#10392,#10400,#10402,.T.);
#10400 = VERTEX_POINT('',#10401);
#10401 = CARTESIAN_POINT('',(13.825,2.349227590661E-13,-6.));
#10402 = LINE('',#10403,#10404);
#10403 = CARTESIAN_POINT('',(15.949999999999,1.720168712332E-13,-6.));
#10404 = VECTOR('',#10405,1.);
#10405 = DIRECTION('',(-1.,-5.374889246194E-17,5.629900911267E-31));
#10406 = ORIENTED_EDGE('',*,*,#10407,.F.);
#10407 = EDGE_CURVE('',#9948,#10400,#10408,.T.);
#10408 = LINE('',#10409,#10410);
#10409 = CARTESIAN_POINT('',(13.825,3.7,-6.));
#10410 = VECTOR('',#10411,1.);
#10411 = DIRECTION('',(0.,-1.,1.037329745436E-14));
#10412 = FACE_BOUND('',#10413,.T.);
#10413 = EDGE_LOOP('',(#10414,#10424,#10432,#10440));
#10414 = ORIENTED_EDGE('',*,*,#10415,.F.);
#10415 = EDGE_CURVE('',#10416,#10418,#10420,.T.);
#10416 = VERTEX_POINT('',#10417);
#10417 = CARTESIAN_POINT('',(-0.75,3.35,-6.));
#10418 = VERTEX_POINT('',#10419);
#10419 = CARTESIAN_POINT('',(-0.75,2.85,-6.));
#10420 = LINE('',#10421,#10422);
#10421 = CARTESIAN_POINT('',(-0.75,3.7,-6.));
#10422 = VECTOR('',#10423,1.);
#10423 = DIRECTION('',(0.,-1.,1.037329745436E-14));
#10424 = ORIENTED_EDGE('',*,*,#10425,.T.);
#10425 = EDGE_CURVE('',#10416,#10426,#10428,.T.);
#10426 = VERTEX_POINT('',#10427);
#10427 = CARTESIAN_POINT('',(-1.25,3.35,-6.));
#10428 = LINE('',#10429,#10430);
#10429 = CARTESIAN_POINT('',(-0.75,3.35,-6.));
#10430 = VECTOR('',#10431,1.);
#10431 = DIRECTION('',(-1.,-5.374889246201E-17,-7.281636885445E-15));
#10432 = ORIENTED_EDGE('',*,*,#10433,.T.);
#10433 = EDGE_CURVE('',#10426,#10434,#10436,.T.);
#10434 = VERTEX_POINT('',#10435);
#10435 = CARTESIAN_POINT('',(-1.25,2.85,-6.));
#10436 = LINE('',#10437,#10438);
#10437 = CARTESIAN_POINT('',(-1.25,3.7,-6.));
#10438 = VECTOR('',#10439,1.);
#10439 = DIRECTION('',(5.374889246194E-17,-1.,1.037329745436E-14));
#10440 = ORIENTED_EDGE('',*,*,#10441,.F.);
#10441 = EDGE_CURVE('',#10418,#10434,#10442,.T.);
#10442 = LINE('',#10443,#10444);
#10443 = CARTESIAN_POINT('',(-0.75,2.85,-6.));
#10444 = VECTOR('',#10445,1.);
#10445 = DIRECTION('',(-1.,-5.374889246201E-17,-7.281636885445E-15));
#10446 = FACE_BOUND('',#10447,.T.);
#10447 = EDGE_LOOP('',(#10448,#10458,#10466,#10474));
#10448 = ORIENTED_EDGE('',*,*,#10449,.T.);
#10449 = EDGE_CURVE('',#10450,#10452,#10454,.T.);
#10450 = VERTEX_POINT('',#10451);
#10451 = CARTESIAN_POINT('',(3.25,3.35,-6.));
#10452 = VERTEX_POINT('',#10453);
#10453 = CARTESIAN_POINT('',(2.75,3.35,-6.));
#10454 = LINE('',#10455,#10456);
#10455 = CARTESIAN_POINT('',(-1.95,3.35,-6.));
#10456 = VECTOR('',#10457,1.);
#10457 = DIRECTION('',(-1.,-0.,7.281636885445E-15));
#10458 = ORIENTED_EDGE('',*,*,#10459,.T.);
#10459 = EDGE_CURVE('',#10452,#10460,#10462,.T.);
#10460 = VERTEX_POINT('',#10461);
#10461 = CARTESIAN_POINT('',(2.75,2.85,-6.));
#10462 = LINE('',#10463,#10464);
#10463 = CARTESIAN_POINT('',(2.75,3.7,-6.));
#10464 = VECTOR('',#10465,1.);
#10465 = DIRECTION('',(0.,-1.,1.037329745436E-14));
#10466 = ORIENTED_EDGE('',*,*,#10467,.T.);
#10467 = EDGE_CURVE('',#10460,#10468,#10470,.T.);
#10468 = VERTEX_POINT('',#10469);
#10469 = CARTESIAN_POINT('',(3.25,2.85,-6.));
#10470 = LINE('',#10471,#10472);
#10471 = CARTESIAN_POINT('',(-1.95,2.85,-6.));
#10472 = VECTOR('',#10473,1.);
#10473 = DIRECTION('',(1.,0.,-7.281636885445E-15));
#10474 = ORIENTED_EDGE('',*,*,#10475,.T.);
#10475 = EDGE_CURVE('',#10468,#10450,#10476,.T.);
#10476 = LINE('',#10477,#10478);
#10477 = CARTESIAN_POINT('',(3.25,3.7,-6.));
#10478 = VECTOR('',#10479,1.);
#10479 = DIRECTION('',(0.,1.,-1.037329745436E-14));
#10480 = FACE_BOUND('',#10481,.T.);
#10481 = EDGE_LOOP('',(#10482,#10492,#10500,#10508));
#10482 = ORIENTED_EDGE('',*,*,#10483,.T.);
#10483 = EDGE_CURVE('',#10484,#10486,#10488,.T.);
#10484 = VERTEX_POINT('',#10485);
#10485 = CARTESIAN_POINT('',(5.25,3.35,-6.));
#10486 = VERTEX_POINT('',#10487);
#10487 = CARTESIAN_POINT('',(4.75,3.35,-6.));
#10488 = LINE('',#10489,#10490);
#10489 = CARTESIAN_POINT('',(5.000000000021E-02,3.35,-6.));
#10490 = VECTOR('',#10491,1.);
#10491 = DIRECTION('',(-1.,-0.,7.281636885445E-15));
#10492 = ORIENTED_EDGE('',*,*,#10493,.T.);
#10493 = EDGE_CURVE('',#10486,#10494,#10496,.T.);
#10494 = VERTEX_POINT('',#10495);
#10495 = CARTESIAN_POINT('',(4.75,2.85,-6.));
#10496 = LINE('',#10497,#10498);
#10497 = CARTESIAN_POINT('',(4.75,3.7,-6.));
#10498 = VECTOR('',#10499,1.);
#10499 = DIRECTION('',(0.,-1.,1.037329745436E-14));
#10500 = ORIENTED_EDGE('',*,*,#10501,.T.);
#10501 = EDGE_CURVE('',#10494,#10502,#10504,.T.);
#10502 = VERTEX_POINT('',#10503);
#10503 = CARTESIAN_POINT('',(5.25,2.85,-6.));
#10504 = LINE('',#10505,#10506);
#10505 = CARTESIAN_POINT('',(5.000000000021E-02,2.85,-6.));
#10506 = VECTOR('',#10507,1.);
#10507 = DIRECTION('',(1.,0.,-7.281636885445E-15));
#10508 = ORIENTED_EDGE('',*,*,#10509,.T.);
#10509 = EDGE_CURVE('',#10502,#10484,#10510,.T.);
#10510 = LINE('',#10511,#10512);
#10511 = CARTESIAN_POINT('',(5.25,3.7,-6.));
#10512 = VECTOR('',#10513,1.);
#10513 = DIRECTION('',(0.,1.,-1.037329745436E-14));
#10514 = FACE_BOUND('',#10515,.T.);
#10515 = EDGE_LOOP('',(#10516,#10526,#10534,#10542));
#10516 = ORIENTED_EDGE('',*,*,#10517,.T.);
#10517 = EDGE_CURVE('',#10518,#10520,#10522,.T.);
#10518 = VERTEX_POINT('',#10519);
#10519 = CARTESIAN_POINT('',(7.25,3.35,-6.));
#10520 = VERTEX_POINT('',#10521);
#10521 = CARTESIAN_POINT('',(6.75,3.35,-6.));
#10522 = LINE('',#10523,#10524);
#10523 = CARTESIAN_POINT('',(2.05,3.35,-6.));
#10524 = VECTOR('',#10525,1.);
#10525 = DIRECTION('',(-1.,-0.,7.281636885445E-15));
#10526 = ORIENTED_EDGE('',*,*,#10527,.T.);
#10527 = EDGE_CURVE('',#10520,#10528,#10530,.T.);
#10528 = VERTEX_POINT('',#10529);
#10529 = CARTESIAN_POINT('',(6.75,2.85,-6.));
#10530 = LINE('',#10531,#10532);
#10531 = CARTESIAN_POINT('',(6.75,3.7,-6.));
#10532 = VECTOR('',#10533,1.);
#10533 = DIRECTION('',(0.,-1.,1.037329745436E-14));
#10534 = ORIENTED_EDGE('',*,*,#10535,.T.);
#10535 = EDGE_CURVE('',#10528,#10536,#10538,.T.);
#10536 = VERTEX_POINT('',#10537);
#10537 = CARTESIAN_POINT('',(7.25,2.85,-6.));
#10538 = LINE('',#10539,#10540);
#10539 = CARTESIAN_POINT('',(2.05,2.85,-6.));
#10540 = VECTOR('',#10541,1.);
#10541 = DIRECTION('',(1.,0.,-7.281636885445E-15));
#10542 = ORIENTED_EDGE('',*,*,#10543,.T.);
#10543 = EDGE_CURVE('',#10536,#10518,#10544,.T.);
#10544 = LINE('',#10545,#10546);
#10545 = CARTESIAN_POINT('',(7.25,3.7,-6.));
#10546 = VECTOR('',#10547,1.);
#10547 = DIRECTION('',(0.,1.,-1.037329745436E-14));
#10548 = FACE_BOUND('',#10549,.T.);
#10549 = EDGE_LOOP('',(#10550,#10560,#10568,#10576));
#10550 = ORIENTED_EDGE('',*,*,#10551,.T.);
#10551 = EDGE_CURVE('',#10552,#10554,#10556,.T.);
#10552 = VERTEX_POINT('',#10553);
#10553 = CARTESIAN_POINT('',(9.25,3.35,-6.));
#10554 = VERTEX_POINT('',#10555);
#10555 = CARTESIAN_POINT('',(8.75,3.35,-6.));
#10556 = LINE('',#10557,#10558);
#10557 = CARTESIAN_POINT('',(4.05,3.35,-6.));
#10558 = VECTOR('',#10559,1.);
#10559 = DIRECTION('',(-1.,-0.,7.281636885445E-15));
#10560 = ORIENTED_EDGE('',*,*,#10561,.T.);
#10561 = EDGE_CURVE('',#10554,#10562,#10564,.T.);
#10562 = VERTEX_POINT('',#10563);
#10563 = CARTESIAN_POINT('',(8.75,2.85,-6.));
#10564 = LINE('',#10565,#10566);
#10565 = CARTESIAN_POINT('',(8.75,3.7,-6.));
#10566 = VECTOR('',#10567,1.);
#10567 = DIRECTION('',(0.,-1.,1.037329745436E-14));
#10568 = ORIENTED_EDGE('',*,*,#10569,.T.);
#10569 = EDGE_CURVE('',#10562,#10570,#10572,.T.);
#10570 = VERTEX_POINT('',#10571);
#10571 = CARTESIAN_POINT('',(9.25,2.85,-6.));
#10572 = LINE('',#10573,#10574);
#10573 = CARTESIAN_POINT('',(4.05,2.85,-6.));
#10574 = VECTOR('',#10575,1.);
#10575 = DIRECTION('',(1.,0.,-7.281636885445E-15));
#10576 = ORIENTED_EDGE('',*,*,#10577,.T.);
#10577 = EDGE_CURVE('',#10570,#10552,#10578,.T.);
#10578 = LINE('',#10579,#10580);
#10579 = CARTESIAN_POINT('',(9.25,3.7,-6.));
#10580 = VECTOR('',#10581,1.);
#10581 = DIRECTION('',(0.,1.,-1.037329745436E-14));
#10582 = FACE_BOUND('',#10583,.T.);
#10583 = EDGE_LOOP('',(#10584,#10594,#10602,#10610));
#10584 = ORIENTED_EDGE('',*,*,#10585,.T.);
#10585 = EDGE_CURVE('',#10586,#10588,#10590,.T.);
#10586 = VERTEX_POINT('',#10587);
#10587 = CARTESIAN_POINT('',(11.25,3.35,-6.));
#10588 = VERTEX_POINT('',#10589);
#10589 = CARTESIAN_POINT('',(10.75,3.35,-6.));
#10590 = LINE('',#10591,#10592);
#10591 = CARTESIAN_POINT('',(6.05,3.35,-6.));
#10592 = VECTOR('',#10593,1.);
#10593 = DIRECTION('',(-1.,-0.,7.281636885445E-15));
#10594 = ORIENTED_EDGE('',*,*,#10595,.T.);
#10595 = EDGE_CURVE('',#10588,#10596,#10598,.T.);
#10596 = VERTEX_POINT('',#10597);
#10597 = CARTESIAN_POINT('',(10.75,2.85,-6.));
#10598 = LINE('',#10599,#10600);
#10599 = CARTESIAN_POINT('',(10.75,3.7,-6.));
#10600 = VECTOR('',#10601,1.);
#10601 = DIRECTION('',(0.,-1.,1.037329745436E-14));
#10602 = ORIENTED_EDGE('',*,*,#10603,.T.);
#10603 = EDGE_CURVE('',#10596,#10604,#10606,.T.);
#10604 = VERTEX_POINT('',#10605);
#10605 = CARTESIAN_POINT('',(11.25,2.85,-6.));
#10606 = LINE('',#10607,#10608);
#10607 = CARTESIAN_POINT('',(6.05,2.85,-6.));
#10608 = VECTOR('',#10609,1.);
#10609 = DIRECTION('',(1.,0.,-7.281636885445E-15));
#10610 = ORIENTED_EDGE('',*,*,#10611,.T.);
#10611 = EDGE_CURVE('',#10604,#10586,#10612,.T.);
#10612 = LINE('',#10613,#10614);
#10613 = CARTESIAN_POINT('',(11.25,3.7,-6.));
#10614 = VECTOR('',#10615,1.);
#10615 = DIRECTION('',(0.,1.,-1.037329745436E-14));
#10616 = FACE_BOUND('',#10617,.T.);
#10617 = EDGE_LOOP('',(#10618,#10628,#10636,#10644));
#10618 = ORIENTED_EDGE('',*,*,#10619,.T.);
#10619 = EDGE_CURVE('',#10620,#10622,#10624,.T.);
#10620 = VERTEX_POINT('',#10621);
#10621 = CARTESIAN_POINT('',(12.75,3.35,-6.));
#10622 = VERTEX_POINT('',#10623);
#10623 = CARTESIAN_POINT('',(12.75,2.85,-6.));
#10624 = LINE('',#10625,#10626);
#10625 = CARTESIAN_POINT('',(12.749999999999,3.7,-6.));
#10626 = VECTOR('',#10627,1.);
#10627 = DIRECTION('',(0.,-1.,1.037329745436E-14));
#10628 = ORIENTED_EDGE('',*,*,#10629,.T.);
#10629 = EDGE_CURVE('',#10622,#10630,#10632,.T.);
#10630 = VERTEX_POINT('',#10631);
#10631 = CARTESIAN_POINT('',(13.25,2.85,-6.));
#10632 = LINE('',#10633,#10634);
#10633 = CARTESIAN_POINT('',(12.75,2.85,-6.));
#10634 = VECTOR('',#10635,1.);
#10635 = DIRECTION('',(1.,-5.374889246201E-17,-7.281636885445E-15));
#10636 = ORIENTED_EDGE('',*,*,#10637,.F.);
#10637 = EDGE_CURVE('',#10638,#10630,#10640,.T.);
#10638 = VERTEX_POINT('',#10639);
#10639 = CARTESIAN_POINT('',(13.25,3.35,-6.));
#10640 = LINE('',#10641,#10642);
#10641 = CARTESIAN_POINT('',(13.25,3.7,-6.));
#10642 = VECTOR('',#10643,1.);
#10643 = DIRECTION('',(-5.374889246194E-17,-1.,1.037329745436E-14));
#10644 = ORIENTED_EDGE('',*,*,#10645,.F.);
#10645 = EDGE_CURVE('',#10620,#10638,#10646,.T.);
#10646 = LINE('',#10647,#10648);
#10647 = CARTESIAN_POINT('',(12.75,3.35,-6.));
#10648 = VECTOR('',#10649,1.);
#10649 = DIRECTION('',(1.,-5.374889246201E-17,-7.281636885445E-15));
#10650 = PLANE('',#10651);
#10651 = AXIS2_PLACEMENT_3D('',#10652,#10653,#10654);
#10652 = CARTESIAN_POINT('',(-3.95,3.7,-6.));
#10653 = DIRECTION('',(7.281636885445E-15,1.037329745436E-14,1.));
#10654 = DIRECTION('',(0.,-1.,1.037329745436E-14));
#10655 = ADVANCED_FACE('',(#10656),#10759,.F.);
#10656 = FACE_BOUND('',#10657,.T.);
#10657 = EDGE_LOOP('',(#10658,#10666,#10667,#10675,#10683,#10689,#10690,
    #10698,#10706,#10714,#10722,#10728,#10729,#10737,#10745,#10753));
#10658 = ORIENTED_EDGE('',*,*,#10659,.T.);
#10659 = EDGE_CURVE('',#10660,#10088,#10662,.T.);
#10660 = VERTEX_POINT('',#10661);
#10661 = CARTESIAN_POINT('',(15.049999999999,3.35,-2.428612866368E-14));
#10662 = LINE('',#10663,#10664);
#10663 = CARTESIAN_POINT('',(15.049999999999,5.5,-3.469446951954E-14));
#10664 = VECTOR('',#10665,1.);
#10665 = DIRECTION('',(0.,1.,-1.047445008333E-14));
#10666 = ORIENTED_EDGE('',*,*,#10087,.T.);
#10667 = ORIENTED_EDGE('',*,*,#10668,.F.);
#10668 = EDGE_CURVE('',#10669,#10090,#10671,.T.);
#10669 = VERTEX_POINT('',#10670);
#10670 = CARTESIAN_POINT('',(-1.3,5.,-6.415171399741E-14));
#10671 = LINE('',#10672,#10673);
#10672 = CARTESIAN_POINT('',(-1.3,5.,-6.415171399741E-14));
#10673 = VECTOR('',#10674,1.);
#10674 = DIRECTION('',(5.374889246194E-17,1.,-1.047445008333E-14));
#10675 = ORIENTED_EDGE('',*,*,#10676,.F.);
#10676 = EDGE_CURVE('',#10677,#10669,#10679,.T.);
#10677 = VERTEX_POINT('',#10678);
#10678 = CARTESIAN_POINT('',(-2.3,5.,-6.415171399741E-14));
#10679 = LINE('',#10680,#10681);
#10680 = CARTESIAN_POINT('',(-2.3,5.,-6.415171399741E-14));
#10681 = VECTOR('',#10682,1.);
#10682 = DIRECTION('',(1.,0.,0.));
#10683 = ORIENTED_EDGE('',*,*,#10684,.T.);
#10684 = EDGE_CURVE('',#10677,#10218,#10685,.T.);
#10685 = LINE('',#10686,#10687);
#10686 = CARTESIAN_POINT('',(-2.3,5.,-6.415171399741E-14));
#10687 = VECTOR('',#10688,1.);
#10688 = DIRECTION('',(5.374889246194E-17,1.,-1.047445008333E-14));
#10689 = ORIENTED_EDGE('',*,*,#10217,.T.);
#10690 = ORIENTED_EDGE('',*,*,#10691,.F.);
#10691 = EDGE_CURVE('',#10692,#10210,#10694,.T.);
#10692 = VERTEX_POINT('',#10693);
#10693 = CARTESIAN_POINT('',(-3.05,3.35,-2.428612866368E-14));
#10694 = LINE('',#10695,#10696);
#10695 = CARTESIAN_POINT('',(-3.05,5.5,-3.469446951954E-14));
#10696 = VECTOR('',#10697,1.);
#10697 = DIRECTION('',(0.,1.,-1.047445008333E-14));
#10698 = ORIENTED_EDGE('',*,*,#10699,.T.);
#10699 = EDGE_CURVE('',#10692,#10700,#10702,.T.);
#10700 = VERTEX_POINT('',#10701);
#10701 = CARTESIAN_POINT('',(-2.3,3.35,-1.734723475977E-14));
#10702 = LINE('',#10703,#10704);
#10703 = CARTESIAN_POINT('',(-3.95,3.35,-1.040834085586E-14));
#10704 = VECTOR('',#10705,1.);
#10705 = DIRECTION('',(1.,-5.374889246194E-17,5.384533896632E-31));
#10706 = ORIENTED_EDGE('',*,*,#10707,.F.);
#10707 = EDGE_CURVE('',#10708,#10700,#10710,.T.);
#10708 = VERTEX_POINT('',#10709);
#10709 = CARTESIAN_POINT('',(-2.3,4.43,-3.042570183428E-14));
#10710 = LINE('',#10711,#10712);
#10711 = CARTESIAN_POINT('',(-2.3,5.5,-4.163336342344E-14));
#10712 = VECTOR('',#10713,1.);
#10713 = DIRECTION('',(-0.,-1.,1.047445008333E-14));
#10714 = ORIENTED_EDGE('',*,*,#10715,.T.);
#10715 = EDGE_CURVE('',#10708,#10716,#10718,.T.);
#10716 = VERTEX_POINT('',#10717);
#10717 = CARTESIAN_POINT('',(-0.3,4.43,-4.43034896421E-14));
#10718 = LINE('',#10719,#10720);
#10719 = CARTESIAN_POINT('',(3.95,4.43,-7.552851220968E-14));
#10720 = VECTOR('',#10721,1.);
#10721 = DIRECTION('',(1.,-5.374889246201E-17,-7.391429510507E-15));
#10722 = ORIENTED_EDGE('',*,*,#10723,.F.);
#10723 = EDGE_CURVE('',#9819,#10716,#10724,.T.);
#10724 = LINE('',#10725,#10726);
#10725 = CARTESIAN_POINT('',(-0.3,5.5,-5.551115123126E-14));
#10726 = VECTOR('',#10727,1.);
#10727 = DIRECTION('',(-0.,-1.,1.047445008333E-14));
#10728 = ORIENTED_EDGE('',*,*,#9818,.T.);
#10729 = ORIENTED_EDGE('',*,*,#10730,.T.);
#10730 = EDGE_CURVE('',#9821,#10731,#10733,.T.);
#10731 = VERTEX_POINT('',#10732);
#10732 = CARTESIAN_POINT('',(12.299999999999,4.43,-4.43034896421E-14));
#10733 = LINE('',#10734,#10735);
#10734 = CARTESIAN_POINT('',(12.299999999999,5.5,-5.551115123126E-14));
#10735 = VECTOR('',#10736,1.);
#10736 = DIRECTION('',(-0.,-1.,1.047445008333E-14));
#10737 = ORIENTED_EDGE('',*,*,#10738,.F.);
#10738 = EDGE_CURVE('',#10739,#10731,#10741,.T.);
#10739 = VERTEX_POINT('',#10740);
#10740 = CARTESIAN_POINT('',(14.299999999999,4.43,-3.042570183428E-14));
#10741 = LINE('',#10742,#10743);
#10742 = CARTESIAN_POINT('',(8.049999999999,4.43,-7.552851220968E-14));
#10743 = VECTOR('',#10744,1.);
#10744 = DIRECTION('',(-1.,-5.374889246201E-17,-7.391429510507E-15));
#10745 = ORIENTED_EDGE('',*,*,#10746,.T.);
#10746 = EDGE_CURVE('',#10739,#10747,#10749,.T.);
#10747 = VERTEX_POINT('',#10748);
#10748 = CARTESIAN_POINT('',(14.299999999999,3.35,-1.734723475977E-14));
#10749 = LINE('',#10750,#10751);
#10750 = CARTESIAN_POINT('',(14.299999999999,5.5,-4.163336342344E-14));
#10751 = VECTOR('',#10752,1.);
#10752 = DIRECTION('',(-0.,-1.,1.047445008333E-14));
#10753 = ORIENTED_EDGE('',*,*,#10754,.F.);
#10754 = EDGE_CURVE('',#10660,#10747,#10755,.T.);
#10755 = LINE('',#10756,#10757);
#10756 = CARTESIAN_POINT('',(15.949999999999,3.35,-1.040834085586E-14));
#10757 = VECTOR('',#10758,1.);
#10758 = DIRECTION('',(-1.,-5.374889246194E-17,5.384533896632E-31));
#10759 = PLANE('',#10760);
#10760 = AXIS2_PLACEMENT_3D('',#10761,#10762,#10763);
#10761 = CARTESIAN_POINT('',(3.95,5.5,-8.673617379884E-14));
#10762 = DIRECTION('',(-7.391429510507E-15,-1.047445008333E-14,-1.));
#10763 = DIRECTION('',(0.,1.,-1.047445008333E-14));
#10764 = ADVANCED_FACE('',(#10765),#10790,.F.);
#10765 = FACE_BOUND('',#10766,.T.);
#10766 = EDGE_LOOP('',(#10767,#10777,#10783,#10784));
#10767 = ORIENTED_EDGE('',*,*,#10768,.F.);
#10768 = EDGE_CURVE('',#10769,#10771,#10773,.T.);
#10769 = VERTEX_POINT('',#10770);
#10770 = CARTESIAN_POINT('',(-2.3,0.7,-4.85));
#10771 = VERTEX_POINT('',#10772);
#10772 = CARTESIAN_POINT('',(14.299999999999,0.7,-4.85));
#10773 = LINE('',#10774,#10775);
#10774 = CARTESIAN_POINT('',(2.3,0.7,-4.85));
#10775 = VECTOR('',#10776,1.);
#10776 = DIRECTION('',(1.,-5.374889246194E-17,5.617885516221E-31));
#10777 = ORIENTED_EDGE('',*,*,#10778,.F.);
#10778 = EDGE_CURVE('',#9900,#10769,#10779,.T.);
#10779 = LINE('',#10780,#10781);
#10780 = CARTESIAN_POINT('',(-2.3,0.7,-4.85));
#10781 = VECTOR('',#10782,1.);
#10782 = DIRECTION('',(0.,-1.045209539936E-14,-1.));
#10783 = ORIENTED_EDGE('',*,*,#9899,.T.);
#10784 = ORIENTED_EDGE('',*,*,#10785,.T.);
#10785 = EDGE_CURVE('',#9892,#10771,#10786,.T.);
#10786 = LINE('',#10787,#10788);
#10787 = CARTESIAN_POINT('',(14.299999999999,0.7,-4.85));
#10788 = VECTOR('',#10789,1.);
#10789 = DIRECTION('',(-0.,-1.045209539936E-14,-1.));
#10790 = PLANE('',#10791);
#10791 = AXIS2_PLACEMENT_3D('',#10792,#10793,#10794);
#10792 = CARTESIAN_POINT('',(2.3,0.7,-4.85));
#10793 = DIRECTION('',(-5.374889246194E-17,-1.,1.045209539936E-14));
#10794 = DIRECTION('',(0.,-1.045209539936E-14,-1.));
#10795 = ADVANCED_FACE('',(#10796),#10821,.F.);
#10796 = FACE_BOUND('',#10797,.T.);
#10797 = EDGE_LOOP('',(#10798,#10808,#10814,#10815));
#10798 = ORIENTED_EDGE('',*,*,#10799,.F.);
#10799 = EDGE_CURVE('',#10800,#10802,#10804,.T.);
#10800 = VERTEX_POINT('',#10801);
#10801 = CARTESIAN_POINT('',(-2.3,2.225,-4.85));
#10802 = VERTEX_POINT('',#10803);
#10803 = CARTESIAN_POINT('',(14.299999999999,2.225,-4.85));
#10804 = LINE('',#10805,#10806);
#10805 = CARTESIAN_POINT('',(2.3,2.225,-4.85));
#10806 = VECTOR('',#10807,1.);
#10807 = DIRECTION('',(1.,-7.627114208152E-29,-7.281636885445E-15));
#10808 = ORIENTED_EDGE('',*,*,#10809,.F.);
#10809 = EDGE_CURVE('',#10769,#10800,#10810,.T.);
#10810 = LINE('',#10811,#10812);
#10811 = CARTESIAN_POINT('',(-2.3,0.7,-4.85));
#10812 = VECTOR('',#10813,1.);
#10813 = DIRECTION('',(5.374889246201E-17,1.,-3.913799179032E-31));
#10814 = ORIENTED_EDGE('',*,*,#10768,.T.);
#10815 = ORIENTED_EDGE('',*,*,#10816,.T.);
#10816 = EDGE_CURVE('',#10771,#10802,#10817,.T.);
#10817 = LINE('',#10818,#10819);
#10818 = CARTESIAN_POINT('',(14.299999999999,0.7,-4.85));
#10819 = VECTOR('',#10820,1.);
#10820 = DIRECTION('',(-5.374889246201E-17,1.,-3.913799179032E-31));
#10821 = PLANE('',#10822);
#10822 = AXIS2_PLACEMENT_3D('',#10823,#10824,#10825);
#10823 = CARTESIAN_POINT('',(2.3,2.225,-4.85));
#10824 = DIRECTION('',(-7.281636885445E-15,-1.047445008333E-14,-1.));
#10825 = DIRECTION('',(0.,1.,-1.047445008333E-14));
#10826 = ADVANCED_FACE('',(#10827),#10852,.F.);
#10827 = FACE_BOUND('',#10828,.T.);
#10828 = EDGE_LOOP('',(#10829,#10837,#10838,#10846));
#10829 = ORIENTED_EDGE('',*,*,#10830,.F.);
#10830 = EDGE_CURVE('',#10258,#10831,#10833,.T.);
#10831 = VERTEX_POINT('',#10832);
#10832 = CARTESIAN_POINT('',(0.75,3.35,-4.25));
#10833 = LINE('',#10834,#10835);
#10834 = CARTESIAN_POINT('',(0.75,3.35,-8.6));
#10835 = VECTOR('',#10836,1.);
#10836 = DIRECTION('',(-0.,-0.,1.));
#10837 = ORIENTED_EDGE('',*,*,#10255,.F.);
#10838 = ORIENTED_EDGE('',*,*,#10839,.T.);
#10839 = EDGE_CURVE('',#10256,#10840,#10842,.T.);
#10840 = VERTEX_POINT('',#10841);
#10841 = CARTESIAN_POINT('',(1.25,3.35,-4.25));
#10842 = LINE('',#10843,#10844);
#10843 = CARTESIAN_POINT('',(1.25,3.35,-8.6));
#10844 = VECTOR('',#10845,1.);
#10845 = DIRECTION('',(-0.,-0.,1.));
#10846 = ORIENTED_EDGE('',*,*,#10847,.F.);
#10847 = EDGE_CURVE('',#10831,#10840,#10848,.T.);
#10848 = LINE('',#10849,#10850);
#10849 = CARTESIAN_POINT('',(2.3,3.35,-4.25));
#10850 = VECTOR('',#10851,1.);
#10851 = DIRECTION('',(1.,0.,-7.281636885445E-15));
#10852 = PLANE('',#10853);
#10853 = AXIS2_PLACEMENT_3D('',#10854,#10855,#10856);
#10854 = CARTESIAN_POINT('',(0.75,3.35,-8.6));
#10855 = DIRECTION('',(-0.,1.,0.));
#10856 = DIRECTION('',(0.,0.,1.));
#10857 = ADVANCED_FACE('',(#10858),#10876,.F.);
#10858 = FACE_BOUND('',#10859,.T.);
#10859 = EDGE_LOOP('',(#10860,#10868,#10869,#10870));
#10860 = ORIENTED_EDGE('',*,*,#10861,.F.);
#10861 = EDGE_CURVE('',#10266,#10862,#10864,.T.);
#10862 = VERTEX_POINT('',#10863);
#10863 = CARTESIAN_POINT('',(0.75,2.85,-4.25));
#10864 = LINE('',#10865,#10866);
#10865 = CARTESIAN_POINT('',(0.75,2.85,-8.6));
#10866 = VECTOR('',#10867,1.);
#10867 = DIRECTION('',(-0.,-0.,1.));
#10868 = ORIENTED_EDGE('',*,*,#10265,.F.);
#10869 = ORIENTED_EDGE('',*,*,#10830,.T.);
#10870 = ORIENTED_EDGE('',*,*,#10871,.F.);
#10871 = EDGE_CURVE('',#10862,#10831,#10872,.T.);
#10872 = LINE('',#10873,#10874);
#10873 = CARTESIAN_POINT('',(0.75,4.2,-4.25));
#10874 = VECTOR('',#10875,1.);
#10875 = DIRECTION('',(0.,1.,-1.110525862005E-14));
#10876 = PLANE('',#10877);
#10877 = AXIS2_PLACEMENT_3D('',#10878,#10879,#10880);
#10878 = CARTESIAN_POINT('',(0.75,3.35,-8.6));
#10879 = DIRECTION('',(-1.,0.,-0.));
#10880 = DIRECTION('',(0.,0.,1.));
#10881 = ADVANCED_FACE('',(#10882),#10900,.F.);
#10882 = FACE_BOUND('',#10883,.T.);
#10883 = EDGE_LOOP('',(#10884,#10892,#10893,#10894));
#10884 = ORIENTED_EDGE('',*,*,#10885,.F.);
#10885 = EDGE_CURVE('',#10274,#10886,#10888,.T.);
#10886 = VERTEX_POINT('',#10887);
#10887 = CARTESIAN_POINT('',(1.25,2.85,-4.25));
#10888 = LINE('',#10889,#10890);
#10889 = CARTESIAN_POINT('',(1.25,2.85,-8.6));
#10890 = VECTOR('',#10891,1.);
#10891 = DIRECTION('',(-0.,-0.,1.));
#10892 = ORIENTED_EDGE('',*,*,#10273,.F.);
#10893 = ORIENTED_EDGE('',*,*,#10861,.T.);
#10894 = ORIENTED_EDGE('',*,*,#10895,.F.);
#10895 = EDGE_CURVE('',#10886,#10862,#10896,.T.);
#10896 = LINE('',#10897,#10898);
#10897 = CARTESIAN_POINT('',(2.3,2.85,-4.25));
#10898 = VECTOR('',#10899,1.);
#10899 = DIRECTION('',(-1.,0.,7.281636885445E-15));
#10900 = PLANE('',#10901);
#10901 = AXIS2_PLACEMENT_3D('',#10902,#10903,#10904);
#10902 = CARTESIAN_POINT('',(0.75,2.85,-8.6));
#10903 = DIRECTION('',(0.,-1.,0.));
#10904 = DIRECTION('',(0.,-0.,-1.));
#10905 = ADVANCED_FACE('',(#10906),#10917,.F.);
#10906 = FACE_BOUND('',#10907,.T.);
#10907 = EDGE_LOOP('',(#10908,#10909,#10910,#10911));
#10908 = ORIENTED_EDGE('',*,*,#10839,.F.);
#10909 = ORIENTED_EDGE('',*,*,#10281,.F.);
#10910 = ORIENTED_EDGE('',*,*,#10885,.T.);
#10911 = ORIENTED_EDGE('',*,*,#10912,.F.);
#10912 = EDGE_CURVE('',#10840,#10886,#10913,.T.);
#10913 = LINE('',#10914,#10915);
#10914 = CARTESIAN_POINT('',(1.25,4.2,-4.25));
#10915 = VECTOR('',#10916,1.);
#10916 = DIRECTION('',(0.,-1.,1.110525862005E-14));
#10917 = PLANE('',#10918);
#10918 = AXIS2_PLACEMENT_3D('',#10919,#10920,#10921);
#10919 = CARTESIAN_POINT('',(1.25,3.35,-8.6));
#10920 = DIRECTION('',(1.,0.,0.));
#10921 = DIRECTION('',(0.,0.,-1.));
#10922 = ADVANCED_FACE('',(#10923),#10948,.F.);
#10923 = FACE_BOUND('',#10924,.T.);
#10924 = EDGE_LOOP('',(#10925,#10935,#10941,#10942));
#10925 = ORIENTED_EDGE('',*,*,#10926,.F.);
#10926 = EDGE_CURVE('',#10927,#10929,#10931,.T.);
#10927 = VERTEX_POINT('',#10928);
#10928 = CARTESIAN_POINT('',(-2.3,2.825,-4.25));
#10929 = VERTEX_POINT('',#10930);
#10930 = CARTESIAN_POINT('',(14.299999999999,2.825,-4.25));
#10931 = LINE('',#10932,#10933);
#10932 = CARTESIAN_POINT('',(2.3,2.825,-4.25));
#10933 = VECTOR('',#10934,1.);
#10934 = DIRECTION('',(1.,3.613943996492E-15,-3.613943996492E-15));
#10935 = ORIENTED_EDGE('',*,*,#10936,.F.);
#10936 = EDGE_CURVE('',#10800,#10927,#10937,.T.);
#10937 = LINE('',#10938,#10939);
#10938 = CARTESIAN_POINT('',(-2.3,2.825,-4.25));
#10939 = VECTOR('',#10940,1.);
#10940 = DIRECTION('',(0.,0.707106781187,0.707106781187));
#10941 = ORIENTED_EDGE('',*,*,#10799,.T.);
#10942 = ORIENTED_EDGE('',*,*,#10943,.T.);
#10943 = EDGE_CURVE('',#10802,#10929,#10944,.T.);
#10944 = LINE('',#10945,#10946);
#10945 = CARTESIAN_POINT('',(14.299999999999,2.825,-4.25));
#10946 = VECTOR('',#10947,1.);
#10947 = DIRECTION('',(0.,0.707106781187,0.707106781187));
#10948 = PLANE('',#10949);
#10949 = AXIS2_PLACEMENT_3D('',#10950,#10951,#10952);
#10950 = CARTESIAN_POINT('',(2.3,2.825,-4.25));
#10951 = DIRECTION('',(-5.110888613495E-15,0.707106781187,
    -0.707106781187));
#10952 = DIRECTION('',(0.,0.707106781187,0.707106781187));
#10953 = ADVANCED_FACE('',(#10954,#10960,#11024,#11058,#11092,#11126,
    #11160,#11194,#11228),#11262,.F.);
#10954 = FACE_BOUND('',#10955,.T.);
#10955 = EDGE_LOOP('',(#10956,#10957,#10958,#10959));
#10956 = ORIENTED_EDGE('',*,*,#10895,.T.);
#10957 = ORIENTED_EDGE('',*,*,#10871,.T.);
#10958 = ORIENTED_EDGE('',*,*,#10847,.T.);
#10959 = ORIENTED_EDGE('',*,*,#10912,.T.);
#10960 = FACE_BOUND('',#10961,.T.);
#10961 = EDGE_LOOP('',(#10962,#10963,#10971,#10979,#10987,#10993,#10994,
    #11002,#11010,#11018));
#10962 = ORIENTED_EDGE('',*,*,#9867,.T.);
#10963 = ORIENTED_EDGE('',*,*,#10964,.T.);
#10964 = EDGE_CURVE('',#9860,#10965,#10967,.T.);
#10965 = VERTEX_POINT('',#10966);
#10966 = CARTESIAN_POINT('',(-0.3,4.2,-4.25));
#10967 = LINE('',#10968,#10969);
#10968 = CARTESIAN_POINT('',(-0.3,4.2,-4.25));
#10969 = VECTOR('',#10970,1.);
#10970 = DIRECTION('',(2.850642864397E-16,-1.,-2.112202743058E-30));
#10971 = ORIENTED_EDGE('',*,*,#10972,.F.);
#10972 = EDGE_CURVE('',#10973,#10965,#10975,.T.);
#10973 = VERTEX_POINT('',#10974);
#10974 = CARTESIAN_POINT('',(-1.3,4.2,-4.25));
#10975 = LINE('',#10976,#10977);
#10976 = CARTESIAN_POINT('',(2.3,4.2,-4.25));
#10977 = VECTOR('',#10978,1.);
#10978 = DIRECTION('',(1.,-8.086446079014E-29,-7.281636885445E-15));
#10979 = ORIENTED_EDGE('',*,*,#10980,.F.);
#10980 = EDGE_CURVE('',#10981,#10973,#10983,.T.);
#10981 = VERTEX_POINT('',#10982);
#10982 = CARTESIAN_POINT('',(-2.3,4.2,-4.25));
#10983 = LINE('',#10984,#10985);
#10984 = CARTESIAN_POINT('',(2.3,4.2,-4.25));
#10985 = VECTOR('',#10986,1.);
#10986 = DIRECTION('',(1.,-8.086446079014E-29,-7.281636885445E-15));
#10987 = ORIENTED_EDGE('',*,*,#10988,.F.);
#10988 = EDGE_CURVE('',#10927,#10981,#10989,.T.);
#10989 = LINE('',#10990,#10991);
#10990 = CARTESIAN_POINT('',(-2.3,4.2,-4.25));
#10991 = VECTOR('',#10992,1.);
#10992 = DIRECTION('',(0.,1.,-1.110525862005E-14));
#10993 = ORIENTED_EDGE('',*,*,#10926,.T.);
#10994 = ORIENTED_EDGE('',*,*,#10995,.T.);
#10995 = EDGE_CURVE('',#10929,#10996,#10998,.T.);
#10996 = VERTEX_POINT('',#10997);
#10997 = CARTESIAN_POINT('',(14.299999999999,4.2,-4.25));
#10998 = LINE('',#10999,#11000);
#10999 = CARTESIAN_POINT('',(14.299999999999,4.2,-4.25));
#11000 = VECTOR('',#11001,1.);
#11001 = DIRECTION('',(0.,1.,-1.110525862005E-14));
#11002 = ORIENTED_EDGE('',*,*,#11003,.T.);
#11003 = EDGE_CURVE('',#10996,#11004,#11006,.T.);
#11004 = VERTEX_POINT('',#11005);
#11005 = CARTESIAN_POINT('',(13.299999999999,4.2,-4.25));
#11006 = LINE('',#11007,#11008);
#11007 = CARTESIAN_POINT('',(9.699999999999,4.2,-4.25));
#11008 = VECTOR('',#11009,1.);
#11009 = DIRECTION('',(-1.,-8.086446079014E-29,-7.281636885445E-15));
#11010 = ORIENTED_EDGE('',*,*,#11011,.T.);
#11011 = EDGE_CURVE('',#11004,#11012,#11014,.T.);
#11012 = VERTEX_POINT('',#11013);
#11013 = CARTESIAN_POINT('',(12.299999999999,4.2,-4.25));
#11014 = LINE('',#11015,#11016);
#11015 = CARTESIAN_POINT('',(9.699999999999,4.2,-4.25));
#11016 = VECTOR('',#11017,1.);
#11017 = DIRECTION('',(-1.,-8.086446079014E-29,-7.281636885445E-15));
#11018 = ORIENTED_EDGE('',*,*,#11019,.F.);
#11019 = EDGE_CURVE('',#9868,#11012,#11020,.T.);
#11020 = LINE('',#11021,#11022);
#11021 = CARTESIAN_POINT('',(12.299999999999,4.2,-4.25));
#11022 = VECTOR('',#11023,1.);
#11023 = DIRECTION('',(-2.850642864397E-16,-1.,-2.112202743058E-30));
#11024 = FACE_BOUND('',#11025,.T.);
#11025 = EDGE_LOOP('',(#11026,#11036,#11044,#11052));
#11026 = ORIENTED_EDGE('',*,*,#11027,.F.);
#11027 = EDGE_CURVE('',#11028,#11030,#11032,.T.);
#11028 = VERTEX_POINT('',#11029);
#11029 = CARTESIAN_POINT('',(-1.25,3.35,-4.25));
#11030 = VERTEX_POINT('',#11031);
#11031 = CARTESIAN_POINT('',(-1.25,2.85,-4.25));
#11032 = LINE('',#11033,#11034);
#11033 = CARTESIAN_POINT('',(-1.25,3.35,-4.25));
#11034 = VECTOR('',#11035,1.);
#11035 = DIRECTION('',(-5.374889246201E-17,-1.,3.913799179032E-31));
#11036 = ORIENTED_EDGE('',*,*,#11037,.F.);
#11037 = EDGE_CURVE('',#11038,#11028,#11040,.T.);
#11038 = VERTEX_POINT('',#11039);
#11039 = CARTESIAN_POINT('',(-0.75,3.35,-4.25));
#11040 = LINE('',#11041,#11042);
#11041 = CARTESIAN_POINT('',(-1.25,3.35,-4.25));
#11042 = VECTOR('',#11043,1.);
#11043 = DIRECTION('',(-1.,5.374889246193E-17,-5.724082189612E-31));
#11044 = ORIENTED_EDGE('',*,*,#11045,.F.);
#11045 = EDGE_CURVE('',#11046,#11038,#11048,.T.);
#11046 = VERTEX_POINT('',#11047);
#11047 = CARTESIAN_POINT('',(-0.75,2.85,-4.25));
#11048 = LINE('',#11049,#11050);
#11049 = CARTESIAN_POINT('',(-0.75,3.35,-4.25));
#11050 = VECTOR('',#11051,1.);
#11051 = DIRECTION('',(5.374889246201E-17,1.,-3.913799179032E-31));
#11052 = ORIENTED_EDGE('',*,*,#11053,.F.);
#11053 = EDGE_CURVE('',#11030,#11046,#11054,.T.);
#11054 = LINE('',#11055,#11056);
#11055 = CARTESIAN_POINT('',(2.3,2.85,-4.25));
#11056 = VECTOR('',#11057,1.);
#11057 = DIRECTION('',(1.,-8.086446079014E-29,-7.281636885445E-15));
#11058 = FACE_BOUND('',#11059,.T.);
#11059 = EDGE_LOOP('',(#11060,#11070,#11078,#11086));
#11060 = ORIENTED_EDGE('',*,*,#11061,.T.);
#11061 = EDGE_CURVE('',#11062,#11064,#11066,.T.);
#11062 = VERTEX_POINT('',#11063);
#11063 = CARTESIAN_POINT('',(3.25,2.85,-4.25));
#11064 = VERTEX_POINT('',#11065);
#11065 = CARTESIAN_POINT('',(2.75,2.85,-4.25));
#11066 = LINE('',#11067,#11068);
#11067 = CARTESIAN_POINT('',(4.3,2.85,-4.25));
#11068 = VECTOR('',#11069,1.);
#11069 = DIRECTION('',(-1.,0.,7.281636885445E-15));
#11070 = ORIENTED_EDGE('',*,*,#11071,.T.);
#11071 = EDGE_CURVE('',#11064,#11072,#11074,.T.);
#11072 = VERTEX_POINT('',#11073);
#11073 = CARTESIAN_POINT('',(2.75,3.35,-4.25));
#11074 = LINE('',#11075,#11076);
#11075 = CARTESIAN_POINT('',(2.75,4.2,-4.25));
#11076 = VECTOR('',#11077,1.);
#11077 = DIRECTION('',(0.,1.,-1.110525862005E-14));
#11078 = ORIENTED_EDGE('',*,*,#11079,.T.);
#11079 = EDGE_CURVE('',#11072,#11080,#11082,.T.);
#11080 = VERTEX_POINT('',#11081);
#11081 = CARTESIAN_POINT('',(3.25,3.35,-4.25));
#11082 = LINE('',#11083,#11084);
#11083 = CARTESIAN_POINT('',(4.3,3.35,-4.25));
#11084 = VECTOR('',#11085,1.);
#11085 = DIRECTION('',(1.,0.,-7.281636885445E-15));
#11086 = ORIENTED_EDGE('',*,*,#11087,.T.);
#11087 = EDGE_CURVE('',#11080,#11062,#11088,.T.);
#11088 = LINE('',#11089,#11090);
#11089 = CARTESIAN_POINT('',(3.25,4.2,-4.25));
#11090 = VECTOR('',#11091,1.);
#11091 = DIRECTION('',(0.,-1.,1.110525862005E-14));
#11092 = FACE_BOUND('',#11093,.T.);
#11093 = EDGE_LOOP('',(#11094,#11104,#11112,#11120));
#11094 = ORIENTED_EDGE('',*,*,#11095,.T.);
#11095 = EDGE_CURVE('',#11096,#11098,#11100,.T.);
#11096 = VERTEX_POINT('',#11097);
#11097 = CARTESIAN_POINT('',(5.25,2.85,-4.25));
#11098 = VERTEX_POINT('',#11099);
#11099 = CARTESIAN_POINT('',(4.75,2.85,-4.25));
#11100 = LINE('',#11101,#11102);
#11101 = CARTESIAN_POINT('',(6.3,2.85,-4.25));
#11102 = VECTOR('',#11103,1.);
#11103 = DIRECTION('',(-1.,0.,7.281636885445E-15));
#11104 = ORIENTED_EDGE('',*,*,#11105,.T.);
#11105 = EDGE_CURVE('',#11098,#11106,#11108,.T.);
#11106 = VERTEX_POINT('',#11107);
#11107 = CARTESIAN_POINT('',(4.75,3.35,-4.25));
#11108 = LINE('',#11109,#11110);
#11109 = CARTESIAN_POINT('',(4.75,4.2,-4.25));
#11110 = VECTOR('',#11111,1.);
#11111 = DIRECTION('',(0.,1.,-1.110525862005E-14));
#11112 = ORIENTED_EDGE('',*,*,#11113,.T.);
#11113 = EDGE_CURVE('',#11106,#11114,#11116,.T.);
#11114 = VERTEX_POINT('',#11115);
#11115 = CARTESIAN_POINT('',(5.25,3.35,-4.25));
#11116 = LINE('',#11117,#11118);
#11117 = CARTESIAN_POINT('',(6.3,3.35,-4.25));
#11118 = VECTOR('',#11119,1.);
#11119 = DIRECTION('',(1.,0.,-7.281636885445E-15));
#11120 = ORIENTED_EDGE('',*,*,#11121,.T.);
#11121 = EDGE_CURVE('',#11114,#11096,#11122,.T.);
#11122 = LINE('',#11123,#11124);
#11123 = CARTESIAN_POINT('',(5.25,4.2,-4.25));
#11124 = VECTOR('',#11125,1.);
#11125 = DIRECTION('',(0.,-1.,1.110525862005E-14));
#11126 = FACE_BOUND('',#11127,.T.);
#11127 = EDGE_LOOP('',(#11128,#11138,#11146,#11154));
#11128 = ORIENTED_EDGE('',*,*,#11129,.T.);
#11129 = EDGE_CURVE('',#11130,#11132,#11134,.T.);
#11130 = VERTEX_POINT('',#11131);
#11131 = CARTESIAN_POINT('',(7.25,2.85,-4.25));
#11132 = VERTEX_POINT('',#11133);
#11133 = CARTESIAN_POINT('',(6.75,2.85,-4.25));
#11134 = LINE('',#11135,#11136);
#11135 = CARTESIAN_POINT('',(8.3,2.85,-4.25));
#11136 = VECTOR('',#11137,1.);
#11137 = DIRECTION('',(-1.,0.,7.281636885445E-15));
#11138 = ORIENTED_EDGE('',*,*,#11139,.T.);
#11139 = EDGE_CURVE('',#11132,#11140,#11142,.T.);
#11140 = VERTEX_POINT('',#11141);
#11141 = CARTESIAN_POINT('',(6.75,3.35,-4.25));
#11142 = LINE('',#11143,#11144);
#11143 = CARTESIAN_POINT('',(6.75,4.2,-4.25));
#11144 = VECTOR('',#11145,1.);
#11145 = DIRECTION('',(0.,1.,-1.110525862005E-14));
#11146 = ORIENTED_EDGE('',*,*,#11147,.T.);
#11147 = EDGE_CURVE('',#11140,#11148,#11150,.T.);
#11148 = VERTEX_POINT('',#11149);
#11149 = CARTESIAN_POINT('',(7.25,3.35,-4.25));
#11150 = LINE('',#11151,#11152);
#11151 = CARTESIAN_POINT('',(8.3,3.35,-4.25));
#11152 = VECTOR('',#11153,1.);
#11153 = DIRECTION('',(1.,0.,-7.281636885445E-15));
#11154 = ORIENTED_EDGE('',*,*,#11155,.T.);
#11155 = EDGE_CURVE('',#11148,#11130,#11156,.T.);
#11156 = LINE('',#11157,#11158);
#11157 = CARTESIAN_POINT('',(7.25,4.2,-4.25));
#11158 = VECTOR('',#11159,1.);
#11159 = DIRECTION('',(0.,-1.,1.110525862005E-14));
#11160 = FACE_BOUND('',#11161,.T.);
#11161 = EDGE_LOOP('',(#11162,#11172,#11180,#11188));
#11162 = ORIENTED_EDGE('',*,*,#11163,.T.);
#11163 = EDGE_CURVE('',#11164,#11166,#11168,.T.);
#11164 = VERTEX_POINT('',#11165);
#11165 = CARTESIAN_POINT('',(9.25,2.85,-4.25));
#11166 = VERTEX_POINT('',#11167);
#11167 = CARTESIAN_POINT('',(8.75,2.85,-4.25));
#11168 = LINE('',#11169,#11170);
#11169 = CARTESIAN_POINT('',(10.3,2.85,-4.25));
#11170 = VECTOR('',#11171,1.);
#11171 = DIRECTION('',(-1.,0.,7.281636885445E-15));
#11172 = ORIENTED_EDGE('',*,*,#11173,.T.);
#11173 = EDGE_CURVE('',#11166,#11174,#11176,.T.);
#11174 = VERTEX_POINT('',#11175);
#11175 = CARTESIAN_POINT('',(8.75,3.35,-4.25));
#11176 = LINE('',#11177,#11178);
#11177 = CARTESIAN_POINT('',(8.75,4.2,-4.25));
#11178 = VECTOR('',#11179,1.);
#11179 = DIRECTION('',(0.,1.,-1.110525862005E-14));
#11180 = ORIENTED_EDGE('',*,*,#11181,.T.);
#11181 = EDGE_CURVE('',#11174,#11182,#11184,.T.);
#11182 = VERTEX_POINT('',#11183);
#11183 = CARTESIAN_POINT('',(9.25,3.35,-4.25));
#11184 = LINE('',#11185,#11186);
#11185 = CARTESIAN_POINT('',(10.3,3.35,-4.25));
#11186 = VECTOR('',#11187,1.);
#11187 = DIRECTION('',(1.,0.,-7.281636885445E-15));
#11188 = ORIENTED_EDGE('',*,*,#11189,.T.);
#11189 = EDGE_CURVE('',#11182,#11164,#11190,.T.);
#11190 = LINE('',#11191,#11192);
#11191 = CARTESIAN_POINT('',(9.25,4.2,-4.25));
#11192 = VECTOR('',#11193,1.);
#11193 = DIRECTION('',(0.,-1.,1.110525862005E-14));
#11194 = FACE_BOUND('',#11195,.T.);
#11195 = EDGE_LOOP('',(#11196,#11206,#11214,#11222));
#11196 = ORIENTED_EDGE('',*,*,#11197,.T.);
#11197 = EDGE_CURVE('',#11198,#11200,#11202,.T.);
#11198 = VERTEX_POINT('',#11199);
#11199 = CARTESIAN_POINT('',(11.25,2.85,-4.25));
#11200 = VERTEX_POINT('',#11201);
#11201 = CARTESIAN_POINT('',(10.75,2.85,-4.25));
#11202 = LINE('',#11203,#11204);
#11203 = CARTESIAN_POINT('',(12.3,2.85,-4.25));
#11204 = VECTOR('',#11205,1.);
#11205 = DIRECTION('',(-1.,0.,7.281636885445E-15));
#11206 = ORIENTED_EDGE('',*,*,#11207,.T.);
#11207 = EDGE_CURVE('',#11200,#11208,#11210,.T.);
#11208 = VERTEX_POINT('',#11209);
#11209 = CARTESIAN_POINT('',(10.75,3.35,-4.25));
#11210 = LINE('',#11211,#11212);
#11211 = CARTESIAN_POINT('',(10.75,4.2,-4.25));
#11212 = VECTOR('',#11213,1.);
#11213 = DIRECTION('',(0.,1.,-1.110525862005E-14));
#11214 = ORIENTED_EDGE('',*,*,#11215,.T.);
#11215 = EDGE_CURVE('',#11208,#11216,#11218,.T.);
#11216 = VERTEX_POINT('',#11217);
#11217 = CARTESIAN_POINT('',(11.25,3.35,-4.25));
#11218 = LINE('',#11219,#11220);
#11219 = CARTESIAN_POINT('',(12.3,3.35,-4.25));
#11220 = VECTOR('',#11221,1.);
#11221 = DIRECTION('',(1.,0.,-7.281636885445E-15));
#11222 = ORIENTED_EDGE('',*,*,#11223,.T.);
#11223 = EDGE_CURVE('',#11216,#11198,#11224,.T.);
#11224 = LINE('',#11225,#11226);
#11225 = CARTESIAN_POINT('',(11.25,4.2,-4.25));
#11226 = VECTOR('',#11227,1.);
#11227 = DIRECTION('',(0.,-1.,1.110525862005E-14));
#11228 = FACE_BOUND('',#11229,.T.);
#11229 = EDGE_LOOP('',(#11230,#11240,#11248,#11256));
#11230 = ORIENTED_EDGE('',*,*,#11231,.T.);
#11231 = EDGE_CURVE('',#11232,#11234,#11236,.T.);
#11232 = VERTEX_POINT('',#11233);
#11233 = CARTESIAN_POINT('',(13.249999999999,3.35,-4.25));
#11234 = VERTEX_POINT('',#11235);
#11235 = CARTESIAN_POINT('',(13.25,2.85,-4.25));
#11236 = LINE('',#11237,#11238);
#11237 = CARTESIAN_POINT('',(13.249999999999,3.35,-4.25));
#11238 = VECTOR('',#11239,1.);
#11239 = DIRECTION('',(5.374889246201E-17,-1.,3.913799179032E-31));
#11240 = ORIENTED_EDGE('',*,*,#11241,.T.);
#11241 = EDGE_CURVE('',#11234,#11242,#11244,.T.);
#11242 = VERTEX_POINT('',#11243);
#11243 = CARTESIAN_POINT('',(12.75,2.85,-4.25));
#11244 = LINE('',#11245,#11246);
#11245 = CARTESIAN_POINT('',(9.699999999999,2.85,-4.25));
#11246 = VECTOR('',#11247,1.);
#11247 = DIRECTION('',(-1.,-8.086446079014E-29,-7.281636885445E-15));
#11248 = ORIENTED_EDGE('',*,*,#11249,.T.);
#11249 = EDGE_CURVE('',#11242,#11250,#11252,.T.);
#11250 = VERTEX_POINT('',#11251);
#11251 = CARTESIAN_POINT('',(12.75,3.35,-4.25));
#11252 = LINE('',#11253,#11254);
#11253 = CARTESIAN_POINT('',(12.749999999999,3.35,-4.25));
#11254 = VECTOR('',#11255,1.);
#11255 = DIRECTION('',(-5.374889246201E-17,1.,-3.913799179032E-31));
#11256 = ORIENTED_EDGE('',*,*,#11257,.T.);
#11257 = EDGE_CURVE('',#11250,#11232,#11258,.T.);
#11258 = LINE('',#11259,#11260);
#11259 = CARTESIAN_POINT('',(13.249999999999,3.35,-4.25));
#11260 = VECTOR('',#11261,1.);
#11261 = DIRECTION('',(1.,5.374889246193E-17,-5.724082189612E-31));
#11262 = PLANE('',#11263);
#11263 = AXIS2_PLACEMENT_3D('',#11264,#11265,#11266);
#11264 = CARTESIAN_POINT('',(2.3,4.2,-4.25));
#11265 = DIRECTION('',(-7.281636885445E-15,-1.110525862005E-14,-1.));
#11266 = DIRECTION('',(0.,1.,-1.110525862005E-14));
#11267 = ADVANCED_FACE('',(#11268),#11302,.F.);
#11268 = FACE_BOUND('',#11269,.T.);
#11269 = EDGE_LOOP('',(#11270,#11280,#11288,#11296));
#11270 = ORIENTED_EDGE('',*,*,#11271,.F.);
#11271 = EDGE_CURVE('',#11272,#11274,#11276,.T.);
#11272 = VERTEX_POINT('',#11273);
#11273 = CARTESIAN_POINT('',(-3.75,3.42,-5.415));
#11274 = VERTEX_POINT('',#11275);
#11275 = CARTESIAN_POINT('',(-3.75,4.705,-5.415));
#11276 = LINE('',#11277,#11278);
#11277 = CARTESIAN_POINT('',(-3.75,4.705,-5.415));
#11278 = VECTOR('',#11279,1.);
#11279 = DIRECTION('',(0.,1.,0.));
#11280 = ORIENTED_EDGE('',*,*,#11281,.F.);
#11281 = EDGE_CURVE('',#11282,#11272,#11284,.T.);
#11282 = VERTEX_POINT('',#11283);
#11283 = CARTESIAN_POINT('',(-3.75,3.42,-2.715));
#11284 = LINE('',#11285,#11286);
#11285 = CARTESIAN_POINT('',(-3.75,3.42,-5.415));
#11286 = VECTOR('',#11287,1.);
#11287 = DIRECTION('',(8.35237229174E-15,1.606225440719E-16,-1.));
#11288 = ORIENTED_EDGE('',*,*,#11289,.F.);
#11289 = EDGE_CURVE('',#11290,#11282,#11292,.T.);
#11290 = VERTEX_POINT('',#11291);
#11291 = CARTESIAN_POINT('',(-3.75,4.705,-2.715));
#11292 = LINE('',#11293,#11294);
#11293 = CARTESIAN_POINT('',(-3.75,4.705,-2.715));
#11294 = VECTOR('',#11295,1.);
#11295 = DIRECTION('',(0.,-1.,0.));
#11296 = ORIENTED_EDGE('',*,*,#11297,.F.);
#11297 = EDGE_CURVE('',#11274,#11290,#11298,.T.);
#11298 = LINE('',#11299,#11300);
#11299 = CARTESIAN_POINT('',(-3.75,4.705,-5.415));
#11300 = VECTOR('',#11301,1.);
#11301 = DIRECTION('',(-8.35237229174E-15,3.212450881439E-16,1.));
#11302 = PLANE('',#11303);
#11303 = AXIS2_PLACEMENT_3D('',#11304,#11305,#11306);
#11304 = CARTESIAN_POINT('',(-3.75,-3.762422472342E-17,
    -3.133082283036E-14));
#11305 = DIRECTION('',(1.,0.,8.35237229174E-15));
#11306 = DIRECTION('',(-8.35237229174E-15,0.,1.));
#11307 = ADVANCED_FACE('',(#11308),#11333,.T.);
#11308 = FACE_BOUND('',#11309,.T.);
#11309 = EDGE_LOOP('',(#11310,#11320,#11326,#11327));
#11310 = ORIENTED_EDGE('',*,*,#11311,.F.);
#11311 = EDGE_CURVE('',#11312,#11314,#11316,.T.);
#11312 = VERTEX_POINT('',#11313);
#11313 = CARTESIAN_POINT('',(-3.05,3.42,-2.715));
#11314 = VERTEX_POINT('',#11315);
#11315 = CARTESIAN_POINT('',(-3.05,3.42,-5.415));
#11316 = LINE('',#11317,#11318);
#11317 = CARTESIAN_POINT('',(-3.05,3.42,-5.415));
#11318 = VECTOR('',#11319,1.);
#11319 = DIRECTION('',(8.35237229174E-15,1.606225440719E-16,-1.));
#11320 = ORIENTED_EDGE('',*,*,#11321,.F.);
#11321 = EDGE_CURVE('',#11282,#11312,#11322,.T.);
#11322 = LINE('',#11323,#11324);
#11323 = CARTESIAN_POINT('',(-3.75,3.42,-2.715));
#11324 = VECTOR('',#11325,1.);
#11325 = DIRECTION('',(1.,5.374889246202E-17,8.365839057931E-15));
#11326 = ORIENTED_EDGE('',*,*,#11281,.T.);
#11327 = ORIENTED_EDGE('',*,*,#11328,.T.);
#11328 = EDGE_CURVE('',#11272,#11314,#11329,.T.);
#11329 = LINE('',#11330,#11331);
#11330 = CARTESIAN_POINT('',(-3.75,3.42,-5.415));
#11331 = VECTOR('',#11332,1.);
#11332 = DIRECTION('',(1.,5.374889246202E-17,8.365839057931E-15));
#11333 = PLANE('',#11334);
#11334 = AXIS2_PLACEMENT_3D('',#11335,#11336,#11337);
#11335 = CARTESIAN_POINT('',(-3.75,3.42,-5.415));
#11336 = DIRECTION('',(5.374889246202E-17,-1.,-1.606225440719E-16));
#11337 = DIRECTION('',(0.,1.606225440719E-16,-1.));
#11338 = ADVANCED_FACE('',(#11339),#11357,.T.);
#11339 = FACE_BOUND('',#11340,.T.);
#11340 = EDGE_LOOP('',(#11341,#11349,#11355,#11356));
#11341 = ORIENTED_EDGE('',*,*,#11342,.F.);
#11342 = EDGE_CURVE('',#11343,#11312,#11345,.T.);
#11343 = VERTEX_POINT('',#11344);
#11344 = CARTESIAN_POINT('',(-3.05,4.705,-2.715));
#11345 = LINE('',#11346,#11347);
#11346 = CARTESIAN_POINT('',(-3.05,4.705,-2.715));
#11347 = VECTOR('',#11348,1.);
#11348 = DIRECTION('',(0.,-1.,0.));
#11349 = ORIENTED_EDGE('',*,*,#11350,.F.);
#11350 = EDGE_CURVE('',#11290,#11343,#11351,.T.);
#11351 = LINE('',#11352,#11353);
#11352 = CARTESIAN_POINT('',(-3.75,4.705,-2.715));
#11353 = VECTOR('',#11354,1.);
#11354 = DIRECTION('',(1.,5.374889246202E-17,8.365839057931E-15));
#11355 = ORIENTED_EDGE('',*,*,#11289,.T.);
#11356 = ORIENTED_EDGE('',*,*,#11321,.T.);
#11357 = PLANE('',#11358);
#11358 = AXIS2_PLACEMENT_3D('',#11359,#11360,#11361);
#11359 = CARTESIAN_POINT('',(-3.75,4.705,-2.715));
#11360 = DIRECTION('',(-8.365839057931E-15,0.,1.));
#11361 = DIRECTION('',(1.,0.,8.365839057931E-15));
#11362 = ADVANCED_FACE('',(#11363),#11397,.T.);
#11363 = FACE_BOUND('',#11364,.T.);
#11364 = EDGE_LOOP('',(#11365,#11366,#11374,#11382,#11390,#11396));
#11365 = ORIENTED_EDGE('',*,*,#11350,.T.);
#11366 = ORIENTED_EDGE('',*,*,#11367,.T.);
#11367 = EDGE_CURVE('',#11343,#11368,#11370,.T.);
#11368 = VERTEX_POINT('',#11369);
#11369 = CARTESIAN_POINT('',(-3.05,4.705,-0.8));
#11370 = LINE('',#11371,#11372);
#11371 = CARTESIAN_POINT('',(-3.05,4.705,-0.8));
#11372 = VECTOR('',#11373,1.);
#11373 = DIRECTION('',(-7.329817504127E-15,0.,1.));
#11374 = ORIENTED_EDGE('',*,*,#11375,.T.);
#11375 = EDGE_CURVE('',#11368,#11376,#11378,.T.);
#11376 = VERTEX_POINT('',#11377);
#11377 = CARTESIAN_POINT('',(-3.95,4.705,-0.8));
#11378 = LINE('',#11379,#11380);
#11379 = CARTESIAN_POINT('',(-3.05,4.705,-0.8));
#11380 = VECTOR('',#11381,1.);
#11381 = DIRECTION('',(-1.,-5.374889246201E-17,-7.395763429917E-15));
#11382 = ORIENTED_EDGE('',*,*,#11383,.F.);
#11383 = EDGE_CURVE('',#11384,#11376,#11386,.T.);
#11384 = VERTEX_POINT('',#11385);
#11385 = CARTESIAN_POINT('',(-3.95,4.705,-5.415));
#11386 = LINE('',#11387,#11388);
#11387 = CARTESIAN_POINT('',(-3.95,4.705,-0.8));
#11388 = VECTOR('',#11389,1.);
#11389 = DIRECTION('',(-7.329817504127E-15,0.,1.));
#11390 = ORIENTED_EDGE('',*,*,#11391,.F.);
#11391 = EDGE_CURVE('',#11274,#11384,#11392,.T.);
#11392 = LINE('',#11393,#11394);
#11393 = CARTESIAN_POINT('',(-3.05,4.705,-5.415));
#11394 = VECTOR('',#11395,1.);
#11395 = DIRECTION('',(-1.,-5.374889246201E-17,-7.395763429917E-15));
#11396 = ORIENTED_EDGE('',*,*,#11297,.T.);
#11397 = PLANE('',#11398);
#11398 = AXIS2_PLACEMENT_3D('',#11399,#11400,#11401);
#11399 = CARTESIAN_POINT('',(-3.05,4.705,-0.8));
#11400 = DIRECTION('',(5.374889246201E-17,-1.,3.939695727955E-31));
#11401 = DIRECTION('',(1.,5.374889246201E-17,0.));
#11402 = ADVANCED_FACE('',(#11403),#11437,.F.);
#11403 = FACE_BOUND('',#11404,.T.);
#11404 = EDGE_LOOP('',(#11405,#11415,#11423,#11431));
#11405 = ORIENTED_EDGE('',*,*,#11406,.T.);
#11406 = EDGE_CURVE('',#11407,#11409,#11411,.T.);
#11407 = VERTEX_POINT('',#11408);
#11408 = CARTESIAN_POINT('',(-3.15,2.776239569297,-7.6));
#11409 = VERTEX_POINT('',#11410);
#11410 = CARTESIAN_POINT('',(-3.15,1.552470013214E-13,-7.6));
#11411 = LINE('',#11412,#11413);
#11412 = CARTESIAN_POINT('',(-3.15,5.5,-7.6));
#11413 = VECTOR('',#11414,1.);
#11414 = DIRECTION('',(-5.374889246201E-17,-1.,3.622425849152E-31));
#11415 = ORIENTED_EDGE('',*,*,#11416,.F.);
#11416 = EDGE_CURVE('',#11417,#11409,#11419,.T.);
#11417 = VERTEX_POINT('',#11418);
#11418 = CARTESIAN_POINT('',(-3.95,1.674008154318E-13,-7.6));
#11419 = LINE('',#11420,#11421);
#11420 = CARTESIAN_POINT('',(-3.95,1.552577510999E-13,-7.6));
#11421 = VECTOR('',#11422,1.);
#11422 = DIRECTION('',(1.,-7.742115945224E-29,-7.391429510507E-15));
#11423 = ORIENTED_EDGE('',*,*,#11424,.T.);
#11424 = EDGE_CURVE('',#11417,#11425,#11427,.T.);
#11425 = VERTEX_POINT('',#11426);
#11426 = CARTESIAN_POINT('',(-3.95,2.776239569297,-7.6));
#11427 = LINE('',#11428,#11429);
#11428 = CARTESIAN_POINT('',(-3.95,5.5,-7.6));
#11429 = VECTOR('',#11430,1.);
#11430 = DIRECTION('',(5.374889246201E-17,1.,-3.975140932691E-31));
#11431 = ORIENTED_EDGE('',*,*,#11432,.T.);
#11432 = EDGE_CURVE('',#11425,#11407,#11433,.T.);
#11433 = LINE('',#11434,#11435);
#11434 = CARTESIAN_POINT('',(-3.95,2.776239569297,-7.6));
#11435 = VECTOR('',#11436,1.);
#11436 = DIRECTION('',(1.,3.112729592618E-15,-1.797135268213E-15));
#11437 = PLANE('',#11438);
#11438 = AXIS2_PLACEMENT_3D('',#11439,#11440,#11441);
#11439 = CARTESIAN_POINT('',(-3.95,5.5,-7.6));
#11440 = DIRECTION('',(7.391429510507E-15,1.047445008333E-14,1.));
#11441 = DIRECTION('',(0.,-1.,1.047445008333E-14));
#11442 = ADVANCED_FACE('',(#11443),#11477,.T.);
#11443 = FACE_BOUND('',#11444,.T.);
#11444 = EDGE_LOOP('',(#11445,#11455,#11463,#11471));
#11445 = ORIENTED_EDGE('',*,*,#11446,.T.);
#11446 = EDGE_CURVE('',#11447,#11449,#11451,.T.);
#11447 = VERTEX_POINT('',#11448);
#11448 = CARTESIAN_POINT('',(-2.45,2.037124058566E-13,-3.));
#11449 = VERTEX_POINT('',#11450);
#11450 = CARTESIAN_POINT('',(-2.45,0.4,-3.));
#11451 = LINE('',#11452,#11453);
#11452 = CARTESIAN_POINT('',(-2.45,2.038300084273E-13,-3.));
#11453 = VECTOR('',#11454,1.);
#11454 = DIRECTION('',(-0.,1.,-1.047445008333E-14));
#11455 = ORIENTED_EDGE('',*,*,#11456,.T.);
#11456 = EDGE_CURVE('',#11449,#11457,#11459,.T.);
#11457 = VERTEX_POINT('',#11458);
#11458 = CARTESIAN_POINT('',(-3.95,0.4,-3.));
#11459 = LINE('',#11460,#11461);
#11460 = CARTESIAN_POINT('',(-2.45,0.4,-3.));
#11461 = VECTOR('',#11462,1.);
#11462 = DIRECTION('',(-1.,7.627114208152E-29,7.281636885445E-15));
#11463 = ORIENTED_EDGE('',*,*,#11464,.T.);
#11464 = EDGE_CURVE('',#11457,#11465,#11467,.T.);
#11465 = VERTEX_POINT('',#11466);
#11466 = CARTESIAN_POINT('',(-3.95,2.037325616913E-13,-3.));
#11467 = LINE('',#11468,#11469);
#11468 = CARTESIAN_POINT('',(-3.95,5.5,-3.));
#11469 = VECTOR('',#11470,1.);
#11470 = DIRECTION('',(-5.374889246201E-17,-1.,3.975140932691E-31));
#11471 = ORIENTED_EDGE('',*,*,#11472,.F.);
#11472 = EDGE_CURVE('',#11447,#11465,#11473,.T.);
#11473 = LINE('',#11474,#11475);
#11474 = CARTESIAN_POINT('',(-3.95,2.034402214832E-13,-3.));
#11475 = VECTOR('',#11476,1.);
#11476 = DIRECTION('',(-1.,5.374889246194E-17,-5.629900911267E-31));
#11477 = PLANE('',#11478);
#11478 = AXIS2_PLACEMENT_3D('',#11479,#11480,#11481);
#11479 = CARTESIAN_POINT('',(-2.45,2.038300084273E-13,-3.));
#11480 = DIRECTION('',(7.281636885445E-15,1.047445008333E-14,1.));
#11481 = DIRECTION('',(0.,-1.,1.047445008333E-14));
#11482 = ADVANCED_FACE('',(#11483),#11517,.T.);
#11483 = FACE_BOUND('',#11484,.T.);
#11484 = EDGE_LOOP('',(#11485,#11495,#11503,#11511));
#11485 = ORIENTED_EDGE('',*,*,#11486,.F.);
#11486 = EDGE_CURVE('',#11487,#11489,#11491,.T.);
#11487 = VERTEX_POINT('',#11488);
#11488 = CARTESIAN_POINT('',(-3.45,0.4,-0.8));
#11489 = VERTEX_POINT('',#11490);
#11490 = CARTESIAN_POINT('',(-3.45,2.1,-0.8));
#11491 = LINE('',#11492,#11493);
#11492 = CARTESIAN_POINT('',(-3.45,1.5,-0.8));
#11493 = VECTOR('',#11494,1.);
#11494 = DIRECTION('',(5.374889246201E-17,1.,-3.913799179032E-31));
#11495 = ORIENTED_EDGE('',*,*,#11496,.F.);
#11496 = EDGE_CURVE('',#11497,#11487,#11499,.T.);
#11497 = VERTEX_POINT('',#11498);
#11498 = CARTESIAN_POINT('',(-3.45,0.4,-2.9));
#11499 = LINE('',#11500,#11501);
#11500 = CARTESIAN_POINT('',(-3.45,0.4,1.040834085586E-14));
#11501 = VECTOR('',#11502,1.);
#11502 = DIRECTION('',(7.281636885445E-15,-0.,1.));
#11503 = ORIENTED_EDGE('',*,*,#11504,.T.);
#11504 = EDGE_CURVE('',#11497,#11505,#11507,.T.);
#11505 = VERTEX_POINT('',#11506);
#11506 = CARTESIAN_POINT('',(-3.45,2.1,-2.9));
#11507 = LINE('',#11508,#11509);
#11508 = CARTESIAN_POINT('',(-3.45,2.1,-2.9));
#11509 = VECTOR('',#11510,1.);
#11510 = DIRECTION('',(-1.971276677246E-16,1.,0.));
#11511 = ORIENTED_EDGE('',*,*,#11512,.T.);
#11512 = EDGE_CURVE('',#11505,#11489,#11513,.T.);
#11513 = LINE('',#11514,#11515);
#11514 = CARTESIAN_POINT('',(-3.45,2.1,-4.163336342344E-14));
#11515 = VECTOR('',#11516,1.);
#11516 = DIRECTION('',(-7.17816610749E-15,0.,1.));
#11517 = PLANE('',#11518);
#11518 = AXIS2_PLACEMENT_3D('',#11519,#11520,#11521);
#11519 = CARTESIAN_POINT('',(-3.45,-6.8009045365E-16,-2.528060375982E-14
    ));
#11520 = DIRECTION('',(1.,1.971276677246E-16,7.32771123473E-15));
#11521 = DIRECTION('',(-7.32771123473E-15,0.,1.));
#11522 = ADVANCED_FACE('',(#11523),#11548,.T.);
#11523 = FACE_BOUND('',#11524,.T.);
#11524 = EDGE_LOOP('',(#11525,#11535,#11541,#11542));
#11525 = ORIENTED_EDGE('',*,*,#11526,.T.);
#11526 = EDGE_CURVE('',#11527,#11529,#11531,.T.);
#11527 = VERTEX_POINT('',#11528);
#11528 = CARTESIAN_POINT('',(-3.05,0.4,-2.9));
#11529 = VERTEX_POINT('',#11530);
#11530 = CARTESIAN_POINT('',(-3.05,2.1,-2.9));
#11531 = LINE('',#11532,#11533);
#11532 = CARTESIAN_POINT('',(-3.05,2.1,-2.9));
#11533 = VECTOR('',#11534,1.);
#11534 = DIRECTION('',(-1.971276677246E-16,1.,0.));
#11535 = ORIENTED_EDGE('',*,*,#11536,.T.);
#11536 = EDGE_CURVE('',#11529,#11505,#11537,.T.);
#11537 = LINE('',#11538,#11539);
#11538 = CARTESIAN_POINT('',(-3.05,2.1,-2.9));
#11539 = VECTOR('',#11540,1.);
#11540 = DIRECTION('',(-1.,-5.374889246201E-17,-7.281636885445E-15));
#11541 = ORIENTED_EDGE('',*,*,#11504,.F.);
#11542 = ORIENTED_EDGE('',*,*,#11543,.F.);
#11543 = EDGE_CURVE('',#11527,#11497,#11544,.T.);
#11544 = LINE('',#11545,#11546);
#11545 = CARTESIAN_POINT('',(-2.45,0.4,-2.9));
#11546 = VECTOR('',#11547,1.);
#11547 = DIRECTION('',(-1.,5.374889246194E-17,-5.552201356633E-31));
#11548 = PLANE('',#11549);
#11549 = AXIS2_PLACEMENT_3D('',#11550,#11551,#11552);
#11550 = CARTESIAN_POINT('',(-3.05,2.1,-2.9));
#11551 = DIRECTION('',(-7.281636885445E-15,-1.435412096445E-30,1.));
#11552 = DIRECTION('',(1.,0.,7.281636885445E-15));
#11553 = ADVANCED_FACE('',(#11554),#11572,.T.);
#11554 = FACE_BOUND('',#11555,.T.);
#11555 = EDGE_LOOP('',(#11556,#11564,#11565,#11566));
#11556 = ORIENTED_EDGE('',*,*,#11557,.F.);
#11557 = EDGE_CURVE('',#11489,#11558,#11560,.T.);
#11558 = VERTEX_POINT('',#11559);
#11559 = CARTESIAN_POINT('',(-3.05,2.1,-0.8));
#11560 = LINE('',#11561,#11562);
#11561 = CARTESIAN_POINT('',(-3.45,2.1,-0.8));
#11562 = VECTOR('',#11563,1.);
#11563 = DIRECTION('',(1.,-5.374889246194E-17,5.696500529525E-31));
#11564 = ORIENTED_EDGE('',*,*,#11512,.F.);
#11565 = ORIENTED_EDGE('',*,*,#11536,.F.);
#11566 = ORIENTED_EDGE('',*,*,#11567,.T.);
#11567 = EDGE_CURVE('',#11529,#11558,#11568,.T.);
#11568 = LINE('',#11569,#11570);
#11569 = CARTESIAN_POINT('',(-3.05,2.1,-3.872070866927E-14));
#11570 = VECTOR('',#11571,1.);
#11571 = DIRECTION('',(-7.17816610749E-15,0.,1.));
#11572 = PLANE('',#11573);
#11573 = AXIS2_PLACEMENT_3D('',#11574,#11575,#11576);
#11574 = CARTESIAN_POINT('',(-3.05,2.1,-3.872070866927E-14));
#11575 = DIRECTION('',(5.374889246201E-17,-1.,3.85818478186E-31));
#11576 = DIRECTION('',(1.,5.374889246201E-17,0.));
#11577 = ADVANCED_FACE('',(#11578),#11612,.F.);
#11578 = FACE_BOUND('',#11579,.T.);
#11579 = EDGE_LOOP('',(#11580,#11588,#11596,#11604,#11610,#11611));
#11580 = ORIENTED_EDGE('',*,*,#11581,.T.);
#11581 = EDGE_CURVE('',#11558,#11582,#11584,.T.);
#11582 = VERTEX_POINT('',#11583);
#11583 = CARTESIAN_POINT('',(-3.05,2.55,-0.8));
#11584 = LINE('',#11585,#11586);
#11585 = CARTESIAN_POINT('',(-3.05,2.367897544708E-13,-0.8));
#11586 = VECTOR('',#11587,1.);
#11587 = DIRECTION('',(5.374889246201E-17,1.,-3.913799179032E-31));
#11588 = ORIENTED_EDGE('',*,*,#11589,.F.);
#11589 = EDGE_CURVE('',#11590,#11582,#11592,.T.);
#11590 = VERTEX_POINT('',#11591);
#11591 = CARTESIAN_POINT('',(-3.95,2.55,-0.8));
#11592 = LINE('',#11593,#11594);
#11593 = CARTESIAN_POINT('',(-3.95,2.55,-0.8));
#11594 = VECTOR('',#11595,1.);
#11595 = DIRECTION('',(1.,-7.627114208152E-29,-7.281636885445E-15));
#11596 = ORIENTED_EDGE('',*,*,#11597,.T.);
#11597 = EDGE_CURVE('',#11590,#11598,#11600,.T.);
#11598 = VERTEX_POINT('',#11599);
#11599 = CARTESIAN_POINT('',(-3.95,0.4,-0.8));
#11600 = LINE('',#11601,#11602);
#11601 = CARTESIAN_POINT('',(-3.95,5.5,-0.8));
#11602 = VECTOR('',#11603,1.);
#11603 = DIRECTION('',(-5.374889246201E-17,-1.,3.975140932691E-31));
#11604 = ORIENTED_EDGE('',*,*,#11605,.F.);
#11605 = EDGE_CURVE('',#11487,#11598,#11606,.T.);
#11606 = LINE('',#11607,#11608);
#11607 = CARTESIAN_POINT('',(-2.45,0.4,-0.8));
#11608 = VECTOR('',#11609,1.);
#11609 = DIRECTION('',(-1.,5.374889246194E-17,-5.552201356633E-31));
#11610 = ORIENTED_EDGE('',*,*,#11486,.T.);
#11611 = ORIENTED_EDGE('',*,*,#11557,.T.);
#11612 = PLANE('',#11613);
#11613 = AXIS2_PLACEMENT_3D('',#11614,#11615,#11616);
#11614 = CARTESIAN_POINT('',(-3.95,2.26381413615E-13,-0.8));
#11615 = DIRECTION('',(-7.281636885445E-15,-1.047445008333E-14,-1.));
#11616 = DIRECTION('',(0.,1.,-1.047445008333E-14));
#11617 = ADVANCED_FACE('',(#11618),#11645,.T.);
#11618 = FACE_BOUND('',#11619,.T.);
#11619 = EDGE_LOOP('',(#11620,#11621,#11622,#11623,#11631,#11639));
#11620 = ORIENTED_EDGE('',*,*,#11328,.F.);
#11621 = ORIENTED_EDGE('',*,*,#11271,.T.);
#11622 = ORIENTED_EDGE('',*,*,#11391,.T.);
#11623 = ORIENTED_EDGE('',*,*,#11624,.F.);
#11624 = EDGE_CURVE('',#11625,#11384,#11627,.T.);
#11625 = VERTEX_POINT('',#11626);
#11626 = CARTESIAN_POINT('',(-3.95,2.55,-5.415));
#11627 = LINE('',#11628,#11629);
#11628 = CARTESIAN_POINT('',(-3.95,4.705,-5.415));
#11629 = VECTOR('',#11630,1.);
#11630 = DIRECTION('',(0.,1.,0.));
#11631 = ORIENTED_EDGE('',*,*,#11632,.F.);
#11632 = EDGE_CURVE('',#11633,#11625,#11635,.T.);
#11633 = VERTEX_POINT('',#11634);
#11634 = CARTESIAN_POINT('',(-3.05,2.55,-5.415));
#11635 = LINE('',#11636,#11637);
#11636 = CARTESIAN_POINT('',(-3.05,2.55,-5.415));
#11637 = VECTOR('',#11638,1.);
#11638 = DIRECTION('',(-1.,-5.374889246201E-17,-7.395763429917E-15));
#11639 = ORIENTED_EDGE('',*,*,#11640,.T.);
#11640 = EDGE_CURVE('',#11633,#11314,#11641,.T.);
#11641 = LINE('',#11642,#11643);
#11642 = CARTESIAN_POINT('',(-3.05,4.705,-5.415));
#11643 = VECTOR('',#11644,1.);
#11644 = DIRECTION('',(0.,1.,0.));
#11645 = PLANE('',#11646);
#11646 = AXIS2_PLACEMENT_3D('',#11647,#11648,#11649);
#11647 = CARTESIAN_POINT('',(-3.05,4.705,-5.415));
#11648 = DIRECTION('',(-7.395763429917E-15,0.,1.));
#11649 = DIRECTION('',(1.,0.,7.395763429917E-15));
#11650 = ADVANCED_FACE('',(#11651),#11685,.F.);
#11651 = FACE_BOUND('',#11652,.T.);
#11652 = EDGE_LOOP('',(#11653,#11663,#11671,#11679));
#11653 = ORIENTED_EDGE('',*,*,#11654,.T.);
#11654 = EDGE_CURVE('',#11655,#11657,#11659,.T.);
#11655 = VERTEX_POINT('',#11656);
#11656 = CARTESIAN_POINT('',(-1.3,4.355,-2.));
#11657 = VERTEX_POINT('',#11658);
#11658 = CARTESIAN_POINT('',(-1.3,4.355,-7.500000000003E-02));
#11659 = LINE('',#11660,#11661);
#11660 = CARTESIAN_POINT('',(-1.3,4.355,-5.261941203826));
#11661 = VECTOR('',#11662,1.);
#11662 = DIRECTION('',(-0.,-0.,1.));
#11663 = ORIENTED_EDGE('',*,*,#11664,.T.);
#11664 = EDGE_CURVE('',#11657,#11665,#11667,.T.);
#11665 = VERTEX_POINT('',#11666);
#11666 = CARTESIAN_POINT('',(-2.3,4.355,-7.500000000003E-02));
#11667 = LINE('',#11668,#11669);
#11668 = CARTESIAN_POINT('',(3.95,4.355,-7.500000000007E-02));
#11669 = VECTOR('',#11670,1.);
#11670 = DIRECTION('',(-1.,-0.,7.337680618045E-15));
#11671 = ORIENTED_EDGE('',*,*,#11672,.F.);
#11672 = EDGE_CURVE('',#11673,#11665,#11675,.T.);
#11673 = VERTEX_POINT('',#11674);
#11674 = CARTESIAN_POINT('',(-2.3,4.355,-2.));
#11675 = LINE('',#11676,#11677);
#11676 = CARTESIAN_POINT('',(-2.3,4.355,-5.261941203826));
#11677 = VECTOR('',#11678,1.);
#11678 = DIRECTION('',(-0.,-0.,1.));
#11679 = ORIENTED_EDGE('',*,*,#11680,.F.);
#11680 = EDGE_CURVE('',#11655,#11673,#11681,.T.);
#11681 = LINE('',#11682,#11683);
#11682 = CARTESIAN_POINT('',(-2.3,4.355,-2.));
#11683 = VECTOR('',#11684,1.);
#11684 = DIRECTION('',(-1.,0.,7.281636885445E-15));
#11685 = PLANE('',#11686);
#11686 = AXIS2_PLACEMENT_3D('',#11687,#11688,#11689);
#11687 = CARTESIAN_POINT('',(-1.3,4.355,-5.261941203826));
#11688 = DIRECTION('',(0.,1.,0.));
#11689 = DIRECTION('',(0.,-0.,1.));
#11690 = ADVANCED_FACE('',(#11691),#11727,.F.);
#11691 = FACE_BOUND('',#11692,.F.);
#11692 = EDGE_LOOP('',(#11693,#11703,#11712,#11720));
#11693 = ORIENTED_EDGE('',*,*,#11694,.T.);
#11694 = EDGE_CURVE('',#11695,#11697,#11699,.T.);
#11695 = VERTEX_POINT('',#11696);
#11696 = CARTESIAN_POINT('',(-3.05,2.8,-1.9));
#11697 = VERTEX_POINT('',#11698);
#11698 = CARTESIAN_POINT('',(-2.3,2.8,-1.9));
#11699 = LINE('',#11700,#11701);
#11700 = CARTESIAN_POINT('',(-2.3,2.8,-1.9));
#11701 = VECTOR('',#11702,1.);
#11702 = DIRECTION('',(1.,-5.374889246201E-17,-7.281636885445E-15));
#11703 = ORIENTED_EDGE('',*,*,#11704,.T.);
#11704 = EDGE_CURVE('',#11697,#11705,#11707,.T.);
#11705 = VERTEX_POINT('',#11706);
#11706 = CARTESIAN_POINT('',(-2.3,2.55,-1.65));
#11707 = CIRCLE('',#11708,0.25);
#11708 = AXIS2_PLACEMENT_3D('',#11709,#11710,#11711);
#11709 = CARTESIAN_POINT('',(-2.3,2.8,-1.65));
#11710 = DIRECTION('',(-1.,5.374889246201E-17,7.281636885445E-15));
#11711 = DIRECTION('',(-7.281636885445E-15,-1.040834085586E-14,-1.));
#11712 = ORIENTED_EDGE('',*,*,#11713,.T.);
#11713 = EDGE_CURVE('',#11705,#11714,#11716,.T.);
#11714 = VERTEX_POINT('',#11715);
#11715 = CARTESIAN_POINT('',(-3.05,2.55,-1.65));
#11716 = LINE('',#11717,#11718);
#11717 = CARTESIAN_POINT('',(-3.05,2.55,-1.65));
#11718 = VECTOR('',#11719,1.);
#11719 = DIRECTION('',(-1.,5.374889246201E-17,7.281636885445E-15));
#11720 = ORIENTED_EDGE('',*,*,#11721,.T.);
#11721 = EDGE_CURVE('',#11714,#11695,#11722,.T.);
#11722 = CIRCLE('',#11723,0.25);
#11723 = AXIS2_PLACEMENT_3D('',#11724,#11725,#11726);
#11724 = CARTESIAN_POINT('',(-3.05,2.8,-1.65));
#11725 = DIRECTION('',(1.,-5.374889246201E-17,-7.281636885445E-15));
#11726 = DIRECTION('',(-7.281636885445E-15,1.84220556568E-32,-1.));
#11727 = CYLINDRICAL_SURFACE('',#11728,0.25);
#11728 = AXIS2_PLACEMENT_3D('',#11729,#11730,#11731);
#11729 = CARTESIAN_POINT('',(-3.95,2.8,-1.65));
#11730 = DIRECTION('',(-1.,5.374889246201E-17,7.281636885445E-15));
#11731 = DIRECTION('',(7.281636885445E-15,-1.84220556568E-32,1.));
#11732 = ADVANCED_FACE('',(#11733),#11758,.F.);
#11733 = FACE_BOUND('',#11734,.T.);
#11734 = EDGE_LOOP('',(#11735,#11743,#11744,#11752));
#11735 = ORIENTED_EDGE('',*,*,#11736,.F.);
#11736 = EDGE_CURVE('',#11695,#11737,#11739,.T.);
#11737 = VERTEX_POINT('',#11738);
#11738 = CARTESIAN_POINT('',(-3.05,3.1,-1.9));
#11739 = LINE('',#11740,#11741);
#11740 = CARTESIAN_POINT('',(-3.05,2.55,-1.9));
#11741 = VECTOR('',#11742,1.);
#11742 = DIRECTION('',(7.751334854711E-29,1.,-1.047445008333E-14));
#11743 = ORIENTED_EDGE('',*,*,#11694,.T.);
#11744 = ORIENTED_EDGE('',*,*,#11745,.F.);
#11745 = EDGE_CURVE('',#11746,#11697,#11748,.T.);
#11746 = VERTEX_POINT('',#11747);
#11747 = CARTESIAN_POINT('',(-2.3,3.1,-1.9));
#11748 = LINE('',#11749,#11750);
#11749 = CARTESIAN_POINT('',(-2.3,2.55,-1.9));
#11750 = VECTOR('',#11751,1.);
#11751 = DIRECTION('',(-0.,-1.,1.047445008333E-14));
#11752 = ORIENTED_EDGE('',*,*,#11753,.T.);
#11753 = EDGE_CURVE('',#11746,#11737,#11754,.T.);
#11754 = LINE('',#11755,#11756);
#11755 = CARTESIAN_POINT('',(-3.05,3.1,-1.9));
#11756 = VECTOR('',#11757,1.);
#11757 = DIRECTION('',(-1.,5.374889246201E-17,7.281636885445E-15));
#11758 = PLANE('',#11759);
#11759 = AXIS2_PLACEMENT_3D('',#11760,#11761,#11762);
#11760 = CARTESIAN_POINT('',(-3.95,2.55,-1.9));
#11761 = DIRECTION('',(-7.281636885445E-15,-1.047445008333E-14,-1.));
#11762 = DIRECTION('',(0.,1.,-1.047445008333E-14));
#11763 = ADVANCED_FACE('',(#11764),#11791,.F.);
#11764 = FACE_BOUND('',#11765,.F.);
#11765 = EDGE_LOOP('',(#11766,#11767,#11776,#11784));
#11766 = ORIENTED_EDGE('',*,*,#11753,.T.);
#11767 = ORIENTED_EDGE('',*,*,#11768,.T.);
#11768 = EDGE_CURVE('',#11737,#11769,#11771,.T.);
#11769 = VERTEX_POINT('',#11770);
#11770 = CARTESIAN_POINT('',(-3.05,3.35,-1.65));
#11771 = CIRCLE('',#11772,0.25);
#11772 = AXIS2_PLACEMENT_3D('',#11773,#11774,#11775);
#11773 = CARTESIAN_POINT('',(-3.05,3.1,-1.65));
#11774 = DIRECTION('',(1.,-5.374889246201E-17,-7.281636885445E-15));
#11775 = DIRECTION('',(-7.281636885445E-15,1.84220556568E-32,-1.));
#11776 = ORIENTED_EDGE('',*,*,#11777,.T.);
#11777 = EDGE_CURVE('',#11769,#11778,#11780,.T.);
#11778 = VERTEX_POINT('',#11779);
#11779 = CARTESIAN_POINT('',(-2.3,3.35,-1.65));
#11780 = LINE('',#11781,#11782);
#11781 = CARTESIAN_POINT('',(-2.3,3.35,-1.65));
#11782 = VECTOR('',#11783,1.);
#11783 = DIRECTION('',(1.,-5.374889246201E-17,-7.281636885445E-15));
#11784 = ORIENTED_EDGE('',*,*,#11785,.T.);
#11785 = EDGE_CURVE('',#11778,#11746,#11786,.T.);
#11786 = CIRCLE('',#11787,0.25);
#11787 = AXIS2_PLACEMENT_3D('',#11788,#11789,#11790);
#11788 = CARTESIAN_POINT('',(-2.3,3.1,-1.65));
#11789 = DIRECTION('',(-1.,5.374889246201E-17,7.281636885445E-15));
#11790 = DIRECTION('',(-7.281636885445E-15,3.295974604356E-14,-1.));
#11791 = CYLINDRICAL_SURFACE('',#11792,0.25);
#11792 = AXIS2_PLACEMENT_3D('',#11793,#11794,#11795);
#11793 = CARTESIAN_POINT('',(-3.95,3.1,-1.65));
#11794 = DIRECTION('',(1.,-5.374889246201E-17,-7.281636885445E-15));
#11795 = DIRECTION('',(-7.281636885445E-15,1.84220556568E-32,-1.));
#11796 = ADVANCED_FACE('',(#11797),#11813,.F.);
#11797 = FACE_BOUND('',#11798,.T.);
#11798 = EDGE_LOOP('',(#11799,#11805,#11806,#11812));
#11799 = ORIENTED_EDGE('',*,*,#11800,.T.);
#11800 = EDGE_CURVE('',#10307,#11407,#11801,.T.);
#11801 = LINE('',#11802,#11803);
#11802 = CARTESIAN_POINT('',(-3.15,3.7,-6.));
#11803 = VECTOR('',#11804,1.);
#11804 = DIRECTION('',(-5.633679745264E-15,-0.5,-0.866025403784));
#11805 = ORIENTED_EDGE('',*,*,#11432,.F.);
#11806 = ORIENTED_EDGE('',*,*,#11807,.T.);
#11807 = EDGE_CURVE('',#11425,#10315,#11808,.T.);
#11808 = LINE('',#11809,#11810);
#11809 = CARTESIAN_POINT('',(-3.95,2.776239569297,-7.6));
#11810 = VECTOR('',#11811,1.);
#11811 = DIRECTION('',(6.572626369475E-15,0.5,0.866025403784));
#11812 = ORIENTED_EDGE('',*,*,#10314,.F.);
#11813 = PLANE('',#11814);
#11814 = AXIS2_PLACEMENT_3D('',#11815,#11816,#11817);
#11815 = CARTESIAN_POINT('',(-3.95,2.776239569297,-7.6));
#11816 = DIRECTION('',(3.594270536425E-15,-0.866025403784,0.5));
#11817 = DIRECTION('',(1.972152263053E-31,-0.5,-0.866025403784));
#11818 = ADVANCED_FACE('',(#11819),#11830,.F.);
#11819 = FACE_BOUND('',#11820,.T.);
#11820 = EDGE_LOOP('',(#11821,#11827,#11828,#11829));
#11821 = ORIENTED_EDGE('',*,*,#11822,.F.);
#11822 = EDGE_CURVE('',#11409,#10299,#11823,.T.);
#11823 = LINE('',#11824,#11825);
#11824 = CARTESIAN_POINT('',(-3.15,1.552577510999E-13,-6.));
#11825 = VECTOR('',#11826,1.);
#11826 = DIRECTION('',(6.739535799202E-15,0.,1.));
#11827 = ORIENTED_EDGE('',*,*,#11406,.F.);
#11828 = ORIENTED_EDGE('',*,*,#11800,.F.);
#11829 = ORIENTED_EDGE('',*,*,#10306,.T.);
#11830 = PLANE('',#11831);
#11831 = AXIS2_PLACEMENT_3D('',#11832,#11833,#11834);
#11832 = CARTESIAN_POINT('',(-3.15,5.5,-6.));
#11833 = DIRECTION('',(-1.,5.374889246201E-17,6.739535799202E-15));
#11834 = DIRECTION('',(6.739535799202E-15,0.,1.));
#11835 = ADVANCED_FACE('',(#11836),#11852,.T.);
#11836 = FACE_BOUND('',#11837,.T.);
#11837 = EDGE_LOOP('',(#11838,#11839,#11845,#11846));
#11838 = ORIENTED_EDGE('',*,*,#10337,.T.);
#11839 = ORIENTED_EDGE('',*,*,#11840,.F.);
#11840 = EDGE_CURVE('',#10981,#10330,#11841,.T.);
#11841 = LINE('',#11842,#11843);
#11842 = CARTESIAN_POINT('',(-2.3,4.2,1.040834085586E-14));
#11843 = VECTOR('',#11844,1.);
#11844 = DIRECTION('',(-7.281636885445E-15,0.,-1.));
#11845 = ORIENTED_EDGE('',*,*,#10980,.T.);
#11846 = ORIENTED_EDGE('',*,*,#11847,.T.);
#11847 = EDGE_CURVE('',#10973,#10338,#11848,.T.);
#11848 = LINE('',#11849,#11850);
#11849 = CARTESIAN_POINT('',(-1.3,4.2,-5.898059818321E-14));
#11850 = VECTOR('',#11851,1.);
#11851 = DIRECTION('',(-0.,-1.067853519815E-14,-1.));
#11852 = PLANE('',#11853);
#11853 = AXIS2_PLACEMENT_3D('',#11854,#11855,#11856);
#11854 = CARTESIAN_POINT('',(2.3,4.2,-5.898059818321E-14));
#11855 = DIRECTION('',(5.374889246193E-17,1.,-1.067853519815E-14));
#11856 = DIRECTION('',(0.,1.067853519815E-14,1.));
#11857 = ADVANCED_FACE('',(#11858),#11883,.F.);
#11858 = FACE_BOUND('',#11859,.T.);
#11859 = EDGE_LOOP('',(#11860,#11870,#11876,#11877));
#11860 = ORIENTED_EDGE('',*,*,#11861,.T.);
#11861 = EDGE_CURVE('',#11862,#11864,#11866,.T.);
#11862 = VERTEX_POINT('',#11863);
#11863 = CARTESIAN_POINT('',(-0.3,4.2,-0.23));
#11864 = VERTEX_POINT('',#11865);
#11865 = CARTESIAN_POINT('',(-1.3,4.2,-0.23));
#11866 = LINE('',#11867,#11868);
#11867 = CARTESIAN_POINT('',(2.3,4.2,-0.23));
#11868 = VECTOR('',#11869,1.);
#11869 = DIRECTION('',(-1.,5.374889246201E-17,7.391429510507E-15));
#11870 = ORIENTED_EDGE('',*,*,#11871,.F.);
#11871 = EDGE_CURVE('',#10973,#11864,#11872,.T.);
#11872 = LINE('',#11873,#11874);
#11873 = CARTESIAN_POINT('',(-1.3,4.2,-5.898059818321E-14));
#11874 = VECTOR('',#11875,1.);
#11875 = DIRECTION('',(0.,1.067853519815E-14,1.));
#11876 = ORIENTED_EDGE('',*,*,#10972,.T.);
#11877 = ORIENTED_EDGE('',*,*,#11878,.F.);
#11878 = EDGE_CURVE('',#11862,#10965,#11879,.T.);
#11879 = LINE('',#11880,#11881);
#11880 = CARTESIAN_POINT('',(-0.3,4.2,-5.898059818321E-14));
#11881 = VECTOR('',#11882,1.);
#11882 = DIRECTION('',(-0.,-1.067853519815E-14,-1.));
#11883 = PLANE('',#11884);
#11884 = AXIS2_PLACEMENT_3D('',#11885,#11886,#11887);
#11885 = CARTESIAN_POINT('',(2.3,4.2,-5.898059818321E-14));
#11886 = DIRECTION('',(5.374889246193E-17,1.,-1.067853519815E-14));
#11887 = DIRECTION('',(0.,1.067853519815E-14,1.));
#11888 = ADVANCED_FACE('',(#11889),#11905,.T.);
#11889 = FACE_BOUND('',#11890,.T.);
#11890 = EDGE_LOOP('',(#11891,#11892,#11898,#11899));
#11891 = ORIENTED_EDGE('',*,*,#11053,.T.);
#11892 = ORIENTED_EDGE('',*,*,#11893,.T.);
#11893 = EDGE_CURVE('',#11046,#10418,#11894,.T.);
#11894 = LINE('',#11895,#11896);
#11895 = CARTESIAN_POINT('',(-0.75,2.85,-0.95));
#11896 = VECTOR('',#11897,1.);
#11897 = DIRECTION('',(7.299578983071E-15,0.,-1.));
#11898 = ORIENTED_EDGE('',*,*,#10441,.T.);
#11899 = ORIENTED_EDGE('',*,*,#11900,.F.);
#11900 = EDGE_CURVE('',#11030,#10434,#11901,.T.);
#11901 = LINE('',#11902,#11903);
#11902 = CARTESIAN_POINT('',(-1.25,2.85,-0.95));
#11903 = VECTOR('',#11904,1.);
#11904 = DIRECTION('',(7.299578983071E-15,0.,-1.));
#11905 = PLANE('',#11906);
#11906 = AXIS2_PLACEMENT_3D('',#11907,#11908,#11909);
#11907 = CARTESIAN_POINT('',(-0.75,2.85,-0.95));
#11908 = DIRECTION('',(-5.374889246201E-17,1.,-3.92344285779E-31));
#11909 = DIRECTION('',(-1.,-5.374889246201E-17,0.));
#11910 = ADVANCED_FACE('',(#11911),#11922,.T.);
#11911 = FACE_BOUND('',#11912,.T.);
#11912 = EDGE_LOOP('',(#11913,#11914,#11915,#11916));
#11913 = ORIENTED_EDGE('',*,*,#10415,.T.);
#11914 = ORIENTED_EDGE('',*,*,#11893,.F.);
#11915 = ORIENTED_EDGE('',*,*,#11045,.T.);
#11916 = ORIENTED_EDGE('',*,*,#11917,.F.);
#11917 = EDGE_CURVE('',#10416,#11038,#11918,.T.);
#11918 = LINE('',#11919,#11920);
#11919 = CARTESIAN_POINT('',(-0.75,3.35,-0.95));
#11920 = VECTOR('',#11921,1.);
#11921 = DIRECTION('',(-7.299578983071E-15,0.,1.));
#11922 = PLANE('',#11923);
#11923 = AXIS2_PLACEMENT_3D('',#11924,#11925,#11926);
#11924 = CARTESIAN_POINT('',(-0.75,0.5,-6.6));
#11925 = DIRECTION('',(-1.,-5.374889246201E-17,-7.281636885445E-15));
#11926 = DIRECTION('',(7.281636885445E-15,0.,-1.));
#11927 = ADVANCED_FACE('',(#11928),#11939,.T.);
#11928 = FACE_BOUND('',#11929,.T.);
#11929 = EDGE_LOOP('',(#11930,#11931,#11937,#11938));
#11930 = ORIENTED_EDGE('',*,*,#11037,.T.);
#11931 = ORIENTED_EDGE('',*,*,#11932,.F.);
#11932 = EDGE_CURVE('',#10426,#11028,#11933,.T.);
#11933 = LINE('',#11934,#11935);
#11934 = CARTESIAN_POINT('',(-1.25,3.35,-0.95));
#11935 = VECTOR('',#11936,1.);
#11936 = DIRECTION('',(-7.299578983071E-15,0.,1.));
#11937 = ORIENTED_EDGE('',*,*,#10425,.F.);
#11938 = ORIENTED_EDGE('',*,*,#11917,.T.);
#11939 = PLANE('',#11940);
#11940 = AXIS2_PLACEMENT_3D('',#11941,#11942,#11943);
#11941 = CARTESIAN_POINT('',(-0.75,3.35,-0.95));
#11942 = DIRECTION('',(5.374889246201E-17,-1.,3.92344285779E-31));
#11943 = DIRECTION('',(1.,5.374889246201E-17,0.));
#11944 = ADVANCED_FACE('',(#11945),#11951,.F.);
#11945 = FACE_BOUND('',#11946,.T.);
#11946 = EDGE_LOOP('',(#11947,#11948,#11949,#11950));
#11947 = ORIENTED_EDGE('',*,*,#10433,.F.);
#11948 = ORIENTED_EDGE('',*,*,#11932,.T.);
#11949 = ORIENTED_EDGE('',*,*,#11027,.T.);
#11950 = ORIENTED_EDGE('',*,*,#11900,.T.);
#11951 = PLANE('',#11952);
#11952 = AXIS2_PLACEMENT_3D('',#11953,#11954,#11955);
#11953 = CARTESIAN_POINT('',(-1.25,0.5,-6.6));
#11954 = DIRECTION('',(-1.,-5.374889246201E-17,-7.281636885445E-15));
#11955 = DIRECTION('',(7.281636885445E-15,0.,-1.));
#11956 = ADVANCED_FACE('',(#11957),#11980,.F.);
#11957 = FACE_BOUND('',#11958,.T.);
#11958 = EDGE_LOOP('',(#11959,#11960,#11966,#11967,#11973,#11974));
#11959 = ORIENTED_EDGE('',*,*,#11664,.F.);
#11960 = ORIENTED_EDGE('',*,*,#11961,.F.);
#11961 = EDGE_CURVE('',#11864,#11657,#11962,.T.);
#11962 = LINE('',#11963,#11964);
#11963 = CARTESIAN_POINT('',(-1.3,4.43,-5.626710058731E-14));
#11964 = VECTOR('',#11965,1.);
#11965 = DIRECTION('',(-0.,0.707106781187,0.707106781187));
#11966 = ORIENTED_EDGE('',*,*,#11861,.F.);
#11967 = ORIENTED_EDGE('',*,*,#11968,.F.);
#11968 = EDGE_CURVE('',#10716,#11862,#11969,.T.);
#11969 = LINE('',#11970,#11971);
#11970 = CARTESIAN_POINT('',(-0.3,4.43,-4.47963740212E-14));
#11971 = VECTOR('',#11972,1.);
#11972 = DIRECTION('',(-5.037783718416E-15,-0.707106781187,
    -0.707106781187));
#11973 = ORIENTED_EDGE('',*,*,#10715,.F.);
#11974 = ORIENTED_EDGE('',*,*,#11975,.F.);
#11975 = EDGE_CURVE('',#11665,#10708,#11976,.T.);
#11976 = LINE('',#11977,#11978);
#11977 = CARTESIAN_POINT('',(-2.3,4.43,-2.967517972233E-14));
#11978 = VECTOR('',#11979,1.);
#11979 = DIRECTION('',(5.186901026178E-15,0.707106781187,0.707106781187)
  );
#11980 = PLANE('',#11981);
#11981 = AXIS2_PLACEMENT_3D('',#11982,#11983,#11984);
#11982 = CARTESIAN_POINT('',(3.95,4.43,-7.552851220968E-14));
#11983 = DIRECTION('',(-5.188523723201E-15,0.707106781187,
    -0.707106781187));
#11984 = DIRECTION('',(1.,-5.374889246201E-17,-7.391429510507E-15));
#11985 = ADVANCED_FACE('',(#11986),#12002,.F.);
#11986 = FACE_BOUND('',#11987,.T.);
#11987 = EDGE_LOOP('',(#11988,#11994,#11995,#12001));
#11988 = ORIENTED_EDGE('',*,*,#11989,.F.);
#11989 = EDGE_CURVE('',#11769,#10692,#11990,.T.);
#11990 = LINE('',#11991,#11992);
#11991 = CARTESIAN_POINT('',(-3.05,3.35,-6.938893903907E-15));
#11992 = VECTOR('',#11993,1.);
#11993 = DIRECTION('',(0.,1.001794390544E-14,1.));
#11994 = ORIENTED_EDGE('',*,*,#11777,.T.);
#11995 = ORIENTED_EDGE('',*,*,#11996,.F.);
#11996 = EDGE_CURVE('',#10700,#11778,#11997,.T.);
#11997 = LINE('',#11998,#11999);
#11998 = CARTESIAN_POINT('',(-2.3,3.35,1.040834085586E-14));
#11999 = VECTOR('',#12000,1.);
#12000 = DIRECTION('',(-7.281636885445E-15,0.,-1.));
#12001 = ORIENTED_EDGE('',*,*,#10699,.F.);
#12002 = PLANE('',#12003);
#12003 = AXIS2_PLACEMENT_3D('',#12004,#12005,#12006);
#12004 = CARTESIAN_POINT('',(-3.95,3.35,-6.938893903907E-15));
#12005 = DIRECTION('',(5.374889246194E-17,1.,-1.001794390544E-14));
#12006 = DIRECTION('',(0.,1.001794390544E-14,1.));
#12007 = ADVANCED_FACE('',(#12008),#12016,.F.);
#12008 = FACE_BOUND('',#12009,.T.);
#12009 = EDGE_LOOP('',(#12010,#12011,#12012,#12013,#12014,#12015));
#12010 = ORIENTED_EDGE('',*,*,#10723,.T.);
#12011 = ORIENTED_EDGE('',*,*,#11968,.T.);
#12012 = ORIENTED_EDGE('',*,*,#11878,.T.);
#12013 = ORIENTED_EDGE('',*,*,#10964,.F.);
#12014 = ORIENTED_EDGE('',*,*,#9859,.F.);
#12015 = ORIENTED_EDGE('',*,*,#9828,.T.);
#12016 = PLANE('',#12017);
#12017 = AXIS2_PLACEMENT_3D('',#12018,#12019,#12020);
#12018 = CARTESIAN_POINT('',(-0.3,4.2,-5.25));
#12019 = DIRECTION('',(-1.,-2.850642864397E-16,7.409566345326E-15));
#12020 = DIRECTION('',(7.409566345326E-15,0.,1.));
#12021 = ADVANCED_FACE('',(#12022),#12046,.F.);
#12022 = FACE_BOUND('',#12023,.T.);
#12023 = EDGE_LOOP('',(#12024,#12025,#12026,#12027,#12033,#12034,#12035,
    #12036,#12037,#12038,#12039,#12045));
#12024 = ORIENTED_EDGE('',*,*,#11342,.T.);
#12025 = ORIENTED_EDGE('',*,*,#11311,.T.);
#12026 = ORIENTED_EDGE('',*,*,#11640,.F.);
#12027 = ORIENTED_EDGE('',*,*,#12028,.F.);
#12028 = EDGE_CURVE('',#11714,#11633,#12029,.T.);
#12029 = LINE('',#12030,#12031);
#12030 = CARTESIAN_POINT('',(-3.05,2.55,-0.8));
#12031 = VECTOR('',#12032,1.);
#12032 = DIRECTION('',(7.329817504127E-15,0.,-1.));
#12033 = ORIENTED_EDGE('',*,*,#11721,.T.);
#12034 = ORIENTED_EDGE('',*,*,#11736,.T.);
#12035 = ORIENTED_EDGE('',*,*,#11768,.T.);
#12036 = ORIENTED_EDGE('',*,*,#11989,.T.);
#12037 = ORIENTED_EDGE('',*,*,#10691,.T.);
#12038 = ORIENTED_EDGE('',*,*,#10209,.F.);
#12039 = ORIENTED_EDGE('',*,*,#12040,.T.);
#12040 = EDGE_CURVE('',#10202,#11368,#12041,.T.);
#12041 = LINE('',#12042,#12043);
#12042 = CARTESIAN_POINT('',(-3.05,2.26381413615E-13,-0.8));
#12043 = VECTOR('',#12044,1.);
#12044 = DIRECTION('',(-0.,-1.,1.047445008333E-14));
#12045 = ORIENTED_EDGE('',*,*,#11367,.F.);
#12046 = PLANE('',#12047);
#12047 = AXIS2_PLACEMENT_3D('',#12048,#12049,#12050);
#12048 = CARTESIAN_POINT('',(-3.05,2.367897544708E-13,2.081668171172E-14
    ));
#12049 = DIRECTION('',(1.,-5.374889246201E-17,-7.281636885445E-15));
#12050 = DIRECTION('',(-7.281636885445E-15,0.,-1.));
#12051 = ADVANCED_FACE('',(#12052),#12063,.F.);
#12052 = FACE_BOUND('',#12053,.T.);
#12053 = EDGE_LOOP('',(#12054,#12055,#12056,#12057));
#12054 = ORIENTED_EDGE('',*,*,#11375,.F.);
#12055 = ORIENTED_EDGE('',*,*,#12040,.F.);
#12056 = ORIENTED_EDGE('',*,*,#10201,.T.);
#12057 = ORIENTED_EDGE('',*,*,#12058,.T.);
#12058 = EDGE_CURVE('',#10194,#11376,#12059,.T.);
#12059 = LINE('',#12060,#12061);
#12060 = CARTESIAN_POINT('',(-3.95,5.5,-0.8));
#12061 = VECTOR('',#12062,1.);
#12062 = DIRECTION('',(-5.374889246201E-17,-1.,3.975140932691E-31));
#12063 = PLANE('',#12064);
#12064 = AXIS2_PLACEMENT_3D('',#12065,#12066,#12067);
#12065 = CARTESIAN_POINT('',(-3.95,2.26381413615E-13,-0.8));
#12066 = DIRECTION('',(-7.281636885445E-15,-1.047445008333E-14,-1.));
#12067 = DIRECTION('',(0.,1.,-1.047445008333E-14));
#12068 = ADVANCED_FACE('',(#12069),#12098,.F.);
#12069 = FACE_BOUND('',#12070,.T.);
#12070 = EDGE_LOOP('',(#12071,#12077,#12078,#12079,#12080,#12081,#12082,
    #12083,#12084,#12090,#12091,#12097));
#12071 = ORIENTED_EDGE('',*,*,#12072,.T.);
#12072 = EDGE_CURVE('',#11590,#11625,#12073,.T.);
#12073 = LINE('',#12074,#12075);
#12074 = CARTESIAN_POINT('',(-3.95,2.55,0.));
#12075 = VECTOR('',#12076,1.);
#12076 = DIRECTION('',(0.,-1.024619699438E-14,-1.));
#12077 = ORIENTED_EDGE('',*,*,#11624,.T.);
#12078 = ORIENTED_EDGE('',*,*,#11383,.T.);
#12079 = ORIENTED_EDGE('',*,*,#12058,.F.);
#12080 = ORIENTED_EDGE('',*,*,#10193,.F.);
#12081 = ORIENTED_EDGE('',*,*,#10322,.T.);
#12082 = ORIENTED_EDGE('',*,*,#11807,.F.);
#12083 = ORIENTED_EDGE('',*,*,#11424,.F.);
#12084 = ORIENTED_EDGE('',*,*,#12085,.F.);
#12085 = EDGE_CURVE('',#11465,#11417,#12086,.T.);
#12086 = LINE('',#12087,#12088);
#12087 = CARTESIAN_POINT('',(-3.95,1.552577510999E-13,-7.6));
#12088 = VECTOR('',#12089,1.);
#12089 = DIRECTION('',(0.,-1.047445008333E-14,-1.));
#12090 = ORIENTED_EDGE('',*,*,#11464,.F.);
#12091 = ORIENTED_EDGE('',*,*,#12092,.F.);
#12092 = EDGE_CURVE('',#11598,#11457,#12093,.T.);
#12093 = LINE('',#12094,#12095);
#12094 = CARTESIAN_POINT('',(-3.95,0.4,-3.122502256758E-14));
#12095 = VECTOR('',#12096,1.);
#12096 = DIRECTION('',(-7.395763429917E-15,0.,-1.));
#12097 = ORIENTED_EDGE('',*,*,#11597,.F.);
#12098 = PLANE('',#12099);
#12099 = AXIS2_PLACEMENT_3D('',#12100,#12101,#12102);
#12100 = CARTESIAN_POINT('',(-3.95,5.5,-3.122502256758E-14));
#12101 = DIRECTION('',(1.,-5.374889246201E-17,-7.395763429917E-15));
#12102 = DIRECTION('',(-7.395763429917E-15,0.,-1.));
#12103 = ADVANCED_FACE('',(#12104),#12120,.F.);
#12104 = FACE_BOUND('',#12105,.T.);
#12105 = EDGE_LOOP('',(#12106,#12112,#12113,#12119));
#12106 = ORIENTED_EDGE('',*,*,#12107,.F.);
#12107 = EDGE_CURVE('',#11655,#10162,#12108,.T.);
#12108 = LINE('',#12109,#12110);
#12109 = CARTESIAN_POINT('',(-1.3,7.689437438255E-02,-2.));
#12110 = VECTOR('',#12111,1.);
#12111 = DIRECTION('',(-0.,1.,-1.047445008333E-14));
#12112 = ORIENTED_EDGE('',*,*,#11680,.T.);
#12113 = ORIENTED_EDGE('',*,*,#12114,.F.);
#12114 = EDGE_CURVE('',#10170,#11673,#12115,.T.);
#12115 = LINE('',#12116,#12117);
#12116 = CARTESIAN_POINT('',(-2.3,0.7,-2.));
#12117 = VECTOR('',#12118,1.);
#12118 = DIRECTION('',(-5.374889246201E-17,-1.,3.913799179032E-31));
#12119 = ORIENTED_EDGE('',*,*,#10169,.T.);
#12120 = PLANE('',#12121);
#12121 = AXIS2_PLACEMENT_3D('',#12122,#12123,#12124);
#12122 = CARTESIAN_POINT('',(-2.3,7.689437438255E-02,-2.));
#12123 = DIRECTION('',(7.281636885445E-15,1.047445008333E-14,1.));
#12124 = DIRECTION('',(0.,-1.,1.047445008333E-14));
#12125 = ADVANCED_FACE('',(#12126),#12135,.F.);
#12126 = FACE_BOUND('',#12127,.T.);
#12127 = EDGE_LOOP('',(#12128,#12129,#12130,#12131,#12132,#12133,#12134)
  );
#12128 = ORIENTED_EDGE('',*,*,#11847,.F.);
#12129 = ORIENTED_EDGE('',*,*,#11871,.T.);
#12130 = ORIENTED_EDGE('',*,*,#11961,.T.);
#12131 = ORIENTED_EDGE('',*,*,#11654,.F.);
#12132 = ORIENTED_EDGE('',*,*,#12107,.T.);
#12133 = ORIENTED_EDGE('',*,*,#10161,.T.);
#12134 = ORIENTED_EDGE('',*,*,#10345,.F.);
#12135 = PLANE('',#12136);
#12136 = AXIS2_PLACEMENT_3D('',#12137,#12138,#12139);
#12137 = CARTESIAN_POINT('',(-1.3,7.689437438255E-02,-2.));
#12138 = DIRECTION('',(1.,-5.374889246201E-17,-7.390057102694E-15));
#12139 = DIRECTION('',(-7.390057102694E-15,0.,-1.));
#12140 = ADVANCED_FACE('',(#12141),#12161,.T.);
#12141 = FACE_BOUND('',#12142,.T.);
#12142 = EDGE_LOOP('',(#12143,#12149,#12150,#12156,#12157,#12158,#12159,
    #12160));
#12143 = ORIENTED_EDGE('',*,*,#12144,.F.);
#12144 = EDGE_CURVE('',#10011,#10291,#12145,.T.);
#12145 = LINE('',#12146,#12147);
#12146 = CARTESIAN_POINT('',(-1.825,1.551435347034E-13,-7.6));
#12147 = VECTOR('',#12148,1.);
#12148 = DIRECTION('',(0.,-1.047445008333E-14,-1.));
#12149 = ORIENTED_EDGE('',*,*,#10010,.T.);
#12150 = ORIENTED_EDGE('',*,*,#12151,.T.);
#12151 = EDGE_CURVE('',#10003,#11447,#12152,.T.);
#12152 = LINE('',#12153,#12154);
#12153 = CARTESIAN_POINT('',(-2.45,1.551771277612E-13,-7.6));
#12154 = VECTOR('',#12155,1.);
#12155 = DIRECTION('',(0.,-1.047445008333E-14,-1.));
#12156 = ORIENTED_EDGE('',*,*,#11472,.T.);
#12157 = ORIENTED_EDGE('',*,*,#12085,.T.);
#12158 = ORIENTED_EDGE('',*,*,#11416,.T.);
#12159 = ORIENTED_EDGE('',*,*,#11822,.T.);
#12160 = ORIENTED_EDGE('',*,*,#10298,.T.);
#12161 = PLANE('',#12162);
#12162 = AXIS2_PLACEMENT_3D('',#12163,#12164,#12165);
#12163 = CARTESIAN_POINT('',(-3.95,1.552577510999E-13,-7.6));
#12164 = DIRECTION('',(-5.374889246194E-17,-1.,1.047445008333E-14));
#12165 = DIRECTION('',(0.,-1.047445008333E-14,-1.));
#12166 = ADVANCED_FACE('',(#12167),#12178,.T.);
#12167 = FACE_BOUND('',#12168,.T.);
#12168 = EDGE_LOOP('',(#12169,#12175,#12176,#12177));
#12169 = ORIENTED_EDGE('',*,*,#12170,.T.);
#12170 = EDGE_CURVE('',#9995,#11449,#12171,.T.);
#12171 = LINE('',#12172,#12173);
#12172 = CARTESIAN_POINT('',(-2.45,0.4,-3.));
#12173 = VECTOR('',#12174,1.);
#12174 = DIRECTION('',(-7.281636885445E-15,-0.,-1.));
#12175 = ORIENTED_EDGE('',*,*,#11446,.F.);
#12176 = ORIENTED_EDGE('',*,*,#12151,.F.);
#12177 = ORIENTED_EDGE('',*,*,#10002,.T.);
#12178 = PLANE('',#12179);
#12179 = AXIS2_PLACEMENT_3D('',#12180,#12181,#12182);
#12180 = CARTESIAN_POINT('',(-2.45,2.038300084273E-13,-3.));
#12181 = DIRECTION('',(-1.,5.374889246201E-17,7.281636885445E-15));
#12182 = DIRECTION('',(7.281636885445E-15,0.,1.));
#12183 = ADVANCED_FACE('',(#12184),#12199,.T.);
#12184 = FACE_BOUND('',#12185,.T.);
#12185 = EDGE_LOOP('',(#12186,#12187,#12188,#12194,#12195,#12196,#12197,
    #12198));
#12186 = ORIENTED_EDGE('',*,*,#12170,.F.);
#12187 = ORIENTED_EDGE('',*,*,#9994,.T.);
#12188 = ORIENTED_EDGE('',*,*,#12189,.T.);
#12189 = EDGE_CURVE('',#9987,#11527,#12190,.T.);
#12190 = LINE('',#12191,#12192);
#12191 = CARTESIAN_POINT('',(-3.05,0.4,1.387778780781E-14));
#12192 = VECTOR('',#12193,1.);
#12193 = DIRECTION('',(0.,-1.032988979366E-14,-1.));
#12194 = ORIENTED_EDGE('',*,*,#11543,.T.);
#12195 = ORIENTED_EDGE('',*,*,#11496,.T.);
#12196 = ORIENTED_EDGE('',*,*,#11605,.T.);
#12197 = ORIENTED_EDGE('',*,*,#12092,.T.);
#12198 = ORIENTED_EDGE('',*,*,#11456,.F.);
#12199 = PLANE('',#12200);
#12200 = AXIS2_PLACEMENT_3D('',#12201,#12202,#12203);
#12201 = CARTESIAN_POINT('',(-2.45,0.4,1.387778780781E-14));
#12202 = DIRECTION('',(-5.374889246194E-17,-1.,1.032988979366E-14));
#12203 = DIRECTION('',(0.,-1.032988979366E-14,-1.));
#12204 = ADVANCED_FACE('',(#12205),#12218,.F.);
#12205 = FACE_BOUND('',#12206,.T.);
#12206 = EDGE_LOOP('',(#12207,#12208,#12214,#12215,#12216,#12217));
#12207 = ORIENTED_EDGE('',*,*,#9986,.T.);
#12208 = ORIENTED_EDGE('',*,*,#12209,.F.);
#12209 = EDGE_CURVE('',#11582,#9979,#12210,.T.);
#12210 = LINE('',#12211,#12212);
#12211 = CARTESIAN_POINT('',(-3.05,2.55,2.081668171172E-14));
#12212 = VECTOR('',#12213,1.);
#12213 = DIRECTION('',(7.281636885445E-15,-0.,1.));
#12214 = ORIENTED_EDGE('',*,*,#11581,.F.);
#12215 = ORIENTED_EDGE('',*,*,#11567,.F.);
#12216 = ORIENTED_EDGE('',*,*,#11526,.F.);
#12217 = ORIENTED_EDGE('',*,*,#12189,.F.);
#12218 = PLANE('',#12219);
#12219 = AXIS2_PLACEMENT_3D('',#12220,#12221,#12222);
#12220 = CARTESIAN_POINT('',(-3.05,2.367897544708E-13,2.081668171172E-14
    ));
#12221 = DIRECTION('',(1.,-5.374889246201E-17,-7.281636885445E-15));
#12222 = DIRECTION('',(-7.281636885445E-15,0.,-1.));
#12223 = ADVANCED_FACE('',(#12224),#12239,.F.);
#12224 = FACE_BOUND('',#12225,.T.);
#12225 = EDGE_LOOP('',(#12226,#12232,#12233,#12234,#12235,#12236,#12237,
    #12238));
#12226 = ORIENTED_EDGE('',*,*,#12227,.F.);
#12227 = EDGE_CURVE('',#11705,#9971,#12228,.T.);
#12228 = LINE('',#12229,#12230);
#12229 = CARTESIAN_POINT('',(-2.3,2.55,1.040834085586E-14));
#12230 = VECTOR('',#12231,1.);
#12231 = DIRECTION('',(7.281636885445E-15,-0.,1.));
#12232 = ORIENTED_EDGE('',*,*,#11713,.T.);
#12233 = ORIENTED_EDGE('',*,*,#12028,.T.);
#12234 = ORIENTED_EDGE('',*,*,#11632,.T.);
#12235 = ORIENTED_EDGE('',*,*,#12072,.F.);
#12236 = ORIENTED_EDGE('',*,*,#11589,.T.);
#12237 = ORIENTED_EDGE('',*,*,#12209,.T.);
#12238 = ORIENTED_EDGE('',*,*,#9978,.F.);
#12239 = PLANE('',#12240);
#12240 = AXIS2_PLACEMENT_3D('',#12241,#12242,#12243);
#12241 = CARTESIAN_POINT('',(-3.95,2.55,0.));
#12242 = DIRECTION('',(-5.374889246194E-17,-1.,1.024619699438E-14));
#12243 = DIRECTION('',(0.,-1.024619699438E-14,-1.));
#12244 = ADVANCED_FACE('',(#12245),#12251,.F.);
#12245 = FACE_BOUND('',#12246,.T.);
#12246 = EDGE_LOOP('',(#12247,#12248,#12249,#12250));
#12247 = ORIENTED_EDGE('',*,*,#9939,.T.);
#12248 = ORIENTED_EDGE('',*,*,#10018,.T.);
#12249 = ORIENTED_EDGE('',*,*,#12144,.T.);
#12250 = ORIENTED_EDGE('',*,*,#10290,.F.);
#12251 = PLANE('',#12252);
#12252 = AXIS2_PLACEMENT_3D('',#12253,#12254,#12255);
#12253 = CARTESIAN_POINT('',(-1.825,9.000000000024E-02,-8.6));
#12254 = DIRECTION('',(-1.,0.,-0.));
#12255 = DIRECTION('',(0.,0.,1.));
#12256 = ADVANCED_FACE('',(#12257),#12277,.T.);
#12257 = FACE_BOUND('',#12258,.T.);
#12258 = EDGE_LOOP('',(#12259,#12260,#12261,#12262,#12263,#12264,#12265,
    #12266,#12267,#12268,#12269,#12270,#12271,#12272,#12273,#12274,
    #12275,#12276));
#12259 = ORIENTED_EDGE('',*,*,#10707,.T.);
#12260 = ORIENTED_EDGE('',*,*,#11996,.T.);
#12261 = ORIENTED_EDGE('',*,*,#11785,.T.);
#12262 = ORIENTED_EDGE('',*,*,#11745,.T.);
#12263 = ORIENTED_EDGE('',*,*,#11704,.T.);
#12264 = ORIENTED_EDGE('',*,*,#12227,.T.);
#12265 = ORIENTED_EDGE('',*,*,#9970,.T.);
#12266 = ORIENTED_EDGE('',*,*,#9907,.F.);
#12267 = ORIENTED_EDGE('',*,*,#10778,.T.);
#12268 = ORIENTED_EDGE('',*,*,#10809,.T.);
#12269 = ORIENTED_EDGE('',*,*,#10936,.T.);
#12270 = ORIENTED_EDGE('',*,*,#10988,.T.);
#12271 = ORIENTED_EDGE('',*,*,#11840,.T.);
#12272 = ORIENTED_EDGE('',*,*,#10329,.T.);
#12273 = ORIENTED_EDGE('',*,*,#10177,.T.);
#12274 = ORIENTED_EDGE('',*,*,#12114,.T.);
#12275 = ORIENTED_EDGE('',*,*,#11672,.T.);
#12276 = ORIENTED_EDGE('',*,*,#11975,.T.);
#12277 = PLANE('',#12278);
#12278 = AXIS2_PLACEMENT_3D('',#12279,#12280,#12281);
#12279 = CARTESIAN_POINT('',(-2.3,0.7,1.040834085586E-14));
#12280 = DIRECTION('',(1.,-5.374889246201E-17,-7.281636885445E-15));
#12281 = DIRECTION('',(-7.281636885445E-15,0.,-1.));
#12282 = ADVANCED_FACE('',(#12283),#12301,.F.);
#12283 = FACE_BOUND('',#12284,.T.);
#12284 = EDGE_LOOP('',(#12285,#12286,#12287,#12295));
#12285 = ORIENTED_EDGE('',*,*,#10225,.T.);
#12286 = ORIENTED_EDGE('',*,*,#10684,.F.);
#12287 = ORIENTED_EDGE('',*,*,#12288,.F.);
#12288 = EDGE_CURVE('',#12289,#10677,#12291,.T.);
#12289 = VERTEX_POINT('',#12290);
#12290 = CARTESIAN_POINT('',(-2.3,5.,-1.));
#12291 = LINE('',#12292,#12293);
#12292 = CARTESIAN_POINT('',(-2.3,5.,-6.415171399741E-14));
#12293 = VECTOR('',#12294,1.);
#12294 = DIRECTION('',(-8.673617379884E-16,1.040834085586E-14,1.));
#12295 = ORIENTED_EDGE('',*,*,#12296,.T.);
#12296 = EDGE_CURVE('',#12289,#10226,#12297,.T.);
#12297 = LINE('',#12298,#12299);
#12298 = CARTESIAN_POINT('',(-2.3,5.,-1.));
#12299 = VECTOR('',#12300,1.);
#12300 = DIRECTION('',(5.374889246194E-17,1.,-1.047445008333E-14));
#12301 = PLANE('',#12302);
#12302 = AXIS2_PLACEMENT_3D('',#12303,#12304,#12305);
#12303 = CARTESIAN_POINT('',(-2.3,5.,-6.415171399741E-14));
#12304 = DIRECTION('',(-1.,5.374889246193E-17,-8.673617379884E-16));
#12305 = DIRECTION('',(-8.673617379884E-16,0.,1.));
#12306 = ADVANCED_FACE('',(#12307),#12325,.F.);
#12307 = FACE_BOUND('',#12308,.T.);
#12308 = EDGE_LOOP('',(#12309,#12310,#12311,#12319));
#12309 = ORIENTED_EDGE('',*,*,#10233,.T.);
#12310 = ORIENTED_EDGE('',*,*,#12296,.F.);
#12311 = ORIENTED_EDGE('',*,*,#12312,.F.);
#12312 = EDGE_CURVE('',#12313,#12289,#12315,.T.);
#12313 = VERTEX_POINT('',#12314);
#12314 = CARTESIAN_POINT('',(-1.3,5.,-1.));
#12315 = LINE('',#12316,#12317);
#12316 = CARTESIAN_POINT('',(-2.3,5.,-1.));
#12317 = VECTOR('',#12318,1.);
#12318 = DIRECTION('',(-1.,-0.,-0.));
#12319 = ORIENTED_EDGE('',*,*,#12320,.T.);
#12320 = EDGE_CURVE('',#12313,#10234,#12321,.T.);
#12321 = LINE('',#12322,#12323);
#12322 = CARTESIAN_POINT('',(-1.3,5.,-1.));
#12323 = VECTOR('',#12324,1.);
#12324 = DIRECTION('',(5.374889246194E-17,1.,-1.047445008333E-14));
#12325 = PLANE('',#12326);
#12326 = AXIS2_PLACEMENT_3D('',#12327,#12328,#12329);
#12327 = CARTESIAN_POINT('',(-2.3,5.,-1.));
#12328 = DIRECTION('',(0.,-1.047445008333E-14,-1.));
#12329 = DIRECTION('',(0.,1.,-1.047445008333E-14));
#12330 = ADVANCED_FACE('',(#12331),#12342,.F.);
#12331 = FACE_BOUND('',#12332,.T.);
#12332 = EDGE_LOOP('',(#12333,#12334,#12335,#12341));
#12333 = ORIENTED_EDGE('',*,*,#10241,.T.);
#12334 = ORIENTED_EDGE('',*,*,#12320,.F.);
#12335 = ORIENTED_EDGE('',*,*,#12336,.F.);
#12336 = EDGE_CURVE('',#10669,#12313,#12337,.T.);
#12337 = LINE('',#12338,#12339);
#12338 = CARTESIAN_POINT('',(-1.3,5.,-6.415171399741E-14));
#12339 = VECTOR('',#12340,1.);
#12340 = DIRECTION('',(0.,-1.040834085586E-14,-1.));
#12341 = ORIENTED_EDGE('',*,*,#10668,.T.);
#12342 = PLANE('',#12343);
#12343 = AXIS2_PLACEMENT_3D('',#12344,#12345,#12346);
#12344 = CARTESIAN_POINT('',(-1.3,5.,-6.415171399741E-14));
#12345 = DIRECTION('',(1.,-5.374889246194E-17,5.594367933688E-31));
#12346 = DIRECTION('',(5.374889246194E-17,1.,0.));
#12347 = ADVANCED_FACE('',(#12348),#12354,.F.);
#12348 = FACE_BOUND('',#12349,.T.);
#12349 = EDGE_LOOP('',(#12350,#12351,#12352,#12353));
#12350 = ORIENTED_EDGE('',*,*,#12288,.T.);
#12351 = ORIENTED_EDGE('',*,*,#10676,.T.);
#12352 = ORIENTED_EDGE('',*,*,#12336,.T.);
#12353 = ORIENTED_EDGE('',*,*,#12312,.T.);
#12354 = PLANE('',#12355);
#12355 = AXIS2_PLACEMENT_3D('',#12356,#12357,#12358);
#12356 = CARTESIAN_POINT('',(-2.687444623097E-17,5.,-5.200864966557E-14)
  );
#12357 = DIRECTION('',(0.,-1.,1.040834085586E-14));
#12358 = DIRECTION('',(0.,-1.040834085586E-14,-1.));
#12359 = ADVANCED_FACE('',(#12360),#12394,.F.);
#12360 = FACE_BOUND('',#12361,.T.);
#12361 = EDGE_LOOP('',(#12362,#12372,#12380,#12388));
#12362 = ORIENTED_EDGE('',*,*,#12363,.T.);
#12363 = EDGE_CURVE('',#12364,#12366,#12368,.T.);
#12364 = VERTEX_POINT('',#12365);
#12365 = CARTESIAN_POINT('',(15.75,3.42,-5.415));
#12366 = VERTEX_POINT('',#12367);
#12367 = CARTESIAN_POINT('',(15.75,4.705,-5.415));
#12368 = LINE('',#12369,#12370);
#12369 = CARTESIAN_POINT('',(15.75,4.705,-5.415));
#12370 = VECTOR('',#12371,1.);
#12371 = DIRECTION('',(0.,1.,0.));
#12372 = ORIENTED_EDGE('',*,*,#12373,.T.);
#12373 = EDGE_CURVE('',#12366,#12374,#12376,.T.);
#12374 = VERTEX_POINT('',#12375);
#12375 = CARTESIAN_POINT('',(15.75,4.705,-2.715));
#12376 = LINE('',#12377,#12378);
#12377 = CARTESIAN_POINT('',(15.75,4.705,-5.415));
#12378 = VECTOR('',#12379,1.);
#12379 = DIRECTION('',(8.35237229174E-15,3.212450881439E-16,1.));
#12380 = ORIENTED_EDGE('',*,*,#12381,.T.);
#12381 = EDGE_CURVE('',#12374,#12382,#12384,.T.);
#12382 = VERTEX_POINT('',#12383);
#12383 = CARTESIAN_POINT('',(15.75,3.42,-2.715));
#12384 = LINE('',#12385,#12386);
#12385 = CARTESIAN_POINT('',(15.75,4.705,-2.715));
#12386 = VECTOR('',#12387,1.);
#12387 = DIRECTION('',(0.,-1.,0.));
#12388 = ORIENTED_EDGE('',*,*,#12389,.T.);
#12389 = EDGE_CURVE('',#12382,#12364,#12390,.T.);
#12390 = LINE('',#12391,#12392);
#12391 = CARTESIAN_POINT('',(15.75,3.42,-5.415));
#12392 = VECTOR('',#12393,1.);
#12393 = DIRECTION('',(-8.35237229174E-15,1.606225440719E-16,-1.));
#12394 = PLANE('',#12395);
#12395 = AXIS2_PLACEMENT_3D('',#12396,#12397,#12398);
#12396 = CARTESIAN_POINT('',(15.75,-3.762422472342E-17,
    -3.133082283036E-14));
#12397 = DIRECTION('',(-1.,0.,8.35237229174E-15));
#12398 = DIRECTION('',(8.35237229174E-15,0.,1.));
#12399 = ADVANCED_FACE('',(#12400),#12425,.T.);
#12400 = FACE_BOUND('',#12401,.T.);
#12401 = EDGE_LOOP('',(#12402,#12412,#12418,#12419));
#12402 = ORIENTED_EDGE('',*,*,#12403,.T.);
#12403 = EDGE_CURVE('',#12404,#12406,#12408,.T.);
#12404 = VERTEX_POINT('',#12405);
#12405 = CARTESIAN_POINT('',(15.05,3.42,-2.715));
#12406 = VERTEX_POINT('',#12407);
#12407 = CARTESIAN_POINT('',(15.05,3.42,-5.415));
#12408 = LINE('',#12409,#12410);
#12409 = CARTESIAN_POINT('',(15.05,3.42,-5.415));
#12410 = VECTOR('',#12411,1.);
#12411 = DIRECTION('',(-8.35237229174E-15,1.606225440719E-16,-1.));
#12412 = ORIENTED_EDGE('',*,*,#12413,.F.);
#12413 = EDGE_CURVE('',#12364,#12406,#12414,.T.);
#12414 = LINE('',#12415,#12416);
#12415 = CARTESIAN_POINT('',(15.75,3.42,-5.415));
#12416 = VECTOR('',#12417,1.);
#12417 = DIRECTION('',(-1.,5.374889246202E-17,8.365839057931E-15));
#12418 = ORIENTED_EDGE('',*,*,#12389,.F.);
#12419 = ORIENTED_EDGE('',*,*,#12420,.T.);
#12420 = EDGE_CURVE('',#12382,#12404,#12421,.T.);
#12421 = LINE('',#12422,#12423);
#12422 = CARTESIAN_POINT('',(15.75,3.42,-2.715));
#12423 = VECTOR('',#12424,1.);
#12424 = DIRECTION('',(-1.,5.374889246202E-17,8.365839057931E-15));
#12425 = PLANE('',#12426);
#12426 = AXIS2_PLACEMENT_3D('',#12427,#12428,#12429);
#12427 = CARTESIAN_POINT('',(15.75,3.42,-5.415));
#12428 = DIRECTION('',(-5.374889246202E-17,-1.,-1.606225440719E-16));
#12429 = DIRECTION('',(0.,1.606225440719E-16,-1.));
#12430 = ADVANCED_FACE('',(#12431),#12449,.T.);
#12431 = FACE_BOUND('',#12432,.T.);
#12432 = EDGE_LOOP('',(#12433,#12441,#12442,#12443));
#12433 = ORIENTED_EDGE('',*,*,#12434,.T.);
#12434 = EDGE_CURVE('',#12435,#12404,#12437,.T.);
#12435 = VERTEX_POINT('',#12436);
#12436 = CARTESIAN_POINT('',(15.05,4.705,-2.715));
#12437 = LINE('',#12438,#12439);
#12438 = CARTESIAN_POINT('',(15.05,4.705,-2.715));
#12439 = VECTOR('',#12440,1.);
#12440 = DIRECTION('',(0.,-1.,0.));
#12441 = ORIENTED_EDGE('',*,*,#12420,.F.);
#12442 = ORIENTED_EDGE('',*,*,#12381,.F.);
#12443 = ORIENTED_EDGE('',*,*,#12444,.T.);
#12444 = EDGE_CURVE('',#12374,#12435,#12445,.T.);
#12445 = LINE('',#12446,#12447);
#12446 = CARTESIAN_POINT('',(15.75,4.705,-2.715));
#12447 = VECTOR('',#12448,1.);
#12448 = DIRECTION('',(-1.,5.374889246202E-17,8.365839057931E-15));
#12449 = PLANE('',#12450);
#12450 = AXIS2_PLACEMENT_3D('',#12451,#12452,#12453);
#12451 = CARTESIAN_POINT('',(15.75,4.705,-2.715));
#12452 = DIRECTION('',(8.365839057931E-15,0.,1.));
#12453 = DIRECTION('',(-1.,0.,8.365839057931E-15));
#12454 = ADVANCED_FACE('',(#12455),#12489,.T.);
#12455 = FACE_BOUND('',#12456,.T.);
#12456 = EDGE_LOOP('',(#12457,#12458,#12459,#12467,#12475,#12483));
#12457 = ORIENTED_EDGE('',*,*,#12444,.F.);
#12458 = ORIENTED_EDGE('',*,*,#12373,.F.);
#12459 = ORIENTED_EDGE('',*,*,#12460,.T.);
#12460 = EDGE_CURVE('',#12366,#12461,#12463,.T.);
#12461 = VERTEX_POINT('',#12462);
#12462 = CARTESIAN_POINT('',(15.95,4.705,-5.415));
#12463 = LINE('',#12464,#12465);
#12464 = CARTESIAN_POINT('',(15.05,4.705,-5.415));
#12465 = VECTOR('',#12466,1.);
#12466 = DIRECTION('',(1.,-5.374889246201E-17,-7.395763429917E-15));
#12467 = ORIENTED_EDGE('',*,*,#12468,.T.);
#12468 = EDGE_CURVE('',#12461,#12469,#12471,.T.);
#12469 = VERTEX_POINT('',#12470);
#12470 = CARTESIAN_POINT('',(15.949999999999,4.705,-0.8));
#12471 = LINE('',#12472,#12473);
#12472 = CARTESIAN_POINT('',(15.95,4.705,-0.8));
#12473 = VECTOR('',#12474,1.);
#12474 = DIRECTION('',(7.329817504127E-15,0.,1.));
#12475 = ORIENTED_EDGE('',*,*,#12476,.F.);
#12476 = EDGE_CURVE('',#12477,#12469,#12479,.T.);
#12477 = VERTEX_POINT('',#12478);
#12478 = CARTESIAN_POINT('',(15.05,4.705,-0.8));
#12479 = LINE('',#12480,#12481);
#12480 = CARTESIAN_POINT('',(15.05,4.705,-0.8));
#12481 = VECTOR('',#12482,1.);
#12482 = DIRECTION('',(1.,-5.374889246201E-17,-7.395763429917E-15));
#12483 = ORIENTED_EDGE('',*,*,#12484,.F.);
#12484 = EDGE_CURVE('',#12435,#12477,#12485,.T.);
#12485 = LINE('',#12486,#12487);
#12486 = CARTESIAN_POINT('',(15.05,4.705,-0.8));
#12487 = VECTOR('',#12488,1.);
#12488 = DIRECTION('',(7.329817504127E-15,0.,1.));
#12489 = PLANE('',#12490);
#12490 = AXIS2_PLACEMENT_3D('',#12491,#12492,#12493);
#12491 = CARTESIAN_POINT('',(15.05,4.705,-0.8));
#12492 = DIRECTION('',(-5.374889246201E-17,-1.,3.939695727955E-31));
#12493 = DIRECTION('',(-1.,5.374889246201E-17,0.));
#12494 = ADVANCED_FACE('',(#12495),#12529,.F.);
#12495 = FACE_BOUND('',#12496,.T.);
#12496 = EDGE_LOOP('',(#12497,#12507,#12515,#12523));
#12497 = ORIENTED_EDGE('',*,*,#12498,.F.);
#12498 = EDGE_CURVE('',#12499,#12501,#12503,.T.);
#12499 = VERTEX_POINT('',#12500);
#12500 = CARTESIAN_POINT('',(15.149999999999,2.776239569297,-7.6));
#12501 = VERTEX_POINT('',#12502);
#12502 = CARTESIAN_POINT('',(15.149999999999,1.552470013214E-13,-7.6));
#12503 = LINE('',#12504,#12505);
#12504 = CARTESIAN_POINT('',(15.149999999999,5.5,-7.6));
#12505 = VECTOR('',#12506,1.);
#12506 = DIRECTION('',(5.374889246201E-17,-1.,3.622425849152E-31));
#12507 = ORIENTED_EDGE('',*,*,#12508,.F.);
#12508 = EDGE_CURVE('',#12509,#12499,#12511,.T.);
#12509 = VERTEX_POINT('',#12510);
#12510 = CARTESIAN_POINT('',(15.949999999999,2.776239569297,-7.6));
#12511 = LINE('',#12512,#12513);
#12512 = CARTESIAN_POINT('',(15.949999999999,2.776239569297,-7.6));
#12513 = VECTOR('',#12514,1.);
#12514 = DIRECTION('',(-1.,3.112729592618E-15,-1.797135268213E-15));
#12515 = ORIENTED_EDGE('',*,*,#12516,.F.);
#12516 = EDGE_CURVE('',#12517,#12509,#12519,.T.);
#12517 = VERTEX_POINT('',#12518);
#12518 = CARTESIAN_POINT('',(15.949999999999,1.674008154318E-13,-7.6));
#12519 = LINE('',#12520,#12521);
#12520 = CARTESIAN_POINT('',(15.949999999999,5.5,-7.6));
#12521 = VECTOR('',#12522,1.);
#12522 = DIRECTION('',(-5.374889246201E-17,1.,-3.975140932691E-31));
#12523 = ORIENTED_EDGE('',*,*,#12524,.T.);
#12524 = EDGE_CURVE('',#12517,#12501,#12525,.T.);
#12525 = LINE('',#12526,#12527);
#12526 = CARTESIAN_POINT('',(15.949999999999,1.552577510999E-13,-7.6));
#12527 = VECTOR('',#12528,1.);
#12528 = DIRECTION('',(-1.,-7.742115945224E-29,-7.391429510507E-15));
#12529 = PLANE('',#12530);
#12530 = AXIS2_PLACEMENT_3D('',#12531,#12532,#12533);
#12531 = CARTESIAN_POINT('',(15.949999999999,5.5,-7.6));
#12532 = DIRECTION('',(-7.391429510507E-15,1.047445008333E-14,1.));
#12533 = DIRECTION('',(0.,-1.,1.047445008333E-14));
#12534 = ADVANCED_FACE('',(#12535),#12569,.T.);
#12535 = FACE_BOUND('',#12536,.T.);
#12536 = EDGE_LOOP('',(#12537,#12547,#12555,#12563));
#12537 = ORIENTED_EDGE('',*,*,#12538,.F.);
#12538 = EDGE_CURVE('',#12539,#12541,#12543,.T.);
#12539 = VERTEX_POINT('',#12540);
#12540 = CARTESIAN_POINT('',(14.449999999999,2.037124058566E-13,-3.));
#12541 = VERTEX_POINT('',#12542);
#12542 = CARTESIAN_POINT('',(14.449999999999,0.4,-3.));
#12543 = LINE('',#12544,#12545);
#12544 = CARTESIAN_POINT('',(14.449999999999,2.038300084273E-13,-3.));
#12545 = VECTOR('',#12546,1.);
#12546 = DIRECTION('',(-0.,1.,-1.047445008333E-14));
#12547 = ORIENTED_EDGE('',*,*,#12548,.T.);
#12548 = EDGE_CURVE('',#12539,#12549,#12551,.T.);
#12549 = VERTEX_POINT('',#12550);
#12550 = CARTESIAN_POINT('',(15.949999999999,2.037325616913E-13,-3.));
#12551 = LINE('',#12552,#12553);
#12552 = CARTESIAN_POINT('',(15.949999999999,2.034402214832E-13,-3.));
#12553 = VECTOR('',#12554,1.);
#12554 = DIRECTION('',(1.,5.374889246194E-17,-5.629900911267E-31));
#12555 = ORIENTED_EDGE('',*,*,#12556,.F.);
#12556 = EDGE_CURVE('',#12557,#12549,#12559,.T.);
#12557 = VERTEX_POINT('',#12558);
#12558 = CARTESIAN_POINT('',(15.949999999999,0.4,-3.));
#12559 = LINE('',#12560,#12561);
#12560 = CARTESIAN_POINT('',(15.949999999999,5.5,-3.));
#12561 = VECTOR('',#12562,1.);
#12562 = DIRECTION('',(5.374889246201E-17,-1.,3.975140932691E-31));
#12563 = ORIENTED_EDGE('',*,*,#12564,.F.);
#12564 = EDGE_CURVE('',#12541,#12557,#12565,.T.);
#12565 = LINE('',#12566,#12567);
#12566 = CARTESIAN_POINT('',(14.449999999999,0.4,-3.));
#12567 = VECTOR('',#12568,1.);
#12568 = DIRECTION('',(1.,7.627114208152E-29,7.281636885445E-15));
#12569 = PLANE('',#12570);
#12570 = AXIS2_PLACEMENT_3D('',#12571,#12572,#12573);
#12571 = CARTESIAN_POINT('',(14.449999999999,2.038300084273E-13,-3.));
#12572 = DIRECTION('',(-7.281636885445E-15,1.047445008333E-14,1.));
#12573 = DIRECTION('',(0.,-1.,1.047445008333E-14));
#12574 = ADVANCED_FACE('',(#12575),#12609,.T.);
#12575 = FACE_BOUND('',#12576,.T.);
#12576 = EDGE_LOOP('',(#12577,#12587,#12595,#12603));
#12577 = ORIENTED_EDGE('',*,*,#12578,.T.);
#12578 = EDGE_CURVE('',#12579,#12581,#12583,.T.);
#12579 = VERTEX_POINT('',#12580);
#12580 = CARTESIAN_POINT('',(15.45,0.4,-0.8));
#12581 = VERTEX_POINT('',#12582);
#12582 = CARTESIAN_POINT('',(15.45,2.1,-0.8));
#12583 = LINE('',#12584,#12585);
#12584 = CARTESIAN_POINT('',(15.449999999999,1.5,-0.8));
#12585 = VECTOR('',#12586,1.);
#12586 = DIRECTION('',(-5.374889246201E-17,1.,-3.913799179032E-31));
#12587 = ORIENTED_EDGE('',*,*,#12588,.F.);
#12588 = EDGE_CURVE('',#12589,#12581,#12591,.T.);
#12589 = VERTEX_POINT('',#12590);
#12590 = CARTESIAN_POINT('',(15.45,2.1,-2.9));
#12591 = LINE('',#12592,#12593);
#12592 = CARTESIAN_POINT('',(15.45,2.1,-4.163336342344E-14));
#12593 = VECTOR('',#12594,1.);
#12594 = DIRECTION('',(7.17816610749E-15,0.,1.));
#12595 = ORIENTED_EDGE('',*,*,#12596,.F.);
#12596 = EDGE_CURVE('',#12597,#12589,#12599,.T.);
#12597 = VERTEX_POINT('',#12598);
#12598 = CARTESIAN_POINT('',(15.45,0.4,-2.9));
#12599 = LINE('',#12600,#12601);
#12600 = CARTESIAN_POINT('',(15.45,2.1,-2.9));
#12601 = VECTOR('',#12602,1.);
#12602 = DIRECTION('',(1.971276677246E-16,1.,0.));
#12603 = ORIENTED_EDGE('',*,*,#12604,.T.);
#12604 = EDGE_CURVE('',#12597,#12579,#12605,.T.);
#12605 = LINE('',#12606,#12607);
#12606 = CARTESIAN_POINT('',(15.449999999999,0.4,1.040834085586E-14));
#12607 = VECTOR('',#12608,1.);
#12608 = DIRECTION('',(-7.281636885445E-15,-0.,1.));
#12609 = PLANE('',#12610);
#12610 = AXIS2_PLACEMENT_3D('',#12611,#12612,#12613);
#12611 = CARTESIAN_POINT('',(15.45,-6.8009045365E-16,-2.528060375982E-14
    ));
#12612 = DIRECTION('',(-1.,1.971276677246E-16,7.32771123473E-15));
#12613 = DIRECTION('',(7.32771123473E-15,0.,1.));
#12614 = ADVANCED_FACE('',(#12615),#12640,.T.);
#12615 = FACE_BOUND('',#12616,.T.);
#12616 = EDGE_LOOP('',(#12617,#12627,#12633,#12634));
#12617 = ORIENTED_EDGE('',*,*,#12618,.F.);
#12618 = EDGE_CURVE('',#12619,#12621,#12623,.T.);
#12619 = VERTEX_POINT('',#12620);
#12620 = CARTESIAN_POINT('',(15.05,0.4,-2.9));
#12621 = VERTEX_POINT('',#12622);
#12622 = CARTESIAN_POINT('',(15.05,2.1,-2.9));
#12623 = LINE('',#12624,#12625);
#12624 = CARTESIAN_POINT('',(15.05,2.1,-2.9));
#12625 = VECTOR('',#12626,1.);
#12626 = DIRECTION('',(1.971276677246E-16,1.,0.));
#12627 = ORIENTED_EDGE('',*,*,#12628,.T.);
#12628 = EDGE_CURVE('',#12619,#12597,#12629,.T.);
#12629 = LINE('',#12630,#12631);
#12630 = CARTESIAN_POINT('',(14.449999999999,0.4,-2.9));
#12631 = VECTOR('',#12632,1.);
#12632 = DIRECTION('',(1.,5.374889246194E-17,-5.552201356633E-31));
#12633 = ORIENTED_EDGE('',*,*,#12596,.T.);
#12634 = ORIENTED_EDGE('',*,*,#12635,.F.);
#12635 = EDGE_CURVE('',#12621,#12589,#12636,.T.);
#12636 = LINE('',#12637,#12638);
#12637 = CARTESIAN_POINT('',(15.05,2.1,-2.9));
#12638 = VECTOR('',#12639,1.);
#12639 = DIRECTION('',(1.,-5.374889246201E-17,-7.281636885445E-15));
#12640 = PLANE('',#12641);
#12641 = AXIS2_PLACEMENT_3D('',#12642,#12643,#12644);
#12642 = CARTESIAN_POINT('',(15.05,2.1,-2.9));
#12643 = DIRECTION('',(7.281636885445E-15,-1.435412096445E-30,1.));
#12644 = DIRECTION('',(-1.,0.,7.281636885445E-15));
#12645 = ADVANCED_FACE('',(#12646),#12664,.T.);
#12646 = FACE_BOUND('',#12647,.T.);
#12647 = EDGE_LOOP('',(#12648,#12656,#12662,#12663));
#12648 = ORIENTED_EDGE('',*,*,#12649,.T.);
#12649 = EDGE_CURVE('',#12581,#12650,#12652,.T.);
#12650 = VERTEX_POINT('',#12651);
#12651 = CARTESIAN_POINT('',(15.05,2.1,-0.8));
#12652 = LINE('',#12653,#12654);
#12653 = CARTESIAN_POINT('',(15.449999999999,2.1,-0.8));
#12654 = VECTOR('',#12655,1.);
#12655 = DIRECTION('',(-1.,-5.374889246194E-17,5.696500529525E-31));
#12656 = ORIENTED_EDGE('',*,*,#12657,.F.);
#12657 = EDGE_CURVE('',#12621,#12650,#12658,.T.);
#12658 = LINE('',#12659,#12660);
#12659 = CARTESIAN_POINT('',(15.05,2.1,-3.872070866927E-14));
#12660 = VECTOR('',#12661,1.);
#12661 = DIRECTION('',(7.17816610749E-15,0.,1.));
#12662 = ORIENTED_EDGE('',*,*,#12635,.T.);
#12663 = ORIENTED_EDGE('',*,*,#12588,.T.);
#12664 = PLANE('',#12665);
#12665 = AXIS2_PLACEMENT_3D('',#12666,#12667,#12668);
#12666 = CARTESIAN_POINT('',(15.05,2.1,-3.872070866927E-14));
#12667 = DIRECTION('',(-5.374889246201E-17,-1.,3.85818478186E-31));
#12668 = DIRECTION('',(-1.,5.374889246201E-17,0.));
#12669 = ADVANCED_FACE('',(#12670),#12704,.F.);
#12670 = FACE_BOUND('',#12671,.T.);
#12671 = EDGE_LOOP('',(#12672,#12680,#12681,#12682,#12690,#12698));
#12672 = ORIENTED_EDGE('',*,*,#12673,.F.);
#12673 = EDGE_CURVE('',#12650,#12674,#12676,.T.);
#12674 = VERTEX_POINT('',#12675);
#12675 = CARTESIAN_POINT('',(15.049999999999,2.55,-0.8));
#12676 = LINE('',#12677,#12678);
#12677 = CARTESIAN_POINT('',(15.049999999999,2.367897544708E-13,-0.8));
#12678 = VECTOR('',#12679,1.);
#12679 = DIRECTION('',(-5.374889246201E-17,1.,-3.913799179032E-31));
#12680 = ORIENTED_EDGE('',*,*,#12649,.F.);
#12681 = ORIENTED_EDGE('',*,*,#12578,.F.);
#12682 = ORIENTED_EDGE('',*,*,#12683,.T.);
#12683 = EDGE_CURVE('',#12579,#12684,#12686,.T.);
#12684 = VERTEX_POINT('',#12685);
#12685 = CARTESIAN_POINT('',(15.949999999999,0.4,-0.8));
#12686 = LINE('',#12687,#12688);
#12687 = CARTESIAN_POINT('',(14.449999999999,0.4,-0.8));
#12688 = VECTOR('',#12689,1.);
#12689 = DIRECTION('',(1.,5.374889246194E-17,-5.552201356633E-31));
#12690 = ORIENTED_EDGE('',*,*,#12691,.F.);
#12691 = EDGE_CURVE('',#12692,#12684,#12694,.T.);
#12692 = VERTEX_POINT('',#12693);
#12693 = CARTESIAN_POINT('',(15.949999999999,2.55,-0.8));
#12694 = LINE('',#12695,#12696);
#12695 = CARTESIAN_POINT('',(15.949999999999,5.5,-0.8));
#12696 = VECTOR('',#12697,1.);
#12697 = DIRECTION('',(5.374889246201E-17,-1.,3.975140932691E-31));
#12698 = ORIENTED_EDGE('',*,*,#12699,.T.);
#12699 = EDGE_CURVE('',#12692,#12674,#12700,.T.);
#12700 = LINE('',#12701,#12702);
#12701 = CARTESIAN_POINT('',(15.949999999999,2.55,-0.8));
#12702 = VECTOR('',#12703,1.);
#12703 = DIRECTION('',(-1.,-7.627114208152E-29,-7.281636885445E-15));
#12704 = PLANE('',#12705);
#12705 = AXIS2_PLACEMENT_3D('',#12706,#12707,#12708);
#12706 = CARTESIAN_POINT('',(15.949999999999,2.26381413615E-13,-0.8));
#12707 = DIRECTION('',(7.281636885445E-15,-1.047445008333E-14,-1.));
#12708 = DIRECTION('',(0.,1.,-1.047445008333E-14));
#12709 = ADVANCED_FACE('',(#12710),#12737,.T.);
#12710 = FACE_BOUND('',#12711,.T.);
#12711 = EDGE_LOOP('',(#12712,#12713,#12721,#12729,#12735,#12736));
#12712 = ORIENTED_EDGE('',*,*,#12413,.T.);
#12713 = ORIENTED_EDGE('',*,*,#12714,.F.);
#12714 = EDGE_CURVE('',#12715,#12406,#12717,.T.);
#12715 = VERTEX_POINT('',#12716);
#12716 = CARTESIAN_POINT('',(15.05,2.55,-5.415));
#12717 = LINE('',#12718,#12719);
#12718 = CARTESIAN_POINT('',(15.05,4.705,-5.415));
#12719 = VECTOR('',#12720,1.);
#12720 = DIRECTION('',(0.,1.,0.));
#12721 = ORIENTED_EDGE('',*,*,#12722,.T.);
#12722 = EDGE_CURVE('',#12715,#12723,#12725,.T.);
#12723 = VERTEX_POINT('',#12724);
#12724 = CARTESIAN_POINT('',(15.95,2.55,-5.415));
#12725 = LINE('',#12726,#12727);
#12726 = CARTESIAN_POINT('',(15.05,2.55,-5.415));
#12727 = VECTOR('',#12728,1.);
#12728 = DIRECTION('',(1.,-5.374889246201E-17,-7.395763429917E-15));
#12729 = ORIENTED_EDGE('',*,*,#12730,.T.);
#12730 = EDGE_CURVE('',#12723,#12461,#12731,.T.);
#12731 = LINE('',#12732,#12733);
#12732 = CARTESIAN_POINT('',(15.95,4.705,-5.415));
#12733 = VECTOR('',#12734,1.);
#12734 = DIRECTION('',(0.,1.,0.));
#12735 = ORIENTED_EDGE('',*,*,#12460,.F.);
#12736 = ORIENTED_EDGE('',*,*,#12363,.F.);
#12737 = PLANE('',#12738);
#12738 = AXIS2_PLACEMENT_3D('',#12739,#12740,#12741);
#12739 = CARTESIAN_POINT('',(15.05,4.705,-5.415));
#12740 = DIRECTION('',(7.395763429917E-15,0.,1.));
#12741 = DIRECTION('',(-1.,0.,7.395763429917E-15));
#12742 = ADVANCED_FACE('',(#12743),#12777,.F.);
#12743 = FACE_BOUND('',#12744,.T.);
#12744 = EDGE_LOOP('',(#12745,#12755,#12763,#12771));
#12745 = ORIENTED_EDGE('',*,*,#12746,.F.);
#12746 = EDGE_CURVE('',#12747,#12749,#12751,.T.);
#12747 = VERTEX_POINT('',#12748);
#12748 = CARTESIAN_POINT('',(13.3,4.355,-2.));
#12749 = VERTEX_POINT('',#12750);
#12750 = CARTESIAN_POINT('',(13.3,4.355,-7.500000000003E-02));
#12751 = LINE('',#12752,#12753);
#12752 = CARTESIAN_POINT('',(13.3,4.355,-5.261941203826));
#12753 = VECTOR('',#12754,1.);
#12754 = DIRECTION('',(0.,0.,1.));
#12755 = ORIENTED_EDGE('',*,*,#12756,.T.);
#12756 = EDGE_CURVE('',#12747,#12757,#12759,.T.);
#12757 = VERTEX_POINT('',#12758);
#12758 = CARTESIAN_POINT('',(14.3,4.355,-2.));
#12759 = LINE('',#12760,#12761);
#12760 = CARTESIAN_POINT('',(14.299999999999,4.355,-2.));
#12761 = VECTOR('',#12762,1.);
#12762 = DIRECTION('',(1.,0.,7.281636885445E-15));
#12763 = ORIENTED_EDGE('',*,*,#12764,.T.);
#12764 = EDGE_CURVE('',#12757,#12765,#12767,.T.);
#12765 = VERTEX_POINT('',#12766);
#12766 = CARTESIAN_POINT('',(14.3,4.355,-7.500000000003E-02));
#12767 = LINE('',#12768,#12769);
#12768 = CARTESIAN_POINT('',(14.3,4.355,-5.261941203826));
#12769 = VECTOR('',#12770,1.);
#12770 = DIRECTION('',(0.,0.,1.));
#12771 = ORIENTED_EDGE('',*,*,#12772,.F.);
#12772 = EDGE_CURVE('',#12749,#12765,#12773,.T.);
#12773 = LINE('',#12774,#12775);
#12774 = CARTESIAN_POINT('',(8.049999999999,4.355,-7.500000000007E-02));
#12775 = VECTOR('',#12776,1.);
#12776 = DIRECTION('',(1.,-0.,7.337680618045E-15));
#12777 = PLANE('',#12778);
#12778 = AXIS2_PLACEMENT_3D('',#12779,#12780,#12781);
#12779 = CARTESIAN_POINT('',(13.3,4.355,-5.261941203826));
#12780 = DIRECTION('',(0.,1.,0.));
#12781 = DIRECTION('',(0.,-0.,1.));
#12782 = ADVANCED_FACE('',(#12783),#12819,.F.);
#12783 = FACE_BOUND('',#12784,.F.);
#12784 = EDGE_LOOP('',(#12785,#12795,#12804,#12812));
#12785 = ORIENTED_EDGE('',*,*,#12786,.F.);
#12786 = EDGE_CURVE('',#12787,#12789,#12791,.T.);
#12787 = VERTEX_POINT('',#12788);
#12788 = CARTESIAN_POINT('',(14.299999999999,2.55,-1.65));
#12789 = VERTEX_POINT('',#12790);
#12790 = CARTESIAN_POINT('',(15.05,2.55,-1.65));
#12791 = LINE('',#12792,#12793);
#12792 = CARTESIAN_POINT('',(15.05,2.55,-1.65));
#12793 = VECTOR('',#12794,1.);
#12794 = DIRECTION('',(1.,5.374889246201E-17,7.281636885445E-15));
#12795 = ORIENTED_EDGE('',*,*,#12796,.F.);
#12796 = EDGE_CURVE('',#12797,#12787,#12799,.T.);
#12797 = VERTEX_POINT('',#12798);
#12798 = CARTESIAN_POINT('',(14.299999999999,2.8,-1.9));
#12799 = CIRCLE('',#12800,0.25);
#12800 = AXIS2_PLACEMENT_3D('',#12801,#12802,#12803);
#12801 = CARTESIAN_POINT('',(14.299999999999,2.8,-1.65));
#12802 = DIRECTION('',(-1.,-5.374889246201E-17,-7.281636885445E-15));
#12803 = DIRECTION('',(7.281636885445E-15,-1.040834085586E-14,-1.));
#12804 = ORIENTED_EDGE('',*,*,#12805,.F.);
#12805 = EDGE_CURVE('',#12806,#12797,#12808,.T.);
#12806 = VERTEX_POINT('',#12807);
#12807 = CARTESIAN_POINT('',(15.05,2.8,-1.9));
#12808 = LINE('',#12809,#12810);
#12809 = CARTESIAN_POINT('',(14.299999999999,2.8,-1.9));
#12810 = VECTOR('',#12811,1.);
#12811 = DIRECTION('',(-1.,-5.374889246201E-17,-7.281636885445E-15));
#12812 = ORIENTED_EDGE('',*,*,#12813,.F.);
#12813 = EDGE_CURVE('',#12789,#12806,#12814,.T.);
#12814 = CIRCLE('',#12815,0.25);
#12815 = AXIS2_PLACEMENT_3D('',#12816,#12817,#12818);
#12816 = CARTESIAN_POINT('',(15.049999999999,2.8,-1.65));
#12817 = DIRECTION('',(1.,5.374889246201E-17,7.281636885445E-15));
#12818 = DIRECTION('',(7.281636885445E-15,1.84220556568E-32,-1.));
#12819 = CYLINDRICAL_SURFACE('',#12820,0.25);
#12820 = AXIS2_PLACEMENT_3D('',#12821,#12822,#12823);
#12821 = CARTESIAN_POINT('',(15.949999999999,2.8,-1.65));
#12822 = DIRECTION('',(1.,5.374889246201E-17,7.281636885445E-15));
#12823 = DIRECTION('',(-7.281636885445E-15,3.545358065896E-31,1.));
#12824 = ADVANCED_FACE('',(#12825),#12850,.F.);
#12825 = FACE_BOUND('',#12826,.T.);
#12826 = EDGE_LOOP('',(#12827,#12835,#12843,#12849));
#12827 = ORIENTED_EDGE('',*,*,#12828,.T.);
#12828 = EDGE_CURVE('',#12806,#12829,#12831,.T.);
#12829 = VERTEX_POINT('',#12830);
#12830 = CARTESIAN_POINT('',(15.05,3.1,-1.9));
#12831 = LINE('',#12832,#12833);
#12832 = CARTESIAN_POINT('',(15.05,2.55,-1.9));
#12833 = VECTOR('',#12834,1.);
#12834 = DIRECTION('',(-7.751334854711E-29,1.,-1.047445008333E-14));
#12835 = ORIENTED_EDGE('',*,*,#12836,.F.);
#12836 = EDGE_CURVE('',#12837,#12829,#12839,.T.);
#12837 = VERTEX_POINT('',#12838);
#12838 = CARTESIAN_POINT('',(14.299999999999,3.1,-1.9));
#12839 = LINE('',#12840,#12841);
#12840 = CARTESIAN_POINT('',(15.05,3.1,-1.9));
#12841 = VECTOR('',#12842,1.);
#12842 = DIRECTION('',(1.,5.374889246201E-17,7.281636885445E-15));
#12843 = ORIENTED_EDGE('',*,*,#12844,.T.);
#12844 = EDGE_CURVE('',#12837,#12797,#12845,.T.);
#12845 = LINE('',#12846,#12847);
#12846 = CARTESIAN_POINT('',(14.299999999999,2.55,-1.9));
#12847 = VECTOR('',#12848,1.);
#12848 = DIRECTION('',(-0.,-1.,1.047445008333E-14));
#12849 = ORIENTED_EDGE('',*,*,#12805,.F.);
#12850 = PLANE('',#12851);
#12851 = AXIS2_PLACEMENT_3D('',#12852,#12853,#12854);
#12852 = CARTESIAN_POINT('',(15.949999999999,2.55,-1.9));
#12853 = DIRECTION('',(7.281636885445E-15,-1.047445008333E-14,-1.));
#12854 = DIRECTION('',(0.,1.,-1.047445008333E-14));
#12855 = ADVANCED_FACE('',(#12856),#12883,.F.);
#12856 = FACE_BOUND('',#12857,.F.);
#12857 = EDGE_LOOP('',(#12858,#12868,#12875,#12876));
#12858 = ORIENTED_EDGE('',*,*,#12859,.F.);
#12859 = EDGE_CURVE('',#12860,#12862,#12864,.T.);
#12860 = VERTEX_POINT('',#12861);
#12861 = CARTESIAN_POINT('',(15.049999999999,3.35,-1.65));
#12862 = VERTEX_POINT('',#12863);
#12863 = CARTESIAN_POINT('',(14.299999999999,3.35,-1.65));
#12864 = LINE('',#12865,#12866);
#12865 = CARTESIAN_POINT('',(14.299999999999,3.35,-1.65));
#12866 = VECTOR('',#12867,1.);
#12867 = DIRECTION('',(-1.,-5.374889246201E-17,-7.281636885445E-15));
#12868 = ORIENTED_EDGE('',*,*,#12869,.F.);
#12869 = EDGE_CURVE('',#12829,#12860,#12870,.T.);
#12870 = CIRCLE('',#12871,0.25);
#12871 = AXIS2_PLACEMENT_3D('',#12872,#12873,#12874);
#12872 = CARTESIAN_POINT('',(15.049999999999,3.1,-1.65));
#12873 = DIRECTION('',(1.,5.374889246201E-17,7.281636885445E-15));
#12874 = DIRECTION('',(7.281636885445E-15,1.84220556568E-32,-1.));
#12875 = ORIENTED_EDGE('',*,*,#12836,.F.);
#12876 = ORIENTED_EDGE('',*,*,#12877,.F.);
#12877 = EDGE_CURVE('',#12862,#12837,#12878,.T.);
#12878 = CIRCLE('',#12879,0.25);
#12879 = AXIS2_PLACEMENT_3D('',#12880,#12881,#12882);
#12880 = CARTESIAN_POINT('',(14.299999999999,3.1,-1.65));
#12881 = DIRECTION('',(-1.,-5.374889246201E-17,-7.281636885445E-15));
#12882 = DIRECTION('',(7.281636885445E-15,3.295974604356E-14,-1.));
#12883 = CYLINDRICAL_SURFACE('',#12884,0.25);
#12884 = AXIS2_PLACEMENT_3D('',#12885,#12886,#12887);
#12885 = CARTESIAN_POINT('',(15.949999999999,3.1,-1.65));
#12886 = DIRECTION('',(-1.,-5.374889246201E-17,-7.281636885445E-15));
#12887 = DIRECTION('',(7.281636885445E-15,-3.545358065896E-31,-1.));
#12888 = ADVANCED_FACE('',(#12889),#12905,.F.);
#12889 = FACE_BOUND('',#12890,.T.);
#12890 = EDGE_LOOP('',(#12891,#12897,#12898,#12904));
#12891 = ORIENTED_EDGE('',*,*,#12892,.F.);
#12892 = EDGE_CURVE('',#10384,#12499,#12893,.T.);
#12893 = LINE('',#12894,#12895);
#12894 = CARTESIAN_POINT('',(15.149999999999,3.7,-6.));
#12895 = VECTOR('',#12896,1.);
#12896 = DIRECTION('',(5.633679745264E-15,-0.5,-0.866025403784));
#12897 = ORIENTED_EDGE('',*,*,#10383,.T.);
#12898 = ORIENTED_EDGE('',*,*,#12899,.F.);
#12899 = EDGE_CURVE('',#12509,#10376,#12900,.T.);
#12900 = LINE('',#12901,#12902);
#12901 = CARTESIAN_POINT('',(15.949999999999,2.776239569297,-7.6));
#12902 = VECTOR('',#12903,1.);
#12903 = DIRECTION('',(-6.572626369475E-15,0.5,0.866025403784));
#12904 = ORIENTED_EDGE('',*,*,#12508,.T.);
#12905 = PLANE('',#12906);
#12906 = AXIS2_PLACEMENT_3D('',#12907,#12908,#12909);
#12907 = CARTESIAN_POINT('',(15.949999999999,2.776239569297,-7.6));
#12908 = DIRECTION('',(-3.594270536425E-15,-0.866025403784,0.5));
#12909 = DIRECTION('',(-1.972152263053E-31,-0.5,-0.866025403784));
#12910 = ADVANCED_FACE('',(#12911),#12922,.F.);
#12911 = FACE_BOUND('',#12912,.T.);
#12912 = EDGE_LOOP('',(#12913,#12919,#12920,#12921));
#12913 = ORIENTED_EDGE('',*,*,#12914,.T.);
#12914 = EDGE_CURVE('',#12501,#10392,#12915,.T.);
#12915 = LINE('',#12916,#12917);
#12916 = CARTESIAN_POINT('',(15.149999999999,1.552577510999E-13,-6.));
#12917 = VECTOR('',#12918,1.);
#12918 = DIRECTION('',(-6.739535799202E-15,0.,1.));
#12919 = ORIENTED_EDGE('',*,*,#10391,.F.);
#12920 = ORIENTED_EDGE('',*,*,#12892,.T.);
#12921 = ORIENTED_EDGE('',*,*,#12498,.T.);
#12922 = PLANE('',#12923);
#12923 = AXIS2_PLACEMENT_3D('',#12924,#12925,#12926);
#12924 = CARTESIAN_POINT('',(15.149999999999,5.5,-6.));
#12925 = DIRECTION('',(1.,5.374889246201E-17,6.739535799202E-15));
#12926 = DIRECTION('',(-6.739535799202E-15,0.,1.));
#12927 = ADVANCED_FACE('',(#12928),#12944,.T.);
#12928 = FACE_BOUND('',#12929,.T.);
#12929 = EDGE_LOOP('',(#12930,#12931,#12937,#12938));
#12930 = ORIENTED_EDGE('',*,*,#10360,.F.);
#12931 = ORIENTED_EDGE('',*,*,#12932,.F.);
#12932 = EDGE_CURVE('',#11004,#10353,#12933,.T.);
#12933 = LINE('',#12934,#12935);
#12934 = CARTESIAN_POINT('',(13.299999999999,4.2,-5.898059818321E-14));
#12935 = VECTOR('',#12936,1.);
#12936 = DIRECTION('',(-0.,-1.067853519815E-14,-1.));
#12937 = ORIENTED_EDGE('',*,*,#11003,.F.);
#12938 = ORIENTED_EDGE('',*,*,#12939,.T.);
#12939 = EDGE_CURVE('',#10996,#10361,#12940,.T.);
#12940 = LINE('',#12941,#12942);
#12941 = CARTESIAN_POINT('',(14.299999999999,4.2,1.040834085586E-14));
#12942 = VECTOR('',#12943,1.);
#12943 = DIRECTION('',(7.281636885445E-15,0.,-1.));
#12944 = PLANE('',#12945);
#12945 = AXIS2_PLACEMENT_3D('',#12946,#12947,#12948);
#12946 = CARTESIAN_POINT('',(9.699999999999,4.2,-5.898059818321E-14));
#12947 = DIRECTION('',(-5.374889246193E-17,1.,-1.067853519815E-14));
#12948 = DIRECTION('',(0.,1.067853519815E-14,1.));
#12949 = ADVANCED_FACE('',(#12950),#12975,.F.);
#12950 = FACE_BOUND('',#12951,.T.);
#12951 = EDGE_LOOP('',(#12952,#12962,#12968,#12969));
#12952 = ORIENTED_EDGE('',*,*,#12953,.F.);
#12953 = EDGE_CURVE('',#12954,#12956,#12958,.T.);
#12954 = VERTEX_POINT('',#12955);
#12955 = CARTESIAN_POINT('',(12.299999999999,4.2,-0.23));
#12956 = VERTEX_POINT('',#12957);
#12957 = CARTESIAN_POINT('',(13.3,4.2,-0.23));
#12958 = LINE('',#12959,#12960);
#12959 = CARTESIAN_POINT('',(9.699999999999,4.2,-0.23));
#12960 = VECTOR('',#12961,1.);
#12961 = DIRECTION('',(1.,5.374889246201E-17,7.391429510507E-15));
#12962 = ORIENTED_EDGE('',*,*,#12963,.T.);
#12963 = EDGE_CURVE('',#12954,#11012,#12964,.T.);
#12964 = LINE('',#12965,#12966);
#12965 = CARTESIAN_POINT('',(12.299999999999,4.2,-5.898059818321E-14));
#12966 = VECTOR('',#12967,1.);
#12967 = DIRECTION('',(-0.,-1.067853519815E-14,-1.));
#12968 = ORIENTED_EDGE('',*,*,#11011,.F.);
#12969 = ORIENTED_EDGE('',*,*,#12970,.T.);
#12970 = EDGE_CURVE('',#11004,#12956,#12971,.T.);
#12971 = LINE('',#12972,#12973);
#12972 = CARTESIAN_POINT('',(13.299999999999,4.2,-5.898059818321E-14));
#12973 = VECTOR('',#12974,1.);
#12974 = DIRECTION('',(0.,1.067853519815E-14,1.));
#12975 = PLANE('',#12976);
#12976 = AXIS2_PLACEMENT_3D('',#12977,#12978,#12979);
#12977 = CARTESIAN_POINT('',(9.699999999999,4.2,-5.898059818321E-14));
#12978 = DIRECTION('',(-5.374889246193E-17,1.,-1.067853519815E-14));
#12979 = DIRECTION('',(0.,1.067853519815E-14,1.));
#12980 = ADVANCED_FACE('',(#12981),#12997,.T.);
#12981 = FACE_BOUND('',#12982,.T.);
#12982 = EDGE_LOOP('',(#12983,#12984,#12990,#12991));
#12983 = ORIENTED_EDGE('',*,*,#11241,.F.);
#12984 = ORIENTED_EDGE('',*,*,#12985,.T.);
#12985 = EDGE_CURVE('',#11234,#10630,#12986,.T.);
#12986 = LINE('',#12987,#12988);
#12987 = CARTESIAN_POINT('',(13.25,2.85,-0.95));
#12988 = VECTOR('',#12989,1.);
#12989 = DIRECTION('',(-7.299578983071E-15,0.,-1.));
#12990 = ORIENTED_EDGE('',*,*,#10629,.F.);
#12991 = ORIENTED_EDGE('',*,*,#12992,.F.);
#12992 = EDGE_CURVE('',#11242,#10622,#12993,.T.);
#12993 = LINE('',#12994,#12995);
#12994 = CARTESIAN_POINT('',(12.75,2.85,-0.95));
#12995 = VECTOR('',#12996,1.);
#12996 = DIRECTION('',(-7.299578983071E-15,0.,-1.));
#12997 = PLANE('',#12998);
#12998 = AXIS2_PLACEMENT_3D('',#12999,#13000,#13001);
#12999 = CARTESIAN_POINT('',(12.75,2.85,-0.95));
#13000 = DIRECTION('',(5.374889246201E-17,1.,-3.92344285779E-31));
#13001 = DIRECTION('',(1.,-5.374889246201E-17,0.));
#13002 = ADVANCED_FACE('',(#13003),#13014,.T.);
#13003 = FACE_BOUND('',#13004,.T.);
#13004 = EDGE_LOOP('',(#13005,#13006,#13012,#13013));
#13005 = ORIENTED_EDGE('',*,*,#10619,.F.);
#13006 = ORIENTED_EDGE('',*,*,#13007,.T.);
#13007 = EDGE_CURVE('',#10620,#11250,#13008,.T.);
#13008 = LINE('',#13009,#13010);
#13009 = CARTESIAN_POINT('',(12.75,3.35,-0.95));
#13010 = VECTOR('',#13011,1.);
#13011 = DIRECTION('',(7.299578983071E-15,0.,1.));
#13012 = ORIENTED_EDGE('',*,*,#11249,.F.);
#13013 = ORIENTED_EDGE('',*,*,#12992,.T.);
#13014 = PLANE('',#13015);
#13015 = AXIS2_PLACEMENT_3D('',#13016,#13017,#13018);
#13016 = CARTESIAN_POINT('',(12.75,0.5,-6.6));
#13017 = DIRECTION('',(1.,-5.374889246201E-17,-7.281636885445E-15));
#13018 = DIRECTION('',(-7.281636885445E-15,0.,-1.));
#13019 = ADVANCED_FACE('',(#13020),#13031,.T.);
#13020 = FACE_BOUND('',#13021,.T.);
#13021 = EDGE_LOOP('',(#13022,#13023,#13024,#13025));
#13022 = ORIENTED_EDGE('',*,*,#11257,.F.);
#13023 = ORIENTED_EDGE('',*,*,#13007,.F.);
#13024 = ORIENTED_EDGE('',*,*,#10645,.T.);
#13025 = ORIENTED_EDGE('',*,*,#13026,.T.);
#13026 = EDGE_CURVE('',#10638,#11232,#13027,.T.);
#13027 = LINE('',#13028,#13029);
#13028 = CARTESIAN_POINT('',(13.25,3.35,-0.95));
#13029 = VECTOR('',#13030,1.);
#13030 = DIRECTION('',(7.299578983071E-15,0.,1.));
#13031 = PLANE('',#13032);
#13032 = AXIS2_PLACEMENT_3D('',#13033,#13034,#13035);
#13033 = CARTESIAN_POINT('',(12.75,3.35,-0.95));
#13034 = DIRECTION('',(-5.374889246201E-17,-1.,3.92344285779E-31));
#13035 = DIRECTION('',(-1.,5.374889246201E-17,0.));
#13036 = ADVANCED_FACE('',(#13037),#13043,.F.);
#13037 = FACE_BOUND('',#13038,.T.);
#13038 = EDGE_LOOP('',(#13039,#13040,#13041,#13042));
#13039 = ORIENTED_EDGE('',*,*,#10637,.T.);
#13040 = ORIENTED_EDGE('',*,*,#12985,.F.);
#13041 = ORIENTED_EDGE('',*,*,#11231,.F.);
#13042 = ORIENTED_EDGE('',*,*,#13026,.F.);
#13043 = PLANE('',#13044);
#13044 = AXIS2_PLACEMENT_3D('',#13045,#13046,#13047);
#13045 = CARTESIAN_POINT('',(13.25,0.5,-6.6));
#13046 = DIRECTION('',(1.,-5.374889246201E-17,-7.281636885445E-15));
#13047 = DIRECTION('',(-7.281636885445E-15,0.,-1.));
#13048 = ADVANCED_FACE('',(#13049),#13072,.F.);
#13049 = FACE_BOUND('',#13050,.T.);
#13050 = EDGE_LOOP('',(#13051,#13052,#13058,#13059,#13065,#13066));
#13051 = ORIENTED_EDGE('',*,*,#12772,.T.);
#13052 = ORIENTED_EDGE('',*,*,#13053,.T.);
#13053 = EDGE_CURVE('',#12765,#10739,#13054,.T.);
#13054 = LINE('',#13055,#13056);
#13055 = CARTESIAN_POINT('',(14.299999999999,4.43,-2.967517972233E-14));
#13056 = VECTOR('',#13057,1.);
#13057 = DIRECTION('',(-5.186901026178E-15,0.707106781187,0.707106781187
    ));
#13058 = ORIENTED_EDGE('',*,*,#10738,.T.);
#13059 = ORIENTED_EDGE('',*,*,#13060,.T.);
#13060 = EDGE_CURVE('',#10731,#12954,#13061,.T.);
#13061 = LINE('',#13062,#13063);
#13062 = CARTESIAN_POINT('',(12.299999999999,4.43,-4.47963740212E-14));
#13063 = VECTOR('',#13064,1.);
#13064 = DIRECTION('',(5.037783718416E-15,-0.707106781187,
    -0.707106781187));
#13065 = ORIENTED_EDGE('',*,*,#12953,.T.);
#13066 = ORIENTED_EDGE('',*,*,#13067,.T.);
#13067 = EDGE_CURVE('',#12956,#12749,#13068,.T.);
#13068 = LINE('',#13069,#13070);
#13069 = CARTESIAN_POINT('',(13.3,4.43,-5.626710058731E-14));
#13070 = VECTOR('',#13071,1.);
#13071 = DIRECTION('',(0.,0.707106781187,0.707106781187));
#13072 = PLANE('',#13073);
#13073 = AXIS2_PLACEMENT_3D('',#13074,#13075,#13076);
#13074 = CARTESIAN_POINT('',(8.049999999999,4.43,-7.552851220968E-14));
#13075 = DIRECTION('',(5.188523723201E-15,0.707106781187,-0.707106781187
    ));
#13076 = DIRECTION('',(-1.,-5.374889246201E-17,-7.391429510507E-15));
#13077 = ADVANCED_FACE('',(#13078),#13094,.F.);
#13078 = FACE_BOUND('',#13079,.T.);
#13079 = EDGE_LOOP('',(#13080,#13086,#13087,#13093));
#13080 = ORIENTED_EDGE('',*,*,#13081,.T.);
#13081 = EDGE_CURVE('',#12860,#10660,#13082,.T.);
#13082 = LINE('',#13083,#13084);
#13083 = CARTESIAN_POINT('',(15.049999999999,3.35,-6.938893903907E-15));
#13084 = VECTOR('',#13085,1.);
#13085 = DIRECTION('',(0.,1.001794390544E-14,1.));
#13086 = ORIENTED_EDGE('',*,*,#10754,.T.);
#13087 = ORIENTED_EDGE('',*,*,#13088,.T.);
#13088 = EDGE_CURVE('',#10747,#12862,#13089,.T.);
#13089 = LINE('',#13090,#13091);
#13090 = CARTESIAN_POINT('',(14.299999999999,3.35,1.040834085586E-14));
#13091 = VECTOR('',#13092,1.);
#13092 = DIRECTION('',(7.281636885445E-15,0.,-1.));
#13093 = ORIENTED_EDGE('',*,*,#12859,.F.);
#13094 = PLANE('',#13095);
#13095 = AXIS2_PLACEMENT_3D('',#13096,#13097,#13098);
#13096 = CARTESIAN_POINT('',(15.949999999999,3.35,-6.938893903907E-15));
#13097 = DIRECTION('',(-5.374889246194E-17,1.,-1.001794390544E-14));
#13098 = DIRECTION('',(0.,1.001794390544E-14,1.));
#13099 = ADVANCED_FACE('',(#13100),#13108,.F.);
#13100 = FACE_BOUND('',#13101,.T.);
#13101 = EDGE_LOOP('',(#13102,#13103,#13104,#13105,#13106,#13107));
#13102 = ORIENTED_EDGE('',*,*,#10730,.F.);
#13103 = ORIENTED_EDGE('',*,*,#9844,.F.);
#13104 = ORIENTED_EDGE('',*,*,#9875,.T.);
#13105 = ORIENTED_EDGE('',*,*,#11019,.T.);
#13106 = ORIENTED_EDGE('',*,*,#12963,.F.);
#13107 = ORIENTED_EDGE('',*,*,#13060,.F.);
#13108 = PLANE('',#13109);
#13109 = AXIS2_PLACEMENT_3D('',#13110,#13111,#13112);
#13110 = CARTESIAN_POINT('',(12.299999999999,4.2,-5.25));
#13111 = DIRECTION('',(1.,-2.850642864397E-16,7.409566345326E-15));
#13112 = DIRECTION('',(-7.409566345326E-15,0.,1.));
#13113 = ADVANCED_FACE('',(#13114),#13138,.F.);
#13114 = FACE_BOUND('',#13115,.T.);
#13115 = EDGE_LOOP('',(#13116,#13117,#13118,#13124,#13125,#13126,#13127,
    #13128,#13129,#13130,#13136,#13137));
#13116 = ORIENTED_EDGE('',*,*,#12434,.F.);
#13117 = ORIENTED_EDGE('',*,*,#12484,.T.);
#13118 = ORIENTED_EDGE('',*,*,#13119,.F.);
#13119 = EDGE_CURVE('',#10098,#12477,#13120,.T.);
#13120 = LINE('',#13121,#13122);
#13121 = CARTESIAN_POINT('',(15.049999999999,2.26381413615E-13,-0.8));
#13122 = VECTOR('',#13123,1.);
#13123 = DIRECTION('',(-0.,-1.,1.047445008333E-14));
#13124 = ORIENTED_EDGE('',*,*,#10097,.T.);
#13125 = ORIENTED_EDGE('',*,*,#10659,.F.);
#13126 = ORIENTED_EDGE('',*,*,#13081,.F.);
#13127 = ORIENTED_EDGE('',*,*,#12869,.F.);
#13128 = ORIENTED_EDGE('',*,*,#12828,.F.);
#13129 = ORIENTED_EDGE('',*,*,#12813,.F.);
#13130 = ORIENTED_EDGE('',*,*,#13131,.T.);
#13131 = EDGE_CURVE('',#12789,#12715,#13132,.T.);
#13132 = LINE('',#13133,#13134);
#13133 = CARTESIAN_POINT('',(15.05,2.55,-0.8));
#13134 = VECTOR('',#13135,1.);
#13135 = DIRECTION('',(-7.329817504127E-15,0.,-1.));
#13136 = ORIENTED_EDGE('',*,*,#12714,.T.);
#13137 = ORIENTED_EDGE('',*,*,#12403,.F.);
#13138 = PLANE('',#13139);
#13139 = AXIS2_PLACEMENT_3D('',#13140,#13141,#13142);
#13140 = CARTESIAN_POINT('',(15.049999999999,2.367897544708E-13,
    2.081668171172E-14));
#13141 = DIRECTION('',(-1.,-5.374889246201E-17,-7.281636885445E-15));
#13142 = DIRECTION('',(7.281636885445E-15,0.,-1.));
#13143 = ADVANCED_FACE('',(#13144),#13155,.F.);
#13144 = FACE_BOUND('',#13145,.T.);
#13145 = EDGE_LOOP('',(#13146,#13147,#13153,#13154));
#13146 = ORIENTED_EDGE('',*,*,#12476,.T.);
#13147 = ORIENTED_EDGE('',*,*,#13148,.F.);
#13148 = EDGE_CURVE('',#10106,#12469,#13149,.T.);
#13149 = LINE('',#13150,#13151);
#13150 = CARTESIAN_POINT('',(15.949999999999,5.5,-0.8));
#13151 = VECTOR('',#13152,1.);
#13152 = DIRECTION('',(5.374889246201E-17,-1.,3.975140932691E-31));
#13153 = ORIENTED_EDGE('',*,*,#10105,.F.);
#13154 = ORIENTED_EDGE('',*,*,#13119,.T.);
#13155 = PLANE('',#13156);
#13156 = AXIS2_PLACEMENT_3D('',#13157,#13158,#13159);
#13157 = CARTESIAN_POINT('',(15.949999999999,2.26381413615E-13,-0.8));
#13158 = DIRECTION('',(7.281636885445E-15,-1.047445008333E-14,-1.));
#13159 = DIRECTION('',(0.,1.,-1.047445008333E-14));
#13160 = ADVANCED_FACE('',(#13161),#13190,.F.);
#13161 = FACE_BOUND('',#13162,.T.);
#13162 = EDGE_LOOP('',(#13163,#13169,#13170,#13176,#13177,#13183,#13184,
    #13185,#13186,#13187,#13188,#13189));
#13163 = ORIENTED_EDGE('',*,*,#13164,.F.);
#13164 = EDGE_CURVE('',#12692,#12723,#13165,.T.);
#13165 = LINE('',#13166,#13167);
#13166 = CARTESIAN_POINT('',(15.949999999999,2.55,0.));
#13167 = VECTOR('',#13168,1.);
#13168 = DIRECTION('',(-0.,-1.024619699438E-14,-1.));
#13169 = ORIENTED_EDGE('',*,*,#12691,.T.);
#13170 = ORIENTED_EDGE('',*,*,#13171,.T.);
#13171 = EDGE_CURVE('',#12684,#12557,#13172,.T.);
#13172 = LINE('',#13173,#13174);
#13173 = CARTESIAN_POINT('',(15.949999999999,0.4,-3.122502256758E-14));
#13174 = VECTOR('',#13175,1.);
#13175 = DIRECTION('',(7.395763429917E-15,0.,-1.));
#13176 = ORIENTED_EDGE('',*,*,#12556,.T.);
#13177 = ORIENTED_EDGE('',*,*,#13178,.T.);
#13178 = EDGE_CURVE('',#12549,#12517,#13179,.T.);
#13179 = LINE('',#13180,#13181);
#13180 = CARTESIAN_POINT('',(15.949999999999,1.552577510999E-13,-7.6));
#13181 = VECTOR('',#13182,1.);
#13182 = DIRECTION('',(-0.,-1.047445008333E-14,-1.));
#13183 = ORIENTED_EDGE('',*,*,#12516,.T.);
#13184 = ORIENTED_EDGE('',*,*,#12899,.T.);
#13185 = ORIENTED_EDGE('',*,*,#10375,.F.);
#13186 = ORIENTED_EDGE('',*,*,#10113,.T.);
#13187 = ORIENTED_EDGE('',*,*,#13148,.T.);
#13188 = ORIENTED_EDGE('',*,*,#12468,.F.);
#13189 = ORIENTED_EDGE('',*,*,#12730,.F.);
#13190 = PLANE('',#13191);
#13191 = AXIS2_PLACEMENT_3D('',#13192,#13193,#13194);
#13192 = CARTESIAN_POINT('',(15.949999999999,5.5,-3.122502256758E-14));
#13193 = DIRECTION('',(-1.,-5.374889246201E-17,-7.395763429917E-15));
#13194 = DIRECTION('',(7.395763429917E-15,0.,-1.));
#13195 = ADVANCED_FACE('',(#13196),#13212,.F.);
#13196 = FACE_BOUND('',#13197,.T.);
#13197 = EDGE_LOOP('',(#13198,#13204,#13205,#13211));
#13198 = ORIENTED_EDGE('',*,*,#13199,.T.);
#13199 = EDGE_CURVE('',#12747,#10138,#13200,.T.);
#13200 = LINE('',#13201,#13202);
#13201 = CARTESIAN_POINT('',(13.299999999999,7.689437438255E-02,-2.));
#13202 = VECTOR('',#13203,1.);
#13203 = DIRECTION('',(-0.,1.,-1.047445008333E-14));
#13204 = ORIENTED_EDGE('',*,*,#10137,.F.);
#13205 = ORIENTED_EDGE('',*,*,#13206,.T.);
#13206 = EDGE_CURVE('',#10130,#12757,#13207,.T.);
#13207 = LINE('',#13208,#13209);
#13208 = CARTESIAN_POINT('',(14.299999999999,0.7,-2.));
#13209 = VECTOR('',#13210,1.);
#13210 = DIRECTION('',(5.374889246201E-17,-1.,3.913799179032E-31));
#13211 = ORIENTED_EDGE('',*,*,#12756,.F.);
#13212 = PLANE('',#13213);
#13213 = AXIS2_PLACEMENT_3D('',#13214,#13215,#13216);
#13214 = CARTESIAN_POINT('',(14.299999999999,7.689437438255E-02,-2.));
#13215 = DIRECTION('',(-7.281636885445E-15,1.047445008333E-14,1.));
#13216 = DIRECTION('',(0.,-1.,1.047445008333E-14));
#13217 = ADVANCED_FACE('',(#13218),#13227,.F.);
#13218 = FACE_BOUND('',#13219,.T.);
#13219 = EDGE_LOOP('',(#13220,#13221,#13222,#13223,#13224,#13225,#13226)
  );
#13220 = ORIENTED_EDGE('',*,*,#12932,.T.);
#13221 = ORIENTED_EDGE('',*,*,#10352,.T.);
#13222 = ORIENTED_EDGE('',*,*,#10145,.F.);
#13223 = ORIENTED_EDGE('',*,*,#13199,.F.);
#13224 = ORIENTED_EDGE('',*,*,#12746,.T.);
#13225 = ORIENTED_EDGE('',*,*,#13067,.F.);
#13226 = ORIENTED_EDGE('',*,*,#12970,.F.);
#13227 = PLANE('',#13228);
#13228 = AXIS2_PLACEMENT_3D('',#13229,#13230,#13231);
#13229 = CARTESIAN_POINT('',(13.299999999999,7.689437438255E-02,-2.));
#13230 = DIRECTION('',(-1.,-5.374889246201E-17,-7.390057102694E-15));
#13231 = DIRECTION('',(7.390057102694E-15,0.,-1.));
#13232 = ADVANCED_FACE('',(#13233),#13253,.T.);
#13233 = FACE_BOUND('',#13234,.T.);
#13234 = EDGE_LOOP('',(#13235,#13241,#13242,#13243,#13244,#13245,#13246,
    #13252));
#13235 = ORIENTED_EDGE('',*,*,#13236,.T.);
#13236 = EDGE_CURVE('',#10026,#10400,#13237,.T.);
#13237 = LINE('',#13238,#13239);
#13238 = CARTESIAN_POINT('',(13.825,1.551435347034E-13,-7.6));
#13239 = VECTOR('',#13240,1.);
#13240 = DIRECTION('',(-0.,-1.047445008333E-14,-1.));
#13241 = ORIENTED_EDGE('',*,*,#10399,.F.);
#13242 = ORIENTED_EDGE('',*,*,#12914,.F.);
#13243 = ORIENTED_EDGE('',*,*,#12524,.F.);
#13244 = ORIENTED_EDGE('',*,*,#13178,.F.);
#13245 = ORIENTED_EDGE('',*,*,#12548,.F.);
#13246 = ORIENTED_EDGE('',*,*,#13247,.F.);
#13247 = EDGE_CURVE('',#10034,#12539,#13248,.T.);
#13248 = LINE('',#13249,#13250);
#13249 = CARTESIAN_POINT('',(14.449999999999,1.551771277612E-13,-7.6));
#13250 = VECTOR('',#13251,1.);
#13251 = DIRECTION('',(-0.,-1.047445008333E-14,-1.));
#13252 = ORIENTED_EDGE('',*,*,#10033,.F.);
#13253 = PLANE('',#13254);
#13254 = AXIS2_PLACEMENT_3D('',#13255,#13256,#13257);
#13255 = CARTESIAN_POINT('',(15.949999999999,1.552577510999E-13,-7.6));
#13256 = DIRECTION('',(5.374889246194E-17,-1.,1.047445008333E-14));
#13257 = DIRECTION('',(0.,-1.047445008333E-14,-1.));
#13258 = ADVANCED_FACE('',(#13259),#13270,.T.);
#13259 = FACE_BOUND('',#13260,.T.);
#13260 = EDGE_LOOP('',(#13261,#13267,#13268,#13269));
#13261 = ORIENTED_EDGE('',*,*,#13262,.F.);
#13262 = EDGE_CURVE('',#10042,#12541,#13263,.T.);
#13263 = LINE('',#13264,#13265);
#13264 = CARTESIAN_POINT('',(14.449999999999,0.4,-3.));
#13265 = VECTOR('',#13266,1.);
#13266 = DIRECTION('',(7.281636885445E-15,-0.,-1.));
#13267 = ORIENTED_EDGE('',*,*,#10041,.F.);
#13268 = ORIENTED_EDGE('',*,*,#13247,.T.);
#13269 = ORIENTED_EDGE('',*,*,#12538,.T.);
#13270 = PLANE('',#13271);
#13271 = AXIS2_PLACEMENT_3D('',#13272,#13273,#13274);
#13272 = CARTESIAN_POINT('',(14.449999999999,2.038300084273E-13,-3.));
#13273 = DIRECTION('',(1.,5.374889246201E-17,7.281636885445E-15));
#13274 = DIRECTION('',(-7.281636885445E-15,0.,1.));
#13275 = ADVANCED_FACE('',(#13276),#13291,.T.);
#13276 = FACE_BOUND('',#13277,.T.);
#13277 = EDGE_LOOP('',(#13278,#13279,#13280,#13281,#13282,#13283,#13284,
    #13290));
#13278 = ORIENTED_EDGE('',*,*,#13262,.T.);
#13279 = ORIENTED_EDGE('',*,*,#12564,.T.);
#13280 = ORIENTED_EDGE('',*,*,#13171,.F.);
#13281 = ORIENTED_EDGE('',*,*,#12683,.F.);
#13282 = ORIENTED_EDGE('',*,*,#12604,.F.);
#13283 = ORIENTED_EDGE('',*,*,#12628,.F.);
#13284 = ORIENTED_EDGE('',*,*,#13285,.F.);
#13285 = EDGE_CURVE('',#10050,#12619,#13286,.T.);
#13286 = LINE('',#13287,#13288);
#13287 = CARTESIAN_POINT('',(15.049999999999,0.4,1.387778780781E-14));
#13288 = VECTOR('',#13289,1.);
#13289 = DIRECTION('',(-0.,-1.032988979366E-14,-1.));
#13290 = ORIENTED_EDGE('',*,*,#10049,.F.);
#13291 = PLANE('',#13292);
#13292 = AXIS2_PLACEMENT_3D('',#13293,#13294,#13295);
#13293 = CARTESIAN_POINT('',(14.449999999999,0.4,1.387778780781E-14));
#13294 = DIRECTION('',(5.374889246194E-17,-1.,1.032988979366E-14));
#13295 = DIRECTION('',(0.,-1.032988979366E-14,-1.));
#13296 = ADVANCED_FACE('',(#13297),#13310,.F.);
#13297 = FACE_BOUND('',#13298,.T.);
#13298 = EDGE_LOOP('',(#13299,#13300,#13301,#13302,#13303,#13304));
#13299 = ORIENTED_EDGE('',*,*,#10057,.F.);
#13300 = ORIENTED_EDGE('',*,*,#13285,.T.);
#13301 = ORIENTED_EDGE('',*,*,#12618,.T.);
#13302 = ORIENTED_EDGE('',*,*,#12657,.T.);
#13303 = ORIENTED_EDGE('',*,*,#12673,.T.);
#13304 = ORIENTED_EDGE('',*,*,#13305,.T.);
#13305 = EDGE_CURVE('',#12674,#10058,#13306,.T.);
#13306 = LINE('',#13307,#13308);
#13307 = CARTESIAN_POINT('',(15.049999999999,2.55,2.081668171172E-14));
#13308 = VECTOR('',#13309,1.);
#13309 = DIRECTION('',(-7.281636885445E-15,-0.,1.));
#13310 = PLANE('',#13311);
#13311 = AXIS2_PLACEMENT_3D('',#13312,#13313,#13314);
#13312 = CARTESIAN_POINT('',(15.049999999999,2.367897544708E-13,
    2.081668171172E-14));
#13313 = DIRECTION('',(-1.,-5.374889246201E-17,-7.281636885445E-15));
#13314 = DIRECTION('',(7.281636885445E-15,0.,-1.));
#13315 = ADVANCED_FACE('',(#13316),#13331,.F.);
#13316 = FACE_BOUND('',#13317,.T.);
#13317 = EDGE_LOOP('',(#13318,#13324,#13325,#13326,#13327,#13328,#13329,
    #13330));
#13318 = ORIENTED_EDGE('',*,*,#13319,.T.);
#13319 = EDGE_CURVE('',#12787,#10066,#13320,.T.);
#13320 = LINE('',#13321,#13322);
#13321 = CARTESIAN_POINT('',(14.299999999999,2.55,1.040834085586E-14));
#13322 = VECTOR('',#13323,1.);
#13323 = DIRECTION('',(-7.281636885445E-15,-0.,1.));
#13324 = ORIENTED_EDGE('',*,*,#10065,.T.);
#13325 = ORIENTED_EDGE('',*,*,#13305,.F.);
#13326 = ORIENTED_EDGE('',*,*,#12699,.F.);
#13327 = ORIENTED_EDGE('',*,*,#13164,.T.);
#13328 = ORIENTED_EDGE('',*,*,#12722,.F.);
#13329 = ORIENTED_EDGE('',*,*,#13131,.F.);
#13330 = ORIENTED_EDGE('',*,*,#12786,.F.);
#13331 = PLANE('',#13332);
#13332 = AXIS2_PLACEMENT_3D('',#13333,#13334,#13335);
#13333 = CARTESIAN_POINT('',(15.949999999999,2.55,0.));
#13334 = DIRECTION('',(5.374889246194E-17,-1.,1.024619699438E-14));
#13335 = DIRECTION('',(0.,-1.024619699438E-14,-1.));
#13336 = ADVANCED_FACE('',(#13337),#13343,.F.);
#13337 = FACE_BOUND('',#13338,.T.);
#13338 = EDGE_LOOP('',(#13339,#13340,#13341,#13342));
#13339 = ORIENTED_EDGE('',*,*,#9955,.F.);
#13340 = ORIENTED_EDGE('',*,*,#10407,.T.);
#13341 = ORIENTED_EDGE('',*,*,#13236,.F.);
#13342 = ORIENTED_EDGE('',*,*,#10025,.F.);
#13343 = PLANE('',#13344);
#13344 = AXIS2_PLACEMENT_3D('',#13345,#13346,#13347);
#13345 = CARTESIAN_POINT('',(13.825,9.000000000024E-02,-8.6));
#13346 = DIRECTION('',(1.,0.,-0.));
#13347 = DIRECTION('',(0.,0.,1.));
#13348 = ADVANCED_FACE('',(#13349),#13369,.T.);
#13349 = FACE_BOUND('',#13350,.T.);
#13350 = EDGE_LOOP('',(#13351,#13352,#13353,#13354,#13355,#13356,#13357,
    #13358,#13359,#13360,#13361,#13362,#13363,#13364,#13365,#13366,
    #13367,#13368));
#13351 = ORIENTED_EDGE('',*,*,#10746,.F.);
#13352 = ORIENTED_EDGE('',*,*,#13053,.F.);
#13353 = ORIENTED_EDGE('',*,*,#12764,.F.);
#13354 = ORIENTED_EDGE('',*,*,#13206,.F.);
#13355 = ORIENTED_EDGE('',*,*,#10129,.F.);
#13356 = ORIENTED_EDGE('',*,*,#10368,.F.);
#13357 = ORIENTED_EDGE('',*,*,#12939,.F.);
#13358 = ORIENTED_EDGE('',*,*,#10995,.F.);
#13359 = ORIENTED_EDGE('',*,*,#10943,.F.);
#13360 = ORIENTED_EDGE('',*,*,#10816,.F.);
#13361 = ORIENTED_EDGE('',*,*,#10785,.F.);
#13362 = ORIENTED_EDGE('',*,*,#9889,.F.);
#13363 = ORIENTED_EDGE('',*,*,#10073,.F.);
#13364 = ORIENTED_EDGE('',*,*,#13319,.F.);
#13365 = ORIENTED_EDGE('',*,*,#12796,.F.);
#13366 = ORIENTED_EDGE('',*,*,#12844,.F.);
#13367 = ORIENTED_EDGE('',*,*,#12877,.F.);
#13368 = ORIENTED_EDGE('',*,*,#13088,.F.);
#13369 = PLANE('',#13370);
#13370 = AXIS2_PLACEMENT_3D('',#13371,#13372,#13373);
#13371 = CARTESIAN_POINT('',(14.299999999999,0.7,1.040834085586E-14));
#13372 = DIRECTION('',(-1.,-5.374889246201E-17,-7.281636885445E-15));
#13373 = DIRECTION('',(7.281636885445E-15,0.,-1.));
#13374 = ADVANCED_FACE('',(#13375),#13391,.F.);
#13375 = FACE_BOUND('',#13376,.T.);
#13376 = EDGE_LOOP('',(#13377,#13383,#13384,#13390));
#13377 = ORIENTED_EDGE('',*,*,#13378,.F.);
#13378 = EDGE_CURVE('',#10452,#11072,#13379,.T.);
#13379 = LINE('',#13380,#13381);
#13380 = CARTESIAN_POINT('',(2.75,3.35,-8.6));
#13381 = VECTOR('',#13382,1.);
#13382 = DIRECTION('',(-0.,-0.,1.));
#13383 = ORIENTED_EDGE('',*,*,#10449,.F.);
#13384 = ORIENTED_EDGE('',*,*,#13385,.T.);
#13385 = EDGE_CURVE('',#10450,#11080,#13386,.T.);
#13386 = LINE('',#13387,#13388);
#13387 = CARTESIAN_POINT('',(3.25,3.35,-8.6));
#13388 = VECTOR('',#13389,1.);
#13389 = DIRECTION('',(-0.,-0.,1.));
#13390 = ORIENTED_EDGE('',*,*,#11079,.F.);
#13391 = PLANE('',#13392);
#13392 = AXIS2_PLACEMENT_3D('',#13393,#13394,#13395);
#13393 = CARTESIAN_POINT('',(2.75,3.35,-8.6));
#13394 = DIRECTION('',(-0.,1.,0.));
#13395 = DIRECTION('',(0.,0.,1.));
#13396 = ADVANCED_FACE('',(#13397),#13408,.F.);
#13397 = FACE_BOUND('',#13398,.T.);
#13398 = EDGE_LOOP('',(#13399,#13405,#13406,#13407));
#13399 = ORIENTED_EDGE('',*,*,#13400,.F.);
#13400 = EDGE_CURVE('',#10460,#11064,#13401,.T.);
#13401 = LINE('',#13402,#13403);
#13402 = CARTESIAN_POINT('',(2.75,2.85,-8.6));
#13403 = VECTOR('',#13404,1.);
#13404 = DIRECTION('',(-0.,-0.,1.));
#13405 = ORIENTED_EDGE('',*,*,#10459,.F.);
#13406 = ORIENTED_EDGE('',*,*,#13378,.T.);
#13407 = ORIENTED_EDGE('',*,*,#11071,.F.);
#13408 = PLANE('',#13409);
#13409 = AXIS2_PLACEMENT_3D('',#13410,#13411,#13412);
#13410 = CARTESIAN_POINT('',(2.75,3.35,-8.6));
#13411 = DIRECTION('',(-1.,0.,-0.));
#13412 = DIRECTION('',(0.,0.,1.));
#13413 = ADVANCED_FACE('',(#13414),#13425,.F.);
#13414 = FACE_BOUND('',#13415,.T.);
#13415 = EDGE_LOOP('',(#13416,#13422,#13423,#13424));
#13416 = ORIENTED_EDGE('',*,*,#13417,.F.);
#13417 = EDGE_CURVE('',#10468,#11062,#13418,.T.);
#13418 = LINE('',#13419,#13420);
#13419 = CARTESIAN_POINT('',(3.25,2.85,-8.6));
#13420 = VECTOR('',#13421,1.);
#13421 = DIRECTION('',(-0.,-0.,1.));
#13422 = ORIENTED_EDGE('',*,*,#10467,.F.);
#13423 = ORIENTED_EDGE('',*,*,#13400,.T.);
#13424 = ORIENTED_EDGE('',*,*,#11061,.F.);
#13425 = PLANE('',#13426);
#13426 = AXIS2_PLACEMENT_3D('',#13427,#13428,#13429);
#13427 = CARTESIAN_POINT('',(2.75,2.85,-8.6));
#13428 = DIRECTION('',(0.,-1.,0.));
#13429 = DIRECTION('',(0.,-0.,-1.));
#13430 = ADVANCED_FACE('',(#13431),#13437,.F.);
#13431 = FACE_BOUND('',#13432,.T.);
#13432 = EDGE_LOOP('',(#13433,#13434,#13435,#13436));
#13433 = ORIENTED_EDGE('',*,*,#13385,.F.);
#13434 = ORIENTED_EDGE('',*,*,#10475,.F.);
#13435 = ORIENTED_EDGE('',*,*,#13417,.T.);
#13436 = ORIENTED_EDGE('',*,*,#11087,.F.);
#13437 = PLANE('',#13438);
#13438 = AXIS2_PLACEMENT_3D('',#13439,#13440,#13441);
#13439 = CARTESIAN_POINT('',(3.25,3.35,-8.6));
#13440 = DIRECTION('',(1.,0.,0.));
#13441 = DIRECTION('',(0.,0.,-1.));
#13442 = ADVANCED_FACE('',(#13443),#13459,.F.);
#13443 = FACE_BOUND('',#13444,.T.);
#13444 = EDGE_LOOP('',(#13445,#13451,#13452,#13458));
#13445 = ORIENTED_EDGE('',*,*,#13446,.F.);
#13446 = EDGE_CURVE('',#10486,#11106,#13447,.T.);
#13447 = LINE('',#13448,#13449);
#13448 = CARTESIAN_POINT('',(4.75,3.35,-8.6));
#13449 = VECTOR('',#13450,1.);
#13450 = DIRECTION('',(-0.,-0.,1.));
#13451 = ORIENTED_EDGE('',*,*,#10483,.F.);
#13452 = ORIENTED_EDGE('',*,*,#13453,.T.);
#13453 = EDGE_CURVE('',#10484,#11114,#13454,.T.);
#13454 = LINE('',#13455,#13456);
#13455 = CARTESIAN_POINT('',(5.25,3.35,-8.6));
#13456 = VECTOR('',#13457,1.);
#13457 = DIRECTION('',(-0.,-0.,1.));
#13458 = ORIENTED_EDGE('',*,*,#11113,.F.);
#13459 = PLANE('',#13460);
#13460 = AXIS2_PLACEMENT_3D('',#13461,#13462,#13463);
#13461 = CARTESIAN_POINT('',(4.75,3.35,-8.6));
#13462 = DIRECTION('',(-0.,1.,0.));
#13463 = DIRECTION('',(0.,0.,1.));
#13464 = ADVANCED_FACE('',(#13465),#13476,.F.);
#13465 = FACE_BOUND('',#13466,.T.);
#13466 = EDGE_LOOP('',(#13467,#13473,#13474,#13475));
#13467 = ORIENTED_EDGE('',*,*,#13468,.F.);
#13468 = EDGE_CURVE('',#10494,#11098,#13469,.T.);
#13469 = LINE('',#13470,#13471);
#13470 = CARTESIAN_POINT('',(4.75,2.85,-8.6));
#13471 = VECTOR('',#13472,1.);
#13472 = DIRECTION('',(-0.,-0.,1.));
#13473 = ORIENTED_EDGE('',*,*,#10493,.F.);
#13474 = ORIENTED_EDGE('',*,*,#13446,.T.);
#13475 = ORIENTED_EDGE('',*,*,#11105,.F.);
#13476 = PLANE('',#13477);
#13477 = AXIS2_PLACEMENT_3D('',#13478,#13479,#13480);
#13478 = CARTESIAN_POINT('',(4.75,3.35,-8.6));
#13479 = DIRECTION('',(-1.,0.,-0.));
#13480 = DIRECTION('',(0.,0.,1.));
#13481 = ADVANCED_FACE('',(#13482),#13493,.F.);
#13482 = FACE_BOUND('',#13483,.T.);
#13483 = EDGE_LOOP('',(#13484,#13490,#13491,#13492));
#13484 = ORIENTED_EDGE('',*,*,#13485,.F.);
#13485 = EDGE_CURVE('',#10502,#11096,#13486,.T.);
#13486 = LINE('',#13487,#13488);
#13487 = CARTESIAN_POINT('',(5.25,2.85,-8.6));
#13488 = VECTOR('',#13489,1.);
#13489 = DIRECTION('',(-0.,-0.,1.));
#13490 = ORIENTED_EDGE('',*,*,#10501,.F.);
#13491 = ORIENTED_EDGE('',*,*,#13468,.T.);
#13492 = ORIENTED_EDGE('',*,*,#11095,.F.);
#13493 = PLANE('',#13494);
#13494 = AXIS2_PLACEMENT_3D('',#13495,#13496,#13497);
#13495 = CARTESIAN_POINT('',(4.75,2.85,-8.6));
#13496 = DIRECTION('',(0.,-1.,0.));
#13497 = DIRECTION('',(0.,-0.,-1.));
#13498 = ADVANCED_FACE('',(#13499),#13505,.F.);
#13499 = FACE_BOUND('',#13500,.T.);
#13500 = EDGE_LOOP('',(#13501,#13502,#13503,#13504));
#13501 = ORIENTED_EDGE('',*,*,#13453,.F.);
#13502 = ORIENTED_EDGE('',*,*,#10509,.F.);
#13503 = ORIENTED_EDGE('',*,*,#13485,.T.);
#13504 = ORIENTED_EDGE('',*,*,#11121,.F.);
#13505 = PLANE('',#13506);
#13506 = AXIS2_PLACEMENT_3D('',#13507,#13508,#13509);
#13507 = CARTESIAN_POINT('',(5.25,3.35,-8.6));
#13508 = DIRECTION('',(1.,0.,0.));
#13509 = DIRECTION('',(0.,0.,-1.));
#13510 = ADVANCED_FACE('',(#13511),#13527,.F.);
#13511 = FACE_BOUND('',#13512,.T.);
#13512 = EDGE_LOOP('',(#13513,#13519,#13520,#13526));
#13513 = ORIENTED_EDGE('',*,*,#13514,.F.);
#13514 = EDGE_CURVE('',#10520,#11140,#13515,.T.);
#13515 = LINE('',#13516,#13517);
#13516 = CARTESIAN_POINT('',(6.75,3.35,-8.6));
#13517 = VECTOR('',#13518,1.);
#13518 = DIRECTION('',(-0.,-0.,1.));
#13519 = ORIENTED_EDGE('',*,*,#10517,.F.);
#13520 = ORIENTED_EDGE('',*,*,#13521,.T.);
#13521 = EDGE_CURVE('',#10518,#11148,#13522,.T.);
#13522 = LINE('',#13523,#13524);
#13523 = CARTESIAN_POINT('',(7.25,3.35,-8.6));
#13524 = VECTOR('',#13525,1.);
#13525 = DIRECTION('',(-0.,-0.,1.));
#13526 = ORIENTED_EDGE('',*,*,#11147,.F.);
#13527 = PLANE('',#13528);
#13528 = AXIS2_PLACEMENT_3D('',#13529,#13530,#13531);
#13529 = CARTESIAN_POINT('',(6.75,3.35,-8.6));
#13530 = DIRECTION('',(-0.,1.,0.));
#13531 = DIRECTION('',(0.,0.,1.));
#13532 = ADVANCED_FACE('',(#13533),#13544,.F.);
#13533 = FACE_BOUND('',#13534,.T.);
#13534 = EDGE_LOOP('',(#13535,#13541,#13542,#13543));
#13535 = ORIENTED_EDGE('',*,*,#13536,.F.);
#13536 = EDGE_CURVE('',#10528,#11132,#13537,.T.);
#13537 = LINE('',#13538,#13539);
#13538 = CARTESIAN_POINT('',(6.75,2.85,-8.6));
#13539 = VECTOR('',#13540,1.);
#13540 = DIRECTION('',(-0.,-0.,1.));
#13541 = ORIENTED_EDGE('',*,*,#10527,.F.);
#13542 = ORIENTED_EDGE('',*,*,#13514,.T.);
#13543 = ORIENTED_EDGE('',*,*,#11139,.F.);
#13544 = PLANE('',#13545);
#13545 = AXIS2_PLACEMENT_3D('',#13546,#13547,#13548);
#13546 = CARTESIAN_POINT('',(6.75,3.35,-8.6));
#13547 = DIRECTION('',(-1.,0.,-0.));
#13548 = DIRECTION('',(0.,0.,1.));
#13549 = ADVANCED_FACE('',(#13550),#13561,.F.);
#13550 = FACE_BOUND('',#13551,.T.);
#13551 = EDGE_LOOP('',(#13552,#13558,#13559,#13560));
#13552 = ORIENTED_EDGE('',*,*,#13553,.F.);
#13553 = EDGE_CURVE('',#10536,#11130,#13554,.T.);
#13554 = LINE('',#13555,#13556);
#13555 = CARTESIAN_POINT('',(7.25,2.85,-8.6));
#13556 = VECTOR('',#13557,1.);
#13557 = DIRECTION('',(-0.,-0.,1.));
#13558 = ORIENTED_EDGE('',*,*,#10535,.F.);
#13559 = ORIENTED_EDGE('',*,*,#13536,.T.);
#13560 = ORIENTED_EDGE('',*,*,#11129,.F.);
#13561 = PLANE('',#13562);
#13562 = AXIS2_PLACEMENT_3D('',#13563,#13564,#13565);
#13563 = CARTESIAN_POINT('',(6.75,2.85,-8.6));
#13564 = DIRECTION('',(0.,-1.,0.));
#13565 = DIRECTION('',(0.,-0.,-1.));
#13566 = ADVANCED_FACE('',(#13567),#13573,.F.);
#13567 = FACE_BOUND('',#13568,.T.);
#13568 = EDGE_LOOP('',(#13569,#13570,#13571,#13572));
#13569 = ORIENTED_EDGE('',*,*,#13521,.F.);
#13570 = ORIENTED_EDGE('',*,*,#10543,.F.);
#13571 = ORIENTED_EDGE('',*,*,#13553,.T.);
#13572 = ORIENTED_EDGE('',*,*,#11155,.F.);
#13573 = PLANE('',#13574);
#13574 = AXIS2_PLACEMENT_3D('',#13575,#13576,#13577);
#13575 = CARTESIAN_POINT('',(7.25,3.35,-8.6));
#13576 = DIRECTION('',(1.,0.,0.));
#13577 = DIRECTION('',(0.,0.,-1.));
#13578 = ADVANCED_FACE('',(#13579),#13595,.F.);
#13579 = FACE_BOUND('',#13580,.T.);
#13580 = EDGE_LOOP('',(#13581,#13587,#13588,#13594));
#13581 = ORIENTED_EDGE('',*,*,#13582,.F.);
#13582 = EDGE_CURVE('',#10554,#11174,#13583,.T.);
#13583 = LINE('',#13584,#13585);
#13584 = CARTESIAN_POINT('',(8.75,3.35,-8.6));
#13585 = VECTOR('',#13586,1.);
#13586 = DIRECTION('',(-0.,-0.,1.));
#13587 = ORIENTED_EDGE('',*,*,#10551,.F.);
#13588 = ORIENTED_EDGE('',*,*,#13589,.T.);
#13589 = EDGE_CURVE('',#10552,#11182,#13590,.T.);
#13590 = LINE('',#13591,#13592);
#13591 = CARTESIAN_POINT('',(9.25,3.35,-8.6));
#13592 = VECTOR('',#13593,1.);
#13593 = DIRECTION('',(-0.,-0.,1.));
#13594 = ORIENTED_EDGE('',*,*,#11181,.F.);
#13595 = PLANE('',#13596);
#13596 = AXIS2_PLACEMENT_3D('',#13597,#13598,#13599);
#13597 = CARTESIAN_POINT('',(8.75,3.35,-8.6));
#13598 = DIRECTION('',(-0.,1.,0.));
#13599 = DIRECTION('',(0.,0.,1.));
#13600 = ADVANCED_FACE('',(#13601),#13612,.F.);
#13601 = FACE_BOUND('',#13602,.T.);
#13602 = EDGE_LOOP('',(#13603,#13609,#13610,#13611));
#13603 = ORIENTED_EDGE('',*,*,#13604,.F.);
#13604 = EDGE_CURVE('',#10562,#11166,#13605,.T.);
#13605 = LINE('',#13606,#13607);
#13606 = CARTESIAN_POINT('',(8.75,2.85,-8.6));
#13607 = VECTOR('',#13608,1.);
#13608 = DIRECTION('',(-0.,-0.,1.));
#13609 = ORIENTED_EDGE('',*,*,#10561,.F.);
#13610 = ORIENTED_EDGE('',*,*,#13582,.T.);
#13611 = ORIENTED_EDGE('',*,*,#11173,.F.);
#13612 = PLANE('',#13613);
#13613 = AXIS2_PLACEMENT_3D('',#13614,#13615,#13616);
#13614 = CARTESIAN_POINT('',(8.75,3.35,-8.6));
#13615 = DIRECTION('',(-1.,0.,-0.));
#13616 = DIRECTION('',(0.,0.,1.));
#13617 = ADVANCED_FACE('',(#13618),#13629,.F.);
#13618 = FACE_BOUND('',#13619,.T.);
#13619 = EDGE_LOOP('',(#13620,#13626,#13627,#13628));
#13620 = ORIENTED_EDGE('',*,*,#13621,.F.);
#13621 = EDGE_CURVE('',#10570,#11164,#13622,.T.);
#13622 = LINE('',#13623,#13624);
#13623 = CARTESIAN_POINT('',(9.25,2.85,-8.6));
#13624 = VECTOR('',#13625,1.);
#13625 = DIRECTION('',(-0.,-0.,1.));
#13626 = ORIENTED_EDGE('',*,*,#10569,.F.);
#13627 = ORIENTED_EDGE('',*,*,#13604,.T.);
#13628 = ORIENTED_EDGE('',*,*,#11163,.F.);
#13629 = PLANE('',#13630);
#13630 = AXIS2_PLACEMENT_3D('',#13631,#13632,#13633);
#13631 = CARTESIAN_POINT('',(8.75,2.85,-8.6));
#13632 = DIRECTION('',(0.,-1.,0.));
#13633 = DIRECTION('',(0.,-0.,-1.));
#13634 = ADVANCED_FACE('',(#13635),#13641,.F.);
#13635 = FACE_BOUND('',#13636,.T.);
#13636 = EDGE_LOOP('',(#13637,#13638,#13639,#13640));
#13637 = ORIENTED_EDGE('',*,*,#13589,.F.);
#13638 = ORIENTED_EDGE('',*,*,#10577,.F.);
#13639 = ORIENTED_EDGE('',*,*,#13621,.T.);
#13640 = ORIENTED_EDGE('',*,*,#11189,.F.);
#13641 = PLANE('',#13642);
#13642 = AXIS2_PLACEMENT_3D('',#13643,#13644,#13645);
#13643 = CARTESIAN_POINT('',(9.25,3.35,-8.6));
#13644 = DIRECTION('',(1.,0.,0.));
#13645 = DIRECTION('',(0.,0.,-1.));
#13646 = ADVANCED_FACE('',(#13647),#13663,.F.);
#13647 = FACE_BOUND('',#13648,.T.);
#13648 = EDGE_LOOP('',(#13649,#13655,#13656,#13662));
#13649 = ORIENTED_EDGE('',*,*,#13650,.F.);
#13650 = EDGE_CURVE('',#10588,#11208,#13651,.T.);
#13651 = LINE('',#13652,#13653);
#13652 = CARTESIAN_POINT('',(10.75,3.35,-8.6));
#13653 = VECTOR('',#13654,1.);
#13654 = DIRECTION('',(-0.,-0.,1.));
#13655 = ORIENTED_EDGE('',*,*,#10585,.F.);
#13656 = ORIENTED_EDGE('',*,*,#13657,.T.);
#13657 = EDGE_CURVE('',#10586,#11216,#13658,.T.);
#13658 = LINE('',#13659,#13660);
#13659 = CARTESIAN_POINT('',(11.25,3.35,-8.6));
#13660 = VECTOR('',#13661,1.);
#13661 = DIRECTION('',(-0.,-0.,1.));
#13662 = ORIENTED_EDGE('',*,*,#11215,.F.);
#13663 = PLANE('',#13664);
#13664 = AXIS2_PLACEMENT_3D('',#13665,#13666,#13667);
#13665 = CARTESIAN_POINT('',(10.75,3.35,-8.6));
#13666 = DIRECTION('',(-0.,1.,0.));
#13667 = DIRECTION('',(0.,0.,1.));
#13668 = ADVANCED_FACE('',(#13669),#13680,.F.);
#13669 = FACE_BOUND('',#13670,.T.);
#13670 = EDGE_LOOP('',(#13671,#13677,#13678,#13679));
#13671 = ORIENTED_EDGE('',*,*,#13672,.F.);
#13672 = EDGE_CURVE('',#10596,#11200,#13673,.T.);
#13673 = LINE('',#13674,#13675);
#13674 = CARTESIAN_POINT('',(10.75,2.85,-8.6));
#13675 = VECTOR('',#13676,1.);
#13676 = DIRECTION('',(-0.,-0.,1.));
#13677 = ORIENTED_EDGE('',*,*,#10595,.F.);
#13678 = ORIENTED_EDGE('',*,*,#13650,.T.);
#13679 = ORIENTED_EDGE('',*,*,#11207,.F.);
#13680 = PLANE('',#13681);
#13681 = AXIS2_PLACEMENT_3D('',#13682,#13683,#13684);
#13682 = CARTESIAN_POINT('',(10.75,3.35,-8.6));
#13683 = DIRECTION('',(-1.,0.,-0.));
#13684 = DIRECTION('',(0.,0.,1.));
#13685 = ADVANCED_FACE('',(#13686),#13697,.F.);
#13686 = FACE_BOUND('',#13687,.T.);
#13687 = EDGE_LOOP('',(#13688,#13694,#13695,#13696));
#13688 = ORIENTED_EDGE('',*,*,#13689,.F.);
#13689 = EDGE_CURVE('',#10604,#11198,#13690,.T.);
#13690 = LINE('',#13691,#13692);
#13691 = CARTESIAN_POINT('',(11.25,2.85,-8.6));
#13692 = VECTOR('',#13693,1.);
#13693 = DIRECTION('',(-0.,-0.,1.));
#13694 = ORIENTED_EDGE('',*,*,#10603,.F.);
#13695 = ORIENTED_EDGE('',*,*,#13672,.T.);
#13696 = ORIENTED_EDGE('',*,*,#11197,.F.);
#13697 = PLANE('',#13698);
#13698 = AXIS2_PLACEMENT_3D('',#13699,#13700,#13701);
#13699 = CARTESIAN_POINT('',(10.75,2.85,-8.6));
#13700 = DIRECTION('',(0.,-1.,0.));
#13701 = DIRECTION('',(0.,-0.,-1.));
#13702 = ADVANCED_FACE('',(#13703),#13709,.F.);
#13703 = FACE_BOUND('',#13704,.T.);
#13704 = EDGE_LOOP('',(#13705,#13706,#13707,#13708));
#13705 = ORIENTED_EDGE('',*,*,#13657,.F.);
#13706 = ORIENTED_EDGE('',*,*,#10611,.F.);
#13707 = ORIENTED_EDGE('',*,*,#13689,.T.);
#13708 = ORIENTED_EDGE('',*,*,#11223,.F.);
#13709 = PLANE('',#13710);
#13710 = AXIS2_PLACEMENT_3D('',#13711,#13712,#13713);
#13711 = CARTESIAN_POINT('',(11.25,3.35,-8.6));
#13712 = DIRECTION('',(1.,0.,0.));
#13713 = DIRECTION('',(0.,0.,-1.));
#13714 = ( GEOMETRIC_REPRESENTATION_CONTEXT(3) 
GLOBAL_UNCERTAINTY_ASSIGNED_CONTEXT((#13718)) 
GLOBAL_UNIT_ASSIGNED_CONTEXT((#13715,#13716,#13717)) 
REPRESENTATION_CONTEXT('Context #1',
  '3D Context with UNIT and UNCERTAINTY') );
#13715 = ( LENGTH_UNIT() NAMED_UNIT(*) SI_UNIT(.MILLI.,.METRE.) );
#13716 = ( NAMED_UNIT(*) PLANE_ANGLE_UNIT() SI_UNIT($,.RADIAN.) );
#13717 = ( NAMED_UNIT(*) SI_UNIT($,.STERADIAN.) SOLID_ANGLE_UNIT() );
#13718 = UNCERTAINTY_MEASURE_WITH_UNIT(LENGTH_MEASURE(1.E-07),#13715,
  'distance_accuracy_value','confusion accuracy');
#13719 = CONTEXT_DEPENDENT_SHAPE_REPRESENTATION(#13720,#13722);
#13720 = ( REPRESENTATION_RELATIONSHIP('','',#4219,#4196) 
REPRESENTATION_RELATIONSHIP_WITH_TRANSFORMATION(#13721) 
SHAPE_REPRESENTATION_RELATIONSHIP() );
#13721 = ITEM_DEFINED_TRANSFORMATION('','',#11,#4197);
#13722 = PRODUCT_DEFINITION_SHAPE('Placement','Placement of an item',
  #13723);
#13723 = NEXT_ASSEMBLY_USAGE_OCCURRENCE('12','NAUO1','',#4191,#4214,$);
#13724 = PRODUCT_RELATED_PRODUCT_CATEGORY('part',$,(#4216));
#13725 = CONTEXT_DEPENDENT_SHAPE_REPRESENTATION(#13726,#13728);
#13726 = ( REPRESENTATION_RELATIONSHIP('','',#3331,#10) 
REPRESENTATION_RELATIONSHIP_WITH_TRANSFORMATION(#13727) 
SHAPE_REPRESENTATION_RELATIONSHIP() );
#13727 = ITEM_DEFINED_TRANSFORMATION('','',#11,#47);
#13728 = PRODUCT_DEFINITION_SHAPE('Placement','Placement of an item',
  #13729);
#13729 = NEXT_ASSEMBLY_USAGE_OCCURRENCE('15','R1','',#5,#3326,$);
#13730 = CONTEXT_DEPENDENT_SHAPE_REPRESENTATION(#13731,#13733);
#13731 = ( REPRESENTATION_RELATIONSHIP('','',#406,#10) 
REPRESENTATION_RELATIONSHIP_WITH_TRANSFORMATION(#13732) 
SHAPE_REPRESENTATION_RELATIONSHIP() );
#13732 = ITEM_DEFINED_TRANSFORMATION('','',#11,#51);
#13733 = PRODUCT_DEFINITION_SHAPE('Placement','Placement of an item',
  #13734);
#13734 = NEXT_ASSEMBLY_USAGE_OCCURRENCE('16','C1','',#5,#401,$);
#13735 = SHAPE_DEFINITION_REPRESENTATION(#13736,#13742);
#13736 = PRODUCT_DEFINITION_SHAPE('','',#13737);
#13737 = PRODUCT_DEFINITION('design','',#13738,#13741);
#13738 = PRODUCT_DEFINITION_FORMATION('','',#13739);
#13739 = PRODUCT('Display_kicadpro_PCB','Display_kicadpro_PCB','',(
    #13740));
#13740 = PRODUCT_CONTEXT('',#2,'mechanical');
#13741 = PRODUCT_DEFINITION_CONTEXT('part definition',#2,'design');
#13742 = ADVANCED_BREP_SHAPE_REPRESENTATION('',(#11,#13743),#14181);
#13743 = MANIFOLD_SOLID_BREP('',#13744);
#13744 = CLOSED_SHELL('',(#13745,#13785,#13816,#13847,#13940,#14033,
    #14050,#14067,#14084,#14101,#14113,#14130,#14147,#14164));
#13745 = ADVANCED_FACE('',(#13746),#13780,.T.);
#13746 = FACE_BOUND('',#13747,.T.);
#13747 = EDGE_LOOP('',(#13748,#13758,#13766,#13774));
#13748 = ORIENTED_EDGE('',*,*,#13749,.T.);
#13749 = EDGE_CURVE('',#13750,#13752,#13754,.T.);
#13750 = VERTEX_POINT('',#13751);
#13751 = CARTESIAN_POINT('',(193.365,-85.83,0.));
#13752 = VERTEX_POINT('',#13753);
#13753 = CARTESIAN_POINT('',(193.365,-85.83,1.51));
#13754 = LINE('',#13755,#13756);
#13755 = CARTESIAN_POINT('',(193.365,-85.83,0.));
#13756 = VECTOR('',#13757,1.);
#13757 = DIRECTION('',(0.,0.,1.));
#13758 = ORIENTED_EDGE('',*,*,#13759,.T.);
#13759 = EDGE_CURVE('',#13752,#13760,#13762,.T.);
#13760 = VERTEX_POINT('',#13761);
#13761 = CARTESIAN_POINT('',(192.865,-86.33,1.51));
#13762 = LINE('',#13763,#13764);
#13763 = CARTESIAN_POINT('',(193.365,-85.83,1.51));
#13764 = VECTOR('',#13765,1.);
#13765 = DIRECTION('',(-0.707106781187,-0.707106781187,0.));
#13766 = ORIENTED_EDGE('',*,*,#13767,.F.);
#13767 = EDGE_CURVE('',#13768,#13760,#13770,.T.);
#13768 = VERTEX_POINT('',#13769);
#13769 = CARTESIAN_POINT('',(192.865,-86.33,0.));
#13770 = LINE('',#13771,#13772);
#13771 = CARTESIAN_POINT('',(192.865,-86.33,0.));
#13772 = VECTOR('',#13773,1.);
#13773 = DIRECTION('',(0.,0.,1.));
#13774 = ORIENTED_EDGE('',*,*,#13775,.F.);
#13775 = EDGE_CURVE('',#13750,#13768,#13776,.T.);
#13776 = LINE('',#13777,#13778);
#13777 = CARTESIAN_POINT('',(193.365,-85.83,0.));
#13778 = VECTOR('',#13779,1.);
#13779 = DIRECTION('',(-0.707106781187,-0.707106781187,0.));
#13780 = PLANE('',#13781);
#13781 = AXIS2_PLACEMENT_3D('',#13782,#13783,#13784);
#13782 = CARTESIAN_POINT('',(193.365,-85.83,0.));
#13783 = DIRECTION('',(0.707106781187,-0.707106781187,0.));
#13784 = DIRECTION('',(-0.707106781187,-0.707106781187,0.));
#13785 = ADVANCED_FACE('',(#13786),#13811,.T.);
#13786 = FACE_BOUND('',#13787,.T.);
#13787 = EDGE_LOOP('',(#13788,#13798,#13804,#13805));
#13788 = ORIENTED_EDGE('',*,*,#13789,.T.);
#13789 = EDGE_CURVE('',#13790,#13792,#13794,.T.);
#13790 = VERTEX_POINT('',#13791);
#13791 = CARTESIAN_POINT('',(193.365,-81.83,0.));
#13792 = VERTEX_POINT('',#13793);
#13793 = CARTESIAN_POINT('',(193.365,-81.83,1.51));
#13794 = LINE('',#13795,#13796);
#13795 = CARTESIAN_POINT('',(193.365,-81.83,0.));
#13796 = VECTOR('',#13797,1.);
#13797 = DIRECTION('',(0.,0.,1.));
#13798 = ORIENTED_EDGE('',*,*,#13799,.T.);
#13799 = EDGE_CURVE('',#13792,#13752,#13800,.T.);
#13800 = LINE('',#13801,#13802);
#13801 = CARTESIAN_POINT('',(193.365,-81.83,1.51));
#13802 = VECTOR('',#13803,1.);
#13803 = DIRECTION('',(0.,-1.,0.));
#13804 = ORIENTED_EDGE('',*,*,#13749,.F.);
#13805 = ORIENTED_EDGE('',*,*,#13806,.F.);
#13806 = EDGE_CURVE('',#13790,#13750,#13807,.T.);
#13807 = LINE('',#13808,#13809);
#13808 = CARTESIAN_POINT('',(193.365,-81.83,0.));
#13809 = VECTOR('',#13810,1.);
#13810 = DIRECTION('',(0.,-1.,0.));
#13811 = PLANE('',#13812);
#13812 = AXIS2_PLACEMENT_3D('',#13813,#13814,#13815);
#13813 = CARTESIAN_POINT('',(193.365,-81.83,0.));
#13814 = DIRECTION('',(1.,0.,-0.));
#13815 = DIRECTION('',(0.,-1.,0.));
#13816 = ADVANCED_FACE('',(#13817),#13842,.T.);
#13817 = FACE_BOUND('',#13818,.T.);
#13818 = EDGE_LOOP('',(#13819,#13820,#13828,#13836));
#13819 = ORIENTED_EDGE('',*,*,#13767,.T.);
#13820 = ORIENTED_EDGE('',*,*,#13821,.T.);
#13821 = EDGE_CURVE('',#13760,#13822,#13824,.T.);
#13822 = VERTEX_POINT('',#13823);
#13823 = CARTESIAN_POINT('',(192.865,-103.13,1.51));
#13824 = LINE('',#13825,#13826);
#13825 = CARTESIAN_POINT('',(192.865,-86.33,1.51));
#13826 = VECTOR('',#13827,1.);
#13827 = DIRECTION('',(0.,-1.,0.));
#13828 = ORIENTED_EDGE('',*,*,#13829,.F.);
#13829 = EDGE_CURVE('',#13830,#13822,#13832,.T.);
#13830 = VERTEX_POINT('',#13831);
#13831 = CARTESIAN_POINT('',(192.865,-103.13,0.));
#13832 = LINE('',#13833,#13834);
#13833 = CARTESIAN_POINT('',(192.865,-103.13,0.));
#13834 = VECTOR('',#13835,1.);
#13835 = DIRECTION('',(0.,0.,1.));
#13836 = ORIENTED_EDGE('',*,*,#13837,.F.);
#13837 = EDGE_CURVE('',#13768,#13830,#13838,.T.);
#13838 = LINE('',#13839,#13840);
#13839 = CARTESIAN_POINT('',(192.865,-86.33,0.));
#13840 = VECTOR('',#13841,1.);
#13841 = DIRECTION('',(0.,-1.,0.));
#13842 = PLANE('',#13843);
#13843 = AXIS2_PLACEMENT_3D('',#13844,#13845,#13846);
#13844 = CARTESIAN_POINT('',(192.865,-86.33,0.));
#13845 = DIRECTION('',(1.,0.,-0.));
#13846 = DIRECTION('',(0.,-1.,0.));
#13847 = ADVANCED_FACE('',(#13848,#13891,#13902,#13913,#13924),#13935,
  .F.);
#13848 = FACE_BOUND('',#13849,.F.);
#13849 = EDGE_LOOP('',(#13850,#13851,#13852,#13860,#13868,#13876,#13884,
    #13890));
#13850 = ORIENTED_EDGE('',*,*,#13775,.F.);
#13851 = ORIENTED_EDGE('',*,*,#13806,.F.);
#13852 = ORIENTED_EDGE('',*,*,#13853,.F.);
#13853 = EDGE_CURVE('',#13854,#13790,#13856,.T.);
#13854 = VERTEX_POINT('',#13855);
#13855 = CARTESIAN_POINT('',(113.365,-81.83,0.));
#13856 = LINE('',#13857,#13858);
#13857 = CARTESIAN_POINT('',(113.365,-81.83,0.));
#13858 = VECTOR('',#13859,1.);
#13859 = DIRECTION('',(1.,0.,0.));
#13860 = ORIENTED_EDGE('',*,*,#13861,.F.);
#13861 = EDGE_CURVE('',#13862,#13854,#13864,.T.);
#13862 = VERTEX_POINT('',#13863);
#13863 = CARTESIAN_POINT('',(113.365,-106.83,0.));
#13864 = LINE('',#13865,#13866);
#13865 = CARTESIAN_POINT('',(113.365,-106.83,0.));
#13866 = VECTOR('',#13867,1.);
#13867 = DIRECTION('',(0.,1.,0.));
#13868 = ORIENTED_EDGE('',*,*,#13869,.F.);
#13869 = EDGE_CURVE('',#13870,#13862,#13872,.T.);
#13870 = VERTEX_POINT('',#13871);
#13871 = CARTESIAN_POINT('',(193.365,-106.83,0.));
#13872 = LINE('',#13873,#13874);
#13873 = CARTESIAN_POINT('',(193.365,-106.83,0.));
#13874 = VECTOR('',#13875,1.);
#13875 = DIRECTION('',(-1.,0.,0.));
#13876 = ORIENTED_EDGE('',*,*,#13877,.F.);
#13877 = EDGE_CURVE('',#13878,#13870,#13880,.T.);
#13878 = VERTEX_POINT('',#13879);
#13879 = CARTESIAN_POINT('',(193.365,-103.63,0.));
#13880 = LINE('',#13881,#13882);
#13881 = CARTESIAN_POINT('',(193.365,-103.63,0.));
#13882 = VECTOR('',#13883,1.);
#13883 = DIRECTION('',(0.,-1.,0.));
#13884 = ORIENTED_EDGE('',*,*,#13885,.F.);
#13885 = EDGE_CURVE('',#13830,#13878,#13886,.T.);
#13886 = LINE('',#13887,#13888);
#13887 = CARTESIAN_POINT('',(192.865,-103.13,0.));
#13888 = VECTOR('',#13889,1.);
#13889 = DIRECTION('',(0.707106781187,-0.707106781187,0.));
#13890 = ORIENTED_EDGE('',*,*,#13837,.F.);
#13891 = FACE_BOUND('',#13892,.F.);
#13892 = EDGE_LOOP('',(#13893));
#13893 = ORIENTED_EDGE('',*,*,#13894,.T.);
#13894 = EDGE_CURVE('',#13895,#13895,#13897,.T.);
#13895 = VERTEX_POINT('',#13896);
#13896 = CARTESIAN_POINT('',(115.365,-106.33,0.));
#13897 = CIRCLE('',#13898,1.5);
#13898 = AXIS2_PLACEMENT_3D('',#13899,#13900,#13901);
#13899 = CARTESIAN_POINT('',(115.365,-104.83,0.));
#13900 = DIRECTION('',(-0.,0.,-1.));
#13901 = DIRECTION('',(-0.,-1.,0.));
#13902 = FACE_BOUND('',#13903,.F.);
#13903 = EDGE_LOOP('',(#13904));
#13904 = ORIENTED_EDGE('',*,*,#13905,.T.);
#13905 = EDGE_CURVE('',#13906,#13906,#13908,.T.);
#13906 = VERTEX_POINT('',#13907);
#13907 = CARTESIAN_POINT('',(191.365,-106.33,0.));
#13908 = CIRCLE('',#13909,1.5);
#13909 = AXIS2_PLACEMENT_3D('',#13910,#13911,#13912);
#13910 = CARTESIAN_POINT('',(191.365,-104.83,0.));
#13911 = DIRECTION('',(-0.,0.,-1.));
#13912 = DIRECTION('',(-0.,-1.,0.));
#13913 = FACE_BOUND('',#13914,.F.);
#13914 = EDGE_LOOP('',(#13915));
#13915 = ORIENTED_EDGE('',*,*,#13916,.T.);
#13916 = EDGE_CURVE('',#13917,#13917,#13919,.T.);
#13917 = VERTEX_POINT('',#13918);
#13918 = CARTESIAN_POINT('',(115.365,-85.33,0.));
#13919 = CIRCLE('',#13920,1.5);
#13920 = AXIS2_PLACEMENT_3D('',#13921,#13922,#13923);
#13921 = CARTESIAN_POINT('',(115.365,-83.83,0.));
#13922 = DIRECTION('',(-0.,0.,-1.));
#13923 = DIRECTION('',(-0.,-1.,0.));
#13924 = FACE_BOUND('',#13925,.F.);
#13925 = EDGE_LOOP('',(#13926));
#13926 = ORIENTED_EDGE('',*,*,#13927,.T.);
#13927 = EDGE_CURVE('',#13928,#13928,#13930,.T.);
#13928 = VERTEX_POINT('',#13929);
#13929 = CARTESIAN_POINT('',(191.365,-85.33,0.));
#13930 = CIRCLE('',#13931,1.5);
#13931 = AXIS2_PLACEMENT_3D('',#13932,#13933,#13934);
#13932 = CARTESIAN_POINT('',(191.365,-83.83,0.));
#13933 = DIRECTION('',(-0.,0.,-1.));
#13934 = DIRECTION('',(-0.,-1.,0.));
#13935 = PLANE('',#13936);
#13936 = AXIS2_PLACEMENT_3D('',#13937,#13938,#13939);
#13937 = CARTESIAN_POINT('',(0.,0.,0.));
#13938 = DIRECTION('',(0.,0.,1.));
#13939 = DIRECTION('',(1.,0.,-0.));
#13940 = ADVANCED_FACE('',(#13941,#13984,#13995,#14006,#14017),#14028,
  .T.);
#13941 = FACE_BOUND('',#13942,.T.);
#13942 = EDGE_LOOP('',(#13943,#13944,#13945,#13953,#13961,#13969,#13977,
    #13983));
#13943 = ORIENTED_EDGE('',*,*,#13759,.F.);
#13944 = ORIENTED_EDGE('',*,*,#13799,.F.);
#13945 = ORIENTED_EDGE('',*,*,#13946,.F.);
#13946 = EDGE_CURVE('',#13947,#13792,#13949,.T.);
#13947 = VERTEX_POINT('',#13948);
#13948 = CARTESIAN_POINT('',(113.365,-81.83,1.51));
#13949 = LINE('',#13950,#13951);
#13950 = CARTESIAN_POINT('',(113.365,-81.83,1.51));
#13951 = VECTOR('',#13952,1.);
#13952 = DIRECTION('',(1.,0.,0.));
#13953 = ORIENTED_EDGE('',*,*,#13954,.F.);
#13954 = EDGE_CURVE('',#13955,#13947,#13957,.T.);
#13955 = VERTEX_POINT('',#13956);
#13956 = CARTESIAN_POINT('',(113.365,-106.83,1.51));
#13957 = LINE('',#13958,#13959);
#13958 = CARTESIAN_POINT('',(113.365,-106.83,1.51));
#13959 = VECTOR('',#13960,1.);
#13960 = DIRECTION('',(0.,1.,0.));
#13961 = ORIENTED_EDGE('',*,*,#13962,.F.);
#13962 = EDGE_CURVE('',#13963,#13955,#13965,.T.);
#13963 = VERTEX_POINT('',#13964);
#13964 = CARTESIAN_POINT('',(193.365,-106.83,1.51));
#13965 = LINE('',#13966,#13967);
#13966 = CARTESIAN_POINT('',(193.365,-106.83,1.51));
#13967 = VECTOR('',#13968,1.);
#13968 = DIRECTION('',(-1.,0.,0.));
#13969 = ORIENTED_EDGE('',*,*,#13970,.F.);
#13970 = EDGE_CURVE('',#13971,#13963,#13973,.T.);
#13971 = VERTEX_POINT('',#13972);
#13972 = CARTESIAN_POINT('',(193.365,-103.63,1.51));
#13973 = LINE('',#13974,#13975);
#13974 = CARTESIAN_POINT('',(193.365,-103.63,1.51));
#13975 = VECTOR('',#13976,1.);
#13976 = DIRECTION('',(0.,-1.,0.));
#13977 = ORIENTED_EDGE('',*,*,#13978,.F.);
#13978 = EDGE_CURVE('',#13822,#13971,#13979,.T.);
#13979 = LINE('',#13980,#13981);
#13980 = CARTESIAN_POINT('',(192.865,-103.13,1.51));
#13981 = VECTOR('',#13982,1.);
#13982 = DIRECTION('',(0.707106781187,-0.707106781187,0.));
#13983 = ORIENTED_EDGE('',*,*,#13821,.F.);
#13984 = FACE_BOUND('',#13985,.T.);
#13985 = EDGE_LOOP('',(#13986));
#13986 = ORIENTED_EDGE('',*,*,#13987,.T.);
#13987 = EDGE_CURVE('',#13988,#13988,#13990,.T.);
#13988 = VERTEX_POINT('',#13989);
#13989 = CARTESIAN_POINT('',(115.365,-106.33,1.51));
#13990 = CIRCLE('',#13991,1.5);
#13991 = AXIS2_PLACEMENT_3D('',#13992,#13993,#13994);
#13992 = CARTESIAN_POINT('',(115.365,-104.83,1.51));
#13993 = DIRECTION('',(-0.,0.,-1.));
#13994 = DIRECTION('',(-0.,-1.,0.));
#13995 = FACE_BOUND('',#13996,.T.);
#13996 = EDGE_LOOP('',(#13997));
#13997 = ORIENTED_EDGE('',*,*,#13998,.T.);
#13998 = EDGE_CURVE('',#13999,#13999,#14001,.T.);
#13999 = VERTEX_POINT('',#14000);
#14000 = CARTESIAN_POINT('',(191.365,-106.33,1.51));
#14001 = CIRCLE('',#14002,1.5);
#14002 = AXIS2_PLACEMENT_3D('',#14003,#14004,#14005);
#14003 = CARTESIAN_POINT('',(191.365,-104.83,1.51));
#14004 = DIRECTION('',(-0.,0.,-1.));
#14005 = DIRECTION('',(-0.,-1.,0.));
#14006 = FACE_BOUND('',#14007,.T.);
#14007 = EDGE_LOOP('',(#14008));
#14008 = ORIENTED_EDGE('',*,*,#14009,.T.);
#14009 = EDGE_CURVE('',#14010,#14010,#14012,.T.);
#14010 = VERTEX_POINT('',#14011);
#14011 = CARTESIAN_POINT('',(115.365,-85.33,1.51));
#14012 = CIRCLE('',#14013,1.5);
#14013 = AXIS2_PLACEMENT_3D('',#14014,#14015,#14016);
#14014 = CARTESIAN_POINT('',(115.365,-83.83,1.51));
#14015 = DIRECTION('',(-0.,0.,-1.));
#14016 = DIRECTION('',(-0.,-1.,0.));
#14017 = FACE_BOUND('',#14018,.T.);
#14018 = EDGE_LOOP('',(#14019));
#14019 = ORIENTED_EDGE('',*,*,#14020,.T.);
#14020 = EDGE_CURVE('',#14021,#14021,#14023,.T.);
#14021 = VERTEX_POINT('',#14022);
#14022 = CARTESIAN_POINT('',(191.365,-85.33,1.51));
#14023 = CIRCLE('',#14024,1.5);
#14024 = AXIS2_PLACEMENT_3D('',#14025,#14026,#14027);
#14025 = CARTESIAN_POINT('',(191.365,-83.83,1.51));
#14026 = DIRECTION('',(-0.,0.,-1.));
#14027 = DIRECTION('',(-0.,-1.,0.));
#14028 = PLANE('',#14029);
#14029 = AXIS2_PLACEMENT_3D('',#14030,#14031,#14032);
#14030 = CARTESIAN_POINT('',(0.,0.,1.51));
#14031 = DIRECTION('',(0.,0.,1.));
#14032 = DIRECTION('',(1.,0.,-0.));
#14033 = ADVANCED_FACE('',(#14034),#14045,.T.);
#14034 = FACE_BOUND('',#14035,.T.);
#14035 = EDGE_LOOP('',(#14036,#14042,#14043,#14044));
#14036 = ORIENTED_EDGE('',*,*,#14037,.T.);
#14037 = EDGE_CURVE('',#13854,#13947,#14038,.T.);
#14038 = LINE('',#14039,#14040);
#14039 = CARTESIAN_POINT('',(113.365,-81.83,0.));
#14040 = VECTOR('',#14041,1.);
#14041 = DIRECTION('',(0.,0.,1.));
#14042 = ORIENTED_EDGE('',*,*,#13946,.T.);
#14043 = ORIENTED_EDGE('',*,*,#13789,.F.);
#14044 = ORIENTED_EDGE('',*,*,#13853,.F.);
#14045 = PLANE('',#14046);
#14046 = AXIS2_PLACEMENT_3D('',#14047,#14048,#14049);
#14047 = CARTESIAN_POINT('',(113.365,-81.83,0.));
#14048 = DIRECTION('',(0.,1.,0.));
#14049 = DIRECTION('',(1.,0.,0.));
#14050 = ADVANCED_FACE('',(#14051),#14062,.T.);
#14051 = FACE_BOUND('',#14052,.T.);
#14052 = EDGE_LOOP('',(#14053,#14054,#14055,#14061));
#14053 = ORIENTED_EDGE('',*,*,#13829,.T.);
#14054 = ORIENTED_EDGE('',*,*,#13978,.T.);
#14055 = ORIENTED_EDGE('',*,*,#14056,.F.);
#14056 = EDGE_CURVE('',#13878,#13971,#14057,.T.);
#14057 = LINE('',#14058,#14059);
#14058 = CARTESIAN_POINT('',(193.365,-103.63,0.));
#14059 = VECTOR('',#14060,1.);
#14060 = DIRECTION('',(0.,0.,1.));
#14061 = ORIENTED_EDGE('',*,*,#13885,.F.);
#14062 = PLANE('',#14063);
#14063 = AXIS2_PLACEMENT_3D('',#14064,#14065,#14066);
#14064 = CARTESIAN_POINT('',(192.865,-103.13,0.));
#14065 = DIRECTION('',(0.707106781187,0.707106781187,-0.));
#14066 = DIRECTION('',(0.707106781187,-0.707106781187,0.));
#14067 = ADVANCED_FACE('',(#14068),#14079,.T.);
#14068 = FACE_BOUND('',#14069,.T.);
#14069 = EDGE_LOOP('',(#14070,#14076,#14077,#14078));
#14070 = ORIENTED_EDGE('',*,*,#14071,.T.);
#14071 = EDGE_CURVE('',#13862,#13955,#14072,.T.);
#14072 = LINE('',#14073,#14074);
#14073 = CARTESIAN_POINT('',(113.365,-106.83,0.));
#14074 = VECTOR('',#14075,1.);
#14075 = DIRECTION('',(0.,0.,1.));
#14076 = ORIENTED_EDGE('',*,*,#13954,.T.);
#14077 = ORIENTED_EDGE('',*,*,#14037,.F.);
#14078 = ORIENTED_EDGE('',*,*,#13861,.F.);
#14079 = PLANE('',#14080);
#14080 = AXIS2_PLACEMENT_3D('',#14081,#14082,#14083);
#14081 = CARTESIAN_POINT('',(113.365,-106.83,0.));
#14082 = DIRECTION('',(-1.,0.,0.));
#14083 = DIRECTION('',(0.,1.,0.));
#14084 = ADVANCED_FACE('',(#14085),#14096,.T.);
#14085 = FACE_BOUND('',#14086,.T.);
#14086 = EDGE_LOOP('',(#14087,#14088,#14089,#14095));
#14087 = ORIENTED_EDGE('',*,*,#14056,.T.);
#14088 = ORIENTED_EDGE('',*,*,#13970,.T.);
#14089 = ORIENTED_EDGE('',*,*,#14090,.F.);
#14090 = EDGE_CURVE('',#13870,#13963,#14091,.T.);
#14091 = LINE('',#14092,#14093);
#14092 = CARTESIAN_POINT('',(193.365,-106.83,0.));
#14093 = VECTOR('',#14094,1.);
#14094 = DIRECTION('',(0.,0.,1.));
#14095 = ORIENTED_EDGE('',*,*,#13877,.F.);
#14096 = PLANE('',#14097);
#14097 = AXIS2_PLACEMENT_3D('',#14098,#14099,#14100);
#14098 = CARTESIAN_POINT('',(193.365,-103.63,0.));
#14099 = DIRECTION('',(1.,0.,-0.));
#14100 = DIRECTION('',(0.,-1.,0.));
#14101 = ADVANCED_FACE('',(#14102),#14108,.T.);
#14102 = FACE_BOUND('',#14103,.T.);
#14103 = EDGE_LOOP('',(#14104,#14105,#14106,#14107));
#14104 = ORIENTED_EDGE('',*,*,#14090,.T.);
#14105 = ORIENTED_EDGE('',*,*,#13962,.T.);
#14106 = ORIENTED_EDGE('',*,*,#14071,.F.);
#14107 = ORIENTED_EDGE('',*,*,#13869,.F.);
#14108 = PLANE('',#14109);
#14109 = AXIS2_PLACEMENT_3D('',#14110,#14111,#14112);
#14110 = CARTESIAN_POINT('',(193.365,-106.83,0.));
#14111 = DIRECTION('',(0.,-1.,0.));
#14112 = DIRECTION('',(-1.,0.,0.));
#14113 = ADVANCED_FACE('',(#14114),#14125,.F.);
#14114 = FACE_BOUND('',#14115,.T.);
#14115 = EDGE_LOOP('',(#14116,#14117,#14123,#14124));
#14116 = ORIENTED_EDGE('',*,*,#13894,.T.);
#14117 = ORIENTED_EDGE('',*,*,#14118,.T.);
#14118 = EDGE_CURVE('',#13895,#13988,#14119,.T.);
#14119 = LINE('',#14120,#14121);
#14120 = CARTESIAN_POINT('',(115.365,-106.33,-4.6E-02));
#14121 = VECTOR('',#14122,1.);
#14122 = DIRECTION('',(0.,0.,1.));
#14123 = ORIENTED_EDGE('',*,*,#13987,.F.);
#14124 = ORIENTED_EDGE('',*,*,#14118,.F.);
#14125 = CYLINDRICAL_SURFACE('',#14126,1.5);
#14126 = AXIS2_PLACEMENT_3D('',#14127,#14128,#14129);
#14127 = CARTESIAN_POINT('',(115.365,-104.83,-4.6E-02));
#14128 = DIRECTION('',(-0.,-0.,-1.));
#14129 = DIRECTION('',(-0.,-1.,0.));
#14130 = ADVANCED_FACE('',(#14131),#14142,.F.);
#14131 = FACE_BOUND('',#14132,.T.);
#14132 = EDGE_LOOP('',(#14133,#14134,#14140,#14141));
#14133 = ORIENTED_EDGE('',*,*,#13905,.T.);
#14134 = ORIENTED_EDGE('',*,*,#14135,.T.);
#14135 = EDGE_CURVE('',#13906,#13999,#14136,.T.);
#14136 = LINE('',#14137,#14138);
#14137 = CARTESIAN_POINT('',(191.365,-106.33,-4.6E-02));
#14138 = VECTOR('',#14139,1.);
#14139 = DIRECTION('',(0.,0.,1.));
#14140 = ORIENTED_EDGE('',*,*,#13998,.F.);
#14141 = ORIENTED_EDGE('',*,*,#14135,.F.);
#14142 = CYLINDRICAL_SURFACE('',#14143,1.5);
#14143 = AXIS2_PLACEMENT_3D('',#14144,#14145,#14146);
#14144 = CARTESIAN_POINT('',(191.365,-104.83,-4.6E-02));
#14145 = DIRECTION('',(-0.,-0.,-1.));
#14146 = DIRECTION('',(-0.,-1.,0.));
#14147 = ADVANCED_FACE('',(#14148),#14159,.F.);
#14148 = FACE_BOUND('',#14149,.T.);
#14149 = EDGE_LOOP('',(#14150,#14151,#14157,#14158));
#14150 = ORIENTED_EDGE('',*,*,#13916,.T.);
#14151 = ORIENTED_EDGE('',*,*,#14152,.T.);
#14152 = EDGE_CURVE('',#13917,#14010,#14153,.T.);
#14153 = LINE('',#14154,#14155);
#14154 = CARTESIAN_POINT('',(115.365,-85.33,-4.6E-02));
#14155 = VECTOR('',#14156,1.);
#14156 = DIRECTION('',(0.,0.,1.));
#14157 = ORIENTED_EDGE('',*,*,#14009,.F.);
#14158 = ORIENTED_EDGE('',*,*,#14152,.F.);
#14159 = CYLINDRICAL_SURFACE('',#14160,1.5);
#14160 = AXIS2_PLACEMENT_3D('',#14161,#14162,#14163);
#14161 = CARTESIAN_POINT('',(115.365,-83.83,-4.6E-02));
#14162 = DIRECTION('',(-0.,-0.,-1.));
#14163 = DIRECTION('',(-0.,-1.,0.));
#14164 = ADVANCED_FACE('',(#14165),#14176,.F.);
#14165 = FACE_BOUND('',#14166,.T.);
#14166 = EDGE_LOOP('',(#14167,#14168,#14174,#14175));
#14167 = ORIENTED_EDGE('',*,*,#13927,.T.);
#14168 = ORIENTED_EDGE('',*,*,#14169,.T.);
#14169 = EDGE_CURVE('',#13928,#14021,#14170,.T.);
#14170 = LINE('',#14171,#14172);
#14171 = CARTESIAN_POINT('',(191.365,-85.33,-4.6E-02));
#14172 = VECTOR('',#14173,1.);
#14173 = DIRECTION('',(0.,0.,1.));
#14174 = ORIENTED_EDGE('',*,*,#14020,.F.);
#14175 = ORIENTED_EDGE('',*,*,#14169,.F.);
#14176 = CYLINDRICAL_SURFACE('',#14177,1.5);
#14177 = AXIS2_PLACEMENT_3D('',#14178,#14179,#14180);
#14178 = CARTESIAN_POINT('',(191.365,-83.83,-4.6E-02));
#14179 = DIRECTION('',(-0.,-0.,-1.));
#14180 = DIRECTION('',(-0.,-1.,0.));
#14181 = ( GEOMETRIC_REPRESENTATION_CONTEXT(3) 
GLOBAL_UNCERTAINTY_ASSIGNED_CONTEXT((#14185)) 
GLOBAL_UNIT_ASSIGNED_CONTEXT((#14182,#14183,#14184)) 
REPRESENTATION_CONTEXT('Context #1',
  '3D Context with UNIT and UNCERTAINTY') );
#14182 = ( LENGTH_UNIT() NAMED_UNIT(*) SI_UNIT(.MILLI.,.METRE.) );
#14183 = ( NAMED_UNIT(*) PLANE_ANGLE_UNIT() SI_UNIT($,.RADIAN.) );
#14184 = ( NAMED_UNIT(*) SI_UNIT($,.STERADIAN.) SOLID_ANGLE_UNIT() );
#14185 = UNCERTAINTY_MEASURE_WITH_UNIT(LENGTH_MEASURE(1.E-07),#14182,
  'distance_accuracy_value','confusion accuracy');
#14186 = CONTEXT_DEPENDENT_SHAPE_REPRESENTATION(#14187,#14189);
#14187 = ( REPRESENTATION_RELATIONSHIP('','',#13742,#10) 
REPRESENTATION_RELATIONSHIP_WITH_TRANSFORMATION(#14188) 
SHAPE_REPRESENTATION_RELATIONSHIP() );
#14188 = ITEM_DEFINED_TRANSFORMATION('','',#11,#55);
#14189 = PRODUCT_DEFINITION_SHAPE('Placement','Placement of an item',
  #14190);
#14190 = NEXT_ASSEMBLY_USAGE_OCCURRENCE('17','=>[0:1:1:13]','',#5,#13737
  ,$);
#14191 = PRODUCT_RELATED_PRODUCT_CATEGORY('part',$,(#13739));
#14192 = MECHANICAL_DESIGN_GEOMETRIC_PRESENTATION_REPRESENTATION('',(
    #14193,#14201,#14208,#14215,#14222,#14229,#14236,#14243,#14250,
    #14257,#14264),#13714);
#14193 = STYLED_ITEM('color',(#14194),#4220);
#14194 = PRESENTATION_STYLE_ASSIGNMENT((#14195));
#14195 = SURFACE_STYLE_USAGE(.BOTH.,#14196);
#14196 = SURFACE_SIDE_STYLE('',(#14197));
#14197 = SURFACE_STYLE_FILL_AREA(#14198);
#14198 = FILL_AREA_STYLE('',(#14199));
#14199 = FILL_AREA_STYLE_COLOUR('',#14200);
#14200 = COLOUR_RGB('',0.796078417252,0.823529417451,0.937254901616);
#14201 = STYLED_ITEM('color',(#14202),#4799);
#14202 = PRESENTATION_STYLE_ASSIGNMENT((#14203));
#14203 = SURFACE_STYLE_USAGE(.BOTH.,#14204);
#14204 = SURFACE_SIDE_STYLE('',(#14205));
#14205 = SURFACE_STYLE_FILL_AREA(#14206);
#14206 = FILL_AREA_STYLE('',(#14207));
#14207 = FILL_AREA_STYLE_COLOUR('',#14200);
#14208 = STYLED_ITEM('color',(#14209),#5279);
#14209 = PRESENTATION_STYLE_ASSIGNMENT((#14210));
#14210 = SURFACE_STYLE_USAGE(.BOTH.,#14211);
#14211 = SURFACE_SIDE_STYLE('',(#14212));
#14212 = SURFACE_STYLE_FILL_AREA(#14213);
#14213 = FILL_AREA_STYLE('',(#14214));
#14214 = FILL_AREA_STYLE_COLOUR('',#14200);
#14215 = STYLED_ITEM('color',(#14216),#5759);
#14216 = PRESENTATION_STYLE_ASSIGNMENT((#14217));
#14217 = SURFACE_STYLE_USAGE(.BOTH.,#14218);
#14218 = SURFACE_SIDE_STYLE('',(#14219));
#14219 = SURFACE_STYLE_FILL_AREA(#14220);
#14220 = FILL_AREA_STYLE('',(#14221));
#14221 = FILL_AREA_STYLE_COLOUR('',#14200);
#14222 = STYLED_ITEM('color',(#14223),#6338);
#14223 = PRESENTATION_STYLE_ASSIGNMENT((#14224));
#14224 = SURFACE_STYLE_USAGE(.BOTH.,#14225);
#14225 = SURFACE_SIDE_STYLE('',(#14226));
#14226 = SURFACE_STYLE_FILL_AREA(#14227);
#14227 = FILL_AREA_STYLE('',(#14228));
#14228 = FILL_AREA_STYLE_COLOUR('',#14200);
#14229 = STYLED_ITEM('color',(#14230),#6917);
#14230 = PRESENTATION_STYLE_ASSIGNMENT((#14231));
#14231 = SURFACE_STYLE_USAGE(.BOTH.,#14232);
#14232 = SURFACE_SIDE_STYLE('',(#14233));
#14233 = SURFACE_STYLE_FILL_AREA(#14234);
#14234 = FILL_AREA_STYLE('',(#14235));
#14235 = FILL_AREA_STYLE_COLOUR('',#14200);
#14236 = STYLED_ITEM('color',(#14237),#7496);
#14237 = PRESENTATION_STYLE_ASSIGNMENT((#14238));
#14238 = SURFACE_STYLE_USAGE(.BOTH.,#14239);
#14239 = SURFACE_SIDE_STYLE('',(#14240));
#14240 = SURFACE_STYLE_FILL_AREA(#14241);
#14241 = FILL_AREA_STYLE('',(#14242));
#14242 = FILL_AREA_STYLE_COLOUR('',#14200);
#14243 = STYLED_ITEM('color',(#14244),#8075);
#14244 = PRESENTATION_STYLE_ASSIGNMENT((#14245));
#14245 = SURFACE_STYLE_USAGE(.BOTH.,#14246);
#14246 = SURFACE_SIDE_STYLE('',(#14247));
#14247 = SURFACE_STYLE_FILL_AREA(#14248);
#14248 = FILL_AREA_STYLE('',(#14249));
#14249 = FILL_AREA_STYLE_COLOUR('',#14200);
#14250 = STYLED_ITEM('color',(#14251),#8654);
#14251 = PRESENTATION_STYLE_ASSIGNMENT((#14252));
#14252 = SURFACE_STYLE_USAGE(.BOTH.,#14253);
#14253 = SURFACE_SIDE_STYLE('',(#14254));
#14254 = SURFACE_STYLE_FILL_AREA(#14255);
#14255 = FILL_AREA_STYLE('',(#14256));
#14256 = FILL_AREA_STYLE_COLOUR('',#14200);
#14257 = STYLED_ITEM('color',(#14258),#9233);
#14258 = PRESENTATION_STYLE_ASSIGNMENT((#14259));
#14259 = SURFACE_STYLE_USAGE(.BOTH.,#14260);
#14260 = SURFACE_SIDE_STYLE('',(#14261));
#14261 = SURFACE_STYLE_FILL_AREA(#14262);
#14262 = FILL_AREA_STYLE('',(#14263));
#14263 = FILL_AREA_STYLE_COLOUR('',#14200);
#14264 = STYLED_ITEM('color',(#14265),#9812);
#14265 = PRESENTATION_STYLE_ASSIGNMENT((#14266));
#14266 = SURFACE_STYLE_USAGE(.BOTH.,#14267);
#14267 = SURFACE_SIDE_STYLE('',(#14268));
#14268 = SURFACE_STYLE_FILL_AREA(#14269);
#14269 = FILL_AREA_STYLE('',(#14270));
#14270 = FILL_AREA_STYLE_COLOUR('',#14271);
#14271 = DRAUGHTING_PRE_DEFINED_COLOUR('white');
#14272 = MECHANICAL_DESIGN_GEOMETRIC_PRESENTATION_REPRESENTATION('',(
    #14273,#14283,#14292,#14301,#14310,#14319,#14328,#14337,#14346,
    #14355,#14364,#14373,#14382,#14391,#14400,#14410,#14419,#14428,
    #14437,#14446,#14455,#14464,#14473,#14482,#14491,#14500,#14509,
    #14518,#14527,#14536,#14545,#14554,#14563,#14572,#14581,#14590,
    #14599,#14608,#14617,#14626,#14635,#14644,#14653,#14662,#14671,
    #14680,#14689,#14698,#14707,#14716,#14725,#14734,#14743,#14752,
    #14761,#14770,#14779,#14788,#14797,#14806,#14815,#14824,#14833,
    #14842,#14851,#14860,#14869,#14878,#14887),#3308);
#14273 = STYLED_ITEM('color',(#14274),#1328);
#14274 = PRESENTATION_STYLE_ASSIGNMENT((#14275,#14281));
#14275 = SURFACE_STYLE_USAGE(.BOTH.,#14276);
#14276 = SURFACE_SIDE_STYLE('',(#14277));
#14277 = SURFACE_STYLE_FILL_AREA(#14278);
#14278 = FILL_AREA_STYLE('',(#14279));
#14279 = FILL_AREA_STYLE_COLOUR('',#14280);
#14280 = COLOUR_RGB('',0.147999998088,0.145000001626,0.145000001626);
#14281 = CURVE_STYLE('',#14282,POSITIVE_LENGTH_MEASURE(0.1),#14280);
#14282 = DRAUGHTING_PRE_DEFINED_CURVE_FONT('continuous');
#14283 = STYLED_ITEM('color',(#14284),#1366);
#14284 = PRESENTATION_STYLE_ASSIGNMENT((#14285,#14290));
#14285 = SURFACE_STYLE_USAGE(.BOTH.,#14286);
#14286 = SURFACE_SIDE_STYLE('',(#14287));
#14287 = SURFACE_STYLE_FILL_AREA(#14288);
#14288 = FILL_AREA_STYLE('',(#14289));
#14289 = FILL_AREA_STYLE_COLOUR('',#14280);
#14290 = CURVE_STYLE('',#14291,POSITIVE_LENGTH_MEASURE(0.1),#14280);
#14291 = DRAUGHTING_PRE_DEFINED_CURVE_FONT('continuous');
#14292 = STYLED_ITEM('color',(#14293),#1429);
#14293 = PRESENTATION_STYLE_ASSIGNMENT((#14294,#14299));
#14294 = SURFACE_STYLE_USAGE(.BOTH.,#14295);
#14295 = SURFACE_SIDE_STYLE('',(#14296));
#14296 = SURFACE_STYLE_FILL_AREA(#14297);
#14297 = FILL_AREA_STYLE('',(#14298));
#14298 = FILL_AREA_STYLE_COLOUR('',#14280);
#14299 = CURVE_STYLE('',#14300,POSITIVE_LENGTH_MEASURE(0.1),#14280);
#14300 = DRAUGHTING_PRE_DEFINED_CURVE_FONT('continuous');
#14301 = STYLED_ITEM('color',(#14302),#1452);
#14302 = PRESENTATION_STYLE_ASSIGNMENT((#14303,#14308));
#14303 = SURFACE_STYLE_USAGE(.BOTH.,#14304);
#14304 = SURFACE_SIDE_STYLE('',(#14305));
#14305 = SURFACE_STYLE_FILL_AREA(#14306);
#14306 = FILL_AREA_STYLE('',(#14307));
#14307 = FILL_AREA_STYLE_COLOUR('',#14280);
#14308 = CURVE_STYLE('',#14309,POSITIVE_LENGTH_MEASURE(0.1),#14280);
#14309 = DRAUGHTING_PRE_DEFINED_CURVE_FONT('continuous');
#14310 = STYLED_ITEM('color',(#14311),#1481);
#14311 = PRESENTATION_STYLE_ASSIGNMENT((#14312,#14317));
#14312 = SURFACE_STYLE_USAGE(.BOTH.,#14313);
#14313 = SURFACE_SIDE_STYLE('',(#14314));
#14314 = SURFACE_STYLE_FILL_AREA(#14315);
#14315 = FILL_AREA_STYLE('',(#14316));
#14316 = FILL_AREA_STYLE_COLOUR('',#14280);
#14317 = CURVE_STYLE('',#14318,POSITIVE_LENGTH_MEASURE(0.1),#14280);
#14318 = DRAUGHTING_PRE_DEFINED_CURVE_FONT('continuous');
#14319 = STYLED_ITEM('color',(#14320),#1504);
#14320 = PRESENTATION_STYLE_ASSIGNMENT((#14321,#14326));
#14321 = SURFACE_STYLE_USAGE(.BOTH.,#14322);
#14322 = SURFACE_SIDE_STYLE('',(#14323));
#14323 = SURFACE_STYLE_FILL_AREA(#14324);
#14324 = FILL_AREA_STYLE('',(#14325));
#14325 = FILL_AREA_STYLE_COLOUR('',#14280);
#14326 = CURVE_STYLE('',#14327,POSITIVE_LENGTH_MEASURE(0.1),#14280);
#14327 = DRAUGHTING_PRE_DEFINED_CURVE_FONT('continuous');
#14328 = STYLED_ITEM('color',(#14329),#1559);
#14329 = PRESENTATION_STYLE_ASSIGNMENT((#14330,#14335));
#14330 = SURFACE_STYLE_USAGE(.BOTH.,#14331);
#14331 = SURFACE_SIDE_STYLE('',(#14332));
#14332 = SURFACE_STYLE_FILL_AREA(#14333);
#14333 = FILL_AREA_STYLE('',(#14334));
#14334 = FILL_AREA_STYLE_COLOUR('',#14280);
#14335 = CURVE_STYLE('',#14336,POSITIVE_LENGTH_MEASURE(0.1),#14280);
#14336 = DRAUGHTING_PRE_DEFINED_CURVE_FONT('continuous');
#14337 = STYLED_ITEM('color',(#14338),#1598);
#14338 = PRESENTATION_STYLE_ASSIGNMENT((#14339,#14344));
#14339 = SURFACE_STYLE_USAGE(.BOTH.,#14340);
#14340 = SURFACE_SIDE_STYLE('',(#14341));
#14341 = SURFACE_STYLE_FILL_AREA(#14342);
#14342 = FILL_AREA_STYLE('',(#14343));
#14343 = FILL_AREA_STYLE_COLOUR('',#14280);
#14344 = CURVE_STYLE('',#14345,POSITIVE_LENGTH_MEASURE(0.1),#14280);
#14345 = DRAUGHTING_PRE_DEFINED_CURVE_FONT('continuous');
#14346 = STYLED_ITEM('color',(#14347),#1621);
#14347 = PRESENTATION_STYLE_ASSIGNMENT((#14348,#14353));
#14348 = SURFACE_STYLE_USAGE(.BOTH.,#14349);
#14349 = SURFACE_SIDE_STYLE('',(#14350));
#14350 = SURFACE_STYLE_FILL_AREA(#14351);
#14351 = FILL_AREA_STYLE('',(#14352));
#14352 = FILL_AREA_STYLE_COLOUR('',#14280);
#14353 = CURVE_STYLE('',#14354,POSITIVE_LENGTH_MEASURE(0.1),#14280);
#14354 = DRAUGHTING_PRE_DEFINED_CURVE_FONT('continuous');
#14355 = STYLED_ITEM('color',(#14356),#1644);
#14356 = PRESENTATION_STYLE_ASSIGNMENT((#14357,#14362));
#14357 = SURFACE_STYLE_USAGE(.BOTH.,#14358);
#14358 = SURFACE_SIDE_STYLE('',(#14359));
#14359 = SURFACE_STYLE_FILL_AREA(#14360);
#14360 = FILL_AREA_STYLE('',(#14361));
#14361 = FILL_AREA_STYLE_COLOUR('',#14280);
#14362 = CURVE_STYLE('',#14363,POSITIVE_LENGTH_MEASURE(0.1),#14280);
#14363 = DRAUGHTING_PRE_DEFINED_CURVE_FONT('continuous');
#14364 = STYLED_ITEM('color',(#14365),#1661);
#14365 = PRESENTATION_STYLE_ASSIGNMENT((#14366,#14371));
#14366 = SURFACE_STYLE_USAGE(.BOTH.,#14367);
#14367 = SURFACE_SIDE_STYLE('',(#14368));
#14368 = SURFACE_STYLE_FILL_AREA(#14369);
#14369 = FILL_AREA_STYLE('',(#14370));
#14370 = FILL_AREA_STYLE_COLOUR('',#14280);
#14371 = CURVE_STYLE('',#14372,POSITIVE_LENGTH_MEASURE(0.1),#14280);
#14372 = DRAUGHTING_PRE_DEFINED_CURVE_FONT('continuous');
#14373 = STYLED_ITEM('color',(#14374),#1684);
#14374 = PRESENTATION_STYLE_ASSIGNMENT((#14375,#14380));
#14375 = SURFACE_STYLE_USAGE(.BOTH.,#14376);
#14376 = SURFACE_SIDE_STYLE('',(#14377));
#14377 = SURFACE_STYLE_FILL_AREA(#14378);
#14378 = FILL_AREA_STYLE('',(#14379));
#14379 = FILL_AREA_STYLE_COLOUR('',#14280);
#14380 = CURVE_STYLE('',#14381,POSITIVE_LENGTH_MEASURE(0.1),#14280);
#14381 = DRAUGHTING_PRE_DEFINED_CURVE_FONT('continuous');
#14382 = STYLED_ITEM('color',(#14383),#1772);
#14383 = PRESENTATION_STYLE_ASSIGNMENT((#14384,#14389));
#14384 = SURFACE_STYLE_USAGE(.BOTH.,#14385);
#14385 = SURFACE_SIDE_STYLE('',(#14386));
#14386 = SURFACE_STYLE_FILL_AREA(#14387);
#14387 = FILL_AREA_STYLE('',(#14388));
#14388 = FILL_AREA_STYLE_COLOUR('',#14280);
#14389 = CURVE_STYLE('',#14390,POSITIVE_LENGTH_MEASURE(0.1),#14280);
#14390 = DRAUGHTING_PRE_DEFINED_CURVE_FONT('continuous');
#14391 = STYLED_ITEM('color',(#14392),#1788);
#14392 = PRESENTATION_STYLE_ASSIGNMENT((#14393,#14398));
#14393 = SURFACE_STYLE_USAGE(.BOTH.,#14394);
#14394 = SURFACE_SIDE_STYLE('',(#14395));
#14395 = SURFACE_STYLE_FILL_AREA(#14396);
#14396 = FILL_AREA_STYLE('',(#14397));
#14397 = FILL_AREA_STYLE_COLOUR('',#14280);
#14398 = CURVE_STYLE('',#14399,POSITIVE_LENGTH_MEASURE(0.1),#14280);
#14399 = DRAUGHTING_PRE_DEFINED_CURVE_FONT('continuous');
#14400 = STYLED_ITEM('color',(#14401),#1818);
#14401 = PRESENTATION_STYLE_ASSIGNMENT((#14402,#14408));
#14402 = SURFACE_STYLE_USAGE(.BOTH.,#14403);
#14403 = SURFACE_SIDE_STYLE('',(#14404));
#14404 = SURFACE_STYLE_FILL_AREA(#14405);
#14405 = FILL_AREA_STYLE('',(#14406));
#14406 = FILL_AREA_STYLE_COLOUR('',#14407);
#14407 = COLOUR_RGB('',0.823999987314,0.819999987296,0.781000009244);
#14408 = CURVE_STYLE('',#14409,POSITIVE_LENGTH_MEASURE(0.1),#14407);
#14409 = DRAUGHTING_PRE_DEFINED_CURVE_FONT('continuous');
#14410 = STYLED_ITEM('color',(#14411),#1851);
#14411 = PRESENTATION_STYLE_ASSIGNMENT((#14412,#14417));
#14412 = SURFACE_STYLE_USAGE(.BOTH.,#14413);
#14413 = SURFACE_SIDE_STYLE('',(#14414));
#14414 = SURFACE_STYLE_FILL_AREA(#14415);
#14415 = FILL_AREA_STYLE('',(#14416));
#14416 = FILL_AREA_STYLE_COLOUR('',#14280);
#14417 = CURVE_STYLE('',#14418,POSITIVE_LENGTH_MEASURE(0.1),#14280);
#14418 = DRAUGHTING_PRE_DEFINED_CURVE_FONT('continuous');
#14419 = STYLED_ITEM('color',(#14420),#1882);
#14420 = PRESENTATION_STYLE_ASSIGNMENT((#14421,#14426));
#14421 = SURFACE_STYLE_USAGE(.BOTH.,#14422);
#14422 = SURFACE_SIDE_STYLE('',(#14423));
#14423 = SURFACE_STYLE_FILL_AREA(#14424);
#14424 = FILL_AREA_STYLE('',(#14425));
#14425 = FILL_AREA_STYLE_COLOUR('',#14407);
#14426 = CURVE_STYLE('',#14427,POSITIVE_LENGTH_MEASURE(0.1),#14407);
#14427 = DRAUGHTING_PRE_DEFINED_CURVE_FONT('continuous');
#14428 = STYLED_ITEM('color',(#14429),#1915);
#14429 = PRESENTATION_STYLE_ASSIGNMENT((#14430,#14435));
#14430 = SURFACE_STYLE_USAGE(.BOTH.,#14431);
#14431 = SURFACE_SIDE_STYLE('',(#14432));
#14432 = SURFACE_STYLE_FILL_AREA(#14433);
#14433 = FILL_AREA_STYLE('',(#14434));
#14434 = FILL_AREA_STYLE_COLOUR('',#14280);
#14435 = CURVE_STYLE('',#14436,POSITIVE_LENGTH_MEASURE(0.1),#14280);
#14436 = DRAUGHTING_PRE_DEFINED_CURVE_FONT('continuous');
#14437 = STYLED_ITEM('color',(#14438),#1932);
#14438 = PRESENTATION_STYLE_ASSIGNMENT((#14439,#14444));
#14439 = SURFACE_STYLE_USAGE(.BOTH.,#14440);
#14440 = SURFACE_SIDE_STYLE('',(#14441));
#14441 = SURFACE_STYLE_FILL_AREA(#14442);
#14442 = FILL_AREA_STYLE('',(#14443));
#14443 = FILL_AREA_STYLE_COLOUR('',#14280);
#14444 = CURVE_STYLE('',#14445,POSITIVE_LENGTH_MEASURE(0.1),#14280);
#14445 = DRAUGHTING_PRE_DEFINED_CURVE_FONT('continuous');
#14446 = STYLED_ITEM('color',(#14447),#1949);
#14447 = PRESENTATION_STYLE_ASSIGNMENT((#14448,#14453));
#14448 = SURFACE_STYLE_USAGE(.BOTH.,#14449);
#14449 = SURFACE_SIDE_STYLE('',(#14450));
#14450 = SURFACE_STYLE_FILL_AREA(#14451);
#14451 = FILL_AREA_STYLE('',(#14452));
#14452 = FILL_AREA_STYLE_COLOUR('',#14407);
#14453 = CURVE_STYLE('',#14454,POSITIVE_LENGTH_MEASURE(0.1),#14407);
#14454 = DRAUGHTING_PRE_DEFINED_CURVE_FONT('continuous');
#14455 = STYLED_ITEM('color',(#14456),#1982);
#14456 = PRESENTATION_STYLE_ASSIGNMENT((#14457,#14462));
#14457 = SURFACE_STYLE_USAGE(.BOTH.,#14458);
#14458 = SURFACE_SIDE_STYLE('',(#14459));
#14459 = SURFACE_STYLE_FILL_AREA(#14460);
#14460 = FILL_AREA_STYLE('',(#14461));
#14461 = FILL_AREA_STYLE_COLOUR('',#14280);
#14462 = CURVE_STYLE('',#14463,POSITIVE_LENGTH_MEASURE(0.1),#14280);
#14463 = DRAUGHTING_PRE_DEFINED_CURVE_FONT('continuous');
#14464 = STYLED_ITEM('color',(#14465),#2012);
#14465 = PRESENTATION_STYLE_ASSIGNMENT((#14466,#14471));
#14466 = SURFACE_STYLE_USAGE(.BOTH.,#14467);
#14467 = SURFACE_SIDE_STYLE('',(#14468));
#14468 = SURFACE_STYLE_FILL_AREA(#14469);
#14469 = FILL_AREA_STYLE('',(#14470));
#14470 = FILL_AREA_STYLE_COLOUR('',#14280);
#14471 = CURVE_STYLE('',#14472,POSITIVE_LENGTH_MEASURE(0.1),#14280);
#14472 = DRAUGHTING_PRE_DEFINED_CURVE_FONT('continuous');
#14473 = STYLED_ITEM('color',(#14474),#2035);
#14474 = PRESENTATION_STYLE_ASSIGNMENT((#14475,#14480));
#14475 = SURFACE_STYLE_USAGE(.BOTH.,#14476);
#14476 = SURFACE_SIDE_STYLE('',(#14477));
#14477 = SURFACE_STYLE_FILL_AREA(#14478);
#14478 = FILL_AREA_STYLE('',(#14479));
#14479 = FILL_AREA_STYLE_COLOUR('',#14280);
#14480 = CURVE_STYLE('',#14481,POSITIVE_LENGTH_MEASURE(0.1),#14280);
#14481 = DRAUGHTING_PRE_DEFINED_CURVE_FONT('continuous');
#14482 = STYLED_ITEM('color',(#14483),#2058);
#14483 = PRESENTATION_STYLE_ASSIGNMENT((#14484,#14489));
#14484 = SURFACE_STYLE_USAGE(.BOTH.,#14485);
#14485 = SURFACE_SIDE_STYLE('',(#14486));
#14486 = SURFACE_STYLE_FILL_AREA(#14487);
#14487 = FILL_AREA_STYLE('',(#14488));
#14488 = FILL_AREA_STYLE_COLOUR('',#14280);
#14489 = CURVE_STYLE('',#14490,POSITIVE_LENGTH_MEASURE(0.1),#14280);
#14490 = DRAUGHTING_PRE_DEFINED_CURVE_FONT('continuous');
#14491 = STYLED_ITEM('color',(#14492),#2075);
#14492 = PRESENTATION_STYLE_ASSIGNMENT((#14493,#14498));
#14493 = SURFACE_STYLE_USAGE(.BOTH.,#14494);
#14494 = SURFACE_SIDE_STYLE('',(#14495));
#14495 = SURFACE_STYLE_FILL_AREA(#14496);
#14496 = FILL_AREA_STYLE('',(#14497));
#14497 = FILL_AREA_STYLE_COLOUR('',#14407);
#14498 = CURVE_STYLE('',#14499,POSITIVE_LENGTH_MEASURE(0.1),#14407);
#14499 = DRAUGHTING_PRE_DEFINED_CURVE_FONT('continuous');
#14500 = STYLED_ITEM('color',(#14501),#2104);
#14501 = PRESENTATION_STYLE_ASSIGNMENT((#14502,#14507));
#14502 = SURFACE_STYLE_USAGE(.BOTH.,#14503);
#14503 = SURFACE_SIDE_STYLE('',(#14504));
#14504 = SURFACE_STYLE_FILL_AREA(#14505);
#14505 = FILL_AREA_STYLE('',(#14506));
#14506 = FILL_AREA_STYLE_COLOUR('',#14280);
#14507 = CURVE_STYLE('',#14508,POSITIVE_LENGTH_MEASURE(0.1),#14280);
#14508 = DRAUGHTING_PRE_DEFINED_CURVE_FONT('continuous');
#14509 = STYLED_ITEM('color',(#14510),#2158);
#14510 = PRESENTATION_STYLE_ASSIGNMENT((#14511,#14516));
#14511 = SURFACE_STYLE_USAGE(.BOTH.,#14512);
#14512 = SURFACE_SIDE_STYLE('',(#14513));
#14513 = SURFACE_STYLE_FILL_AREA(#14514);
#14514 = FILL_AREA_STYLE('',(#14515));
#14515 = FILL_AREA_STYLE_COLOUR('',#14280);
#14516 = CURVE_STYLE('',#14517,POSITIVE_LENGTH_MEASURE(0.1),#14280);
#14517 = DRAUGHTING_PRE_DEFINED_CURVE_FONT('continuous');
#14518 = STYLED_ITEM('color',(#14519),#2181);
#14519 = PRESENTATION_STYLE_ASSIGNMENT((#14520,#14525));
#14520 = SURFACE_STYLE_USAGE(.BOTH.,#14521);
#14521 = SURFACE_SIDE_STYLE('',(#14522));
#14522 = SURFACE_STYLE_FILL_AREA(#14523);
#14523 = FILL_AREA_STYLE('',(#14524));
#14524 = FILL_AREA_STYLE_COLOUR('',#14280);
#14525 = CURVE_STYLE('',#14526,POSITIVE_LENGTH_MEASURE(0.1),#14280);
#14526 = DRAUGHTING_PRE_DEFINED_CURVE_FONT('continuous');
#14527 = STYLED_ITEM('color',(#14528),#2204);
#14528 = PRESENTATION_STYLE_ASSIGNMENT((#14529,#14534));
#14529 = SURFACE_STYLE_USAGE(.BOTH.,#14530);
#14530 = SURFACE_SIDE_STYLE('',(#14531));
#14531 = SURFACE_STYLE_FILL_AREA(#14532);
#14532 = FILL_AREA_STYLE('',(#14533));
#14533 = FILL_AREA_STYLE_COLOUR('',#14280);
#14534 = CURVE_STYLE('',#14535,POSITIVE_LENGTH_MEASURE(0.1),#14280);
#14535 = DRAUGHTING_PRE_DEFINED_CURVE_FONT('continuous');
#14536 = STYLED_ITEM('color',(#14537),#2227);
#14537 = PRESENTATION_STYLE_ASSIGNMENT((#14538,#14543));
#14538 = SURFACE_STYLE_USAGE(.BOTH.,#14539);
#14539 = SURFACE_SIDE_STYLE('',(#14540));
#14540 = SURFACE_STYLE_FILL_AREA(#14541);
#14541 = FILL_AREA_STYLE('',(#14542));
#14542 = FILL_AREA_STYLE_COLOUR('',#14280);
#14543 = CURVE_STYLE('',#14544,POSITIVE_LENGTH_MEASURE(0.1),#14280);
#14544 = DRAUGHTING_PRE_DEFINED_CURVE_FONT('continuous');
#14545 = STYLED_ITEM('color',(#14546),#2266);
#14546 = PRESENTATION_STYLE_ASSIGNMENT((#14547,#14552));
#14547 = SURFACE_STYLE_USAGE(.BOTH.,#14548);
#14548 = SURFACE_SIDE_STYLE('',(#14549));
#14549 = SURFACE_STYLE_FILL_AREA(#14550);
#14550 = FILL_AREA_STYLE('',(#14551));
#14551 = FILL_AREA_STYLE_COLOUR('',#14407);
#14552 = CURVE_STYLE('',#14553,POSITIVE_LENGTH_MEASURE(0.1),#14407);
#14553 = DRAUGHTING_PRE_DEFINED_CURVE_FONT('continuous');
#14554 = STYLED_ITEM('color',(#14555),#2288);
#14555 = PRESENTATION_STYLE_ASSIGNMENT((#14556,#14561));
#14556 = SURFACE_STYLE_USAGE(.BOTH.,#14557);
#14557 = SURFACE_SIDE_STYLE('',(#14558));
#14558 = SURFACE_STYLE_FILL_AREA(#14559);
#14559 = FILL_AREA_STYLE('',(#14560));
#14560 = FILL_AREA_STYLE_COLOUR('',#14280);
#14561 = CURVE_STYLE('',#14562,POSITIVE_LENGTH_MEASURE(0.1),#14280);
#14562 = DRAUGHTING_PRE_DEFINED_CURVE_FONT('continuous');
#14563 = STYLED_ITEM('color',(#14564),#2332);
#14564 = PRESENTATION_STYLE_ASSIGNMENT((#14565,#14570));
#14565 = SURFACE_STYLE_USAGE(.BOTH.,#14566);
#14566 = SURFACE_SIDE_STYLE('',(#14567));
#14567 = SURFACE_STYLE_FILL_AREA(#14568);
#14568 = FILL_AREA_STYLE('',(#14569));
#14569 = FILL_AREA_STYLE_COLOUR('',#14407);
#14570 = CURVE_STYLE('',#14571,POSITIVE_LENGTH_MEASURE(0.1),#14407);
#14571 = DRAUGHTING_PRE_DEFINED_CURVE_FONT('continuous');
#14572 = STYLED_ITEM('color',(#14573),#2407);
#14573 = PRESENTATION_STYLE_ASSIGNMENT((#14574,#14579));
#14574 = SURFACE_STYLE_USAGE(.BOTH.,#14575);
#14575 = SURFACE_SIDE_STYLE('',(#14576));
#14576 = SURFACE_STYLE_FILL_AREA(#14577);
#14577 = FILL_AREA_STYLE('',(#14578));
#14578 = FILL_AREA_STYLE_COLOUR('',#14407);
#14579 = CURVE_STYLE('',#14580,POSITIVE_LENGTH_MEASURE(0.1),#14407);
#14580 = DRAUGHTING_PRE_DEFINED_CURVE_FONT('continuous');
#14581 = STYLED_ITEM('color',(#14582),#2431);
#14582 = PRESENTATION_STYLE_ASSIGNMENT((#14583,#14588));
#14583 = SURFACE_STYLE_USAGE(.BOTH.,#14584);
#14584 = SURFACE_SIDE_STYLE('',(#14585));
#14585 = SURFACE_STYLE_FILL_AREA(#14586);
#14586 = FILL_AREA_STYLE('',(#14587));
#14587 = FILL_AREA_STYLE_COLOUR('',#14407);
#14588 = CURVE_STYLE('',#14589,POSITIVE_LENGTH_MEASURE(0.1),#14407);
#14589 = DRAUGHTING_PRE_DEFINED_CURVE_FONT('continuous');
#14590 = STYLED_ITEM('color',(#14591),#2499);
#14591 = PRESENTATION_STYLE_ASSIGNMENT((#14592,#14597));
#14592 = SURFACE_STYLE_USAGE(.BOTH.,#14593);
#14593 = SURFACE_SIDE_STYLE('',(#14594));
#14594 = SURFACE_STYLE_FILL_AREA(#14595);
#14595 = FILL_AREA_STYLE('',(#14596));
#14596 = FILL_AREA_STYLE_COLOUR('',#14280);
#14597 = CURVE_STYLE('',#14598,POSITIVE_LENGTH_MEASURE(0.1),#14280);
#14598 = DRAUGHTING_PRE_DEFINED_CURVE_FONT('continuous');
#14599 = STYLED_ITEM('color',(#14600),#2516);
#14600 = PRESENTATION_STYLE_ASSIGNMENT((#14601,#14606));
#14601 = SURFACE_STYLE_USAGE(.BOTH.,#14602);
#14602 = SURFACE_SIDE_STYLE('',(#14603));
#14603 = SURFACE_STYLE_FILL_AREA(#14604);
#14604 = FILL_AREA_STYLE('',(#14605));
#14605 = FILL_AREA_STYLE_COLOUR('',#14407);
#14606 = CURVE_STYLE('',#14607,POSITIVE_LENGTH_MEASURE(0.1),#14407);
#14607 = DRAUGHTING_PRE_DEFINED_CURVE_FONT('continuous');
#14608 = STYLED_ITEM('color',(#14609),#2591);
#14609 = PRESENTATION_STYLE_ASSIGNMENT((#14610,#14615));
#14610 = SURFACE_STYLE_USAGE(.BOTH.,#14611);
#14611 = SURFACE_SIDE_STYLE('',(#14612));
#14612 = SURFACE_STYLE_FILL_AREA(#14613);
#14613 = FILL_AREA_STYLE('',(#14614));
#14614 = FILL_AREA_STYLE_COLOUR('',#14407);
#14615 = CURVE_STYLE('',#14616,POSITIVE_LENGTH_MEASURE(0.1),#14407);
#14616 = DRAUGHTING_PRE_DEFINED_CURVE_FONT('continuous');
#14617 = STYLED_ITEM('color',(#14618),#2615);
#14618 = PRESENTATION_STYLE_ASSIGNMENT((#14619,#14624));
#14619 = SURFACE_STYLE_USAGE(.BOTH.,#14620);
#14620 = SURFACE_SIDE_STYLE('',(#14621));
#14621 = SURFACE_STYLE_FILL_AREA(#14622);
#14622 = FILL_AREA_STYLE('',(#14623));
#14623 = FILL_AREA_STYLE_COLOUR('',#14407);
#14624 = CURVE_STYLE('',#14625,POSITIVE_LENGTH_MEASURE(0.1),#14407);
#14625 = DRAUGHTING_PRE_DEFINED_CURVE_FONT('continuous');
#14626 = STYLED_ITEM('color',(#14627),#2683);
#14627 = PRESENTATION_STYLE_ASSIGNMENT((#14628,#14633));
#14628 = SURFACE_STYLE_USAGE(.BOTH.,#14629);
#14629 = SURFACE_SIDE_STYLE('',(#14630));
#14630 = SURFACE_STYLE_FILL_AREA(#14631);
#14631 = FILL_AREA_STYLE('',(#14632));
#14632 = FILL_AREA_STYLE_COLOUR('',#14407);
#14633 = CURVE_STYLE('',#14634,POSITIVE_LENGTH_MEASURE(0.1),#14407);
#14634 = DRAUGHTING_PRE_DEFINED_CURVE_FONT('continuous');
#14635 = STYLED_ITEM('color',(#14636),#2758);
#14636 = PRESENTATION_STYLE_ASSIGNMENT((#14637,#14642));
#14637 = SURFACE_STYLE_USAGE(.BOTH.,#14638);
#14638 = SURFACE_SIDE_STYLE('',(#14639));
#14639 = SURFACE_STYLE_FILL_AREA(#14640);
#14640 = FILL_AREA_STYLE('',(#14641));
#14641 = FILL_AREA_STYLE_COLOUR('',#14407);
#14642 = CURVE_STYLE('',#14643,POSITIVE_LENGTH_MEASURE(0.1),#14407);
#14643 = DRAUGHTING_PRE_DEFINED_CURVE_FONT('continuous');
#14644 = STYLED_ITEM('color',(#14645),#2782);
#14645 = PRESENTATION_STYLE_ASSIGNMENT((#14646,#14651));
#14646 = SURFACE_STYLE_USAGE(.BOTH.,#14647);
#14647 = SURFACE_SIDE_STYLE('',(#14648));
#14648 = SURFACE_STYLE_FILL_AREA(#14649);
#14649 = FILL_AREA_STYLE('',(#14650));
#14650 = FILL_AREA_STYLE_COLOUR('',#14407);
#14651 = CURVE_STYLE('',#14652,POSITIVE_LENGTH_MEASURE(0.1),#14407);
#14652 = DRAUGHTING_PRE_DEFINED_CURVE_FONT('continuous');
#14653 = STYLED_ITEM('color',(#14654),#2850);
#14654 = PRESENTATION_STYLE_ASSIGNMENT((#14655,#14660));
#14655 = SURFACE_STYLE_USAGE(.BOTH.,#14656);
#14656 = SURFACE_SIDE_STYLE('',(#14657));
#14657 = SURFACE_STYLE_FILL_AREA(#14658);
#14658 = FILL_AREA_STYLE('',(#14659));
#14659 = FILL_AREA_STYLE_COLOUR('',#14407);
#14660 = CURVE_STYLE('',#14661,POSITIVE_LENGTH_MEASURE(0.1),#14407);
#14661 = DRAUGHTING_PRE_DEFINED_CURVE_FONT('continuous');
#14662 = STYLED_ITEM('color',(#14663),#2867);
#14663 = PRESENTATION_STYLE_ASSIGNMENT((#14664,#14669));
#14664 = SURFACE_STYLE_USAGE(.BOTH.,#14665);
#14665 = SURFACE_SIDE_STYLE('',(#14666));
#14666 = SURFACE_STYLE_FILL_AREA(#14667);
#14667 = FILL_AREA_STYLE('',(#14668));
#14668 = FILL_AREA_STYLE_COLOUR('',#14407);
#14669 = CURVE_STYLE('',#14670,POSITIVE_LENGTH_MEASURE(0.1),#14407);
#14670 = DRAUGHTING_PRE_DEFINED_CURVE_FONT('continuous');
#14671 = STYLED_ITEM('color',(#14672),#2884);
#14672 = PRESENTATION_STYLE_ASSIGNMENT((#14673,#14678));
#14673 = SURFACE_STYLE_USAGE(.BOTH.,#14674);
#14674 = SURFACE_SIDE_STYLE('',(#14675));
#14675 = SURFACE_STYLE_FILL_AREA(#14676);
#14676 = FILL_AREA_STYLE('',(#14677));
#14677 = FILL_AREA_STYLE_COLOUR('',#14280);
#14678 = CURVE_STYLE('',#14679,POSITIVE_LENGTH_MEASURE(0.1),#14280);
#14679 = DRAUGHTING_PRE_DEFINED_CURVE_FONT('continuous');
#14680 = STYLED_ITEM('color',(#14681),#2930);
#14681 = PRESENTATION_STYLE_ASSIGNMENT((#14682,#14687));
#14682 = SURFACE_STYLE_USAGE(.BOTH.,#14683);
#14683 = SURFACE_SIDE_STYLE('',(#14684));
#14684 = SURFACE_STYLE_FILL_AREA(#14685);
#14685 = FILL_AREA_STYLE('',(#14686));
#14686 = FILL_AREA_STYLE_COLOUR('',#14280);
#14687 = CURVE_STYLE('',#14688,POSITIVE_LENGTH_MEASURE(0.1),#14280);
#14688 = DRAUGHTING_PRE_DEFINED_CURVE_FONT('continuous');
#14689 = STYLED_ITEM('color',(#14690),#2946);
#14690 = PRESENTATION_STYLE_ASSIGNMENT((#14691,#14696));
#14691 = SURFACE_STYLE_USAGE(.BOTH.,#14692);
#14692 = SURFACE_SIDE_STYLE('',(#14693));
#14693 = SURFACE_STYLE_FILL_AREA(#14694);
#14694 = FILL_AREA_STYLE('',(#14695));
#14695 = FILL_AREA_STYLE_COLOUR('',#14280);
#14696 = CURVE_STYLE('',#14697,POSITIVE_LENGTH_MEASURE(0.1),#14280);
#14697 = DRAUGHTING_PRE_DEFINED_CURVE_FONT('continuous');
#14698 = STYLED_ITEM('color',(#14699),#2962);
#14699 = PRESENTATION_STYLE_ASSIGNMENT((#14700,#14705));
#14700 = SURFACE_STYLE_USAGE(.BOTH.,#14701);
#14701 = SURFACE_SIDE_STYLE('',(#14702));
#14702 = SURFACE_STYLE_FILL_AREA(#14703);
#14703 = FILL_AREA_STYLE('',(#14704));
#14704 = FILL_AREA_STYLE_COLOUR('',#14407);
#14705 = CURVE_STYLE('',#14706,POSITIVE_LENGTH_MEASURE(0.1),#14407);
#14706 = DRAUGHTING_PRE_DEFINED_CURVE_FONT('continuous');
#14707 = STYLED_ITEM('color',(#14708),#2979);
#14708 = PRESENTATION_STYLE_ASSIGNMENT((#14709,#14714));
#14709 = SURFACE_STYLE_USAGE(.BOTH.,#14710);
#14710 = SURFACE_SIDE_STYLE('',(#14711));
#14711 = SURFACE_STYLE_FILL_AREA(#14712);
#14712 = FILL_AREA_STYLE('',(#14713));
#14713 = FILL_AREA_STYLE_COLOUR('',#14280);
#14714 = CURVE_STYLE('',#14715,POSITIVE_LENGTH_MEASURE(0.1),#14280);
#14715 = DRAUGHTING_PRE_DEFINED_CURVE_FONT('continuous');
#14716 = STYLED_ITEM('color',(#14717),#2991);
#14717 = PRESENTATION_STYLE_ASSIGNMENT((#14718,#14723));
#14718 = SURFACE_STYLE_USAGE(.BOTH.,#14719);
#14719 = SURFACE_SIDE_STYLE('',(#14720));
#14720 = SURFACE_STYLE_FILL_AREA(#14721);
#14721 = FILL_AREA_STYLE('',(#14722));
#14722 = FILL_AREA_STYLE_COLOUR('',#14407);
#14723 = CURVE_STYLE('',#14724,POSITIVE_LENGTH_MEASURE(0.1),#14407);
#14724 = DRAUGHTING_PRE_DEFINED_CURVE_FONT('continuous');
#14725 = STYLED_ITEM('color',(#14726),#3008);
#14726 = PRESENTATION_STYLE_ASSIGNMENT((#14727,#14732));
#14727 = SURFACE_STYLE_USAGE(.BOTH.,#14728);
#14728 = SURFACE_SIDE_STYLE('',(#14729));
#14729 = SURFACE_STYLE_FILL_AREA(#14730);
#14730 = FILL_AREA_STYLE('',(#14731));
#14731 = FILL_AREA_STYLE_COLOUR('',#14407);
#14732 = CURVE_STYLE('',#14733,POSITIVE_LENGTH_MEASURE(0.1),#14407);
#14733 = DRAUGHTING_PRE_DEFINED_CURVE_FONT('continuous');
#14734 = STYLED_ITEM('color',(#14735),#3025);
#14735 = PRESENTATION_STYLE_ASSIGNMENT((#14736,#14741));
#14736 = SURFACE_STYLE_USAGE(.BOTH.,#14737);
#14737 = SURFACE_SIDE_STYLE('',(#14738));
#14738 = SURFACE_STYLE_FILL_AREA(#14739);
#14739 = FILL_AREA_STYLE('',(#14740));
#14740 = FILL_AREA_STYLE_COLOUR('',#14407);
#14741 = CURVE_STYLE('',#14742,POSITIVE_LENGTH_MEASURE(0.1),#14407);
#14742 = DRAUGHTING_PRE_DEFINED_CURVE_FONT('continuous');
#14743 = STYLED_ITEM('color',(#14744),#3042);
#14744 = PRESENTATION_STYLE_ASSIGNMENT((#14745,#14750));
#14745 = SURFACE_STYLE_USAGE(.BOTH.,#14746);
#14746 = SURFACE_SIDE_STYLE('',(#14747));
#14747 = SURFACE_STYLE_FILL_AREA(#14748);
#14748 = FILL_AREA_STYLE('',(#14749));
#14749 = FILL_AREA_STYLE_COLOUR('',#14407);
#14750 = CURVE_STYLE('',#14751,POSITIVE_LENGTH_MEASURE(0.1),#14407);
#14751 = DRAUGHTING_PRE_DEFINED_CURVE_FONT('continuous');
#14752 = STYLED_ITEM('color',(#14753),#3059);
#14753 = PRESENTATION_STYLE_ASSIGNMENT((#14754,#14759));
#14754 = SURFACE_STYLE_USAGE(.BOTH.,#14755);
#14755 = SURFACE_SIDE_STYLE('',(#14756));
#14756 = SURFACE_STYLE_FILL_AREA(#14757);
#14757 = FILL_AREA_STYLE('',(#14758));
#14758 = FILL_AREA_STYLE_COLOUR('',#14407);
#14759 = CURVE_STYLE('',#14760,POSITIVE_LENGTH_MEASURE(0.1),#14407);
#14760 = DRAUGHTING_PRE_DEFINED_CURVE_FONT('continuous');
#14761 = STYLED_ITEM('color',(#14762),#3076);
#14762 = PRESENTATION_STYLE_ASSIGNMENT((#14763,#14768));
#14763 = SURFACE_STYLE_USAGE(.BOTH.,#14764);
#14764 = SURFACE_SIDE_STYLE('',(#14765));
#14765 = SURFACE_STYLE_FILL_AREA(#14766);
#14766 = FILL_AREA_STYLE('',(#14767));
#14767 = FILL_AREA_STYLE_COLOUR('',#14407);
#14768 = CURVE_STYLE('',#14769,POSITIVE_LENGTH_MEASURE(0.1),#14407);
#14769 = DRAUGHTING_PRE_DEFINED_CURVE_FONT('continuous');
#14770 = STYLED_ITEM('color',(#14771),#3093);
#14771 = PRESENTATION_STYLE_ASSIGNMENT((#14772,#14777));
#14772 = SURFACE_STYLE_USAGE(.BOTH.,#14773);
#14773 = SURFACE_SIDE_STYLE('',(#14774));
#14774 = SURFACE_STYLE_FILL_AREA(#14775);
#14775 = FILL_AREA_STYLE('',(#14776));
#14776 = FILL_AREA_STYLE_COLOUR('',#14407);
#14777 = CURVE_STYLE('',#14778,POSITIVE_LENGTH_MEASURE(0.1),#14407);
#14778 = DRAUGHTING_PRE_DEFINED_CURVE_FONT('continuous');
#14779 = STYLED_ITEM('color',(#14780),#3105);
#14780 = PRESENTATION_STYLE_ASSIGNMENT((#14781,#14786));
#14781 = SURFACE_STYLE_USAGE(.BOTH.,#14782);
#14782 = SURFACE_SIDE_STYLE('',(#14783));
#14783 = SURFACE_STYLE_FILL_AREA(#14784);
#14784 = FILL_AREA_STYLE('',(#14785));
#14785 = FILL_AREA_STYLE_COLOUR('',#14407);
#14786 = CURVE_STYLE('',#14787,POSITIVE_LENGTH_MEASURE(0.1),#14407);
#14787 = DRAUGHTING_PRE_DEFINED_CURVE_FONT('continuous');
#14788 = STYLED_ITEM('color',(#14789),#3122);
#14789 = PRESENTATION_STYLE_ASSIGNMENT((#14790,#14795));
#14790 = SURFACE_STYLE_USAGE(.BOTH.,#14791);
#14791 = SURFACE_SIDE_STYLE('',(#14792));
#14792 = SURFACE_STYLE_FILL_AREA(#14793);
#14793 = FILL_AREA_STYLE('',(#14794));
#14794 = FILL_AREA_STYLE_COLOUR('',#14407);
#14795 = CURVE_STYLE('',#14796,POSITIVE_LENGTH_MEASURE(0.1),#14407);
#14796 = DRAUGHTING_PRE_DEFINED_CURVE_FONT('continuous');
#14797 = STYLED_ITEM('color',(#14798),#3139);
#14798 = PRESENTATION_STYLE_ASSIGNMENT((#14799,#14804));
#14799 = SURFACE_STYLE_USAGE(.BOTH.,#14800);
#14800 = SURFACE_SIDE_STYLE('',(#14801));
#14801 = SURFACE_STYLE_FILL_AREA(#14802);
#14802 = FILL_AREA_STYLE('',(#14803));
#14803 = FILL_AREA_STYLE_COLOUR('',#14407);
#14804 = CURVE_STYLE('',#14805,POSITIVE_LENGTH_MEASURE(0.1),#14407);
#14805 = DRAUGHTING_PRE_DEFINED_CURVE_FONT('continuous');
#14806 = STYLED_ITEM('color',(#14807),#3156);
#14807 = PRESENTATION_STYLE_ASSIGNMENT((#14808,#14813));
#14808 = SURFACE_STYLE_USAGE(.BOTH.,#14809);
#14809 = SURFACE_SIDE_STYLE('',(#14810));
#14810 = SURFACE_STYLE_FILL_AREA(#14811);
#14811 = FILL_AREA_STYLE('',(#14812));
#14812 = FILL_AREA_STYLE_COLOUR('',#14407);
#14813 = CURVE_STYLE('',#14814,POSITIVE_LENGTH_MEASURE(0.1),#14407);
#14814 = DRAUGHTING_PRE_DEFINED_CURVE_FONT('continuous');
#14815 = STYLED_ITEM('color',(#14816),#3173);
#14816 = PRESENTATION_STYLE_ASSIGNMENT((#14817,#14822));
#14817 = SURFACE_STYLE_USAGE(.BOTH.,#14818);
#14818 = SURFACE_SIDE_STYLE('',(#14819));
#14819 = SURFACE_STYLE_FILL_AREA(#14820);
#14820 = FILL_AREA_STYLE('',(#14821));
#14821 = FILL_AREA_STYLE_COLOUR('',#14407);
#14822 = CURVE_STYLE('',#14823,POSITIVE_LENGTH_MEASURE(0.1),#14407);
#14823 = DRAUGHTING_PRE_DEFINED_CURVE_FONT('continuous');
#14824 = STYLED_ITEM('color',(#14825),#3190);
#14825 = PRESENTATION_STYLE_ASSIGNMENT((#14826,#14831));
#14826 = SURFACE_STYLE_USAGE(.BOTH.,#14827);
#14827 = SURFACE_SIDE_STYLE('',(#14828));
#14828 = SURFACE_STYLE_FILL_AREA(#14829);
#14829 = FILL_AREA_STYLE('',(#14830));
#14830 = FILL_AREA_STYLE_COLOUR('',#14407);
#14831 = CURVE_STYLE('',#14832,POSITIVE_LENGTH_MEASURE(0.1),#14407);
#14832 = DRAUGHTING_PRE_DEFINED_CURVE_FONT('continuous');
#14833 = STYLED_ITEM('color',(#14834),#3202);
#14834 = PRESENTATION_STYLE_ASSIGNMENT((#14835,#14840));
#14835 = SURFACE_STYLE_USAGE(.BOTH.,#14836);
#14836 = SURFACE_SIDE_STYLE('',(#14837));
#14837 = SURFACE_STYLE_FILL_AREA(#14838);
#14838 = FILL_AREA_STYLE('',(#14839));
#14839 = FILL_AREA_STYLE_COLOUR('',#14407);
#14840 = CURVE_STYLE('',#14841,POSITIVE_LENGTH_MEASURE(0.1),#14407);
#14841 = DRAUGHTING_PRE_DEFINED_CURVE_FONT('continuous');
#14842 = STYLED_ITEM('color',(#14843),#3219);
#14843 = PRESENTATION_STYLE_ASSIGNMENT((#14844,#14849));
#14844 = SURFACE_STYLE_USAGE(.BOTH.,#14845);
#14845 = SURFACE_SIDE_STYLE('',(#14846));
#14846 = SURFACE_STYLE_FILL_AREA(#14847);
#14847 = FILL_AREA_STYLE('',(#14848));
#14848 = FILL_AREA_STYLE_COLOUR('',#14407);
#14849 = CURVE_STYLE('',#14850,POSITIVE_LENGTH_MEASURE(0.1),#14407);
#14850 = DRAUGHTING_PRE_DEFINED_CURVE_FONT('continuous');
#14851 = STYLED_ITEM('color',(#14852),#3236);
#14852 = PRESENTATION_STYLE_ASSIGNMENT((#14853,#14858));
#14853 = SURFACE_STYLE_USAGE(.BOTH.,#14854);
#14854 = SURFACE_SIDE_STYLE('',(#14855));
#14855 = SURFACE_STYLE_FILL_AREA(#14856);
#14856 = FILL_AREA_STYLE('',(#14857));
#14857 = FILL_AREA_STYLE_COLOUR('',#14407);
#14858 = CURVE_STYLE('',#14859,POSITIVE_LENGTH_MEASURE(0.1),#14407);
#14859 = DRAUGHTING_PRE_DEFINED_CURVE_FONT('continuous');
#14860 = STYLED_ITEM('color',(#14861),#3253);
#14861 = PRESENTATION_STYLE_ASSIGNMENT((#14862,#14867));
#14862 = SURFACE_STYLE_USAGE(.BOTH.,#14863);
#14863 = SURFACE_SIDE_STYLE('',(#14864));
#14864 = SURFACE_STYLE_FILL_AREA(#14865);
#14865 = FILL_AREA_STYLE('',(#14866));
#14866 = FILL_AREA_STYLE_COLOUR('',#14407);
#14867 = CURVE_STYLE('',#14868,POSITIVE_LENGTH_MEASURE(0.1),#14407);
#14868 = DRAUGHTING_PRE_DEFINED_CURVE_FONT('continuous');
#14869 = STYLED_ITEM('color',(#14870),#3270);
#14870 = PRESENTATION_STYLE_ASSIGNMENT((#14871,#14876));
#14871 = SURFACE_STYLE_USAGE(.BOTH.,#14872);
#14872 = SURFACE_SIDE_STYLE('',(#14873));
#14873 = SURFACE_STYLE_FILL_AREA(#14874);
#14874 = FILL_AREA_STYLE('',(#14875));
#14875 = FILL_AREA_STYLE_COLOUR('',#14407);
#14876 = CURVE_STYLE('',#14877,POSITIVE_LENGTH_MEASURE(0.1),#14407);
#14877 = DRAUGHTING_PRE_DEFINED_CURVE_FONT('continuous');
#14878 = STYLED_ITEM('color',(#14879),#3287);
#14879 = PRESENTATION_STYLE_ASSIGNMENT((#14880,#14885));
#14880 = SURFACE_STYLE_USAGE(.BOTH.,#14881);
#14881 = SURFACE_SIDE_STYLE('',(#14882));
#14882 = SURFACE_STYLE_FILL_AREA(#14883);
#14883 = FILL_AREA_STYLE('',(#14884));
#14884 = FILL_AREA_STYLE_COLOUR('',#14407);
#14885 = CURVE_STYLE('',#14886,POSITIVE_LENGTH_MEASURE(0.1),#14407);
#14886 = DRAUGHTING_PRE_DEFINED_CURVE_FONT('continuous');
#14887 = STYLED_ITEM('color',(#14888),#3299);
#14888 = PRESENTATION_STYLE_ASSIGNMENT((#14889,#14895));
#14889 = SURFACE_STYLE_USAGE(.BOTH.,#14890);
#14890 = SURFACE_SIDE_STYLE('',(#14891));
#14891 = SURFACE_STYLE_FILL_AREA(#14892);
#14892 = FILL_AREA_STYLE('',(#14893));
#14893 = FILL_AREA_STYLE_COLOUR('',#14894);
#14894 = COLOUR_RGB('',0.690999998585,0.664000007176,0.597999987832);
#14895 = CURVE_STYLE('',#14896,POSITIVE_LENGTH_MEASURE(0.1),#14894);
#14896 = DRAUGHTING_PRE_DEFINED_CURVE_FONT('continuous');
#14897 = MECHANICAL_DESIGN_GEOMETRIC_PRESENTATION_REPRESENTATION('',(
    #14898,#14905,#14912,#14919,#14926,#14933,#14940,#14947,#14954,
    #14961,#14968,#14976,#14983,#14990,#14997,#15004,#15011,#15018,
    #15025,#15032,#15039,#15046,#15053,#15060,#15067,#15074,#15081,
    #15088),#1284);
#14898 = STYLED_ITEM('color',(#14899),#432);
#14899 = PRESENTATION_STYLE_ASSIGNMENT((#14900));
#14900 = SURFACE_STYLE_USAGE(.BOTH.,#14901);
#14901 = SURFACE_SIDE_STYLE('',(#14902));
#14902 = SURFACE_STYLE_FILL_AREA(#14903);
#14903 = FILL_AREA_STYLE('',(#14904));
#14904 = FILL_AREA_STYLE_COLOUR('',#14407);
#14905 = STYLED_ITEM('color',(#14906),#508);
#14906 = PRESENTATION_STYLE_ASSIGNMENT((#14907));
#14907 = SURFACE_STYLE_USAGE(.BOTH.,#14908);
#14908 = SURFACE_SIDE_STYLE('',(#14909));
#14909 = SURFACE_STYLE_FILL_AREA(#14910);
#14910 = FILL_AREA_STYLE('',(#14911));
#14911 = FILL_AREA_STYLE_COLOUR('',#14407);
#14912 = STYLED_ITEM('color',(#14913),#539);
#14913 = PRESENTATION_STYLE_ASSIGNMENT((#14914));
#14914 = SURFACE_STYLE_USAGE(.BOTH.,#14915);
#14915 = SURFACE_SIDE_STYLE('',(#14916));
#14916 = SURFACE_STYLE_FILL_AREA(#14917);
#14917 = FILL_AREA_STYLE('',(#14918));
#14918 = FILL_AREA_STYLE_COLOUR('',#14407);
#14919 = STYLED_ITEM('color',(#14920),#564);
#14920 = PRESENTATION_STYLE_ASSIGNMENT((#14921));
#14921 = SURFACE_STYLE_USAGE(.BOTH.,#14922);
#14922 = SURFACE_SIDE_STYLE('',(#14923));
#14923 = SURFACE_STYLE_FILL_AREA(#14924);
#14924 = FILL_AREA_STYLE('',(#14925));
#14925 = FILL_AREA_STYLE_COLOUR('',#14407);
#14926 = STYLED_ITEM('color',(#14927),#589);
#14927 = PRESENTATION_STYLE_ASSIGNMENT((#14928));
#14928 = SURFACE_STYLE_USAGE(.BOTH.,#14929);
#14929 = SURFACE_SIDE_STYLE('',(#14930));
#14930 = SURFACE_STYLE_FILL_AREA(#14931);
#14931 = FILL_AREA_STYLE('',(#14932));
#14932 = FILL_AREA_STYLE_COLOUR('',#14407);
#14933 = STYLED_ITEM('color',(#14934),#613);
#14934 = PRESENTATION_STYLE_ASSIGNMENT((#14935));
#14935 = SURFACE_STYLE_USAGE(.BOTH.,#14936);
#14936 = SURFACE_SIDE_STYLE('',(#14937));
#14937 = SURFACE_STYLE_FILL_AREA(#14938);
#14938 = FILL_AREA_STYLE('',(#14939));
#14939 = FILL_AREA_STYLE_COLOUR('',#14407);
#14940 = STYLED_ITEM('color',(#14941),#637);
#14941 = PRESENTATION_STYLE_ASSIGNMENT((#14942));
#14942 = SURFACE_STYLE_USAGE(.BOTH.,#14943);
#14943 = SURFACE_SIDE_STYLE('',(#14944));
#14944 = SURFACE_STYLE_FILL_AREA(#14945);
#14945 = FILL_AREA_STYLE('',(#14946));
#14946 = FILL_AREA_STYLE_COLOUR('',#14407);
#14947 = STYLED_ITEM('color',(#14948),#662);
#14948 = PRESENTATION_STYLE_ASSIGNMENT((#14949));
#14949 = SURFACE_STYLE_USAGE(.BOTH.,#14950);
#14950 = SURFACE_SIDE_STYLE('',(#14951));
#14951 = SURFACE_STYLE_FILL_AREA(#14952);
#14952 = FILL_AREA_STYLE('',(#14953));
#14953 = FILL_AREA_STYLE_COLOUR('',#14407);
#14954 = STYLED_ITEM('color',(#14955),#687);
#14955 = PRESENTATION_STYLE_ASSIGNMENT((#14956));
#14956 = SURFACE_STYLE_USAGE(.BOTH.,#14957);
#14957 = SURFACE_SIDE_STYLE('',(#14958));
#14958 = SURFACE_STYLE_FILL_AREA(#14959);
#14959 = FILL_AREA_STYLE('',(#14960));
#14960 = FILL_AREA_STYLE_COLOUR('',#14407);
#14961 = STYLED_ITEM('color',(#14962),#704);
#14962 = PRESENTATION_STYLE_ASSIGNMENT((#14963));
#14963 = SURFACE_STYLE_USAGE(.BOTH.,#14964);
#14964 = SURFACE_SIDE_STYLE('',(#14965));
#14965 = SURFACE_STYLE_FILL_AREA(#14966);
#14966 = FILL_AREA_STYLE('',(#14967));
#14967 = FILL_AREA_STYLE_COLOUR('',#14407);
#14968 = STYLED_ITEM('color',(#14969),#790);
#14969 = PRESENTATION_STYLE_ASSIGNMENT((#14970));
#14970 = SURFACE_STYLE_USAGE(.BOTH.,#14971);
#14971 = SURFACE_SIDE_STYLE('',(#14972));
#14972 = SURFACE_STYLE_FILL_AREA(#14973);
#14973 = FILL_AREA_STYLE('',(#14974));
#14974 = FILL_AREA_STYLE_COLOUR('',#14975);
#14975 = COLOUR_RGB('',0.379000005575,0.270000008848,0.214999999939);
#14976 = STYLED_ITEM('color',(#14977),#822);
#14977 = PRESENTATION_STYLE_ASSIGNMENT((#14978));
#14978 = SURFACE_STYLE_USAGE(.BOTH.,#14979);
#14979 = SURFACE_SIDE_STYLE('',(#14980));
#14980 = SURFACE_STYLE_FILL_AREA(#14981);
#14981 = FILL_AREA_STYLE('',(#14982));
#14982 = FILL_AREA_STYLE_COLOUR('',#14975);
#14983 = STYLED_ITEM('color',(#14984),#846);
#14984 = PRESENTATION_STYLE_ASSIGNMENT((#14985));
#14985 = SURFACE_STYLE_USAGE(.BOTH.,#14986);
#14986 = SURFACE_SIDE_STYLE('',(#14987));
#14987 = SURFACE_STYLE_FILL_AREA(#14988);
#14988 = FILL_AREA_STYLE('',(#14989));
#14989 = FILL_AREA_STYLE_COLOUR('',#14975);
#14990 = STYLED_ITEM('color',(#14991),#871);
#14991 = PRESENTATION_STYLE_ASSIGNMENT((#14992));
#14992 = SURFACE_STYLE_USAGE(.BOTH.,#14993);
#14993 = SURFACE_SIDE_STYLE('',(#14994));
#14994 = SURFACE_STYLE_FILL_AREA(#14995);
#14995 = FILL_AREA_STYLE('',(#14996));
#14996 = FILL_AREA_STYLE_COLOUR('',#14975);
#14997 = STYLED_ITEM('color',(#14998),#895);
#14998 = PRESENTATION_STYLE_ASSIGNMENT((#14999));
#14999 = SURFACE_STYLE_USAGE(.BOTH.,#15000);
#15000 = SURFACE_SIDE_STYLE('',(#15001));
#15001 = SURFACE_STYLE_FILL_AREA(#15002);
#15002 = FILL_AREA_STYLE('',(#15003));
#15003 = FILL_AREA_STYLE_COLOUR('',#14975);
#15004 = STYLED_ITEM('color',(#15005),#920);
#15005 = PRESENTATION_STYLE_ASSIGNMENT((#15006));
#15006 = SURFACE_STYLE_USAGE(.BOTH.,#15007);
#15007 = SURFACE_SIDE_STYLE('',(#15008));
#15008 = SURFACE_STYLE_FILL_AREA(#15009);
#15009 = FILL_AREA_STYLE('',(#15010));
#15010 = FILL_AREA_STYLE_COLOUR('',#14975);
#15011 = STYLED_ITEM('color',(#15012),#944);
#15012 = PRESENTATION_STYLE_ASSIGNMENT((#15013));
#15013 = SURFACE_STYLE_USAGE(.BOTH.,#15014);
#15014 = SURFACE_SIDE_STYLE('',(#15015));
#15015 = SURFACE_STYLE_FILL_AREA(#15016);
#15016 = FILL_AREA_STYLE('',(#15017));
#15017 = FILL_AREA_STYLE_COLOUR('',#14975);
#15018 = STYLED_ITEM('color',(#15019),#969);
#15019 = PRESENTATION_STYLE_ASSIGNMENT((#15020));
#15020 = SURFACE_STYLE_USAGE(.BOTH.,#15021);
#15021 = SURFACE_SIDE_STYLE('',(#15022));
#15022 = SURFACE_STYLE_FILL_AREA(#15023);
#15023 = FILL_AREA_STYLE('',(#15024));
#15024 = FILL_AREA_STYLE_COLOUR('',#14975);
#15025 = STYLED_ITEM('color',(#15026),#986);
#15026 = PRESENTATION_STYLE_ASSIGNMENT((#15027));
#15027 = SURFACE_STYLE_USAGE(.BOTH.,#15028);
#15028 = SURFACE_SIDE_STYLE('',(#15029));
#15029 = SURFACE_STYLE_FILL_AREA(#15030);
#15030 = FILL_AREA_STYLE('',(#15031));
#15031 = FILL_AREA_STYLE_COLOUR('',#14407);
#15032 = STYLED_ITEM('color',(#15033),#1072);
#15033 = PRESENTATION_STYLE_ASSIGNMENT((#15034));
#15034 = SURFACE_STYLE_USAGE(.BOTH.,#15035);
#15035 = SURFACE_SIDE_STYLE('',(#15036));
#15036 = SURFACE_STYLE_FILL_AREA(#15037);
#15037 = FILL_AREA_STYLE('',(#15038));
#15038 = FILL_AREA_STYLE_COLOUR('',#14407);
#15039 = STYLED_ITEM('color',(#15040),#1103);
#15040 = PRESENTATION_STYLE_ASSIGNMENT((#15041));
#15041 = SURFACE_STYLE_USAGE(.BOTH.,#15042);
#15042 = SURFACE_SIDE_STYLE('',(#15043));
#15043 = SURFACE_STYLE_FILL_AREA(#15044);
#15044 = FILL_AREA_STYLE('',(#15045));
#15045 = FILL_AREA_STYLE_COLOUR('',#14407);
#15046 = STYLED_ITEM('color',(#15047),#1128);
#15047 = PRESENTATION_STYLE_ASSIGNMENT((#15048));
#15048 = SURFACE_STYLE_USAGE(.BOTH.,#15049);
#15049 = SURFACE_SIDE_STYLE('',(#15050));
#15050 = SURFACE_STYLE_FILL_AREA(#15051);
#15051 = FILL_AREA_STYLE('',(#15052));
#15052 = FILL_AREA_STYLE_COLOUR('',#14407);
#15053 = STYLED_ITEM('color',(#15054),#1153);
#15054 = PRESENTATION_STYLE_ASSIGNMENT((#15055));
#15055 = SURFACE_STYLE_USAGE(.BOTH.,#15056);
#15056 = SURFACE_SIDE_STYLE('',(#15057));
#15057 = SURFACE_STYLE_FILL_AREA(#15058);
#15058 = FILL_AREA_STYLE('',(#15059));
#15059 = FILL_AREA_STYLE_COLOUR('',#14407);
#15060 = STYLED_ITEM('color',(#15061),#1177);
#15061 = PRESENTATION_STYLE_ASSIGNMENT((#15062));
#15062 = SURFACE_STYLE_USAGE(.BOTH.,#15063);
#15063 = SURFACE_SIDE_STYLE('',(#15064));
#15064 = SURFACE_STYLE_FILL_AREA(#15065);
#15065 = FILL_AREA_STYLE('',(#15066));
#15066 = FILL_AREA_STYLE_COLOUR('',#14407);
#15067 = STYLED_ITEM('color',(#15068),#1201);
#15068 = PRESENTATION_STYLE_ASSIGNMENT((#15069));
#15069 = SURFACE_STYLE_USAGE(.BOTH.,#15070);
#15070 = SURFACE_SIDE_STYLE('',(#15071));
#15071 = SURFACE_STYLE_FILL_AREA(#15072);
#15072 = FILL_AREA_STYLE('',(#15073));
#15073 = FILL_AREA_STYLE_COLOUR('',#14407);
#15074 = STYLED_ITEM('color',(#15075),#1226);
#15075 = PRESENTATION_STYLE_ASSIGNMENT((#15076));
#15076 = SURFACE_STYLE_USAGE(.BOTH.,#15077);
#15077 = SURFACE_SIDE_STYLE('',(#15078));
#15078 = SURFACE_STYLE_FILL_AREA(#15079);
#15079 = FILL_AREA_STYLE('',(#15080));
#15080 = FILL_AREA_STYLE_COLOUR('',#14407);
#15081 = STYLED_ITEM('color',(#15082),#1251);
#15082 = PRESENTATION_STYLE_ASSIGNMENT((#15083));
#15083 = SURFACE_STYLE_USAGE(.BOTH.,#15084);
#15084 = SURFACE_SIDE_STYLE('',(#15085));
#15085 = SURFACE_STYLE_FILL_AREA(#15086);
#15086 = FILL_AREA_STYLE('',(#15087));
#15087 = FILL_AREA_STYLE_COLOUR('',#14407);
#15088 = STYLED_ITEM('color',(#15089),#1268);
#15089 = PRESENTATION_STYLE_ASSIGNMENT((#15090));
#15090 = SURFACE_STYLE_USAGE(.BOTH.,#15091);
#15091 = SURFACE_SIDE_STYLE('',(#15092));
#15092 = SURFACE_STYLE_FILL_AREA(#15093);
#15093 = FILL_AREA_STYLE('',(#15094));
#15094 = FILL_AREA_STYLE_COLOUR('',#14407);
#15095 = MECHANICAL_DESIGN_GEOMETRIC_PRESENTATION_REPRESENTATION('',(
    #15096,#15103,#15110,#15117,#15124,#15131,#15138,#15145,#15153,
    #15160,#15167,#15174,#15181,#15188,#15196,#15203,#15210,#15217,
    #15224,#15231,#15238,#15245,#15252,#15259,#15266,#15273),#4145);
#15096 = STYLED_ITEM('color',(#15097),#3357);
#15097 = PRESENTATION_STYLE_ASSIGNMENT((#15098));
#15098 = SURFACE_STYLE_USAGE(.BOTH.,#15099);
#15099 = SURFACE_SIDE_STYLE('',(#15100));
#15100 = SURFACE_STYLE_FILL_AREA(#15101);
#15101 = FILL_AREA_STYLE('',(#15102));
#15102 = FILL_AREA_STYLE_COLOUR('',#14407);
#15103 = STYLED_ITEM('color',(#15104),#3397);
#15104 = PRESENTATION_STYLE_ASSIGNMENT((#15105));
#15105 = SURFACE_STYLE_USAGE(.BOTH.,#15106);
#15106 = SURFACE_SIDE_STYLE('',(#15107));
#15107 = SURFACE_STYLE_FILL_AREA(#15108);
#15108 = FILL_AREA_STYLE('',(#15109));
#15109 = FILL_AREA_STYLE_COLOUR('',#14407);
#15110 = STYLED_ITEM('color',(#15111),#3480);
#15111 = PRESENTATION_STYLE_ASSIGNMENT((#15112));
#15112 = SURFACE_STYLE_USAGE(.BOTH.,#15113);
#15113 = SURFACE_SIDE_STYLE('',(#15114));
#15114 = SURFACE_STYLE_FILL_AREA(#15115);
#15115 = FILL_AREA_STYLE('',(#15116));
#15116 = FILL_AREA_STYLE_COLOUR('',#14407);
#15117 = STYLED_ITEM('color',(#15118),#3505);
#15118 = PRESENTATION_STYLE_ASSIGNMENT((#15119));
#15119 = SURFACE_STYLE_USAGE(.BOTH.,#15120);
#15120 = SURFACE_SIDE_STYLE('',(#15121));
#15121 = SURFACE_STYLE_FILL_AREA(#15122);
#15122 = FILL_AREA_STYLE('',(#15123));
#15123 = FILL_AREA_STYLE_COLOUR('',#14407);
#15124 = STYLED_ITEM('color',(#15125),#3530);
#15125 = PRESENTATION_STYLE_ASSIGNMENT((#15126));
#15126 = SURFACE_STYLE_USAGE(.BOTH.,#15127);
#15127 = SURFACE_SIDE_STYLE('',(#15128));
#15128 = SURFACE_STYLE_FILL_AREA(#15129);
#15129 = FILL_AREA_STYLE('',(#15130));
#15130 = FILL_AREA_STYLE_COLOUR('',#14407);
#15131 = STYLED_ITEM('color',(#15132),#3597);
#15132 = PRESENTATION_STYLE_ASSIGNMENT((#15133));
#15133 = SURFACE_STYLE_USAGE(.BOTH.,#15134);
#15134 = SURFACE_SIDE_STYLE('',(#15135));
#15135 = SURFACE_STYLE_FILL_AREA(#15136);
#15136 = FILL_AREA_STYLE('',(#15137));
#15137 = FILL_AREA_STYLE_COLOUR('',#14407);
#15138 = STYLED_ITEM('color',(#15139),#3614);
#15139 = PRESENTATION_STYLE_ASSIGNMENT((#15140));
#15140 = SURFACE_STYLE_USAGE(.BOTH.,#15141);
#15141 = SURFACE_SIDE_STYLE('',(#15142));
#15142 = SURFACE_STYLE_FILL_AREA(#15143);
#15143 = FILL_AREA_STYLE('',(#15144));
#15144 = FILL_AREA_STYLE_COLOUR('',#14407);
#15145 = STYLED_ITEM('color',(#15146),#3631);
#15146 = PRESENTATION_STYLE_ASSIGNMENT((#15147));
#15147 = SURFACE_STYLE_USAGE(.BOTH.,#15148);
#15148 = SURFACE_SIDE_STYLE('',(#15149));
#15149 = SURFACE_STYLE_FILL_AREA(#15150);
#15150 = FILL_AREA_STYLE('',(#15151));
#15151 = FILL_AREA_STYLE_COLOUR('',#15152);
#15152 = COLOUR_RGB('',0.894999966383,0.890999961016,0.813000030345);
#15153 = STYLED_ITEM('color',(#15154),#3680);
#15154 = PRESENTATION_STYLE_ASSIGNMENT((#15155));
#15155 = SURFACE_STYLE_USAGE(.BOTH.,#15156);
#15156 = SURFACE_SIDE_STYLE('',(#15157));
#15157 = SURFACE_STYLE_FILL_AREA(#15158);
#15158 = FILL_AREA_STYLE('',(#15159));
#15159 = FILL_AREA_STYLE_COLOUR('',#14407);
#15160 = STYLED_ITEM('color',(#15161),#3697);
#15161 = PRESENTATION_STYLE_ASSIGNMENT((#15162));
#15162 = SURFACE_STYLE_USAGE(.BOTH.,#15163);
#15163 = SURFACE_SIDE_STYLE('',(#15164));
#15164 = SURFACE_STYLE_FILL_AREA(#15165);
#15165 = FILL_AREA_STYLE('',(#15166));
#15166 = FILL_AREA_STYLE_COLOUR('',#14407);
#15167 = STYLED_ITEM('color',(#15168),#3714);
#15168 = PRESENTATION_STYLE_ASSIGNMENT((#15169));
#15169 = SURFACE_STYLE_USAGE(.BOTH.,#15170);
#15170 = SURFACE_SIDE_STYLE('',(#15171));
#15171 = SURFACE_STYLE_FILL_AREA(#15172);
#15172 = FILL_AREA_STYLE('',(#15173));
#15173 = FILL_AREA_STYLE_COLOUR('',#15152);
#15174 = STYLED_ITEM('color',(#15175),#3763);
#15175 = PRESENTATION_STYLE_ASSIGNMENT((#15176));
#15176 = SURFACE_STYLE_USAGE(.BOTH.,#15177);
#15177 = SURFACE_SIDE_STYLE('',(#15178));
#15178 = SURFACE_STYLE_FILL_AREA(#15179);
#15179 = FILL_AREA_STYLE('',(#15180));
#15180 = FILL_AREA_STYLE_COLOUR('',#15152);
#15181 = STYLED_ITEM('color',(#15182),#3780);
#15182 = PRESENTATION_STYLE_ASSIGNMENT((#15183));
#15183 = SURFACE_STYLE_USAGE(.BOTH.,#15184);
#15184 = SURFACE_SIDE_STYLE('',(#15185));
#15185 = SURFACE_STYLE_FILL_AREA(#15186);
#15186 = FILL_AREA_STYLE('',(#15187));
#15187 = FILL_AREA_STYLE_COLOUR('',#14407);
#15188 = STYLED_ITEM('color',(#15189),#3849);
#15189 = PRESENTATION_STYLE_ASSIGNMENT((#15190));
#15190 = SURFACE_STYLE_USAGE(.BOTH.,#15191);
#15191 = SURFACE_SIDE_STYLE('',(#15192));
#15192 = SURFACE_STYLE_FILL_AREA(#15193);
#15193 = FILL_AREA_STYLE('',(#15194));
#15194 = FILL_AREA_STYLE_COLOUR('',#15195);
#15195 = COLOUR_RGB('',8.200000279077E-02,8.600000121357E-02,
  9.399999706163E-02);
#15196 = STYLED_ITEM('color',(#15197),#3880);
#15197 = PRESENTATION_STYLE_ASSIGNMENT((#15198));
#15198 = SURFACE_STYLE_USAGE(.BOTH.,#15199);
#15199 = SURFACE_SIDE_STYLE('',(#15200));
#15200 = SURFACE_STYLE_FILL_AREA(#15201);
#15201 = FILL_AREA_STYLE('',(#15202));
#15202 = FILL_AREA_STYLE_COLOUR('',#15195);
#15203 = STYLED_ITEM('color',(#15204),#3904);
#15204 = PRESENTATION_STYLE_ASSIGNMENT((#15205));
#15205 = SURFACE_STYLE_USAGE(.BOTH.,#15206);
#15206 = SURFACE_SIDE_STYLE('',(#15207));
#15207 = SURFACE_STYLE_FILL_AREA(#15208);
#15208 = FILL_AREA_STYLE('',(#15209));
#15209 = FILL_AREA_STYLE_COLOUR('',#14407);
#15210 = STYLED_ITEM('color',(#15211),#3973);
#15211 = PRESENTATION_STYLE_ASSIGNMENT((#15212));
#15212 = SURFACE_STYLE_USAGE(.BOTH.,#15213);
#15213 = SURFACE_SIDE_STYLE('',(#15214));
#15214 = SURFACE_STYLE_FILL_AREA(#15215);
#15215 = FILL_AREA_STYLE('',(#15216));
#15216 = FILL_AREA_STYLE_COLOUR('',#15195);
#15217 = STYLED_ITEM('color',(#15218),#3997);
#15218 = PRESENTATION_STYLE_ASSIGNMENT((#15219));
#15219 = SURFACE_STYLE_USAGE(.BOTH.,#15220);
#15220 = SURFACE_SIDE_STYLE('',(#15221));
#15221 = SURFACE_STYLE_FILL_AREA(#15222);
#15222 = FILL_AREA_STYLE('',(#15223));
#15223 = FILL_AREA_STYLE_COLOUR('',#14407);
#15224 = STYLED_ITEM('color',(#15225),#4014);
#15225 = PRESENTATION_STYLE_ASSIGNMENT((#15226));
#15226 = SURFACE_STYLE_USAGE(.BOTH.,#15227);
#15227 = SURFACE_SIDE_STYLE('',(#15228));
#15228 = SURFACE_STYLE_FILL_AREA(#15229);
#15229 = FILL_AREA_STYLE('',(#15230));
#15230 = FILL_AREA_STYLE_COLOUR('',#14407);
#15231 = STYLED_ITEM('color',(#15232),#4031);
#15232 = PRESENTATION_STYLE_ASSIGNMENT((#15233));
#15233 = SURFACE_STYLE_USAGE(.BOTH.,#15234);
#15234 = SURFACE_SIDE_STYLE('',(#15235));
#15235 = SURFACE_STYLE_FILL_AREA(#15236);
#15236 = FILL_AREA_STYLE('',(#15237));
#15237 = FILL_AREA_STYLE_COLOUR('',#14407);
#15238 = STYLED_ITEM('color',(#15239),#4048);
#15239 = PRESENTATION_STYLE_ASSIGNMENT((#15240));
#15240 = SURFACE_STYLE_USAGE(.BOTH.,#15241);
#15241 = SURFACE_SIDE_STYLE('',(#15242));
#15242 = SURFACE_STYLE_FILL_AREA(#15243);
#15243 = FILL_AREA_STYLE('',(#15244));
#15244 = FILL_AREA_STYLE_COLOUR('',#14407);
#15245 = STYLED_ITEM('color',(#15246),#4065);
#15246 = PRESENTATION_STYLE_ASSIGNMENT((#15247));
#15247 = SURFACE_STYLE_USAGE(.BOTH.,#15248);
#15248 = SURFACE_SIDE_STYLE('',(#15249));
#15249 = SURFACE_STYLE_FILL_AREA(#15250);
#15250 = FILL_AREA_STYLE('',(#15251));
#15251 = FILL_AREA_STYLE_COLOUR('',#14407);
#15252 = STYLED_ITEM('color',(#15253),#4082);
#15253 = PRESENTATION_STYLE_ASSIGNMENT((#15254));
#15254 = SURFACE_STYLE_USAGE(.BOTH.,#15255);
#15255 = SURFACE_SIDE_STYLE('',(#15256));
#15256 = SURFACE_STYLE_FILL_AREA(#15257);
#15257 = FILL_AREA_STYLE('',(#15258));
#15258 = FILL_AREA_STYLE_COLOUR('',#14407);
#15259 = STYLED_ITEM('color',(#15260),#4099);
#15260 = PRESENTATION_STYLE_ASSIGNMENT((#15261));
#15261 = SURFACE_STYLE_USAGE(.BOTH.,#15262);
#15262 = SURFACE_SIDE_STYLE('',(#15263));
#15263 = SURFACE_STYLE_FILL_AREA(#15264);
#15264 = FILL_AREA_STYLE('',(#15265));
#15265 = FILL_AREA_STYLE_COLOUR('',#14407);
#15266 = STYLED_ITEM('color',(#15267),#4116);
#15267 = PRESENTATION_STYLE_ASSIGNMENT((#15268));
#15268 = SURFACE_STYLE_USAGE(.BOTH.,#15269);
#15269 = SURFACE_SIDE_STYLE('',(#15270));
#15270 = SURFACE_STYLE_FILL_AREA(#15271);
#15271 = FILL_AREA_STYLE('',(#15272));
#15272 = FILL_AREA_STYLE_COLOUR('',#15195);
#15273 = STYLED_ITEM('color',(#15274),#4133);
#15274 = PRESENTATION_STYLE_ASSIGNMENT((#15275));
#15275 = SURFACE_STYLE_USAGE(.BOTH.,#15276);
#15276 = SURFACE_SIDE_STYLE('',(#15277));
#15277 = SURFACE_STYLE_FILL_AREA(#15278);
#15278 = FILL_AREA_STYLE('',(#15279));
#15279 = FILL_AREA_STYLE_COLOUR('',#15195);
#15280 = MECHANICAL_DESIGN_GEOMETRIC_PRESENTATION_REPRESENTATION('',(
    #15281),#14181);
#15281 = STYLED_ITEM('color',(#15282),#13743);
#15282 = PRESENTATION_STYLE_ASSIGNMENT((#15283));
#15283 = SURFACE_STYLE_USAGE(.BOTH.,#15284);
#15284 = SURFACE_SIDE_STYLE('',(#15285));
#15285 = SURFACE_STYLE_FILL_AREA(#15286);
#15286 = FILL_AREA_STYLE('',(#15287));
#15287 = FILL_AREA_STYLE_COLOUR('',#15288);
#15288 = COLOUR_RGB('',0.313304153717,0.484529207832,0.410020903123);
#15289 = MECHANICAL_DESIGN_GEOMETRIC_PRESENTATION_REPRESENTATION('',(
    #15290),#388);
#15290 = STYLED_ITEM('color',(#15291),#96);
#15291 = PRESENTATION_STYLE_ASSIGNMENT((#15292));
#15292 = SURFACE_STYLE_USAGE(.BOTH.,#15293);
#15293 = SURFACE_SIDE_STYLE('',(#15294));
#15294 = SURFACE_STYLE_FILL_AREA(#15295);
#15295 = FILL_AREA_STYLE('',(#15296));
#15296 = FILL_AREA_STYLE_COLOUR('',#15297);
#15297 = COLOUR_RGB('',0.792156867455,0.819607826924,0.933333342953);
ENDSEC;
END-ISO-10303-21;
